[INFO][0][<module>] Linux hpc-81-04.cm.cluster 5.14.0-427.13.1.el9_4.x86_64 #1 SMP PREEMPT_DYNAMIC Wed Apr 10 10:29:16 EDT 2024 x86_64 x86_64
[INFO][0][<module>] /home/renatob/miniconda3/envs/ilamb/lib/python3.11/site-packages/ILAMB (2.7.2)
[INFO][0][<module>] /home/renatob/miniconda3/envs/ilamb/lib/python3.11/site-packages/numpy (1.26.4)
[INFO][0][<module>] /home/renatob/miniconda3/envs/ilamb/lib/python3.11/site-packages/matplotlib (3.9.2)
[INFO][0][<module>] /home/renatob/miniconda3/envs/ilamb/lib/python3.11/site-packages/netCDF4 (1.7.1)
[INFO][0][<module>] /home/renatob/miniconda3/envs/ilamb/lib/python3.11/site-packages/cf_units (3.2.0)
[INFO][0][<module>] /home/renatob/miniconda3/envs/ilamb/lib/python3.11/site-packages/sympy (1.13.2)
[INFO][0][<module>] /home/renatob/miniconda3/envs/ilamb/lib/python3.11/site-packages/mpi4py (4.0.0)
[INFO][0][<module>] 2025-07-31 16:41:45.923247
[DEBUG][6][extractTimeSeries][CNRM-ESM2-1] Could not find [FCH4,ch4] in the model results
[DEBUG][7][extractTimeSeries][MIROC-ES2L] Could not find [et,evspsbl] in the model results
[DEBUG][6][WorkConfront][Methane/CARDAMOM][CNRM-ESM2-1]
Traceback (most recent call last):
  File "/home/renatob/miniconda3/envs/ilamb/bin/ilamb-run", line 563, in WorkConfront
    c.confront(m)
  File "/home/renatob/miniconda3/envs/ilamb/lib/python3.11/site-packages/ILAMB/Confrontation.py", line 433, in confront
    obs, mod = self.stageData(m)
               ^^^^^^^^^^^^^^^^^
  File "/home/renatob/miniconda3/envs/ilamb/lib/python3.11/site-packages/ILAMB/Confrontation.py", line 371, in stageData
    mod = m.extractTimeSeries(
          ^^^^^^^^^^^^^^^^^^^^
  File "/home/renatob/miniconda3/envs/ilamb/lib/python3.11/site-packages/ILAMB/ModelResult.py", line 439, in extractTimeSeries
    raise il.VarNotInModel()
ILAMB.ilamblib.VarNotInModel: VarNotInModel

[DEBUG][7][WorkConfront][Evapotranspiration/CARDAMOM][MIROC-ES2L]
Traceback (most recent call last):
  File "/home/renatob/miniconda3/envs/ilamb/bin/ilamb-run", line 563, in WorkConfront
    c.confront(m)
  File "/home/renatob/miniconda3/envs/ilamb/lib/python3.11/site-packages/ILAMB/Confrontation.py", line 433, in confront
    obs, mod = self.stageData(m)
               ^^^^^^^^^^^^^^^^^
  File "/home/renatob/miniconda3/envs/ilamb/lib/python3.11/site-packages/ILAMB/Confrontation.py", line 371, in stageData
    mod = m.extractTimeSeries(
          ^^^^^^^^^^^^^^^^^^^^
  File "/home/renatob/miniconda3/envs/ilamb/lib/python3.11/site-packages/ILAMB/ModelResult.py", line 439, in extractTimeSeries
    raise il.VarNotInModel()
ILAMB.ilamblib.VarNotInModel: VarNotInModel

[DEBUG][6][extractTimeSeries][E3SM-1-1] Could not find [FCH4,ch4] in the model results
[DEBUG][7][extractTimeSeries][MPI-ESM1-2-LR] Could not find [et,evspsbl] in the model results
[DEBUG][6][WorkConfront][Methane/CARDAMOM][E3SM-1-1]
Traceback (most recent call last):
  File "/home/renatob/miniconda3/envs/ilamb/bin/ilamb-run", line 563, in WorkConfront
    c.confront(m)
  File "/home/renatob/miniconda3/envs/ilamb/lib/python3.11/site-packages/ILAMB/Confrontation.py", line 433, in confront
    obs, mod = self.stageData(m)
               ^^^^^^^^^^^^^^^^^
  File "/home/renatob/miniconda3/envs/ilamb/lib/python3.11/site-packages/ILAMB/Confrontation.py", line 371, in stageData
    mod = m.extractTimeSeries(
          ^^^^^^^^^^^^^^^^^^^^
  File "/home/renatob/miniconda3/envs/ilamb/lib/python3.11/site-packages/ILAMB/ModelResult.py", line 439, in extractTimeSeries
    raise il.VarNotInModel()
ILAMB.ilamblib.VarNotInModel: VarNotInModel

[DEBUG][7][WorkConfront][Evapotranspiration/CARDAMOM][MPI-ESM1-2-LR]
Traceback (most recent call last):
  File "/home/renatob/miniconda3/envs/ilamb/bin/ilamb-run", line 563, in WorkConfront
    c.confront(m)
  File "/home/renatob/miniconda3/envs/ilamb/lib/python3.11/site-packages/ILAMB/Confrontation.py", line 433, in confront
    obs, mod = self.stageData(m)
               ^^^^^^^^^^^^^^^^^
  File "/home/renatob/miniconda3/envs/ilamb/lib/python3.11/site-packages/ILAMB/Confrontation.py", line 371, in stageData
    mod = m.extractTimeSeries(
          ^^^^^^^^^^^^^^^^^^^^
  File "/home/renatob/miniconda3/envs/ilamb/lib/python3.11/site-packages/ILAMB/ModelResult.py", line 439, in extractTimeSeries
    raise il.VarNotInModel()
ILAMB.ilamblib.VarNotInModel: VarNotInModel

[DEBUG][6][extractTimeSeries][ENSEMBLE-CMIP6] Could not find [FCH4,ch4] in the model results
[DEBUG][6][WorkConfront][Methane/CARDAMOM][ENSEMBLE-CMIP6]
Traceback (most recent call last):
  File "/home/renatob/miniconda3/envs/ilamb/bin/ilamb-run", line 563, in WorkConfront
    c.confront(m)
  File "/home/renatob/miniconda3/envs/ilamb/lib/python3.11/site-packages/ILAMB/Confrontation.py", line 433, in confront
    obs, mod = self.stageData(m)
               ^^^^^^^^^^^^^^^^^
  File "/home/renatob/miniconda3/envs/ilamb/lib/python3.11/site-packages/ILAMB/Confrontation.py", line 371, in stageData
    mod = m.extractTimeSeries(
          ^^^^^^^^^^^^^^^^^^^^
  File "/home/renatob/miniconda3/envs/ilamb/lib/python3.11/site-packages/ILAMB/ModelResult.py", line 439, in extractTimeSeries
    raise il.VarNotInModel()
ILAMB.ilamblib.VarNotInModel: VarNotInModel

[DEBUG][7][extractTimeSeries][NorESM2-LM] Could not find [et,evspsbl] in the model results
[DEBUG][7][WorkConfront][Evapotranspiration/CARDAMOM][NorESM2-LM]
Traceback (most recent call last):
  File "/home/renatob/miniconda3/envs/ilamb/bin/ilamb-run", line 563, in WorkConfront
    c.confront(m)
  File "/home/renatob/miniconda3/envs/ilamb/lib/python3.11/site-packages/ILAMB/Confrontation.py", line 433, in confront
    obs, mod = self.stageData(m)
               ^^^^^^^^^^^^^^^^^
  File "/home/renatob/miniconda3/envs/ilamb/lib/python3.11/site-packages/ILAMB/Confrontation.py", line 371, in stageData
    mod = m.extractTimeSeries(
          ^^^^^^^^^^^^^^^^^^^^
  File "/home/renatob/miniconda3/envs/ilamb/lib/python3.11/site-packages/ILAMB/ModelResult.py", line 439, in extractTimeSeries
    raise il.VarNotInModel()
ILAMB.ilamblib.VarNotInModel: VarNotInModel

[DEBUG][6][extractTimeSeries][GFDL_ESM4] Could not find [FCH4,ch4] in the model results
[DEBUG][6][WorkConfront][Methane/CARDAMOM][GFDL_ESM4]
Traceback (most recent call last):
  File "/home/renatob/miniconda3/envs/ilamb/bin/ilamb-run", line 563, in WorkConfront
    c.confront(m)
  File "/home/renatob/miniconda3/envs/ilamb/lib/python3.11/site-packages/ILAMB/Confrontation.py", line 433, in confront
    obs, mod = self.stageData(m)
               ^^^^^^^^^^^^^^^^^
  File "/home/renatob/miniconda3/envs/ilamb/lib/python3.11/site-packages/ILAMB/Confrontation.py", line 371, in stageData
    mod = m.extractTimeSeries(
          ^^^^^^^^^^^^^^^^^^^^
  File "/home/renatob/miniconda3/envs/ilamb/lib/python3.11/site-packages/ILAMB/ModelResult.py", line 439, in extractTimeSeries
    raise il.VarNotInModel()
ILAMB.ilamblib.VarNotInModel: VarNotInModel

[DEBUG][7][extractTimeSeries][UKESM1-0-LL] Could not find [et,evspsbl] in the model results
[DEBUG][7][WorkConfront][Evapotranspiration/CARDAMOM][UKESM1-0-LL]
Traceback (most recent call last):
  File "/home/renatob/miniconda3/envs/ilamb/bin/ilamb-run", line 563, in WorkConfront
    c.confront(m)
  File "/home/renatob/miniconda3/envs/ilamb/lib/python3.11/site-packages/ILAMB/Confrontation.py", line 433, in confront
    obs, mod = self.stageData(m)
               ^^^^^^^^^^^^^^^^^
  File "/home/renatob/miniconda3/envs/ilamb/lib/python3.11/site-packages/ILAMB/Confrontation.py", line 371, in stageData
    mod = m.extractTimeSeries(
          ^^^^^^^^^^^^^^^^^^^^
  File "/home/renatob/miniconda3/envs/ilamb/lib/python3.11/site-packages/ILAMB/ModelResult.py", line 439, in extractTimeSeries
    raise il.VarNotInModel()
ILAMB.ilamblib.VarNotInModel: VarNotInModel

[INFO][2][MakeComparable][LeafAreaIndex/AVHRR][MPI-ESM1-2-LR] Spatial data was clipped from the comparison:  before: [168  96 192] after: [168  77 192]
[DEBUG][6][extractTimeSeries][GISS-E2-1-G] Could not find [FCH4,ch4] in the model results
[DEBUG][6][WorkConfront][Methane/CARDAMOM][GISS-E2-1-G]
Traceback (most recent call last):
  File "/home/renatob/miniconda3/envs/ilamb/bin/ilamb-run", line 563, in WorkConfront
    c.confront(m)
  File "/home/renatob/miniconda3/envs/ilamb/lib/python3.11/site-packages/ILAMB/Confrontation.py", line 433, in confront
    obs, mod = self.stageData(m)
               ^^^^^^^^^^^^^^^^^
  File "/home/renatob/miniconda3/envs/ilamb/lib/python3.11/site-packages/ILAMB/Confrontation.py", line 371, in stageData
    mod = m.extractTimeSeries(
          ^^^^^^^^^^^^^^^^^^^^
  File "/home/renatob/miniconda3/envs/ilamb/lib/python3.11/site-packages/ILAMB/ModelResult.py", line 439, in extractTimeSeries
    raise il.VarNotInModel()
ILAMB.ilamblib.VarNotInModel: VarNotInModel

[DEBUG][6][extractTimeSeries][IPSL-CM6A-LR] Could not find [FCH4,ch4] in the model results
[DEBUG][6][WorkConfront][Methane/CARDAMOM][IPSL-CM6A-LR]
Traceback (most recent call last):
  File "/home/renatob/miniconda3/envs/ilamb/bin/ilamb-run", line 563, in WorkConfront
    c.confront(m)
  File "/home/renatob/miniconda3/envs/ilamb/lib/python3.11/site-packages/ILAMB/Confrontation.py", line 433, in confront
    obs, mod = self.stageData(m)
               ^^^^^^^^^^^^^^^^^
  File "/home/renatob/miniconda3/envs/ilamb/lib/python3.11/site-packages/ILAMB/Confrontation.py", line 371, in stageData
    mod = m.extractTimeSeries(
          ^^^^^^^^^^^^^^^^^^^^
  File "/home/renatob/miniconda3/envs/ilamb/lib/python3.11/site-packages/ILAMB/ModelResult.py", line 439, in extractTimeSeries
    raise il.VarNotInModel()
ILAMB.ilamblib.VarNotInModel: VarNotInModel

[DEBUG][7][WorkConfront][Runoff/CARDAMOM][ACCESS-ESM1-5]
Traceback (most recent call last):
  File "/home/renatob/miniconda3/envs/ilamb/bin/ilamb-run", line 563, in WorkConfront
    c.confront(m)
  File "/home/renatob/miniconda3/envs/ilamb/lib/python3.11/site-packages/ILAMB/Confrontation.py", line 433, in confront
    obs, mod = self.stageData(m)
               ^^^^^^^^^^^^^^^^^
  File "/home/renatob/miniconda3/envs/ilamb/lib/python3.11/site-packages/ILAMB/Confrontation.py", line 371, in stageData
    mod = m.extractTimeSeries(
          ^^^^^^^^^^^^^^^^^^^^
  File "/home/renatob/miniconda3/envs/ilamb/lib/python3.11/site-packages/ILAMB/ModelResult.py", line 365, in extractTimeSeries
    var = Variable(
          ^^^^^^^^^
  File "/home/renatob/miniconda3/envs/ilamb/lib/python3.11/site-packages/ILAMB/Variable.py", line 140, in __init__
    out = il.FromNetCDF4(
          ^^^^^^^^^^^^^^^
  File "/home/renatob/miniconda3/envs/ilamb/lib/python3.11/site-packages/ILAMB/ilamblib.py", line 1047, in FromNetCDF4
    t, t_bnd, cbounds, begin, end, calendar = GetTime(
                                              ^^^^^^^^
  File "/home/renatob/miniconda3/envs/ilamb/lib/python3.11/site-packages/ILAMB/ilamblib.py", line 392, in GetTime
    tb = CreateTimeBounds(t, alpha=GuessAlpha(t))
                                   ^^^^^^^^^^^^^
  File "/home/renatob/miniconda3/envs/ilamb/lib/python3.11/site-packages/ILAMB/ilamblib.py", line 274, in GuessAlpha
    t0 = cf.num2date(t[0], t.units, calendar=t.calendar)
         ^^^^^^^^^^^^^^^^^^^^^^^^^^^^^^^^^^^^^^^^^^^^^^^
  File "src/cftime/_cftime.pyx", line 587, in cftime._cftime.num2date
  File "src/cftime/_cftime.pyx", line 101, in cftime._cftime._dateparse
ValueError: 'months since' units only allowed for '360_day' calendar

[DEBUG][6][extractTimeSeries][MIROC-ES2L] Could not find [FCH4,ch4] in the model results
[DEBUG][6][WorkConfront][Methane/CARDAMOM][MIROC-ES2L]
Traceback (most recent call last):
  File "/home/renatob/miniconda3/envs/ilamb/bin/ilamb-run", line 563, in WorkConfront
    c.confront(m)
  File "/home/renatob/miniconda3/envs/ilamb/lib/python3.11/site-packages/ILAMB/Confrontation.py", line 433, in confront
    obs, mod = self.stageData(m)
               ^^^^^^^^^^^^^^^^^
  File "/home/renatob/miniconda3/envs/ilamb/lib/python3.11/site-packages/ILAMB/Confrontation.py", line 371, in stageData
    mod = m.extractTimeSeries(
          ^^^^^^^^^^^^^^^^^^^^
  File "/home/renatob/miniconda3/envs/ilamb/lib/python3.11/site-packages/ILAMB/ModelResult.py", line 439, in extractTimeSeries
    raise il.VarNotInModel()
ILAMB.ilamblib.VarNotInModel: VarNotInModel

[DEBUG][7][extractTimeSeries][BCC-CSM2-MR] Could not find [runoff,mrro] in the model results
[DEBUG][7][WorkConfront][Runoff/CARDAMOM][BCC-CSM2-MR]
Traceback (most recent call last):
  File "/home/renatob/miniconda3/envs/ilamb/bin/ilamb-run", line 563, in WorkConfront
    c.confront(m)
  File "/home/renatob/miniconda3/envs/ilamb/lib/python3.11/site-packages/ILAMB/Confrontation.py", line 433, in confront
    obs, mod = self.stageData(m)
               ^^^^^^^^^^^^^^^^^
  File "/home/renatob/miniconda3/envs/ilamb/lib/python3.11/site-packages/ILAMB/Confrontation.py", line 371, in stageData
    mod = m.extractTimeSeries(
          ^^^^^^^^^^^^^^^^^^^^
  File "/home/renatob/miniconda3/envs/ilamb/lib/python3.11/site-packages/ILAMB/ModelResult.py", line 439, in extractTimeSeries
    raise il.VarNotInModel()
ILAMB.ilamblib.VarNotInModel: VarNotInModel

[DEBUG][6][extractTimeSeries][MPI-ESM1-2-LR] Could not find [FCH4,ch4] in the model results
[DEBUG][6][WorkConfront][Methane/CARDAMOM][MPI-ESM1-2-LR]
Traceback (most recent call last):
  File "/home/renatob/miniconda3/envs/ilamb/bin/ilamb-run", line 563, in WorkConfront
    c.confront(m)
  File "/home/renatob/miniconda3/envs/ilamb/lib/python3.11/site-packages/ILAMB/Confrontation.py", line 433, in confront
    obs, mod = self.stageData(m)
               ^^^^^^^^^^^^^^^^^
  File "/home/renatob/miniconda3/envs/ilamb/lib/python3.11/site-packages/ILAMB/Confrontation.py", line 371, in stageData
    mod = m.extractTimeSeries(
          ^^^^^^^^^^^^^^^^^^^^
  File "/home/renatob/miniconda3/envs/ilamb/lib/python3.11/site-packages/ILAMB/ModelResult.py", line 439, in extractTimeSeries
    raise il.VarNotInModel()
ILAMB.ilamblib.VarNotInModel: VarNotInModel

[INFO][0][MakeComparable][Biomass/CARDAMOM][ACCESS-ESM1-5] Spatial data was clipped from the comparison:  before: [168 145 192] after: [168 113 192]
[DEBUG][7][WorkConfront][Runoff/CARDAMOM][CanESM5]
Traceback (most recent call last):
  File "/home/renatob/miniconda3/envs/ilamb/bin/ilamb-run", line 563, in WorkConfront
    c.confront(m)
  File "/home/renatob/miniconda3/envs/ilamb/lib/python3.11/site-packages/ILAMB/Confrontation.py", line 433, in confront
    obs, mod = self.stageData(m)
               ^^^^^^^^^^^^^^^^^
  File "/home/renatob/miniconda3/envs/ilamb/lib/python3.11/site-packages/ILAMB/Confrontation.py", line 371, in stageData
    mod = m.extractTimeSeries(
          ^^^^^^^^^^^^^^^^^^^^
  File "/home/renatob/miniconda3/envs/ilamb/lib/python3.11/site-packages/ILAMB/ModelResult.py", line 365, in extractTimeSeries
    var = Variable(
          ^^^^^^^^^
  File "/home/renatob/miniconda3/envs/ilamb/lib/python3.11/site-packages/ILAMB/Variable.py", line 140, in __init__
    out = il.FromNetCDF4(
          ^^^^^^^^^^^^^^^
  File "/home/renatob/miniconda3/envs/ilamb/lib/python3.11/site-packages/ILAMB/ilamblib.py", line 1047, in FromNetCDF4
    t, t_bnd, cbounds, begin, end, calendar = GetTime(
                                              ^^^^^^^^
  File "/home/renatob/miniconda3/envs/ilamb/lib/python3.11/site-packages/ILAMB/ilamblib.py", line 392, in GetTime
    tb = CreateTimeBounds(t, alpha=GuessAlpha(t))
                                   ^^^^^^^^^^^^^
  File "/home/renatob/miniconda3/envs/ilamb/lib/python3.11/site-packages/ILAMB/ilamblib.py", line 274, in GuessAlpha
    t0 = cf.num2date(t[0], t.units, calendar=t.calendar)
         ^^^^^^^^^^^^^^^^^^^^^^^^^^^^^^^^^^^^^^^^^^^^^^^
  File "src/cftime/_cftime.pyx", line 587, in cftime._cftime.num2date
  File "src/cftime/_cftime.pyx", line 101, in cftime._cftime._dateparse
ValueError: 'months since' units only allowed for '360_day' calendar

[DEBUG][6][extractTimeSeries][NorESM2-LM] Could not find [FCH4,ch4] in the model results
[DEBUG][6][WorkConfront][Methane/CARDAMOM][NorESM2-LM]
Traceback (most recent call last):
  File "/home/renatob/miniconda3/envs/ilamb/bin/ilamb-run", line 563, in WorkConfront
    c.confront(m)
  File "/home/renatob/miniconda3/envs/ilamb/lib/python3.11/site-packages/ILAMB/Confrontation.py", line 433, in confront
    obs, mod = self.stageData(m)
               ^^^^^^^^^^^^^^^^^
  File "/home/renatob/miniconda3/envs/ilamb/lib/python3.11/site-packages/ILAMB/Confrontation.py", line 371, in stageData
    mod = m.extractTimeSeries(
          ^^^^^^^^^^^^^^^^^^^^
  File "/home/renatob/miniconda3/envs/ilamb/lib/python3.11/site-packages/ILAMB/ModelResult.py", line 439, in extractTimeSeries
    raise il.VarNotInModel()
ILAMB.ilamblib.VarNotInModel: VarNotInModel

[INFO][5][MakeComparable][HeterotrophicRespiration/CARDAMOM][UKESM1-0-LL] Spatial data was clipped from the comparison:  before: [168 144 192] after: [168 113 192]
[INFO][1][MakeComparable][GrossPrimaryProductivity/CARDAMOM][E3SM-1-1] Spatial data was clipped from the comparison:  before: [168 180 360] after: [168 141 360]
[DEBUG][6][extractTimeSeries][UKESM1-0-LL] Could not find [FCH4,ch4] in the model results
[DEBUG][6][WorkConfront][Methane/CARDAMOM][UKESM1-0-LL]
Traceback (most recent call last):
  File "/home/renatob/miniconda3/envs/ilamb/bin/ilamb-run", line 563, in WorkConfront
    c.confront(m)
  File "/home/renatob/miniconda3/envs/ilamb/lib/python3.11/site-packages/ILAMB/Confrontation.py", line 433, in confront
    obs, mod = self.stageData(m)
               ^^^^^^^^^^^^^^^^^
  File "/home/renatob/miniconda3/envs/ilamb/lib/python3.11/site-packages/ILAMB/Confrontation.py", line 371, in stageData
    mod = m.extractTimeSeries(
          ^^^^^^^^^^^^^^^^^^^^
  File "/home/renatob/miniconda3/envs/ilamb/lib/python3.11/site-packages/ILAMB/ModelResult.py", line 439, in extractTimeSeries
    raise il.VarNotInModel()
ILAMB.ilamblib.VarNotInModel: VarNotInModel

[DEBUG][7][WorkConfront][Runoff/CARDAMOM][CESM2]
Traceback (most recent call last):
  File "/home/renatob/miniconda3/envs/ilamb/bin/ilamb-run", line 563, in WorkConfront
    c.confront(m)
  File "/home/renatob/miniconda3/envs/ilamb/lib/python3.11/site-packages/ILAMB/Confrontation.py", line 433, in confront
    obs, mod = self.stageData(m)
               ^^^^^^^^^^^^^^^^^
  File "/home/renatob/miniconda3/envs/ilamb/lib/python3.11/site-packages/ILAMB/Confrontation.py", line 371, in stageData
    mod = m.extractTimeSeries(
          ^^^^^^^^^^^^^^^^^^^^
  File "/home/renatob/miniconda3/envs/ilamb/lib/python3.11/site-packages/ILAMB/ModelResult.py", line 365, in extractTimeSeries
    var = Variable(
          ^^^^^^^^^
  File "/home/renatob/miniconda3/envs/ilamb/lib/python3.11/site-packages/ILAMB/Variable.py", line 140, in __init__
    out = il.FromNetCDF4(
          ^^^^^^^^^^^^^^^
  File "/home/renatob/miniconda3/envs/ilamb/lib/python3.11/site-packages/ILAMB/ilamblib.py", line 1047, in FromNetCDF4
    t, t_bnd, cbounds, begin, end, calendar = GetTime(
                                              ^^^^^^^^
  File "/home/renatob/miniconda3/envs/ilamb/lib/python3.11/site-packages/ILAMB/ilamblib.py", line 392, in GetTime
    tb = CreateTimeBounds(t, alpha=GuessAlpha(t))
                                   ^^^^^^^^^^^^^
  File "/home/renatob/miniconda3/envs/ilamb/lib/python3.11/site-packages/ILAMB/ilamblib.py", line 274, in GuessAlpha
    t0 = cf.num2date(t[0], t.units, calendar=t.calendar)
         ^^^^^^^^^^^^^^^^^^^^^^^^^^^^^^^^^^^^^^^^^^^^^^^
  File "src/cftime/_cftime.pyx", line 587, in cftime._cftime.num2date
  File "src/cftime/_cftime.pyx", line 101, in cftime._cftime._dateparse
ValueError: 'months since' units only allowed for '360_day' calendar

[DEBUG][6][extractTimeSeries][ACCESS-ESM1-5] Could not find [et,evspsbl] in the model results
[DEBUG][6][WorkConfront][Evapotranspiration/CARDAMOM][ACCESS-ESM1-5]
Traceback (most recent call last):
  File "/home/renatob/miniconda3/envs/ilamb/bin/ilamb-run", line 563, in WorkConfront
    c.confront(m)
  File "/home/renatob/miniconda3/envs/ilamb/lib/python3.11/site-packages/ILAMB/Confrontation.py", line 433, in confront
    obs, mod = self.stageData(m)
               ^^^^^^^^^^^^^^^^^
  File "/home/renatob/miniconda3/envs/ilamb/lib/python3.11/site-packages/ILAMB/Confrontation.py", line 371, in stageData
    mod = m.extractTimeSeries(
          ^^^^^^^^^^^^^^^^^^^^
  File "/home/renatob/miniconda3/envs/ilamb/lib/python3.11/site-packages/ILAMB/ModelResult.py", line 439, in extractTimeSeries
    raise il.VarNotInModel()
ILAMB.ilamblib.VarNotInModel: VarNotInModel

[DEBUG][6][extractTimeSeries][BCC-CSM2-MR] Could not find [et,evspsbl] in the model results
[DEBUG][6][WorkConfront][Evapotranspiration/CARDAMOM][BCC-CSM2-MR]
Traceback (most recent call last):
  File "/home/renatob/miniconda3/envs/ilamb/bin/ilamb-run", line 563, in WorkConfront
    c.confront(m)
  File "/home/renatob/miniconda3/envs/ilamb/lib/python3.11/site-packages/ILAMB/Confrontation.py", line 433, in confront
    obs, mod = self.stageData(m)
               ^^^^^^^^^^^^^^^^^
  File "/home/renatob/miniconda3/envs/ilamb/lib/python3.11/site-packages/ILAMB/Confrontation.py", line 371, in stageData
    mod = m.extractTimeSeries(
          ^^^^^^^^^^^^^^^^^^^^
  File "/home/renatob/miniconda3/envs/ilamb/lib/python3.11/site-packages/ILAMB/ModelResult.py", line 439, in extractTimeSeries
    raise il.VarNotInModel()
ILAMB.ilamblib.VarNotInModel: VarNotInModel

[INFO][3][MakeComparable][EcosystemRespiration/CARDAMOM][CanESM5] Spatial data was clipped from the comparison:  before: [168  64 128] after: [168  52 128]
[DEBUG][6][WorkConfront][Evapotranspiration/CARDAMOM][CanESM5]
Traceback (most recent call last):
  File "/home/renatob/miniconda3/envs/ilamb/bin/ilamb-run", line 563, in WorkConfront
    c.confront(m)
  File "/home/renatob/miniconda3/envs/ilamb/lib/python3.11/site-packages/ILAMB/Confrontation.py", line 433, in confront
    obs, mod = self.stageData(m)
               ^^^^^^^^^^^^^^^^^
  File "/home/renatob/miniconda3/envs/ilamb/lib/python3.11/site-packages/ILAMB/Confrontation.py", line 371, in stageData
    mod = m.extractTimeSeries(
          ^^^^^^^^^^^^^^^^^^^^
  File "/home/renatob/miniconda3/envs/ilamb/lib/python3.11/site-packages/ILAMB/ModelResult.py", line 365, in extractTimeSeries
    var = Variable(
          ^^^^^^^^^
  File "/home/renatob/miniconda3/envs/ilamb/lib/python3.11/site-packages/ILAMB/Variable.py", line 140, in __init__
    out = il.FromNetCDF4(
          ^^^^^^^^^^^^^^^
  File "/home/renatob/miniconda3/envs/ilamb/lib/python3.11/site-packages/ILAMB/ilamblib.py", line 1047, in FromNetCDF4
    t, t_bnd, cbounds, begin, end, calendar = GetTime(
                                              ^^^^^^^^
  File "/home/renatob/miniconda3/envs/ilamb/lib/python3.11/site-packages/ILAMB/ilamblib.py", line 392, in GetTime
    tb = CreateTimeBounds(t, alpha=GuessAlpha(t))
                                   ^^^^^^^^^^^^^
  File "/home/renatob/miniconda3/envs/ilamb/lib/python3.11/site-packages/ILAMB/ilamblib.py", line 274, in GuessAlpha
    t0 = cf.num2date(t[0], t.units, calendar=t.calendar)
         ^^^^^^^^^^^^^^^^^^^^^^^^^^^^^^^^^^^^^^^^^^^^^^^
  File "src/cftime/_cftime.pyx", line 587, in cftime._cftime.num2date
  File "src/cftime/_cftime.pyx", line 101, in cftime._cftime._dateparse
ValueError: 'months since' units only allowed for '360_day' calendar

[DEBUG][6][WorkConfront][Evapotranspiration/CARDAMOM][CESM2]
Traceback (most recent call last):
  File "/home/renatob/miniconda3/envs/ilamb/bin/ilamb-run", line 563, in WorkConfront
    c.confront(m)
  File "/home/renatob/miniconda3/envs/ilamb/lib/python3.11/site-packages/ILAMB/Confrontation.py", line 433, in confront
    obs, mod = self.stageData(m)
               ^^^^^^^^^^^^^^^^^
  File "/home/renatob/miniconda3/envs/ilamb/lib/python3.11/site-packages/ILAMB/Confrontation.py", line 371, in stageData
    mod = m.extractTimeSeries(
          ^^^^^^^^^^^^^^^^^^^^
  File "/home/renatob/miniconda3/envs/ilamb/lib/python3.11/site-packages/ILAMB/ModelResult.py", line 365, in extractTimeSeries
    var = Variable(
          ^^^^^^^^^
  File "/home/renatob/miniconda3/envs/ilamb/lib/python3.11/site-packages/ILAMB/Variable.py", line 140, in __init__
    out = il.FromNetCDF4(
          ^^^^^^^^^^^^^^^
  File "/home/renatob/miniconda3/envs/ilamb/lib/python3.11/site-packages/ILAMB/ilamblib.py", line 1047, in FromNetCDF4
    t, t_bnd, cbounds, begin, end, calendar = GetTime(
                                              ^^^^^^^^
  File "/home/renatob/miniconda3/envs/ilamb/lib/python3.11/site-packages/ILAMB/ilamblib.py", line 392, in GetTime
    tb = CreateTimeBounds(t, alpha=GuessAlpha(t))
                                   ^^^^^^^^^^^^^
  File "/home/renatob/miniconda3/envs/ilamb/lib/python3.11/site-packages/ILAMB/ilamblib.py", line 274, in GuessAlpha
    t0 = cf.num2date(t[0], t.units, calendar=t.calendar)
         ^^^^^^^^^^^^^^^^^^^^^^^^^^^^^^^^^^^^^^^^^^^^^^^
  File "src/cftime/_cftime.pyx", line 587, in cftime._cftime.num2date
  File "src/cftime/_cftime.pyx", line 101, in cftime._cftime._dateparse
ValueError: 'months since' units only allowed for '360_day' calendar

[DEBUG][6][extractTimeSeries][CNRM-ESM2-1] Could not find [et,evspsbl] in the model results
[DEBUG][6][WorkConfront][Evapotranspiration/CARDAMOM][CNRM-ESM2-1]
Traceback (most recent call last):
  File "/home/renatob/miniconda3/envs/ilamb/bin/ilamb-run", line 563, in WorkConfront
    c.confront(m)
  File "/home/renatob/miniconda3/envs/ilamb/lib/python3.11/site-packages/ILAMB/Confrontation.py", line 433, in confront
    obs, mod = self.stageData(m)
               ^^^^^^^^^^^^^^^^^
  File "/home/renatob/miniconda3/envs/ilamb/lib/python3.11/site-packages/ILAMB/Confrontation.py", line 371, in stageData
    mod = m.extractTimeSeries(
          ^^^^^^^^^^^^^^^^^^^^
  File "/home/renatob/miniconda3/envs/ilamb/lib/python3.11/site-packages/ILAMB/ModelResult.py", line 439, in extractTimeSeries
    raise il.VarNotInModel()
ILAMB.ilamblib.VarNotInModel: VarNotInModel

[DEBUG][6][extractTimeSeries][E3SM-1-1] Could not find [et,evspsbl] in the model results
[DEBUG][6][WorkConfront][Evapotranspiration/CARDAMOM][E3SM-1-1]
Traceback (most recent call last):
  File "/home/renatob/miniconda3/envs/ilamb/bin/ilamb-run", line 563, in WorkConfront
    c.confront(m)
  File "/home/renatob/miniconda3/envs/ilamb/lib/python3.11/site-packages/ILAMB/Confrontation.py", line 433, in confront
    obs, mod = self.stageData(m)
               ^^^^^^^^^^^^^^^^^
  File "/home/renatob/miniconda3/envs/ilamb/lib/python3.11/site-packages/ILAMB/Confrontation.py", line 371, in stageData
    mod = m.extractTimeSeries(
          ^^^^^^^^^^^^^^^^^^^^
  File "/home/renatob/miniconda3/envs/ilamb/lib/python3.11/site-packages/ILAMB/ModelResult.py", line 439, in extractTimeSeries
    raise il.VarNotInModel()
ILAMB.ilamblib.VarNotInModel: VarNotInModel

[INFO][4][MakeComparable][AutotrophicRespiration/CARDAMOM][GISS-E2-1-G] Spatial data was clipped from the comparison:  before: [168  90 144] after: [168  71 144]
[INFO][7][MakeComparable][Runoff/CARDAMOM][CNRM-ESM2-1] Spatial data was clipped from the comparison:  before: [168 128 256] after: [168 100 256]
[INFO][6][MakeComparable][Evapotranspiration/CARDAMOM][ENSEMBLE-CMIP6] Spatial data was clipped from the comparison:  before: [168  96 144] after: [168  75 144]
[INFO][4][AnalysisMeanStateSpace][ra] Bias scored using Collier2018
[INFO][4][AnalysisMeanStateSpace][ra] RMSE scored using Collier2018
[INFO][4][confront][AutotrophicRespiration/CARDAMOM][GISS-E2-1-G] Success
[INFO][4][MakeComparable][AutotrophicRespiration/CARDAMOM][IPSL-CM6A-LR] Spatial data was clipped from the comparison:  before: [168 143 144] after: [168 111 144]
[INFO][3][AnalysisMeanStateSpace][reco] Bias scored using Collier2018
[INFO][2][AnalysisMeanStateSpace][lai] Bias scored using Collier2018
[INFO][6][AnalysisMeanStateSpace][et] Bias scored using Collier2018
[INFO][3][AnalysisMeanStateSpace][reco] RMSE scored using Collier2018
[INFO][3][confront][EcosystemRespiration/CARDAMOM][CanESM5] Success
[INFO][2][AnalysisMeanStateSpace][lai] RMSE scored using Collier2018
[INFO][6][AnalysisMeanStateSpace][et] RMSE scored using Collier2018
[INFO][2][confront][LeafAreaIndex/AVHRR][MPI-ESM1-2-LR] Success
[INFO][6][confront][Evapotranspiration/CARDAMOM][ENSEMBLE-CMIP6] Success
[DEBUG][6][WorkConfront][Evapotranspiration/CARDAMOM][GFDL_ESM4]
Traceback (most recent call last):
  File "/home/renatob/miniconda3/envs/ilamb/bin/ilamb-run", line 563, in WorkConfront
    c.confront(m)
  File "/home/renatob/miniconda3/envs/ilamb/lib/python3.11/site-packages/ILAMB/Confrontation.py", line 433, in confront
    obs, mod = self.stageData(m)
               ^^^^^^^^^^^^^^^^^
  File "/home/renatob/miniconda3/envs/ilamb/lib/python3.11/site-packages/ILAMB/Confrontation.py", line 371, in stageData
    mod = m.extractTimeSeries(
          ^^^^^^^^^^^^^^^^^^^^
  File "/home/renatob/miniconda3/envs/ilamb/lib/python3.11/site-packages/ILAMB/ModelResult.py", line 365, in extractTimeSeries
    var = Variable(
          ^^^^^^^^^
  File "/home/renatob/miniconda3/envs/ilamb/lib/python3.11/site-packages/ILAMB/Variable.py", line 140, in __init__
    out = il.FromNetCDF4(
          ^^^^^^^^^^^^^^^
  File "/home/renatob/miniconda3/envs/ilamb/lib/python3.11/site-packages/ILAMB/ilamblib.py", line 1047, in FromNetCDF4
    t, t_bnd, cbounds, begin, end, calendar = GetTime(
                                              ^^^^^^^^
  File "/home/renatob/miniconda3/envs/ilamb/lib/python3.11/site-packages/ILAMB/ilamblib.py", line 392, in GetTime
    tb = CreateTimeBounds(t, alpha=GuessAlpha(t))
                                   ^^^^^^^^^^^^^
  File "/home/renatob/miniconda3/envs/ilamb/lib/python3.11/site-packages/ILAMB/ilamblib.py", line 274, in GuessAlpha
    t0 = cf.num2date(t[0], t.units, calendar=t.calendar)
         ^^^^^^^^^^^^^^^^^^^^^^^^^^^^^^^^^^^^^^^^^^^^^^^
  File "src/cftime/_cftime.pyx", line 587, in cftime._cftime.num2date
  File "src/cftime/_cftime.pyx", line 101, in cftime._cftime._dateparse
ValueError: 'months since' units only allowed for '360_day' calendar

[DEBUG][6][extractTimeSeries][GISS-E2-1-G] Could not find [et,evspsbl] in the model results
[DEBUG][6][WorkConfront][Evapotranspiration/CARDAMOM][GISS-E2-1-G]
Traceback (most recent call last):
  File "/home/renatob/miniconda3/envs/ilamb/bin/ilamb-run", line 563, in WorkConfront
    c.confront(m)
  File "/home/renatob/miniconda3/envs/ilamb/lib/python3.11/site-packages/ILAMB/Confrontation.py", line 433, in confront
    obs, mod = self.stageData(m)
               ^^^^^^^^^^^^^^^^^
  File "/home/renatob/miniconda3/envs/ilamb/lib/python3.11/site-packages/ILAMB/Confrontation.py", line 371, in stageData
    mod = m.extractTimeSeries(
          ^^^^^^^^^^^^^^^^^^^^
  File "/home/renatob/miniconda3/envs/ilamb/lib/python3.11/site-packages/ILAMB/ModelResult.py", line 439, in extractTimeSeries
    raise il.VarNotInModel()
ILAMB.ilamblib.VarNotInModel: VarNotInModel

[INFO][3][MakeComparable][EcosystemRespiration/CARDAMOM][CESM2] Spatial data was clipped from the comparison:  before: [168 192 288] after: [168 150 288]
[DEBUG][6][extractTimeSeries][IPSL-CM6A-LR] Could not find [et,evspsbl] in the model results
[DEBUG][6][WorkConfront][Evapotranspiration/CARDAMOM][IPSL-CM6A-LR]
Traceback (most recent call last):
  File "/home/renatob/miniconda3/envs/ilamb/bin/ilamb-run", line 563, in WorkConfront
    c.confront(m)
  File "/home/renatob/miniconda3/envs/ilamb/lib/python3.11/site-packages/ILAMB/Confrontation.py", line 433, in confront
    obs, mod = self.stageData(m)
               ^^^^^^^^^^^^^^^^^
  File "/home/renatob/miniconda3/envs/ilamb/lib/python3.11/site-packages/ILAMB/Confrontation.py", line 371, in stageData
    mod = m.extractTimeSeries(
          ^^^^^^^^^^^^^^^^^^^^
  File "/home/renatob/miniconda3/envs/ilamb/lib/python3.11/site-packages/ILAMB/ModelResult.py", line 439, in extractTimeSeries
    raise il.VarNotInModel()
ILAMB.ilamblib.VarNotInModel: VarNotInModel

[INFO][2][MakeComparable][LeafAreaIndex/AVHRR][NorESM2-LM] Spatial data was clipped from the comparison:  before: [168  96 144] after: [168  75 144]
[INFO][0][AnalysisMeanStateSpace][biomass] Bias scored using Collier2018
[INFO][0][confront][Biomass/CARDAMOM][ACCESS-ESM1-5] Success
[INFO][5][AnalysisMeanStateSpace][rh] Bias scored using Collier2018
[INFO][0][MakeComparable][Biomass/CARDAMOM][BCC-CSM2-MR] Spatial data was clipped from the comparison:  before: [168 160 320] after: [168 125 320]
[INFO][7][AnalysisMeanStateSpace][runoff] Bias scored using Collier2018
[INFO][5][AnalysisMeanStateSpace][rh] RMSE scored using Collier2018
[INFO][5][confront][HeterotrophicRespiration/CARDAMOM][UKESM1-0-LL] Success
[INFO][5][MakeComparable][SoilCarbon/CARDAMOM][ACCESS-ESM1-5] Spatial data was clipped from the comparison:  before: [168 145 192] after: [168 113 192]
[INFO][2][AnalysisMeanStateSpace][lai] Bias scored using Collier2018
[INFO][7][AnalysisMeanStateSpace][runoff] RMSE scored using Collier2018
[INFO][7][confront][Runoff/CARDAMOM][CNRM-ESM2-1] Success
[DEBUG][7][extractTimeSeries][E3SM-1-1] Could not find [runoff,mrro] in the model results
[DEBUG][7][WorkConfront][Runoff/CARDAMOM][E3SM-1-1]
Traceback (most recent call last):
  File "/home/renatob/miniconda3/envs/ilamb/bin/ilamb-run", line 563, in WorkConfront
    c.confront(m)
  File "/home/renatob/miniconda3/envs/ilamb/lib/python3.11/site-packages/ILAMB/Confrontation.py", line 433, in confront
    obs, mod = self.stageData(m)
               ^^^^^^^^^^^^^^^^^
  File "/home/renatob/miniconda3/envs/ilamb/lib/python3.11/site-packages/ILAMB/Confrontation.py", line 371, in stageData
    mod = m.extractTimeSeries(
          ^^^^^^^^^^^^^^^^^^^^
  File "/home/renatob/miniconda3/envs/ilamb/lib/python3.11/site-packages/ILAMB/ModelResult.py", line 439, in extractTimeSeries
    raise il.VarNotInModel()
ILAMB.ilamblib.VarNotInModel: VarNotInModel

[INFO][7][MakeComparable][Runoff/CARDAMOM][ENSEMBLE-CMIP6] Spatial data was clipped from the comparison:  before: [168  96 144] after: [168  75 144]
[INFO][2][AnalysisMeanStateSpace][lai] RMSE scored using Collier2018
[INFO][2][confront][LeafAreaIndex/AVHRR][NorESM2-LM] Success
[INFO][2][MakeComparable][LeafAreaIndex/AVHRR][UKESM1-0-LL] Spatial data was clipped from the comparison:  before: [168 144 192] after: [168 113 192]
[INFO][4][AnalysisMeanStateSpace][ra] Bias scored using Collier2018
[INFO][4][AnalysisMeanStateSpace][ra] RMSE scored using Collier2018
[INFO][4][confront][AutotrophicRespiration/CARDAMOM][IPSL-CM6A-LR] Success
[INFO][4][MakeComparable][AutotrophicRespiration/CARDAMOM][MIROC-ES2L] Spatial data was clipped from the comparison:  before: [168  64 128] after: [168  52 128]
[INFO][1][AnalysisMeanStateSpace][gpp] Bias scored using Collier2018
[INFO][7][AnalysisMeanStateSpace][runoff] Bias scored using Collier2018
[INFO][7][AnalysisMeanStateSpace][runoff] RMSE scored using Collier2018
[INFO][7][confront][Runoff/CARDAMOM][ENSEMBLE-CMIP6] Success
[INFO][7][MakeComparable][Runoff/CARDAMOM][GFDL_ESM4] Spatial data was clipped from the comparison:  before: [168 180 288] after: [168 141 288]
[INFO][1][AnalysisMeanStateSpace][gpp] RMSE scored using Collier2018
[INFO][1][confront][GrossPrimaryProductivity/CARDAMOM][E3SM-1-1] Success
[INFO][1][MakeComparable][GrossPrimaryProductivity/CARDAMOM][ENSEMBLE-CMIP6] Spatial data was clipped from the comparison:  before: [168  96 144] after: [168  75 144]
[INFO][5][AnalysisMeanStateSpace][cSoilAbove1m] Bias scored using Collier2018
[INFO][2][AnalysisMeanStateSpace][lai] Bias scored using Collier2018
[INFO][5][confront][SoilCarbon/CARDAMOM][ACCESS-ESM1-5] Success
[INFO][4][AnalysisMeanStateSpace][ra] Bias scored using Collier2018
[INFO][4][AnalysisMeanStateSpace][ra] RMSE scored using Collier2018
[INFO][4][confront][AutotrophicRespiration/CARDAMOM][MIROC-ES2L] Success
[INFO][2][AnalysisMeanStateSpace][lai] RMSE scored using Collier2018
[INFO][2][confront][LeafAreaIndex/AVHRR][UKESM1-0-LL] Success
[INFO][4][MakeComparable][AutotrophicRespiration/CARDAMOM][MPI-ESM1-2-LR] Spatial data was clipped from the comparison:  before: [168  96 192] after: [168  77 192]
[INFO][2][MakeComparable][GlobalNetEcosystemCarbonBalance/CARDAMOM][ACCESS-ESM1-5] Spatial data was clipped from the comparison:  before: [168 145 192] after: [168 113 192]
[INFO][5][MakeComparable][SoilCarbon/CARDAMOM][BCC-CSM2-MR] Spatial data was clipped from the comparison:  before: [168 160 320] after: [168 125 320]
[INFO][0][AnalysisMeanStateSpace][biomass] Bias scored using Collier2018
[INFO][0][confront][Biomass/CARDAMOM][BCC-CSM2-MR] Success
[INFO][0][MakeComparable][Biomass/CARDAMOM][CanESM5] Spatial data was clipped from the comparison:  before: [168  64 128] after: [168  52 128]
[INFO][3][AnalysisMeanStateSpace][reco] Bias scored using Collier2018
[INFO][1][AnalysisMeanStateSpace][gpp] Bias scored using Collier2018
[INFO][1][AnalysisMeanStateSpace][gpp] RMSE scored using Collier2018
[INFO][1][confront][GrossPrimaryProductivity/CARDAMOM][ENSEMBLE-CMIP6] Success
[INFO][3][AnalysisMeanStateSpace][reco] RMSE scored using Collier2018
[INFO][3][confront][EcosystemRespiration/CARDAMOM][CESM2] Success
[INFO][0][AnalysisMeanStateSpace][biomass] Bias scored using Collier2018
[INFO][1][MakeComparable][GrossPrimaryProductivity/CARDAMOM][GFDL_ESM4] Spatial data was clipped from the comparison:  before: [168 180 288] after: [168 141 288]
[INFO][0][confront][Biomass/CARDAMOM][CanESM5] Success
[INFO][7][AnalysisMeanStateSpace][runoff] Bias scored using Collier2018
[INFO][3][MakeComparable][EcosystemRespiration/CARDAMOM][CNRM-ESM2-1] Spatial data was clipped from the comparison:  before: [168 128 256] after: [168 100 256]
[INFO][0][MakeComparable][Biomass/CARDAMOM][CESM2] Spatial data was clipped from the comparison:  before: [168 192 288] after: [168 150 288]
[INFO][7][AnalysisMeanStateSpace][runoff] RMSE scored using Collier2018
[INFO][2][AnalysisMeanStateSpace][nbp] Bias scored using Collier2018
[INFO][7][confront][Runoff/CARDAMOM][GFDL_ESM4] Success
[DEBUG][7][extractTimeSeries][GISS-E2-1-G] Could not find [runoff,mrro] in the model results
[DEBUG][7][WorkConfront][Runoff/CARDAMOM][GISS-E2-1-G]
Traceback (most recent call last):
  File "/home/renatob/miniconda3/envs/ilamb/bin/ilamb-run", line 563, in WorkConfront
    c.confront(m)
  File "/home/renatob/miniconda3/envs/ilamb/lib/python3.11/site-packages/ILAMB/Confrontation.py", line 433, in confront
    obs, mod = self.stageData(m)
               ^^^^^^^^^^^^^^^^^
  File "/home/renatob/miniconda3/envs/ilamb/lib/python3.11/site-packages/ILAMB/Confrontation.py", line 371, in stageData
    mod = m.extractTimeSeries(
          ^^^^^^^^^^^^^^^^^^^^
  File "/home/renatob/miniconda3/envs/ilamb/lib/python3.11/site-packages/ILAMB/ModelResult.py", line 439, in extractTimeSeries
    raise il.VarNotInModel()
ILAMB.ilamblib.VarNotInModel: VarNotInModel

[INFO][4][AnalysisMeanStateSpace][ra] Bias scored using Collier2018
[DEBUG][7][extractTimeSeries][IPSL-CM6A-LR] Could not find [runoff,mrro] in the model results
[DEBUG][7][WorkConfront][Runoff/CARDAMOM][IPSL-CM6A-LR]
Traceback (most recent call last):
  File "/home/renatob/miniconda3/envs/ilamb/bin/ilamb-run", line 563, in WorkConfront
    c.confront(m)
  File "/home/renatob/miniconda3/envs/ilamb/lib/python3.11/site-packages/ILAMB/Confrontation.py", line 433, in confront
    obs, mod = self.stageData(m)
               ^^^^^^^^^^^^^^^^^
  File "/home/renatob/miniconda3/envs/ilamb/lib/python3.11/site-packages/ILAMB/Confrontation.py", line 371, in stageData
    mod = m.extractTimeSeries(
          ^^^^^^^^^^^^^^^^^^^^
  File "/home/renatob/miniconda3/envs/ilamb/lib/python3.11/site-packages/ILAMB/ModelResult.py", line 439, in extractTimeSeries
    raise il.VarNotInModel()
ILAMB.ilamblib.VarNotInModel: VarNotInModel

[DEBUG][7][extractTimeSeries][MIROC-ES2L] Could not find [runoff,mrro] in the model results
[DEBUG][7][WorkConfront][Runoff/CARDAMOM][MIROC-ES2L]
Traceback (most recent call last):
  File "/home/renatob/miniconda3/envs/ilamb/bin/ilamb-run", line 563, in WorkConfront
    c.confront(m)
  File "/home/renatob/miniconda3/envs/ilamb/lib/python3.11/site-packages/ILAMB/Confrontation.py", line 433, in confront
    obs, mod = self.stageData(m)
               ^^^^^^^^^^^^^^^^^
  File "/home/renatob/miniconda3/envs/ilamb/lib/python3.11/site-packages/ILAMB/Confrontation.py", line 371, in stageData
    mod = m.extractTimeSeries(
          ^^^^^^^^^^^^^^^^^^^^
  File "/home/renatob/miniconda3/envs/ilamb/lib/python3.11/site-packages/ILAMB/ModelResult.py", line 439, in extractTimeSeries
    raise il.VarNotInModel()
ILAMB.ilamblib.VarNotInModel: VarNotInModel

[DEBUG][7][extractTimeSeries][MPI-ESM1-2-LR] Could not find [runoff,mrro] in the model results
[DEBUG][7][WorkConfront][Runoff/CARDAMOM][MPI-ESM1-2-LR]
Traceback (most recent call last):
  File "/home/renatob/miniconda3/envs/ilamb/bin/ilamb-run", line 563, in WorkConfront
    c.confront(m)
  File "/home/renatob/miniconda3/envs/ilamb/lib/python3.11/site-packages/ILAMB/Confrontation.py", line 433, in confront
    obs, mod = self.stageData(m)
               ^^^^^^^^^^^^^^^^^
  File "/home/renatob/miniconda3/envs/ilamb/lib/python3.11/site-packages/ILAMB/Confrontation.py", line 371, in stageData
    mod = m.extractTimeSeries(
          ^^^^^^^^^^^^^^^^^^^^
  File "/home/renatob/miniconda3/envs/ilamb/lib/python3.11/site-packages/ILAMB/ModelResult.py", line 439, in extractTimeSeries
    raise il.VarNotInModel()
ILAMB.ilamblib.VarNotInModel: VarNotInModel

[DEBUG][7][extractTimeSeries][NorESM2-LM] Could not find [runoff,mrro] in the model results
[DEBUG][7][WorkConfront][Runoff/CARDAMOM][NorESM2-LM]
Traceback (most recent call last):
  File "/home/renatob/miniconda3/envs/ilamb/bin/ilamb-run", line 563, in WorkConfront
    c.confront(m)
  File "/home/renatob/miniconda3/envs/ilamb/lib/python3.11/site-packages/ILAMB/Confrontation.py", line 433, in confront
    obs, mod = self.stageData(m)
               ^^^^^^^^^^^^^^^^^
  File "/home/renatob/miniconda3/envs/ilamb/lib/python3.11/site-packages/ILAMB/Confrontation.py", line 371, in stageData
    mod = m.extractTimeSeries(
          ^^^^^^^^^^^^^^^^^^^^
  File "/home/renatob/miniconda3/envs/ilamb/lib/python3.11/site-packages/ILAMB/ModelResult.py", line 439, in extractTimeSeries
    raise il.VarNotInModel()
ILAMB.ilamblib.VarNotInModel: VarNotInModel

[DEBUG][7][extractTimeSeries][UKESM1-0-LL] Could not find [runoff,mrro] in the model results
[DEBUG][7][WorkConfront][Runoff/CARDAMOM][UKESM1-0-LL]
Traceback (most recent call last):
  File "/home/renatob/miniconda3/envs/ilamb/bin/ilamb-run", line 563, in WorkConfront
    c.confront(m)
  File "/home/renatob/miniconda3/envs/ilamb/lib/python3.11/site-packages/ILAMB/Confrontation.py", line 433, in confront
    obs, mod = self.stageData(m)
               ^^^^^^^^^^^^^^^^^
  File "/home/renatob/miniconda3/envs/ilamb/lib/python3.11/site-packages/ILAMB/Confrontation.py", line 371, in stageData
    mod = m.extractTimeSeries(
          ^^^^^^^^^^^^^^^^^^^^
  File "/home/renatob/miniconda3/envs/ilamb/lib/python3.11/site-packages/ILAMB/ModelResult.py", line 439, in extractTimeSeries
    raise il.VarNotInModel()
ILAMB.ilamblib.VarNotInModel: VarNotInModel

[INFO][4][AnalysisMeanStateSpace][ra] RMSE scored using Collier2018
[INFO][4][confront][AutotrophicRespiration/CARDAMOM][MPI-ESM1-2-LR] Success
[INFO][2][AnalysisMeanStateSpace][nbp] RMSE scored using Collier2018
[INFO][2][confront][GlobalNetEcosystemCarbonBalance/CARDAMOM][ACCESS-ESM1-5] Success
[INFO][4][MakeComparable][AutotrophicRespiration/CARDAMOM][NorESM2-LM] Spatial data was clipped from the comparison:  before: [168  96 144] after: [168  75 144]
[DEBUG][2][extractTimeSeries][BCC-CSM2-MR] Could not find [nbp] in the model results
[DEBUG][2][WorkConfront][GlobalNetEcosystemCarbonBalance/CARDAMOM][BCC-CSM2-MR]
Traceback (most recent call last):
  File "/home/renatob/miniconda3/envs/ilamb/bin/ilamb-run", line 563, in WorkConfront
    c.confront(m)
  File "/home/renatob/miniconda3/envs/ilamb/lib/python3.11/site-packages/ILAMB/Confrontation.py", line 433, in confront
    obs, mod = self.stageData(m)
               ^^^^^^^^^^^^^^^^^
  File "/home/renatob/miniconda3/envs/ilamb/lib/python3.11/site-packages/ILAMB/Confrontation.py", line 371, in stageData
    mod = m.extractTimeSeries(
          ^^^^^^^^^^^^^^^^^^^^
  File "/home/renatob/miniconda3/envs/ilamb/lib/python3.11/site-packages/ILAMB/ModelResult.py", line 439, in extractTimeSeries
    raise il.VarNotInModel()
ILAMB.ilamblib.VarNotInModel: VarNotInModel

[INFO][2][MakeComparable][GlobalNetEcosystemCarbonBalance/CARDAMOM][CanESM5] Spatial data was clipped from the comparison:  before: [168  64 128] after: [168  52 128]
[DEBUG][7][WorkConfront][TerrestrialWaterStorageAnomaly/CARDAMOM][ACCESS-ESM1-5]
Traceback (most recent call last):
  File "/home/renatob/miniconda3/envs/ilamb/bin/ilamb-run", line 563, in WorkConfront
    c.confront(m)
  File "/home/renatob/miniconda3/envs/ilamb/lib/python3.11/site-packages/ILAMB/ConfTWSA.py", line 147, in confront
    obs, mod = self.stageData(m)
               ^^^^^^^^^^^^^^^^^
  File "/home/renatob/miniconda3/envs/ilamb/lib/python3.11/site-packages/ILAMB/ConfTWSA.py", line 85, in stageData
    mod = m.extractTimeSeries(
          ^^^^^^^^^^^^^^^^^^^^
  File "/home/renatob/miniconda3/envs/ilamb/lib/python3.11/site-packages/ILAMB/ModelResult.py", line 415, in extractTimeSeries
    v = self.derivedVariable(
        ^^^^^^^^^^^^^^^^^^^^^
  File "/home/renatob/miniconda3/envs/ilamb/lib/python3.11/site-packages/ILAMB/ModelResult.py", line 501, in derivedVariable
    Vs[arg] = self.extractTimeSeries(
              ^^^^^^^^^^^^^^^^^^^^^^^
  File "/home/renatob/miniconda3/envs/ilamb/lib/python3.11/site-packages/ILAMB/ModelResult.py", line 365, in extractTimeSeries
    var = Variable(
          ^^^^^^^^^
  File "/home/renatob/miniconda3/envs/ilamb/lib/python3.11/site-packages/ILAMB/Variable.py", line 140, in __init__
    out = il.FromNetCDF4(
          ^^^^^^^^^^^^^^^
  File "/home/renatob/miniconda3/envs/ilamb/lib/python3.11/site-packages/ILAMB/ilamblib.py", line 1047, in FromNetCDF4
    t, t_bnd, cbounds, begin, end, calendar = GetTime(
                                              ^^^^^^^^
  File "/home/renatob/miniconda3/envs/ilamb/lib/python3.11/site-packages/ILAMB/ilamblib.py", line 392, in GetTime
    tb = CreateTimeBounds(t, alpha=GuessAlpha(t))
                                   ^^^^^^^^^^^^^
  File "/home/renatob/miniconda3/envs/ilamb/lib/python3.11/site-packages/ILAMB/ilamblib.py", line 274, in GuessAlpha
    t0 = cf.num2date(t[0], t.units, calendar=t.calendar)
         ^^^^^^^^^^^^^^^^^^^^^^^^^^^^^^^^^^^^^^^^^^^^^^^
  File "src/cftime/_cftime.pyx", line 587, in cftime._cftime.num2date
  File "src/cftime/_cftime.pyx", line 101, in cftime._cftime._dateparse
ValueError: 'months since' units only allowed for '360_day' calendar

[INFO][2][AnalysisMeanStateSpace][nbp] Bias scored using Collier2018
[INFO][5][AnalysisMeanStateSpace][cSoilAbove1m] Bias scored using Collier2018
[INFO][2][AnalysisMeanStateSpace][nbp] RMSE scored using Collier2018
[INFO][2][confront][GlobalNetEcosystemCarbonBalance/CARDAMOM][CanESM5] Success
[INFO][5][confront][SoilCarbon/CARDAMOM][BCC-CSM2-MR] Success
[INFO][5][MakeComparable][SoilCarbon/CARDAMOM][CanESM5] Spatial data was clipped from the comparison:  before: [168  64 128] after: [168  52 128]
[INFO][2][MakeComparable][GlobalNetEcosystemCarbonBalance/CARDAMOM][CESM2] Spatial data was clipped from the comparison:  before: [168 192 288] after: [168 150 288]
[INFO][4][AnalysisMeanStateSpace][ra] Bias scored using Collier2018
[INFO][4][AnalysisMeanStateSpace][ra] RMSE scored using Collier2018
[INFO][4][confront][AutotrophicRespiration/CARDAMOM][NorESM2-LM] Success
[INFO][4][MakeComparable][AutotrophicRespiration/CARDAMOM][UKESM1-0-LL] Spatial data was clipped from the comparison:  before: [168 144 192] after: [168 113 192]
[INFO][5][AnalysisMeanStateSpace][cSoilAbove1m] Bias scored using Collier2018
[INFO][5][confront][SoilCarbon/CARDAMOM][CanESM5] Success
[INFO][1][AnalysisMeanStateSpace][gpp] Bias scored using Collier2018
[INFO][3][AnalysisMeanStateSpace][reco] Bias scored using Collier2018
[INFO][5][MakeComparable][SoilCarbon/CARDAMOM][CESM2] Spatial data was clipped from the comparison:  before: [168 192 288] after: [168 150 288]
[INFO][1][AnalysisMeanStateSpace][gpp] RMSE scored using Collier2018
[INFO][1][confront][GrossPrimaryProductivity/CARDAMOM][GFDL_ESM4] Success
[INFO][3][AnalysisMeanStateSpace][reco] RMSE scored using Collier2018
[INFO][3][confront][EcosystemRespiration/CARDAMOM][CNRM-ESM2-1] Success
[INFO][0][AnalysisMeanStateSpace][biomass] Bias scored using Collier2018
[INFO][1][MakeComparable][GrossPrimaryProductivity/CARDAMOM][GISS-E2-1-G] Spatial data was clipped from the comparison:  before: [168  90 144] after: [168  71 144]
[INFO][3][MakeComparable][EcosystemRespiration/CARDAMOM][E3SM-1-1] Spatial data was clipped from the comparison:  before: [168 180 360] after: [168 141 360]
[INFO][0][confront][Biomass/CARDAMOM][CESM2] Success
[INFO][0][MakeComparable][Biomass/CARDAMOM][CNRM-ESM2-1] Spatial data was clipped from the comparison:  before: [168 128 256] after: [168 100 256]
[INFO][1][AnalysisMeanStateSpace][gpp] Bias scored using Collier2018
[INFO][1][AnalysisMeanStateSpace][gpp] RMSE scored using Collier2018
[INFO][1][confront][GrossPrimaryProductivity/CARDAMOM][GISS-E2-1-G] Success
[INFO][1][MakeComparable][GrossPrimaryProductivity/CARDAMOM][IPSL-CM6A-LR] Spatial data was clipped from the comparison:  before: [168 143 144] after: [168 111 144]
[INFO][4][AnalysisMeanStateSpace][ra] Bias scored using Collier2018
[INFO][4][AnalysisMeanStateSpace][ra] RMSE scored using Collier2018
[INFO][4][confront][AutotrophicRespiration/CARDAMOM][UKESM1-0-LL] Success
[INFO][2][AnalysisMeanStateSpace][nbp] Bias scored using Collier2018
[INFO][4][MakeComparable][HeterotrophicRespiration/CARDAMOM][ACCESS-ESM1-5] Spatial data was clipped from the comparison:  before: [168 145 192] after: [168 113 192]
[INFO][2][AnalysisMeanStateSpace][nbp] RMSE scored using Collier2018
[INFO][2][confront][GlobalNetEcosystemCarbonBalance/CARDAMOM][CESM2] Success
[INFO][0][AnalysisMeanStateSpace][biomass] Bias scored using Collier2018
[INFO][2][MakeComparable][GlobalNetEcosystemCarbonBalance/CARDAMOM][CNRM-ESM2-1] Spatial data was clipped from the comparison:  before: [168 128 256] after: [168 100 256]
[INFO][0][confront][Biomass/CARDAMOM][CNRM-ESM2-1] Success
[INFO][0][MakeComparable][Biomass/CARDAMOM][E3SM-1-1] Spatial data was clipped from the comparison:  before: [168 180 360] after: [168 141 360]
[INFO][5][AnalysisMeanStateSpace][cSoilAbove1m] Bias scored using Collier2018
[INFO][5][confront][SoilCarbon/CARDAMOM][CESM2] Success
[INFO][1][AnalysisMeanStateSpace][gpp] Bias scored using Collier2018
[DEBUG][5][extractTimeSeries][CNRM-ESM2-1] Could not find [cSoilAbove1m,cSoil] in the model results
[DEBUG][5][WorkConfront][SoilCarbon/CARDAMOM][CNRM-ESM2-1]
Traceback (most recent call last):
  File "/home/renatob/miniconda3/envs/ilamb/bin/ilamb-run", line 563, in WorkConfront
    c.confront(m)
  File "/home/renatob/miniconda3/envs/ilamb/lib/python3.11/site-packages/ILAMB/Confrontation.py", line 433, in confront
    obs, mod = self.stageData(m)
               ^^^^^^^^^^^^^^^^^
  File "/home/renatob/miniconda3/envs/ilamb/lib/python3.11/site-packages/ILAMB/Confrontation.py", line 371, in stageData
    mod = m.extractTimeSeries(
          ^^^^^^^^^^^^^^^^^^^^
  File "/home/renatob/miniconda3/envs/ilamb/lib/python3.11/site-packages/ILAMB/ModelResult.py", line 439, in extractTimeSeries
    raise il.VarNotInModel()
ILAMB.ilamblib.VarNotInModel: VarNotInModel

[DEBUG][5][extractTimeSeries][E3SM-1-1] Could not find [cSoilAbove1m,cSoil] in the model results
[DEBUG][5][WorkConfront][SoilCarbon/CARDAMOM][E3SM-1-1]
Traceback (most recent call last):
  File "/home/renatob/miniconda3/envs/ilamb/bin/ilamb-run", line 563, in WorkConfront
    c.confront(m)
  File "/home/renatob/miniconda3/envs/ilamb/lib/python3.11/site-packages/ILAMB/Confrontation.py", line 433, in confront
    obs, mod = self.stageData(m)
               ^^^^^^^^^^^^^^^^^
  File "/home/renatob/miniconda3/envs/ilamb/lib/python3.11/site-packages/ILAMB/Confrontation.py", line 371, in stageData
    mod = m.extractTimeSeries(
          ^^^^^^^^^^^^^^^^^^^^
  File "/home/renatob/miniconda3/envs/ilamb/lib/python3.11/site-packages/ILAMB/ModelResult.py", line 439, in extractTimeSeries
    raise il.VarNotInModel()
ILAMB.ilamblib.VarNotInModel: VarNotInModel

[INFO][5][MakeComparable][SoilCarbon/CARDAMOM][ENSEMBLE-CMIP6] Spatial data was clipped from the comparison:  before: [168  96 144] after: [168  75 144]
[INFO][1][AnalysisMeanStateSpace][gpp] RMSE scored using Collier2018
[INFO][1][confront][GrossPrimaryProductivity/CARDAMOM][IPSL-CM6A-LR] Success
[INFO][1][MakeComparable][GrossPrimaryProductivity/CARDAMOM][MIROC-ES2L] Spatial data was clipped from the comparison:  before: [168  64 128] after: [168  52 128]
[INFO][3][AnalysisMeanStateSpace][reco] Bias scored using Collier2018
[INFO][5][AnalysisMeanStateSpace][cSoilAbove1m] Bias scored using Collier2018
[INFO][5][confront][SoilCarbon/CARDAMOM][ENSEMBLE-CMIP6] Success
[INFO][1][AnalysisMeanStateSpace][gpp] Bias scored using Collier2018
[INFO][4][AnalysisMeanStateSpace][rh] Bias scored using Collier2018
[INFO][5][MakeComparable][SoilCarbon/CARDAMOM][GFDL_ESM4] Spatial data was clipped from the comparison:  before: [168 180 288] after: [168 141 288]
[INFO][1][AnalysisMeanStateSpace][gpp] RMSE scored using Collier2018
[INFO][3][AnalysisMeanStateSpace][reco] RMSE scored using Collier2018
[INFO][1][confront][GrossPrimaryProductivity/CARDAMOM][MIROC-ES2L] Success
[INFO][3][confront][EcosystemRespiration/CARDAMOM][E3SM-1-1] Success
[INFO][2][AnalysisMeanStateSpace][nbp] Bias scored using Collier2018
[INFO][1][MakeComparable][GrossPrimaryProductivity/CARDAMOM][MPI-ESM1-2-LR] Spatial data was clipped from the comparison:  before: [168  96 192] after: [168  77 192]
[INFO][4][AnalysisMeanStateSpace][rh] RMSE scored using Collier2018
[INFO][4][confront][HeterotrophicRespiration/CARDAMOM][ACCESS-ESM1-5] Success
[INFO][2][AnalysisMeanStateSpace][nbp] RMSE scored using Collier2018
[INFO][3][MakeComparable][EcosystemRespiration/CARDAMOM][ENSEMBLE-CMIP6] Spatial data was clipped from the comparison:  before: [168  96 144] after: [168  75 144]
[INFO][2][confront][GlobalNetEcosystemCarbonBalance/CARDAMOM][CNRM-ESM2-1] Success
[INFO][2][MakeComparable][GlobalNetEcosystemCarbonBalance/CARDAMOM][E3SM-1-1] Spatial data was clipped from the comparison:  before: [168 180 360] after: [168 141 360]
[INFO][4][MakeComparable][HeterotrophicRespiration/CARDAMOM][BCC-CSM2-MR] Spatial data was clipped from the comparison:  before: [168 160 320] after: [168 125 320]
[INFO][0][AnalysisMeanStateSpace][biomass] Bias scored using Collier2018
[INFO][0][confront][Biomass/CARDAMOM][E3SM-1-1] Success
[INFO][0][MakeComparable][Biomass/CARDAMOM][ENSEMBLE-CMIP6] Spatial data was clipped from the comparison:  before: [168  96 144] after: [168  75 144]
[INFO][3][AnalysisMeanStateSpace][reco] Bias scored using Collier2018
[INFO][1][AnalysisMeanStateSpace][gpp] Bias scored using Collier2018
[INFO][3][AnalysisMeanStateSpace][reco] RMSE scored using Collier2018
[INFO][3][confront][EcosystemRespiration/CARDAMOM][ENSEMBLE-CMIP6] Success
[INFO][5][AnalysisMeanStateSpace][cSoilAbove1m] Bias scored using Collier2018
[INFO][1][AnalysisMeanStateSpace][gpp] RMSE scored using Collier2018
[INFO][1][confront][GrossPrimaryProductivity/CARDAMOM][MPI-ESM1-2-LR] Success
[INFO][5][confront][SoilCarbon/CARDAMOM][GFDL_ESM4] Success
[INFO][3][MakeComparable][EcosystemRespiration/CARDAMOM][GFDL_ESM4] Spatial data was clipped from the comparison:  before: [168 180 288] after: [168 141 288]
[INFO][1][MakeComparable][GrossPrimaryProductivity/CARDAMOM][NorESM2-LM] Spatial data was clipped from the comparison:  before: [168  96 144] after: [168  75 144]
[INFO][0][AnalysisMeanStateSpace][biomass] Bias scored using Collier2018
[INFO][5][MakeComparable][SoilCarbon/CARDAMOM][GISS-E2-1-G] Spatial data was clipped from the comparison:  before: [168  90 144] after: [168  71 144]
[INFO][0][confront][Biomass/CARDAMOM][ENSEMBLE-CMIP6] Success
[INFO][0][MakeComparable][Biomass/CARDAMOM][GFDL_ESM4] Spatial data was clipped from the comparison:  before: [168 180 288] after: [168 141 288]
[INFO][5][AnalysisMeanStateSpace][cSoilAbove1m] Bias scored using Collier2018
[INFO][5][confront][SoilCarbon/CARDAMOM][GISS-E2-1-G] Success
[INFO][5][MakeComparable][SoilCarbon/CARDAMOM][IPSL-CM6A-LR] Spatial data was clipped from the comparison:  before: [168 143 144] after: [168 111 144]
[INFO][2][AnalysisMeanStateSpace][nbp] Bias scored using Collier2018
[INFO][1][AnalysisMeanStateSpace][gpp] Bias scored using Collier2018
[INFO][2][AnalysisMeanStateSpace][nbp] RMSE scored using Collier2018
[INFO][2][confront][GlobalNetEcosystemCarbonBalance/CARDAMOM][E3SM-1-1] Success
[INFO][1][AnalysisMeanStateSpace][gpp] RMSE scored using Collier2018
[INFO][1][confront][GrossPrimaryProductivity/CARDAMOM][NorESM2-LM] Success
[INFO][2][MakeComparable][GlobalNetEcosystemCarbonBalance/CARDAMOM][ENSEMBLE-CMIP6] Spatial data was clipped from the comparison:  before: [168  96 144] after: [168  75 144]
[INFO][1][MakeComparable][GrossPrimaryProductivity/CARDAMOM][UKESM1-0-LL] Spatial data was clipped from the comparison:  before: [168 144 192] after: [168 113 192]
[INFO][5][AnalysisMeanStateSpace][cSoilAbove1m] Bias scored using Collier2018
[INFO][0][AnalysisMeanStateSpace][biomass] Bias scored using Collier2018
[INFO][5][confront][SoilCarbon/CARDAMOM][IPSL-CM6A-LR] Success
[INFO][5][MakeComparable][SoilCarbon/CARDAMOM][MIROC-ES2L] Spatial data was clipped from the comparison:  before: [168  64 128] after: [168  52 128]
[INFO][4][AnalysisMeanStateSpace][rh] Bias scored using Collier2018
[INFO][0][confront][Biomass/CARDAMOM][GFDL_ESM4] Success
[DEBUG][0][extractTimeSeries][GISS-E2-1-G] Could not find [biomass,cVeg] in the model results
[DEBUG][0][WorkConfront][Biomass/CARDAMOM][GISS-E2-1-G]
Traceback (most recent call last):
  File "/home/renatob/miniconda3/envs/ilamb/bin/ilamb-run", line 563, in WorkConfront
    c.confront(m)
  File "/home/renatob/miniconda3/envs/ilamb/lib/python3.11/site-packages/ILAMB/Confrontation.py", line 433, in confront
    obs, mod = self.stageData(m)
               ^^^^^^^^^^^^^^^^^
  File "/home/renatob/miniconda3/envs/ilamb/lib/python3.11/site-packages/ILAMB/Confrontation.py", line 371, in stageData
    mod = m.extractTimeSeries(
          ^^^^^^^^^^^^^^^^^^^^
  File "/home/renatob/miniconda3/envs/ilamb/lib/python3.11/site-packages/ILAMB/ModelResult.py", line 439, in extractTimeSeries
    raise il.VarNotInModel()
ILAMB.ilamblib.VarNotInModel: VarNotInModel

[INFO][0][MakeComparable][Biomass/CARDAMOM][IPSL-CM6A-LR] Spatial data was clipped from the comparison:  before: [168 143 144] after: [168 111 144]
[INFO][2][AnalysisMeanStateSpace][nbp] Bias scored using Collier2018
[INFO][3][AnalysisMeanStateSpace][reco] Bias scored using Collier2018
[INFO][2][AnalysisMeanStateSpace][nbp] RMSE scored using Collier2018
[INFO][2][confront][GlobalNetEcosystemCarbonBalance/CARDAMOM][ENSEMBLE-CMIP6] Success
[INFO][4][AnalysisMeanStateSpace][rh] RMSE scored using Collier2018
[INFO][4][confront][HeterotrophicRespiration/CARDAMOM][BCC-CSM2-MR] Success
[INFO][4][MakeComparable][HeterotrophicRespiration/CARDAMOM][CanESM5] Spatial data was clipped from the comparison:  before: [168  64 128] after: [168  52 128]
[INFO][3][AnalysisMeanStateSpace][reco] RMSE scored using Collier2018
[INFO][3][confront][EcosystemRespiration/CARDAMOM][GFDL_ESM4] Success
[INFO][2][MakeComparable][GlobalNetEcosystemCarbonBalance/CARDAMOM][GFDL_ESM4] Spatial data was clipped from the comparison:  before: [168 180 288] after: [168 141 288]
[DEBUG][3][extractTimeSeries][GISS-E2-1-G] Could not find [rh] in the model results
[DEBUG][3][WorkConfront][EcosystemRespiration/CARDAMOM][GISS-E2-1-G]
Traceback (most recent call last):
  File "/home/renatob/miniconda3/envs/ilamb/bin/ilamb-run", line 563, in WorkConfront
    c.confront(m)
  File "/home/renatob/miniconda3/envs/ilamb/lib/python3.11/site-packages/ILAMB/Confrontation.py", line 433, in confront
    obs, mod = self.stageData(m)
               ^^^^^^^^^^^^^^^^^
  File "/home/renatob/miniconda3/envs/ilamb/lib/python3.11/site-packages/ILAMB/Confrontation.py", line 371, in stageData
    mod = m.extractTimeSeries(
          ^^^^^^^^^^^^^^^^^^^^
  File "/home/renatob/miniconda3/envs/ilamb/lib/python3.11/site-packages/ILAMB/ModelResult.py", line 415, in extractTimeSeries
    v = self.derivedVariable(
        ^^^^^^^^^^^^^^^^^^^^^
  File "/home/renatob/miniconda3/envs/ilamb/lib/python3.11/site-packages/ILAMB/ModelResult.py", line 501, in derivedVariable
    Vs[arg] = self.extractTimeSeries(
              ^^^^^^^^^^^^^^^^^^^^^^^
  File "/home/renatob/miniconda3/envs/ilamb/lib/python3.11/site-packages/ILAMB/ModelResult.py", line 439, in extractTimeSeries
    raise il.VarNotInModel()
ILAMB.ilamblib.VarNotInModel: VarNotInModel

[INFO][3][MakeComparable][EcosystemRespiration/CARDAMOM][IPSL-CM6A-LR] Spatial data was clipped from the comparison:  before: [168 143 144] after: [168 111 144]
[INFO][5][AnalysisMeanStateSpace][cSoilAbove1m] Bias scored using Collier2018
[INFO][5][confront][SoilCarbon/CARDAMOM][MIROC-ES2L] Success
[INFO][5][MakeComparable][SoilCarbon/CARDAMOM][MPI-ESM1-2-LR] Spatial data was clipped from the comparison:  before: [168  96 192] after: [168  77 192]
[INFO][1][AnalysisMeanStateSpace][gpp] Bias scored using Collier2018
[INFO][0][AnalysisMeanStateSpace][biomass] Bias scored using Collier2018
[INFO][1][AnalysisMeanStateSpace][gpp] RMSE scored using Collier2018
[INFO][1][confront][GrossPrimaryProductivity/CARDAMOM][UKESM1-0-LL] Success
[INFO][0][confront][Biomass/CARDAMOM][IPSL-CM6A-LR] Success
[INFO][4][AnalysisMeanStateSpace][rh] Bias scored using Collier2018
[INFO][0][MakeComparable][Biomass/CARDAMOM][MIROC-ES2L] Spatial data was clipped from the comparison:  before: [168  64 128] after: [168  52 128]
[INFO][1][MakeComparable][LeafAreaIndex/AVHRR][ACCESS-ESM1-5] Spatial data was clipped from the comparison:  before: [168 145 192] after: [168 113 192]
[INFO][4][AnalysisMeanStateSpace][rh] RMSE scored using Collier2018
[INFO][4][confront][HeterotrophicRespiration/CARDAMOM][CanESM5] Success
[INFO][4][MakeComparable][HeterotrophicRespiration/CARDAMOM][CESM2] Spatial data was clipped from the comparison:  before: [168 192 288] after: [168 150 288]
[INFO][5][AnalysisMeanStateSpace][cSoilAbove1m] Bias scored using Collier2018
[INFO][5][confront][SoilCarbon/CARDAMOM][MPI-ESM1-2-LR] Success
[INFO][5][MakeComparable][SoilCarbon/CARDAMOM][NorESM2-LM] Spatial data was clipped from the comparison:  before: [168  96 144] after: [168  75 144]
[INFO][0][AnalysisMeanStateSpace][biomass] Bias scored using Collier2018
[INFO][0][confront][Biomass/CARDAMOM][MIROC-ES2L] Success
[INFO][0][MakeComparable][Biomass/CARDAMOM][MPI-ESM1-2-LR] Spatial data was clipped from the comparison:  before: [168  96 192] after: [168  77 192]
[INFO][2][AnalysisMeanStateSpace][nbp] Bias scored using Collier2018
[INFO][3][AnalysisMeanStateSpace][reco] Bias scored using Collier2018
[INFO][3][AnalysisMeanStateSpace][reco] RMSE scored using Collier2018
[INFO][3][confront][EcosystemRespiration/CARDAMOM][IPSL-CM6A-LR] Success
[INFO][2][AnalysisMeanStateSpace][nbp] RMSE scored using Collier2018
[INFO][2][confront][GlobalNetEcosystemCarbonBalance/CARDAMOM][GFDL_ESM4] Success
[DEBUG][2][extractTimeSeries][GISS-E2-1-G] Could not find [nbp] in the model results
[DEBUG][2][WorkConfront][GlobalNetEcosystemCarbonBalance/CARDAMOM][GISS-E2-1-G]
Traceback (most recent call last):
  File "/home/renatob/miniconda3/envs/ilamb/bin/ilamb-run", line 563, in WorkConfront
    c.confront(m)
  File "/home/renatob/miniconda3/envs/ilamb/lib/python3.11/site-packages/ILAMB/Confrontation.py", line 433, in confront
    obs, mod = self.stageData(m)
               ^^^^^^^^^^^^^^^^^
  File "/home/renatob/miniconda3/envs/ilamb/lib/python3.11/site-packages/ILAMB/Confrontation.py", line 371, in stageData
    mod = m.extractTimeSeries(
          ^^^^^^^^^^^^^^^^^^^^
  File "/home/renatob/miniconda3/envs/ilamb/lib/python3.11/site-packages/ILAMB/ModelResult.py", line 439, in extractTimeSeries
    raise il.VarNotInModel()
ILAMB.ilamblib.VarNotInModel: VarNotInModel

[INFO][3][MakeComparable][EcosystemRespiration/CARDAMOM][MIROC-ES2L] Spatial data was clipped from the comparison:  before: [168  64 128] after: [168  52 128]
[INFO][2][MakeComparable][GlobalNetEcosystemCarbonBalance/CARDAMOM][IPSL-CM6A-LR] Spatial data was clipped from the comparison:  before: [168 143 144] after: [168 111 144]
[INFO][1][AnalysisMeanStateSpace][lai] Bias scored using Collier2018
[INFO][5][AnalysisMeanStateSpace][cSoilAbove1m] Bias scored using Collier2018
[INFO][5][confront][SoilCarbon/CARDAMOM][NorESM2-LM] Success
[INFO][5][MakeComparable][SoilCarbon/CARDAMOM][UKESM1-0-LL] Spatial data was clipped from the comparison:  before: [168 144 192] after: [168 113 192]
[INFO][1][AnalysisMeanStateSpace][lai] RMSE scored using Collier2018
[INFO][1][confront][LeafAreaIndex/AVHRR][ACCESS-ESM1-5] Success
[INFO][0][AnalysisMeanStateSpace][biomass] Bias scored using Collier2018
[INFO][0][confront][Biomass/CARDAMOM][MPI-ESM1-2-LR] Success
[INFO][0][MakeComparable][Biomass/CARDAMOM][NorESM2-LM] Spatial data was clipped from the comparison:  before: [168  96 144] after: [168  75 144]
[INFO][3][AnalysisMeanStateSpace][reco] Bias scored using Collier2018
[INFO][1][MakeComparable][LeafAreaIndex/AVHRR][BCC-CSM2-MR] Spatial data was clipped from the comparison:  before: [168 160 320] after: [168 125 320]
[INFO][3][AnalysisMeanStateSpace][reco] RMSE scored using Collier2018
[INFO][3][confront][EcosystemRespiration/CARDAMOM][MIROC-ES2L] Success
[INFO][3][MakeComparable][EcosystemRespiration/CARDAMOM][MPI-ESM1-2-LR] Spatial data was clipped from the comparison:  before: [168  96 192] after: [168  77 192]
[INFO][2][AnalysisMeanStateSpace][nbp] Bias scored using Collier2018
[INFO][2][AnalysisMeanStateSpace][nbp] RMSE scored using Collier2018
[INFO][2][confront][GlobalNetEcosystemCarbonBalance/CARDAMOM][IPSL-CM6A-LR] Success
[INFO][2][MakeComparable][GlobalNetEcosystemCarbonBalance/CARDAMOM][MIROC-ES2L] Spatial data was clipped from the comparison:  before: [168  64 128] after: [168  52 128]
[INFO][0][AnalysisMeanStateSpace][biomass] Bias scored using Collier2018
[INFO][0][confront][Biomass/CARDAMOM][NorESM2-LM] Success
[INFO][5][AnalysisMeanStateSpace][cSoilAbove1m] Bias scored using Collier2018
[INFO][5][confront][SoilCarbon/CARDAMOM][UKESM1-0-LL] Success
[INFO][0][MakeComparable][Biomass/CARDAMOM][UKESM1-0-LL] Spatial data was clipped from the comparison:  before: [168 144 192] after: [168 113 192]
[DEBUG][5][extractTimeSeries][ACCESS-ESM1-5] Could not find [FCH4,ch4] in the model results
[DEBUG][5][WorkConfront][Methane/CARDAMOM][ACCESS-ESM1-5]
Traceback (most recent call last):
  File "/home/renatob/miniconda3/envs/ilamb/bin/ilamb-run", line 563, in WorkConfront
    c.confront(m)
  File "/home/renatob/miniconda3/envs/ilamb/lib/python3.11/site-packages/ILAMB/Confrontation.py", line 433, in confront
    obs, mod = self.stageData(m)
               ^^^^^^^^^^^^^^^^^
  File "/home/renatob/miniconda3/envs/ilamb/lib/python3.11/site-packages/ILAMB/Confrontation.py", line 371, in stageData
    mod = m.extractTimeSeries(
          ^^^^^^^^^^^^^^^^^^^^
  File "/home/renatob/miniconda3/envs/ilamb/lib/python3.11/site-packages/ILAMB/ModelResult.py", line 439, in extractTimeSeries
    raise il.VarNotInModel()
ILAMB.ilamblib.VarNotInModel: VarNotInModel

[DEBUG][5][extractTimeSeries][BCC-CSM2-MR] Could not find [FCH4,ch4] in the model results
[DEBUG][5][WorkConfront][Methane/CARDAMOM][BCC-CSM2-MR]
Traceback (most recent call last):
  File "/home/renatob/miniconda3/envs/ilamb/bin/ilamb-run", line 563, in WorkConfront
    c.confront(m)
  File "/home/renatob/miniconda3/envs/ilamb/lib/python3.11/site-packages/ILAMB/Confrontation.py", line 433, in confront
    obs, mod = self.stageData(m)
               ^^^^^^^^^^^^^^^^^
  File "/home/renatob/miniconda3/envs/ilamb/lib/python3.11/site-packages/ILAMB/Confrontation.py", line 371, in stageData
    mod = m.extractTimeSeries(
          ^^^^^^^^^^^^^^^^^^^^
  File "/home/renatob/miniconda3/envs/ilamb/lib/python3.11/site-packages/ILAMB/ModelResult.py", line 439, in extractTimeSeries
    raise il.VarNotInModel()
ILAMB.ilamblib.VarNotInModel: VarNotInModel

[DEBUG][5][extractTimeSeries][CanESM5] Could not find [FCH4,ch4] in the model results
[DEBUG][5][WorkConfront][Methane/CARDAMOM][CanESM5]
Traceback (most recent call last):
  File "/home/renatob/miniconda3/envs/ilamb/bin/ilamb-run", line 563, in WorkConfront
    c.confront(m)
  File "/home/renatob/miniconda3/envs/ilamb/lib/python3.11/site-packages/ILAMB/Confrontation.py", line 433, in confront
    obs, mod = self.stageData(m)
               ^^^^^^^^^^^^^^^^^
  File "/home/renatob/miniconda3/envs/ilamb/lib/python3.11/site-packages/ILAMB/Confrontation.py", line 371, in stageData
    mod = m.extractTimeSeries(
          ^^^^^^^^^^^^^^^^^^^^
  File "/home/renatob/miniconda3/envs/ilamb/lib/python3.11/site-packages/ILAMB/ModelResult.py", line 439, in extractTimeSeries
    raise il.VarNotInModel()
ILAMB.ilamblib.VarNotInModel: VarNotInModel

[DEBUG][5][extractTimeSeries][CESM2] Could not find [FCH4,ch4] in the model results
[DEBUG][5][WorkConfront][Methane/CARDAMOM][CESM2]
Traceback (most recent call last):
  File "/home/renatob/miniconda3/envs/ilamb/bin/ilamb-run", line 563, in WorkConfront
    c.confront(m)
  File "/home/renatob/miniconda3/envs/ilamb/lib/python3.11/site-packages/ILAMB/Confrontation.py", line 433, in confront
    obs, mod = self.stageData(m)
               ^^^^^^^^^^^^^^^^^
  File "/home/renatob/miniconda3/envs/ilamb/lib/python3.11/site-packages/ILAMB/Confrontation.py", line 371, in stageData
    mod = m.extractTimeSeries(
          ^^^^^^^^^^^^^^^^^^^^
  File "/home/renatob/miniconda3/envs/ilamb/lib/python3.11/site-packages/ILAMB/ModelResult.py", line 439, in extractTimeSeries
    raise il.VarNotInModel()
ILAMB.ilamblib.VarNotInModel: VarNotInModel

[INFO][2][AnalysisMeanStateSpace][nbp] Bias scored using Collier2018
[INFO][2][AnalysisMeanStateSpace][nbp] RMSE scored using Collier2018
[INFO][2][confront][GlobalNetEcosystemCarbonBalance/CARDAMOM][MIROC-ES2L] Success
[INFO][2][MakeComparable][GlobalNetEcosystemCarbonBalance/CARDAMOM][MPI-ESM1-2-LR] Spatial data was clipped from the comparison:  before: [168  96 192] after: [168  77 192]
[INFO][3][AnalysisMeanStateSpace][reco] Bias scored using Collier2018
[INFO][4][AnalysisMeanStateSpace][rh] Bias scored using Collier2018
[INFO][3][AnalysisMeanStateSpace][reco] RMSE scored using Collier2018
[INFO][3][confront][EcosystemRespiration/CARDAMOM][MPI-ESM1-2-LR] Success
[INFO][3][MakeComparable][EcosystemRespiration/CARDAMOM][NorESM2-LM] Spatial data was clipped from the comparison:  before: [168  96 144] after: [168  75 144]
[INFO][4][AnalysisMeanStateSpace][rh] RMSE scored using Collier2018
[INFO][4][confront][HeterotrophicRespiration/CARDAMOM][CESM2] Success
[INFO][0][AnalysisMeanStateSpace][biomass] Bias scored using Collier2018
[INFO][4][MakeComparable][HeterotrophicRespiration/CARDAMOM][CNRM-ESM2-1] Spatial data was clipped from the comparison:  before: [168 128 256] after: [168 100 256]
[INFO][0][confront][Biomass/CARDAMOM][UKESM1-0-LL] Success
[INFO][1][AnalysisMeanStateSpace][lai] Bias scored using Collier2018
[INFO][0][MakeComparable][GrossPrimaryProductivity/CARDAMOM][ACCESS-ESM1-5] Spatial data was clipped from the comparison:  before: [168 145 192] after: [168 113 192]
[INFO][2][AnalysisMeanStateSpace][nbp] Bias scored using Collier2018
[INFO][2][AnalysisMeanStateSpace][nbp] RMSE scored using Collier2018
[INFO][2][confront][GlobalNetEcosystemCarbonBalance/CARDAMOM][MPI-ESM1-2-LR] Success
[INFO][1][AnalysisMeanStateSpace][lai] RMSE scored using Collier2018
[INFO][2][MakeComparable][GlobalNetEcosystemCarbonBalance/CARDAMOM][NorESM2-LM] Spatial data was clipped from the comparison:  before: [168  96 144] after: [168  75 144]
[INFO][1][confront][LeafAreaIndex/AVHRR][BCC-CSM2-MR] Success
[INFO][1][MakeComparable][LeafAreaIndex/AVHRR][CanESM5] Spatial data was clipped from the comparison:  before: [168  64 128] after: [168  52 128]
[INFO][3][AnalysisMeanStateSpace][reco] Bias scored using Collier2018
[INFO][3][AnalysisMeanStateSpace][reco] RMSE scored using Collier2018
[INFO][3][confront][EcosystemRespiration/CARDAMOM][NorESM2-LM] Success
[INFO][1][AnalysisMeanStateSpace][lai] Bias scored using Collier2018
[INFO][3][MakeComparable][EcosystemRespiration/CARDAMOM][UKESM1-0-LL] Spatial data was clipped from the comparison:  before: [168 144 192] after: [168 113 192]
[INFO][1][AnalysisMeanStateSpace][lai] RMSE scored using Collier2018
[INFO][1][confront][LeafAreaIndex/AVHRR][CanESM5] Success
[INFO][2][AnalysisMeanStateSpace][nbp] Bias scored using Collier2018
[INFO][1][MakeComparable][LeafAreaIndex/AVHRR][CESM2] Spatial data was clipped from the comparison:  before: [168 192 288] after: [168 150 288]
[INFO][2][AnalysisMeanStateSpace][nbp] RMSE scored using Collier2018
[INFO][2][confront][GlobalNetEcosystemCarbonBalance/CARDAMOM][NorESM2-LM] Success
[INFO][2][MakeComparable][GlobalNetEcosystemCarbonBalance/CARDAMOM][UKESM1-0-LL] Spatial data was clipped from the comparison:  before: [168 144 192] after: [168 113 192]
[INFO][0][AnalysisMeanStateSpace][gpp] Bias scored using Collier2018
[INFO][0][AnalysisMeanStateSpace][gpp] RMSE scored using Collier2018
[INFO][0][confront][GrossPrimaryProductivity/CARDAMOM][ACCESS-ESM1-5] Success
[INFO][4][AnalysisMeanStateSpace][rh] Bias scored using Collier2018
[INFO][0][MakeComparable][GrossPrimaryProductivity/CARDAMOM][BCC-CSM2-MR] Spatial data was clipped from the comparison:  before: [168 160 320] after: [168 125 320]
[INFO][4][AnalysisMeanStateSpace][rh] RMSE scored using Collier2018
[INFO][4][confront][HeterotrophicRespiration/CARDAMOM][CNRM-ESM2-1] Success
[INFO][4][MakeComparable][HeterotrophicRespiration/CARDAMOM][E3SM-1-1] Spatial data was clipped from the comparison:  before: [168 180 360] after: [168 141 360]
[INFO][2][AnalysisMeanStateSpace][nbp] Bias scored using Collier2018
[INFO][3][AnalysisMeanStateSpace][reco] Bias scored using Collier2018
[INFO][2][AnalysisMeanStateSpace][nbp] RMSE scored using Collier2018
[INFO][2][confront][GlobalNetEcosystemCarbonBalance/CARDAMOM][UKESM1-0-LL] Success
[INFO][3][AnalysisMeanStateSpace][reco] RMSE scored using Collier2018
[INFO][3][confront][EcosystemRespiration/CARDAMOM][UKESM1-0-LL] Success
[INFO][2][MakeComparable][EcosystemRespiration/CARDAMOM][ACCESS-ESM1-5] Spatial data was clipped from the comparison:  before: [168 145 192] after: [168 113 192]
[INFO][3][MakeComparable][AutotrophicRespiration/CARDAMOM][ACCESS-ESM1-5] Spatial data was clipped from the comparison:  before: [168 145 192] after: [168 113 192]
[INFO][1][AnalysisMeanStateSpace][lai] Bias scored using Collier2018
[INFO][1][AnalysisMeanStateSpace][lai] RMSE scored using Collier2018
[INFO][1][confront][LeafAreaIndex/AVHRR][CESM2] Success
[INFO][1][MakeComparable][LeafAreaIndex/AVHRR][CNRM-ESM2-1] Spatial data was clipped from the comparison:  before: [168 128 256] after: [168 100 256]
[INFO][2][AnalysisMeanStateSpace][reco] Bias scored using Collier2018
[INFO][3][AnalysisMeanStateSpace][ra] Bias scored using Collier2018
[INFO][2][AnalysisMeanStateSpace][reco] RMSE scored using Collier2018
[INFO][2][confront][EcosystemRespiration/CARDAMOM][ACCESS-ESM1-5] Success
[INFO][3][AnalysisMeanStateSpace][ra] RMSE scored using Collier2018
[INFO][3][confront][AutotrophicRespiration/CARDAMOM][ACCESS-ESM1-5] Success
[INFO][2][MakeComparable][EcosystemRespiration/CARDAMOM][BCC-CSM2-MR] Spatial data was clipped from the comparison:  before: [168 160 320] after: [168 125 320]
[INFO][0][AnalysisMeanStateSpace][gpp] Bias scored using Collier2018
[INFO][3][MakeComparable][AutotrophicRespiration/CARDAMOM][BCC-CSM2-MR] Spatial data was clipped from the comparison:  before: [168 160 320] after: [168 125 320]
[INFO][4][AnalysisMeanStateSpace][rh] Bias scored using Collier2018
[INFO][1][AnalysisMeanStateSpace][lai] Bias scored using Collier2018
[INFO][0][AnalysisMeanStateSpace][gpp] RMSE scored using Collier2018
[INFO][0][confront][GrossPrimaryProductivity/CARDAMOM][BCC-CSM2-MR] Success
[INFO][0][MakeComparable][GrossPrimaryProductivity/CARDAMOM][CanESM5] Spatial data was clipped from the comparison:  before: [168  64 128] after: [168  52 128]
[INFO][1][AnalysisMeanStateSpace][lai] RMSE scored using Collier2018
[INFO][1][confront][LeafAreaIndex/AVHRR][CNRM-ESM2-1] Success
[INFO][4][AnalysisMeanStateSpace][rh] RMSE scored using Collier2018
[INFO][4][confront][HeterotrophicRespiration/CARDAMOM][E3SM-1-1] Success
[INFO][4][MakeComparable][HeterotrophicRespiration/CARDAMOM][ENSEMBLE-CMIP6] Spatial data was clipped from the comparison:  before: [168  96 144] after: [168  75 144]
[INFO][1][MakeComparable][LeafAreaIndex/AVHRR][E3SM-1-1] Spatial data was clipped from the comparison:  before: [168 180 360] after: [168 141 360]
[INFO][0][AnalysisMeanStateSpace][gpp] Bias scored using Collier2018
[INFO][0][AnalysisMeanStateSpace][gpp] RMSE scored using Collier2018
[INFO][0][confront][GrossPrimaryProductivity/CARDAMOM][CanESM5] Success
[INFO][0][MakeComparable][GrossPrimaryProductivity/CARDAMOM][CESM2] Spatial data was clipped from the comparison:  before: [168 192 288] after: [168 150 288]
[INFO][4][AnalysisMeanStateSpace][rh] Bias scored using Collier2018
[INFO][4][AnalysisMeanStateSpace][rh] RMSE scored using Collier2018
[INFO][4][confront][HeterotrophicRespiration/CARDAMOM][ENSEMBLE-CMIP6] Success
[INFO][4][MakeComparable][HeterotrophicRespiration/CARDAMOM][GFDL_ESM4] Spatial data was clipped from the comparison:  before: [168 180 288] after: [168 141 288]
[INFO][1][AnalysisMeanStateSpace][lai] Bias scored using Collier2018
[INFO][2][AnalysisMeanStateSpace][reco] Bias scored using Collier2018
[INFO][2][AnalysisMeanStateSpace][reco] RMSE scored using Collier2018
[INFO][1][AnalysisMeanStateSpace][lai] RMSE scored using Collier2018
[INFO][2][confront][EcosystemRespiration/CARDAMOM][BCC-CSM2-MR] Success
[INFO][1][confront][LeafAreaIndex/AVHRR][E3SM-1-1] Success
[INFO][3][AnalysisMeanStateSpace][ra] Bias scored using Collier2018
[INFO][1][MakeComparable][LeafAreaIndex/AVHRR][ENSEMBLE-CMIP6] Spatial data was clipped from the comparison:  before: [168  96 144] after: [168  75 144]
[INFO][3][AnalysisMeanStateSpace][ra] RMSE scored using Collier2018
[INFO][3][confront][AutotrophicRespiration/CARDAMOM][BCC-CSM2-MR] Success
[INFO][3][MakeComparable][AutotrophicRespiration/CARDAMOM][CanESM5] Spatial data was clipped from the comparison:  before: [168  64 128] after: [168  52 128]
[INFO][1][AnalysisMeanStateSpace][lai] Bias scored using Collier2018
[INFO][1][AnalysisMeanStateSpace][lai] RMSE scored using Collier2018
[INFO][1][confront][LeafAreaIndex/AVHRR][ENSEMBLE-CMIP6] Success
[INFO][4][AnalysisMeanStateSpace][rh] Bias scored using Collier2018
[INFO][1][MakeComparable][LeafAreaIndex/AVHRR][GFDL_ESM4] Spatial data was clipped from the comparison:  before: [168 180 288] after: [168 141 288]
[INFO][3][AnalysisMeanStateSpace][ra] Bias scored using Collier2018
[INFO][3][AnalysisMeanStateSpace][ra] RMSE scored using Collier2018
[INFO][3][confront][AutotrophicRespiration/CARDAMOM][CanESM5] Success
[INFO][0][AnalysisMeanStateSpace][gpp] Bias scored using Collier2018
[INFO][4][AnalysisMeanStateSpace][rh] RMSE scored using Collier2018
[INFO][4][confront][HeterotrophicRespiration/CARDAMOM][GFDL_ESM4] Success
[DEBUG][4][extractTimeSeries][GISS-E2-1-G] Could not find [rh] in the model results
[DEBUG][4][WorkConfront][HeterotrophicRespiration/CARDAMOM][GISS-E2-1-G]
Traceback (most recent call last):
  File "/home/renatob/miniconda3/envs/ilamb/bin/ilamb-run", line 563, in WorkConfront
    c.confront(m)
  File "/home/renatob/miniconda3/envs/ilamb/lib/python3.11/site-packages/ILAMB/Confrontation.py", line 433, in confront
    obs, mod = self.stageData(m)
               ^^^^^^^^^^^^^^^^^
  File "/home/renatob/miniconda3/envs/ilamb/lib/python3.11/site-packages/ILAMB/Confrontation.py", line 371, in stageData
    mod = m.extractTimeSeries(
          ^^^^^^^^^^^^^^^^^^^^
  File "/home/renatob/miniconda3/envs/ilamb/lib/python3.11/site-packages/ILAMB/ModelResult.py", line 439, in extractTimeSeries
    raise il.VarNotInModel()
ILAMB.ilamblib.VarNotInModel: VarNotInModel

[INFO][4][MakeComparable][HeterotrophicRespiration/CARDAMOM][IPSL-CM6A-LR] Spatial data was clipped from the comparison:  before: [168 143 144] after: [168 111 144]
[INFO][3][MakeComparable][AutotrophicRespiration/CARDAMOM][CESM2] Spatial data was clipped from the comparison:  before: [168 192 288] after: [168 150 288]
[INFO][0][AnalysisMeanStateSpace][gpp] RMSE scored using Collier2018
[INFO][0][confront][GrossPrimaryProductivity/CARDAMOM][CESM2] Success
[INFO][0][MakeComparable][GrossPrimaryProductivity/CARDAMOM][CNRM-ESM2-1] Spatial data was clipped from the comparison:  before: [168 128 256] after: [168 100 256]
[INFO][1][AnalysisMeanStateSpace][lai] Bias scored using Collier2018
[INFO][1][AnalysisMeanStateSpace][lai] RMSE scored using Collier2018
[INFO][1][confront][LeafAreaIndex/AVHRR][GFDL_ESM4] Success
[INFO][4][AnalysisMeanStateSpace][rh] Bias scored using Collier2018
[INFO][1][MakeComparable][LeafAreaIndex/AVHRR][GISS-E2-1-G] Spatial data was clipped from the comparison:  before: [168  90 144] after: [168  71 144]
[INFO][4][AnalysisMeanStateSpace][rh] RMSE scored using Collier2018
[INFO][4][confront][HeterotrophicRespiration/CARDAMOM][IPSL-CM6A-LR] Success
[INFO][4][MakeComparable][HeterotrophicRespiration/CARDAMOM][MIROC-ES2L] Spatial data was clipped from the comparison:  before: [168  64 128] after: [168  52 128]
[INFO][1][AnalysisMeanStateSpace][lai] Bias scored using Collier2018
[INFO][1][AnalysisMeanStateSpace][lai] RMSE scored using Collier2018
[INFO][1][confront][LeafAreaIndex/AVHRR][GISS-E2-1-G] Success
[INFO][1][MakeComparable][LeafAreaIndex/AVHRR][IPSL-CM6A-LR] Spatial data was clipped from the comparison:  before: [168 143 144] after: [168 111 144]
[INFO][0][AnalysisMeanStateSpace][gpp] Bias scored using Collier2018
[INFO][4][AnalysisMeanStateSpace][rh] Bias scored using Collier2018
[INFO][0][AnalysisMeanStateSpace][gpp] RMSE scored using Collier2018
[INFO][0][confront][GrossPrimaryProductivity/CARDAMOM][CNRM-ESM2-1] Success
[DEBUG][9][extractTimeSeries][ENSEMBLE-CMIP6] Could not find [swe,snw] in the model results
[DEBUG][10][extractTimeSeries][NorESM2-LM] Could not find [mrsos] in the model results
[DEBUG][10][WorkConfront][SurfaceSoilMoisture/CARDAMOM][NorESM2-LM]
Traceback (most recent call last):
  File "/home/renatob/miniconda3/envs/ilamb/bin/ilamb-run", line 563, in WorkConfront
    c.confront(m)
  File "/home/renatob/miniconda3/envs/ilamb/lib/python3.11/site-packages/ILAMB/Confrontation.py", line 433, in confront
    obs, mod = self.stageData(m)
               ^^^^^^^^^^^^^^^^^
  File "/home/renatob/miniconda3/envs/ilamb/lib/python3.11/site-packages/ILAMB/Confrontation.py", line 371, in stageData
    mod = m.extractTimeSeries(
          ^^^^^^^^^^^^^^^^^^^^
  File "/home/renatob/miniconda3/envs/ilamb/lib/python3.11/site-packages/ILAMB/ModelResult.py", line 439, in extractTimeSeries
    raise il.VarNotInModel()
ILAMB.ilamblib.VarNotInModel: VarNotInModel

[DEBUG][9][WorkConfront][SnowWaterEquivalent/CARDAMOM][ENSEMBLE-CMIP6]
Traceback (most recent call last):
  File "/home/renatob/miniconda3/envs/ilamb/bin/ilamb-run", line 563, in WorkConfront
    c.confront(m)
  File "/home/renatob/miniconda3/envs/ilamb/lib/python3.11/site-packages/ILAMB/Confrontation.py", line 433, in confront
    obs, mod = self.stageData(m)
               ^^^^^^^^^^^^^^^^^
  File "/home/renatob/miniconda3/envs/ilamb/lib/python3.11/site-packages/ILAMB/ConfSWE.py", line 9, in stageData
    obs, mod = super(ConfSWE, self).stageData(m)
               ^^^^^^^^^^^^^^^^^^^^^^^^^^^^^^^^^
  File "/home/renatob/miniconda3/envs/ilamb/lib/python3.11/site-packages/ILAMB/Confrontation.py", line 371, in stageData
    mod = m.extractTimeSeries(
          ^^^^^^^^^^^^^^^^^^^^
  File "/home/renatob/miniconda3/envs/ilamb/lib/python3.11/site-packages/ILAMB/ModelResult.py", line 439, in extractTimeSeries
    raise il.VarNotInModel()
ILAMB.ilamblib.VarNotInModel: VarNotInModel

[DEBUG][10][extractTimeSeries][UKESM1-0-LL] Could not find [mrsos] in the model results
[DEBUG][9][extractTimeSeries][GFDL_ESM4] Could not find [swe,snw] in the model results
[DEBUG][10][WorkConfront][SurfaceSoilMoisture/CARDAMOM][UKESM1-0-LL]
Traceback (most recent call last):
  File "/home/renatob/miniconda3/envs/ilamb/bin/ilamb-run", line 563, in WorkConfront
    c.confront(m)
  File "/home/renatob/miniconda3/envs/ilamb/lib/python3.11/site-packages/ILAMB/Confrontation.py", line 433, in confront
    obs, mod = self.stageData(m)
               ^^^^^^^^^^^^^^^^^
  File "/home/renatob/miniconda3/envs/ilamb/lib/python3.11/site-packages/ILAMB/Confrontation.py", line 371, in stageData
    mod = m.extractTimeSeries(
          ^^^^^^^^^^^^^^^^^^^^
  File "/home/renatob/miniconda3/envs/ilamb/lib/python3.11/site-packages/ILAMB/ModelResult.py", line 439, in extractTimeSeries
    raise il.VarNotInModel()
ILAMB.ilamblib.VarNotInModel: VarNotInModel

[DEBUG][9][WorkConfront][SnowWaterEquivalent/CARDAMOM][GFDL_ESM4]
Traceback (most recent call last):
  File "/home/renatob/miniconda3/envs/ilamb/bin/ilamb-run", line 563, in WorkConfront
    c.confront(m)
  File "/home/renatob/miniconda3/envs/ilamb/lib/python3.11/site-packages/ILAMB/Confrontation.py", line 433, in confront
    obs, mod = self.stageData(m)
               ^^^^^^^^^^^^^^^^^
  File "/home/renatob/miniconda3/envs/ilamb/lib/python3.11/site-packages/ILAMB/ConfSWE.py", line 9, in stageData
    obs, mod = super(ConfSWE, self).stageData(m)
               ^^^^^^^^^^^^^^^^^^^^^^^^^^^^^^^^^
  File "/home/renatob/miniconda3/envs/ilamb/lib/python3.11/site-packages/ILAMB/Confrontation.py", line 371, in stageData
    mod = m.extractTimeSeries(
          ^^^^^^^^^^^^^^^^^^^^
  File "/home/renatob/miniconda3/envs/ilamb/lib/python3.11/site-packages/ILAMB/ModelResult.py", line 439, in extractTimeSeries
    raise il.VarNotInModel()
ILAMB.ilamblib.VarNotInModel: VarNotInModel

[DEBUG][8][extractTimeSeries][BCC-CSM2-MR] Could not find [evspsbl] in the model results
[DEBUG][8][WorkConfront][TerrestrialWaterStorageAnomaly/CARDAMOM][BCC-CSM2-MR]
Traceback (most recent call last):
  File "/home/renatob/miniconda3/envs/ilamb/bin/ilamb-run", line 563, in WorkConfront
    c.confront(m)
  File "/home/renatob/miniconda3/envs/ilamb/lib/python3.11/site-packages/ILAMB/ConfTWSA.py", line 147, in confront
    obs, mod = self.stageData(m)
               ^^^^^^^^^^^^^^^^^
  File "/home/renatob/miniconda3/envs/ilamb/lib/python3.11/site-packages/ILAMB/ConfTWSA.py", line 85, in stageData
    mod = m.extractTimeSeries(
          ^^^^^^^^^^^^^^^^^^^^
  File "/home/renatob/miniconda3/envs/ilamb/lib/python3.11/site-packages/ILAMB/ModelResult.py", line 415, in extractTimeSeries
    v = self.derivedVariable(
        ^^^^^^^^^^^^^^^^^^^^^
  File "/home/renatob/miniconda3/envs/ilamb/lib/python3.11/site-packages/ILAMB/ModelResult.py", line 501, in derivedVariable
    Vs[arg] = self.extractTimeSeries(
              ^^^^^^^^^^^^^^^^^^^^^^^
  File "/home/renatob/miniconda3/envs/ilamb/lib/python3.11/site-packages/ILAMB/ModelResult.py", line 439, in extractTimeSeries
    raise il.VarNotInModel()
ILAMB.ilamblib.VarNotInModel: VarNotInModel

[DEBUG][10][extractTimeSeries][ACCESS-ESM1-5] Could not find [hfdsl,FGR12] in the model results
[DEBUG][9][extractTimeSeries][GISS-E2-1-G] Could not find [swe,snw] in the model results
[DEBUG][10][WorkConfront][GroundHeatFlux/CARDAMOM][ACCESS-ESM1-5]
Traceback (most recent call last):
  File "/home/renatob/miniconda3/envs/ilamb/bin/ilamb-run", line 563, in WorkConfront
    c.confront(m)
  File "/home/renatob/miniconda3/envs/ilamb/lib/python3.11/site-packages/ILAMB/Confrontation.py", line 433, in confront
    obs, mod = self.stageData(m)
               ^^^^^^^^^^^^^^^^^
  File "/home/renatob/miniconda3/envs/ilamb/lib/python3.11/site-packages/ILAMB/Confrontation.py", line 371, in stageData
    mod = m.extractTimeSeries(
          ^^^^^^^^^^^^^^^^^^^^
  File "/home/renatob/miniconda3/envs/ilamb/lib/python3.11/site-packages/ILAMB/ModelResult.py", line 439, in extractTimeSeries
    raise il.VarNotInModel()
ILAMB.ilamblib.VarNotInModel: VarNotInModel

[DEBUG][9][WorkConfront][SnowWaterEquivalent/CARDAMOM][GISS-E2-1-G]
Traceback (most recent call last):
  File "/home/renatob/miniconda3/envs/ilamb/bin/ilamb-run", line 563, in WorkConfront
    c.confront(m)
  File "/home/renatob/miniconda3/envs/ilamb/lib/python3.11/site-packages/ILAMB/Confrontation.py", line 433, in confront
    obs, mod = self.stageData(m)
               ^^^^^^^^^^^^^^^^^
  File "/home/renatob/miniconda3/envs/ilamb/lib/python3.11/site-packages/ILAMB/ConfSWE.py", line 9, in stageData
    obs, mod = super(ConfSWE, self).stageData(m)
               ^^^^^^^^^^^^^^^^^^^^^^^^^^^^^^^^^
  File "/home/renatob/miniconda3/envs/ilamb/lib/python3.11/site-packages/ILAMB/Confrontation.py", line 371, in stageData
    mod = m.extractTimeSeries(
          ^^^^^^^^^^^^^^^^^^^^
  File "/home/renatob/miniconda3/envs/ilamb/lib/python3.11/site-packages/ILAMB/ModelResult.py", line 439, in extractTimeSeries
    raise il.VarNotInModel()
ILAMB.ilamblib.VarNotInModel: VarNotInModel

[DEBUG][8][WorkConfront][TerrestrialWaterStorageAnomaly/CARDAMOM][CanESM5]
Traceback (most recent call last):
  File "/home/renatob/miniconda3/envs/ilamb/bin/ilamb-run", line 563, in WorkConfront
    c.confront(m)
  File "/home/renatob/miniconda3/envs/ilamb/lib/python3.11/site-packages/ILAMB/ConfTWSA.py", line 147, in confront
    obs, mod = self.stageData(m)
               ^^^^^^^^^^^^^^^^^
  File "/home/renatob/miniconda3/envs/ilamb/lib/python3.11/site-packages/ILAMB/ConfTWSA.py", line 85, in stageData
    mod = m.extractTimeSeries(
          ^^^^^^^^^^^^^^^^^^^^
  File "/home/renatob/miniconda3/envs/ilamb/lib/python3.11/site-packages/ILAMB/ModelResult.py", line 415, in extractTimeSeries
    v = self.derivedVariable(
        ^^^^^^^^^^^^^^^^^^^^^
  File "/home/renatob/miniconda3/envs/ilamb/lib/python3.11/site-packages/ILAMB/ModelResult.py", line 501, in derivedVariable
    Vs[arg] = self.extractTimeSeries(
              ^^^^^^^^^^^^^^^^^^^^^^^
  File "/home/renatob/miniconda3/envs/ilamb/lib/python3.11/site-packages/ILAMB/ModelResult.py", line 365, in extractTimeSeries
    var = Variable(
          ^^^^^^^^^
  File "/home/renatob/miniconda3/envs/ilamb/lib/python3.11/site-packages/ILAMB/Variable.py", line 140, in __init__
    out = il.FromNetCDF4(
          ^^^^^^^^^^^^^^^
  File "/home/renatob/miniconda3/envs/ilamb/lib/python3.11/site-packages/ILAMB/ilamblib.py", line 1047, in FromNetCDF4
    t, t_bnd, cbounds, begin, end, calendar = GetTime(
                                              ^^^^^^^^
  File "/home/renatob/miniconda3/envs/ilamb/lib/python3.11/site-packages/ILAMB/ilamblib.py", line 392, in GetTime
    tb = CreateTimeBounds(t, alpha=GuessAlpha(t))
                                   ^^^^^^^^^^^^^
  File "/home/renatob/miniconda3/envs/ilamb/lib/python3.11/site-packages/ILAMB/ilamblib.py", line 274, in GuessAlpha
    t0 = cf.num2date(t[0], t.units, calendar=t.calendar)
         ^^^^^^^^^^^^^^^^^^^^^^^^^^^^^^^^^^^^^^^^^^^^^^^
  File "src/cftime/_cftime.pyx", line 587, in cftime._cftime.num2date
  File "src/cftime/_cftime.pyx", line 101, in cftime._cftime._dateparse
ValueError: 'months since' units only allowed for '360_day' calendar

[INFO][4][AnalysisMeanStateSpace][rh] RMSE scored using Collier2018
[DEBUG][10][extractTimeSeries][BCC-CSM2-MR] Could not find [hfdsl,FGR12] in the model results
[DEBUG][9][extractTimeSeries][IPSL-CM6A-LR] Could not find [swe,snw] in the model results
[DEBUG][10][WorkConfront][GroundHeatFlux/CARDAMOM][BCC-CSM2-MR]
Traceback (most recent call last):
  File "/home/renatob/miniconda3/envs/ilamb/bin/ilamb-run", line 563, in WorkConfront
    c.confront(m)
  File "/home/renatob/miniconda3/envs/ilamb/lib/python3.11/site-packages/ILAMB/Confrontation.py", line 433, in confront
    obs, mod = self.stageData(m)
               ^^^^^^^^^^^^^^^^^
  File "/home/renatob/miniconda3/envs/ilamb/lib/python3.11/site-packages/ILAMB/Confrontation.py", line 371, in stageData
    mod = m.extractTimeSeries(
          ^^^^^^^^^^^^^^^^^^^^
  File "/home/renatob/miniconda3/envs/ilamb/lib/python3.11/site-packages/ILAMB/ModelResult.py", line 439, in extractTimeSeries
    raise il.VarNotInModel()
ILAMB.ilamblib.VarNotInModel: VarNotInModel

[DEBUG][9][WorkConfront][SnowWaterEquivalent/CARDAMOM][IPSL-CM6A-LR]
Traceback (most recent call last):
  File "/home/renatob/miniconda3/envs/ilamb/bin/ilamb-run", line 563, in WorkConfront
    c.confront(m)
  File "/home/renatob/miniconda3/envs/ilamb/lib/python3.11/site-packages/ILAMB/Confrontation.py", line 433, in confront
    obs, mod = self.stageData(m)
               ^^^^^^^^^^^^^^^^^
  File "/home/renatob/miniconda3/envs/ilamb/lib/python3.11/site-packages/ILAMB/ConfSWE.py", line 9, in stageData
    obs, mod = super(ConfSWE, self).stageData(m)
               ^^^^^^^^^^^^^^^^^^^^^^^^^^^^^^^^^
  File "/home/renatob/miniconda3/envs/ilamb/lib/python3.11/site-packages/ILAMB/Confrontation.py", line 371, in stageData
    mod = m.extractTimeSeries(
          ^^^^^^^^^^^^^^^^^^^^
  File "/home/renatob/miniconda3/envs/ilamb/lib/python3.11/site-packages/ILAMB/ModelResult.py", line 439, in extractTimeSeries
    raise il.VarNotInModel()
ILAMB.ilamblib.VarNotInModel: VarNotInModel

[INFO][4][confront][HeterotrophicRespiration/CARDAMOM][MIROC-ES2L] Success
[DEBUG][8][WorkConfront][TerrestrialWaterStorageAnomaly/CARDAMOM][CESM2]
Traceback (most recent call last):
  File "/home/renatob/miniconda3/envs/ilamb/bin/ilamb-run", line 563, in WorkConfront
    c.confront(m)
  File "/home/renatob/miniconda3/envs/ilamb/lib/python3.11/site-packages/ILAMB/ConfTWSA.py", line 147, in confront
    obs, mod = self.stageData(m)
               ^^^^^^^^^^^^^^^^^
  File "/home/renatob/miniconda3/envs/ilamb/lib/python3.11/site-packages/ILAMB/ConfTWSA.py", line 85, in stageData
    mod = m.extractTimeSeries(
          ^^^^^^^^^^^^^^^^^^^^
  File "/home/renatob/miniconda3/envs/ilamb/lib/python3.11/site-packages/ILAMB/ModelResult.py", line 415, in extractTimeSeries
    v = self.derivedVariable(
        ^^^^^^^^^^^^^^^^^^^^^
  File "/home/renatob/miniconda3/envs/ilamb/lib/python3.11/site-packages/ILAMB/ModelResult.py", line 501, in derivedVariable
    Vs[arg] = self.extractTimeSeries(
              ^^^^^^^^^^^^^^^^^^^^^^^
  File "/home/renatob/miniconda3/envs/ilamb/lib/python3.11/site-packages/ILAMB/ModelResult.py", line 365, in extractTimeSeries
    var = Variable(
          ^^^^^^^^^
  File "/home/renatob/miniconda3/envs/ilamb/lib/python3.11/site-packages/ILAMB/Variable.py", line 140, in __init__
    out = il.FromNetCDF4(
          ^^^^^^^^^^^^^^^
  File "/home/renatob/miniconda3/envs/ilamb/lib/python3.11/site-packages/ILAMB/ilamblib.py", line 1047, in FromNetCDF4
    t, t_bnd, cbounds, begin, end, calendar = GetTime(
                                              ^^^^^^^^
  File "/home/renatob/miniconda3/envs/ilamb/lib/python3.11/site-packages/ILAMB/ilamblib.py", line 392, in GetTime
    tb = CreateTimeBounds(t, alpha=GuessAlpha(t))
                                   ^^^^^^^^^^^^^
  File "/home/renatob/miniconda3/envs/ilamb/lib/python3.11/site-packages/ILAMB/ilamblib.py", line 274, in GuessAlpha
    t0 = cf.num2date(t[0], t.units, calendar=t.calendar)
         ^^^^^^^^^^^^^^^^^^^^^^^^^^^^^^^^^^^^^^^^^^^^^^^
  File "src/cftime/_cftime.pyx", line 587, in cftime._cftime.num2date
  File "src/cftime/_cftime.pyx", line 101, in cftime._cftime._dateparse
ValueError: 'months since' units only allowed for '360_day' calendar

[DEBUG][10][extractTimeSeries][CanESM5] Could not find [hfdsl,FGR12] in the model results
[DEBUG][9][extractTimeSeries][MIROC-ES2L] Could not find [swe,snw] in the model results
[DEBUG][10][WorkConfront][GroundHeatFlux/CARDAMOM][CanESM5]
Traceback (most recent call last):
  File "/home/renatob/miniconda3/envs/ilamb/bin/ilamb-run", line 563, in WorkConfront
    c.confront(m)
  File "/home/renatob/miniconda3/envs/ilamb/lib/python3.11/site-packages/ILAMB/Confrontation.py", line 433, in confront
    obs, mod = self.stageData(m)
               ^^^^^^^^^^^^^^^^^
  File "/home/renatob/miniconda3/envs/ilamb/lib/python3.11/site-packages/ILAMB/Confrontation.py", line 371, in stageData
    mod = m.extractTimeSeries(
          ^^^^^^^^^^^^^^^^^^^^
  File "/home/renatob/miniconda3/envs/ilamb/lib/python3.11/site-packages/ILAMB/ModelResult.py", line 439, in extractTimeSeries
    raise il.VarNotInModel()
ILAMB.ilamblib.VarNotInModel: VarNotInModel

[DEBUG][9][WorkConfront][SnowWaterEquivalent/CARDAMOM][MIROC-ES2L]
Traceback (most recent call last):
  File "/home/renatob/miniconda3/envs/ilamb/bin/ilamb-run", line 563, in WorkConfront
    c.confront(m)
  File "/home/renatob/miniconda3/envs/ilamb/lib/python3.11/site-packages/ILAMB/Confrontation.py", line 433, in confront
    obs, mod = self.stageData(m)
               ^^^^^^^^^^^^^^^^^
  File "/home/renatob/miniconda3/envs/ilamb/lib/python3.11/site-packages/ILAMB/ConfSWE.py", line 9, in stageData
    obs, mod = super(ConfSWE, self).stageData(m)
               ^^^^^^^^^^^^^^^^^^^^^^^^^^^^^^^^^
  File "/home/renatob/miniconda3/envs/ilamb/lib/python3.11/site-packages/ILAMB/Confrontation.py", line 371, in stageData
    mod = m.extractTimeSeries(
          ^^^^^^^^^^^^^^^^^^^^
  File "/home/renatob/miniconda3/envs/ilamb/lib/python3.11/site-packages/ILAMB/ModelResult.py", line 439, in extractTimeSeries
    raise il.VarNotInModel()
ILAMB.ilamblib.VarNotInModel: VarNotInModel

[DEBUG][8][extractTimeSeries][CNRM-ESM2-1] Could not find [evspsbl] in the model results
[DEBUG][8][WorkConfront][TerrestrialWaterStorageAnomaly/CARDAMOM][CNRM-ESM2-1]
Traceback (most recent call last):
  File "/home/renatob/miniconda3/envs/ilamb/bin/ilamb-run", line 563, in WorkConfront
    c.confront(m)
  File "/home/renatob/miniconda3/envs/ilamb/lib/python3.11/site-packages/ILAMB/ConfTWSA.py", line 147, in confront
    obs, mod = self.stageData(m)
               ^^^^^^^^^^^^^^^^^
  File "/home/renatob/miniconda3/envs/ilamb/lib/python3.11/site-packages/ILAMB/ConfTWSA.py", line 85, in stageData
    mod = m.extractTimeSeries(
          ^^^^^^^^^^^^^^^^^^^^
  File "/home/renatob/miniconda3/envs/ilamb/lib/python3.11/site-packages/ILAMB/ModelResult.py", line 415, in extractTimeSeries
    v = self.derivedVariable(
        ^^^^^^^^^^^^^^^^^^^^^
  File "/home/renatob/miniconda3/envs/ilamb/lib/python3.11/site-packages/ILAMB/ModelResult.py", line 501, in derivedVariable
    Vs[arg] = self.extractTimeSeries(
              ^^^^^^^^^^^^^^^^^^^^^^^
  File "/home/renatob/miniconda3/envs/ilamb/lib/python3.11/site-packages/ILAMB/ModelResult.py", line 439, in extractTimeSeries
    raise il.VarNotInModel()
ILAMB.ilamblib.VarNotInModel: VarNotInModel

[DEBUG][10][extractTimeSeries][CESM2] Could not find [hfdsl,FGR12] in the model results
[DEBUG][9][extractTimeSeries][MPI-ESM1-2-LR] Could not find [swe,snw] in the model results
[DEBUG][10][WorkConfront][GroundHeatFlux/CARDAMOM][CESM2]
Traceback (most recent call last):
  File "/home/renatob/miniconda3/envs/ilamb/bin/ilamb-run", line 563, in WorkConfront
    c.confront(m)
  File "/home/renatob/miniconda3/envs/ilamb/lib/python3.11/site-packages/ILAMB/Confrontation.py", line 433, in confront
    obs, mod = self.stageData(m)
               ^^^^^^^^^^^^^^^^^
  File "/home/renatob/miniconda3/envs/ilamb/lib/python3.11/site-packages/ILAMB/Confrontation.py", line 371, in stageData
    mod = m.extractTimeSeries(
          ^^^^^^^^^^^^^^^^^^^^
  File "/home/renatob/miniconda3/envs/ilamb/lib/python3.11/site-packages/ILAMB/ModelResult.py", line 439, in extractTimeSeries
    raise il.VarNotInModel()
ILAMB.ilamblib.VarNotInModel: VarNotInModel

[DEBUG][9][WorkConfront][SnowWaterEquivalent/CARDAMOM][MPI-ESM1-2-LR]
Traceback (most recent call last):
  File "/home/renatob/miniconda3/envs/ilamb/bin/ilamb-run", line 563, in WorkConfront
    c.confront(m)
  File "/home/renatob/miniconda3/envs/ilamb/lib/python3.11/site-packages/ILAMB/Confrontation.py", line 433, in confront
    obs, mod = self.stageData(m)
               ^^^^^^^^^^^^^^^^^
  File "/home/renatob/miniconda3/envs/ilamb/lib/python3.11/site-packages/ILAMB/ConfSWE.py", line 9, in stageData
    obs, mod = super(ConfSWE, self).stageData(m)
               ^^^^^^^^^^^^^^^^^^^^^^^^^^^^^^^^^
  File "/home/renatob/miniconda3/envs/ilamb/lib/python3.11/site-packages/ILAMB/Confrontation.py", line 371, in stageData
    mod = m.extractTimeSeries(
          ^^^^^^^^^^^^^^^^^^^^
  File "/home/renatob/miniconda3/envs/ilamb/lib/python3.11/site-packages/ILAMB/ModelResult.py", line 439, in extractTimeSeries
    raise il.VarNotInModel()
ILAMB.ilamblib.VarNotInModel: VarNotInModel

[DEBUG][8][extractTimeSeries][E3SM-1-1] Could not find [evspsbl] in the model results
[DEBUG][8][WorkConfront][TerrestrialWaterStorageAnomaly/CARDAMOM][E3SM-1-1]
Traceback (most recent call last):
  File "/home/renatob/miniconda3/envs/ilamb/bin/ilamb-run", line 563, in WorkConfront
    c.confront(m)
  File "/home/renatob/miniconda3/envs/ilamb/lib/python3.11/site-packages/ILAMB/ConfTWSA.py", line 147, in confront
    obs, mod = self.stageData(m)
               ^^^^^^^^^^^^^^^^^
  File "/home/renatob/miniconda3/envs/ilamb/lib/python3.11/site-packages/ILAMB/ConfTWSA.py", line 85, in stageData
    mod = m.extractTimeSeries(
          ^^^^^^^^^^^^^^^^^^^^
  File "/home/renatob/miniconda3/envs/ilamb/lib/python3.11/site-packages/ILAMB/ModelResult.py", line 415, in extractTimeSeries
    v = self.derivedVariable(
        ^^^^^^^^^^^^^^^^^^^^^
  File "/home/renatob/miniconda3/envs/ilamb/lib/python3.11/site-packages/ILAMB/ModelResult.py", line 501, in derivedVariable
    Vs[arg] = self.extractTimeSeries(
              ^^^^^^^^^^^^^^^^^^^^^^^
  File "/home/renatob/miniconda3/envs/ilamb/lib/python3.11/site-packages/ILAMB/ModelResult.py", line 439, in extractTimeSeries
    raise il.VarNotInModel()
ILAMB.ilamblib.VarNotInModel: VarNotInModel

[DEBUG][10][extractTimeSeries][CNRM-ESM2-1] Could not find [hfdsl,FGR12] in the model results
[DEBUG][9][extractTimeSeries][NorESM2-LM] Could not find [swe,snw] in the model results
[DEBUG][10][WorkConfront][GroundHeatFlux/CARDAMOM][CNRM-ESM2-1]
Traceback (most recent call last):
  File "/home/renatob/miniconda3/envs/ilamb/bin/ilamb-run", line 563, in WorkConfront
    c.confront(m)
  File "/home/renatob/miniconda3/envs/ilamb/lib/python3.11/site-packages/ILAMB/Confrontation.py", line 433, in confront
    obs, mod = self.stageData(m)
               ^^^^^^^^^^^^^^^^^
  File "/home/renatob/miniconda3/envs/ilamb/lib/python3.11/site-packages/ILAMB/Confrontation.py", line 371, in stageData
    mod = m.extractTimeSeries(
          ^^^^^^^^^^^^^^^^^^^^
  File "/home/renatob/miniconda3/envs/ilamb/lib/python3.11/site-packages/ILAMB/ModelResult.py", line 439, in extractTimeSeries
    raise il.VarNotInModel()
ILAMB.ilamblib.VarNotInModel: VarNotInModel

[DEBUG][9][WorkConfront][SnowWaterEquivalent/CARDAMOM][NorESM2-LM]
Traceback (most recent call last):
  File "/home/renatob/miniconda3/envs/ilamb/bin/ilamb-run", line 563, in WorkConfront
    c.confront(m)
  File "/home/renatob/miniconda3/envs/ilamb/lib/python3.11/site-packages/ILAMB/Confrontation.py", line 433, in confront
    obs, mod = self.stageData(m)
               ^^^^^^^^^^^^^^^^^
  File "/home/renatob/miniconda3/envs/ilamb/lib/python3.11/site-packages/ILAMB/ConfSWE.py", line 9, in stageData
    obs, mod = super(ConfSWE, self).stageData(m)
               ^^^^^^^^^^^^^^^^^^^^^^^^^^^^^^^^^
  File "/home/renatob/miniconda3/envs/ilamb/lib/python3.11/site-packages/ILAMB/Confrontation.py", line 371, in stageData
    mod = m.extractTimeSeries(
          ^^^^^^^^^^^^^^^^^^^^
  File "/home/renatob/miniconda3/envs/ilamb/lib/python3.11/site-packages/ILAMB/ModelResult.py", line 439, in extractTimeSeries
    raise il.VarNotInModel()
ILAMB.ilamblib.VarNotInModel: VarNotInModel

[DEBUG][10][extractTimeSeries][E3SM-1-1] Could not find [hfdsl,FGR12] in the model results
[DEBUG][9][extractTimeSeries][UKESM1-0-LL] Could not find [swe,snw] in the model results
[DEBUG][10][WorkConfront][GroundHeatFlux/CARDAMOM][E3SM-1-1]
Traceback (most recent call last):
  File "/home/renatob/miniconda3/envs/ilamb/bin/ilamb-run", line 563, in WorkConfront
    c.confront(m)
  File "/home/renatob/miniconda3/envs/ilamb/lib/python3.11/site-packages/ILAMB/Confrontation.py", line 433, in confront
    obs, mod = self.stageData(m)
               ^^^^^^^^^^^^^^^^^
  File "/home/renatob/miniconda3/envs/ilamb/lib/python3.11/site-packages/ILAMB/Confrontation.py", line 371, in stageData
    mod = m.extractTimeSeries(
          ^^^^^^^^^^^^^^^^^^^^
  File "/home/renatob/miniconda3/envs/ilamb/lib/python3.11/site-packages/ILAMB/ModelResult.py", line 439, in extractTimeSeries
    raise il.VarNotInModel()
ILAMB.ilamblib.VarNotInModel: VarNotInModel

[DEBUG][9][WorkConfront][SnowWaterEquivalent/CARDAMOM][UKESM1-0-LL]
Traceback (most recent call last):
  File "/home/renatob/miniconda3/envs/ilamb/bin/ilamb-run", line 563, in WorkConfront
    c.confront(m)
  File "/home/renatob/miniconda3/envs/ilamb/lib/python3.11/site-packages/ILAMB/Confrontation.py", line 433, in confront
    obs, mod = self.stageData(m)
               ^^^^^^^^^^^^^^^^^
  File "/home/renatob/miniconda3/envs/ilamb/lib/python3.11/site-packages/ILAMB/ConfSWE.py", line 9, in stageData
    obs, mod = super(ConfSWE, self).stageData(m)
               ^^^^^^^^^^^^^^^^^^^^^^^^^^^^^^^^^
  File "/home/renatob/miniconda3/envs/ilamb/lib/python3.11/site-packages/ILAMB/Confrontation.py", line 371, in stageData
    mod = m.extractTimeSeries(
          ^^^^^^^^^^^^^^^^^^^^
  File "/home/renatob/miniconda3/envs/ilamb/lib/python3.11/site-packages/ILAMB/ModelResult.py", line 439, in extractTimeSeries
    raise il.VarNotInModel()
ILAMB.ilamblib.VarNotInModel: VarNotInModel

[DEBUG][10][extractTimeSeries][ENSEMBLE-CMIP6] Could not find [hfdsl,FGR12] in the model results
[DEBUG][10][WorkConfront][GroundHeatFlux/CARDAMOM][ENSEMBLE-CMIP6]
Traceback (most recent call last):
  File "/home/renatob/miniconda3/envs/ilamb/bin/ilamb-run", line 563, in WorkConfront
    c.confront(m)
  File "/home/renatob/miniconda3/envs/ilamb/lib/python3.11/site-packages/ILAMB/Confrontation.py", line 433, in confront
    obs, mod = self.stageData(m)
               ^^^^^^^^^^^^^^^^^
  File "/home/renatob/miniconda3/envs/ilamb/lib/python3.11/site-packages/ILAMB/Confrontation.py", line 371, in stageData
    mod = m.extractTimeSeries(
          ^^^^^^^^^^^^^^^^^^^^
  File "/home/renatob/miniconda3/envs/ilamb/lib/python3.11/site-packages/ILAMB/ModelResult.py", line 439, in extractTimeSeries
    raise il.VarNotInModel()
ILAMB.ilamblib.VarNotInModel: VarNotInModel

[DEBUG][9][WorkConfront][SurfaceSoilMoisture/CARDAMOM][ACCESS-ESM1-5]
Traceback (most recent call last):
  File "/home/renatob/miniconda3/envs/ilamb/bin/ilamb-run", line 563, in WorkConfront
    c.confront(m)
  File "/home/renatob/miniconda3/envs/ilamb/lib/python3.11/site-packages/ILAMB/Confrontation.py", line 433, in confront
    obs, mod = self.stageData(m)
               ^^^^^^^^^^^^^^^^^
  File "/home/renatob/miniconda3/envs/ilamb/lib/python3.11/site-packages/ILAMB/Confrontation.py", line 371, in stageData
    mod = m.extractTimeSeries(
          ^^^^^^^^^^^^^^^^^^^^
  File "/home/renatob/miniconda3/envs/ilamb/lib/python3.11/site-packages/ILAMB/ModelResult.py", line 365, in extractTimeSeries
    var = Variable(
          ^^^^^^^^^
  File "/home/renatob/miniconda3/envs/ilamb/lib/python3.11/site-packages/ILAMB/Variable.py", line 140, in __init__
    out = il.FromNetCDF4(
          ^^^^^^^^^^^^^^^
  File "/home/renatob/miniconda3/envs/ilamb/lib/python3.11/site-packages/ILAMB/ilamblib.py", line 1047, in FromNetCDF4
    t, t_bnd, cbounds, begin, end, calendar = GetTime(
                                              ^^^^^^^^
  File "/home/renatob/miniconda3/envs/ilamb/lib/python3.11/site-packages/ILAMB/ilamblib.py", line 392, in GetTime
    tb = CreateTimeBounds(t, alpha=GuessAlpha(t))
                                   ^^^^^^^^^^^^^
  File "/home/renatob/miniconda3/envs/ilamb/lib/python3.11/site-packages/ILAMB/ilamblib.py", line 274, in GuessAlpha
    t0 = cf.num2date(t[0], t.units, calendar=t.calendar)
         ^^^^^^^^^^^^^^^^^^^^^^^^^^^^^^^^^^^^^^^^^^^^^^^
  File "src/cftime/_cftime.pyx", line 587, in cftime._cftime.num2date
  File "src/cftime/_cftime.pyx", line 101, in cftime._cftime._dateparse
ValueError: 'months since' units only allowed for '360_day' calendar

[DEBUG][10][extractTimeSeries][GFDL_ESM4] Could not find [hfdsl,FGR12] in the model results
[DEBUG][10][WorkConfront][GroundHeatFlux/CARDAMOM][GFDL_ESM4]
Traceback (most recent call last):
  File "/home/renatob/miniconda3/envs/ilamb/bin/ilamb-run", line 563, in WorkConfront
    c.confront(m)
  File "/home/renatob/miniconda3/envs/ilamb/lib/python3.11/site-packages/ILAMB/Confrontation.py", line 433, in confront
    obs, mod = self.stageData(m)
               ^^^^^^^^^^^^^^^^^
  File "/home/renatob/miniconda3/envs/ilamb/lib/python3.11/site-packages/ILAMB/Confrontation.py", line 371, in stageData
    mod = m.extractTimeSeries(
          ^^^^^^^^^^^^^^^^^^^^
  File "/home/renatob/miniconda3/envs/ilamb/lib/python3.11/site-packages/ILAMB/ModelResult.py", line 439, in extractTimeSeries
    raise il.VarNotInModel()
ILAMB.ilamblib.VarNotInModel: VarNotInModel

[INFO][4][MakeComparable][HeterotrophicRespiration/CARDAMOM][MPI-ESM1-2-LR] Spatial data was clipped from the comparison:  before: [168  96 192] after: [168  77 192]
[DEBUG][9][extractTimeSeries][BCC-CSM2-MR] Could not find [mrsos] in the model results
[DEBUG][9][WorkConfront][SurfaceSoilMoisture/CARDAMOM][BCC-CSM2-MR]
Traceback (most recent call last):
  File "/home/renatob/miniconda3/envs/ilamb/bin/ilamb-run", line 563, in WorkConfront
    c.confront(m)
  File "/home/renatob/miniconda3/envs/ilamb/lib/python3.11/site-packages/ILAMB/Confrontation.py", line 433, in confront
    obs, mod = self.stageData(m)
               ^^^^^^^^^^^^^^^^^
  File "/home/renatob/miniconda3/envs/ilamb/lib/python3.11/site-packages/ILAMB/Confrontation.py", line 371, in stageData
    mod = m.extractTimeSeries(
          ^^^^^^^^^^^^^^^^^^^^
  File "/home/renatob/miniconda3/envs/ilamb/lib/python3.11/site-packages/ILAMB/ModelResult.py", line 439, in extractTimeSeries
    raise il.VarNotInModel()
ILAMB.ilamblib.VarNotInModel: VarNotInModel

[DEBUG][10][extractTimeSeries][GISS-E2-1-G] Could not find [hfdsl,FGR12] in the model results
[DEBUG][10][WorkConfront][GroundHeatFlux/CARDAMOM][GISS-E2-1-G]
Traceback (most recent call last):
  File "/home/renatob/miniconda3/envs/ilamb/bin/ilamb-run", line 563, in WorkConfront
    c.confront(m)
  File "/home/renatob/miniconda3/envs/ilamb/lib/python3.11/site-packages/ILAMB/Confrontation.py", line 433, in confront
    obs, mod = self.stageData(m)
               ^^^^^^^^^^^^^^^^^
  File "/home/renatob/miniconda3/envs/ilamb/lib/python3.11/site-packages/ILAMB/Confrontation.py", line 371, in stageData
    mod = m.extractTimeSeries(
          ^^^^^^^^^^^^^^^^^^^^
  File "/home/renatob/miniconda3/envs/ilamb/lib/python3.11/site-packages/ILAMB/ModelResult.py", line 439, in extractTimeSeries
    raise il.VarNotInModel()
ILAMB.ilamblib.VarNotInModel: VarNotInModel

[DEBUG][10][extractTimeSeries][IPSL-CM6A-LR] Could not find [hfdsl,FGR12] in the model results
[DEBUG][10][WorkConfront][GroundHeatFlux/CARDAMOM][IPSL-CM6A-LR]
Traceback (most recent call last):
  File "/home/renatob/miniconda3/envs/ilamb/bin/ilamb-run", line 563, in WorkConfront
    c.confront(m)
  File "/home/renatob/miniconda3/envs/ilamb/lib/python3.11/site-packages/ILAMB/Confrontation.py", line 433, in confront
    obs, mod = self.stageData(m)
               ^^^^^^^^^^^^^^^^^
  File "/home/renatob/miniconda3/envs/ilamb/lib/python3.11/site-packages/ILAMB/Confrontation.py", line 371, in stageData
    mod = m.extractTimeSeries(
          ^^^^^^^^^^^^^^^^^^^^
  File "/home/renatob/miniconda3/envs/ilamb/lib/python3.11/site-packages/ILAMB/ModelResult.py", line 439, in extractTimeSeries
    raise il.VarNotInModel()
ILAMB.ilamblib.VarNotInModel: VarNotInModel

[DEBUG][10][extractTimeSeries][MIROC-ES2L] Could not find [hfdsl,FGR12] in the model results
[DEBUG][10][WorkConfront][GroundHeatFlux/CARDAMOM][MIROC-ES2L]
Traceback (most recent call last):
  File "/home/renatob/miniconda3/envs/ilamb/bin/ilamb-run", line 563, in WorkConfront
    c.confront(m)
  File "/home/renatob/miniconda3/envs/ilamb/lib/python3.11/site-packages/ILAMB/Confrontation.py", line 433, in confront
    obs, mod = self.stageData(m)
               ^^^^^^^^^^^^^^^^^
  File "/home/renatob/miniconda3/envs/ilamb/lib/python3.11/site-packages/ILAMB/Confrontation.py", line 371, in stageData
    mod = m.extractTimeSeries(
          ^^^^^^^^^^^^^^^^^^^^
  File "/home/renatob/miniconda3/envs/ilamb/lib/python3.11/site-packages/ILAMB/ModelResult.py", line 439, in extractTimeSeries
    raise il.VarNotInModel()
ILAMB.ilamblib.VarNotInModel: VarNotInModel

[INFO][12][MakeComparable][Precipitation/CARDAMOM][IPSL-CM6A-LR] Spatial data was clipped from the comparison:  before: [168 143 144] after: [168 111 144]
[DEBUG][9][WorkConfront][SurfaceSoilMoisture/CARDAMOM][CanESM5]
Traceback (most recent call last):
  File "/home/renatob/miniconda3/envs/ilamb/bin/ilamb-run", line 563, in WorkConfront
    c.confront(m)
  File "/home/renatob/miniconda3/envs/ilamb/lib/python3.11/site-packages/ILAMB/Confrontation.py", line 433, in confront
    obs, mod = self.stageData(m)
               ^^^^^^^^^^^^^^^^^
  File "/home/renatob/miniconda3/envs/ilamb/lib/python3.11/site-packages/ILAMB/Confrontation.py", line 371, in stageData
    mod = m.extractTimeSeries(
          ^^^^^^^^^^^^^^^^^^^^
  File "/home/renatob/miniconda3/envs/ilamb/lib/python3.11/site-packages/ILAMB/ModelResult.py", line 365, in extractTimeSeries
    var = Variable(
          ^^^^^^^^^
  File "/home/renatob/miniconda3/envs/ilamb/lib/python3.11/site-packages/ILAMB/Variable.py", line 140, in __init__
    out = il.FromNetCDF4(
          ^^^^^^^^^^^^^^^
  File "/home/renatob/miniconda3/envs/ilamb/lib/python3.11/site-packages/ILAMB/ilamblib.py", line 1047, in FromNetCDF4
    t, t_bnd, cbounds, begin, end, calendar = GetTime(
                                              ^^^^^^^^
  File "/home/renatob/miniconda3/envs/ilamb/lib/python3.11/site-packages/ILAMB/ilamblib.py", line 392, in GetTime
    tb = CreateTimeBounds(t, alpha=GuessAlpha(t))
                                   ^^^^^^^^^^^^^
  File "/home/renatob/miniconda3/envs/ilamb/lib/python3.11/site-packages/ILAMB/ilamblib.py", line 274, in GuessAlpha
    t0 = cf.num2date(t[0], t.units, calendar=t.calendar)
         ^^^^^^^^^^^^^^^^^^^^^^^^^^^^^^^^^^^^^^^^^^^^^^^
  File "src/cftime/_cftime.pyx", line 587, in cftime._cftime.num2date
  File "src/cftime/_cftime.pyx", line 101, in cftime._cftime._dateparse
ValueError: 'months since' units only allowed for '360_day' calendar

[DEBUG][10][extractTimeSeries][MPI-ESM1-2-LR] Could not find [hfdsl,FGR12] in the model results
[DEBUG][10][WorkConfront][GroundHeatFlux/CARDAMOM][MPI-ESM1-2-LR]
Traceback (most recent call last):
  File "/home/renatob/miniconda3/envs/ilamb/bin/ilamb-run", line 563, in WorkConfront
    c.confront(m)
  File "/home/renatob/miniconda3/envs/ilamb/lib/python3.11/site-packages/ILAMB/Confrontation.py", line 433, in confront
    obs, mod = self.stageData(m)
               ^^^^^^^^^^^^^^^^^
  File "/home/renatob/miniconda3/envs/ilamb/lib/python3.11/site-packages/ILAMB/Confrontation.py", line 371, in stageData
    mod = m.extractTimeSeries(
          ^^^^^^^^^^^^^^^^^^^^
  File "/home/renatob/miniconda3/envs/ilamb/lib/python3.11/site-packages/ILAMB/ModelResult.py", line 439, in extractTimeSeries
    raise il.VarNotInModel()
ILAMB.ilamblib.VarNotInModel: VarNotInModel

[DEBUG][10][extractTimeSeries][NorESM2-LM] Could not find [hfdsl,FGR12] in the model results
[DEBUG][10][WorkConfront][GroundHeatFlux/CARDAMOM][NorESM2-LM]
Traceback (most recent call last):
  File "/home/renatob/miniconda3/envs/ilamb/bin/ilamb-run", line 563, in WorkConfront
    c.confront(m)
  File "/home/renatob/miniconda3/envs/ilamb/lib/python3.11/site-packages/ILAMB/Confrontation.py", line 433, in confront
    obs, mod = self.stageData(m)
               ^^^^^^^^^^^^^^^^^
  File "/home/renatob/miniconda3/envs/ilamb/lib/python3.11/site-packages/ILAMB/Confrontation.py", line 371, in stageData
    mod = m.extractTimeSeries(
          ^^^^^^^^^^^^^^^^^^^^
  File "/home/renatob/miniconda3/envs/ilamb/lib/python3.11/site-packages/ILAMB/ModelResult.py", line 439, in extractTimeSeries
    raise il.VarNotInModel()
ILAMB.ilamblib.VarNotInModel: VarNotInModel

[DEBUG][9][WorkConfront][SurfaceSoilMoisture/CARDAMOM][CESM2]
Traceback (most recent call last):
  File "/home/renatob/miniconda3/envs/ilamb/bin/ilamb-run", line 563, in WorkConfront
    c.confront(m)
  File "/home/renatob/miniconda3/envs/ilamb/lib/python3.11/site-packages/ILAMB/Confrontation.py", line 433, in confront
    obs, mod = self.stageData(m)
               ^^^^^^^^^^^^^^^^^
  File "/home/renatob/miniconda3/envs/ilamb/lib/python3.11/site-packages/ILAMB/Confrontation.py", line 371, in stageData
    mod = m.extractTimeSeries(
          ^^^^^^^^^^^^^^^^^^^^
  File "/home/renatob/miniconda3/envs/ilamb/lib/python3.11/site-packages/ILAMB/ModelResult.py", line 365, in extractTimeSeries
    var = Variable(
          ^^^^^^^^^
  File "/home/renatob/miniconda3/envs/ilamb/lib/python3.11/site-packages/ILAMB/Variable.py", line 140, in __init__
    out = il.FromNetCDF4(
          ^^^^^^^^^^^^^^^
  File "/home/renatob/miniconda3/envs/ilamb/lib/python3.11/site-packages/ILAMB/ilamblib.py", line 1047, in FromNetCDF4
    t, t_bnd, cbounds, begin, end, calendar = GetTime(
                                              ^^^^^^^^
  File "/home/renatob/miniconda3/envs/ilamb/lib/python3.11/site-packages/ILAMB/ilamblib.py", line 392, in GetTime
    tb = CreateTimeBounds(t, alpha=GuessAlpha(t))
                                   ^^^^^^^^^^^^^
  File "/home/renatob/miniconda3/envs/ilamb/lib/python3.11/site-packages/ILAMB/ilamblib.py", line 274, in GuessAlpha
    t0 = cf.num2date(t[0], t.units, calendar=t.calendar)
         ^^^^^^^^^^^^^^^^^^^^^^^^^^^^^^^^^^^^^^^^^^^^^^^
  File "src/cftime/_cftime.pyx", line 587, in cftime._cftime.num2date
  File "src/cftime/_cftime.pyx", line 101, in cftime._cftime._dateparse
ValueError: 'months since' units only allowed for '360_day' calendar

[DEBUG][10][extractTimeSeries][UKESM1-0-LL] Could not find [hfdsl,FGR12] in the model results
[DEBUG][10][WorkConfront][GroundHeatFlux/CARDAMOM][UKESM1-0-LL]
Traceback (most recent call last):
  File "/home/renatob/miniconda3/envs/ilamb/bin/ilamb-run", line 563, in WorkConfront
    c.confront(m)
  File "/home/renatob/miniconda3/envs/ilamb/lib/python3.11/site-packages/ILAMB/Confrontation.py", line 433, in confront
    obs, mod = self.stageData(m)
               ^^^^^^^^^^^^^^^^^
  File "/home/renatob/miniconda3/envs/ilamb/lib/python3.11/site-packages/ILAMB/Confrontation.py", line 371, in stageData
    mod = m.extractTimeSeries(
          ^^^^^^^^^^^^^^^^^^^^
  File "/home/renatob/miniconda3/envs/ilamb/lib/python3.11/site-packages/ILAMB/ModelResult.py", line 439, in extractTimeSeries
    raise il.VarNotInModel()
ILAMB.ilamblib.VarNotInModel: VarNotInModel

[INFO][11][MakeComparable][SurfaceAirTemperature/CARDAMOM][CESM2] Spatial data was clipped from the comparison:  before: [168 192 288] after: [168 150 288]
[INFO][9][MakeComparable][SurfaceSoilMoisture/CARDAMOM][CNRM-ESM2-1] Spatial data was clipped from the comparison:  before: [168 128 256] after: [168 100 256]
[INFO][10][MakeComparable][SurfaceAirTemperature/CARDAMOM][ACCESS-ESM1-5] Spatial data was clipped from the comparison:  before: [168 145 192] after: [168 113 192]
[INFO][3][AnalysisMeanStateSpace][ra] Bias scored using Collier2018
[INFO][1][AnalysisMeanStateSpace][lai] Bias scored using Collier2018
[INFO][1][AnalysisMeanStateSpace][lai] RMSE scored using Collier2018
[INFO][1][confront][LeafAreaIndex/AVHRR][IPSL-CM6A-LR] Success
[INFO][1][MakeComparable][LeafAreaIndex/AVHRR][MIROC-ES2L] Spatial data was clipped from the comparison:  before: [168  64 128] after: [168  52 128]
[INFO][3][AnalysisMeanStateSpace][ra] RMSE scored using Collier2018
[INFO][3][confront][AutotrophicRespiration/CARDAMOM][CESM2] Success
[INFO][3][MakeComparable][AutotrophicRespiration/CARDAMOM][CNRM-ESM2-1] Spatial data was clipped from the comparison:  before: [168 128 256] after: [168 100 256]
[INFO][12][AnalysisMeanStateSpace][pr] Bias scored using Collier2018
[INFO][12][AnalysisMeanStateSpace][pr] RMSE scored using Collier2018
[INFO][12][confront][Precipitation/CARDAMOM][IPSL-CM6A-LR] Success
[INFO][1][AnalysisMeanStateSpace][lai] Bias scored using Collier2018
[INFO][12][MakeComparable][Precipitation/CARDAMOM][MIROC-ES2L] Spatial data was clipped from the comparison:  before: [168  64 128] after: [168  52 128]
[INFO][1][AnalysisMeanStateSpace][lai] RMSE scored using Collier2018
[INFO][1][confront][LeafAreaIndex/AVHRR][MIROC-ES2L] Success
[INFO][4][AnalysisMeanStateSpace][rh] Bias scored using Collier2018
[INFO][10][AnalysisMeanStateSpace][tas] Bias scored using Collier2018
[INFO][4][AnalysisMeanStateSpace][rh] RMSE scored using Collier2018
[INFO][4][confront][HeterotrophicRespiration/CARDAMOM][MPI-ESM1-2-LR] Success
[INFO][9][AnalysisMeanStateSpace][mrsos] Bias scored using Collier2018
[INFO][4][MakeComparable][HeterotrophicRespiration/CARDAMOM][NorESM2-LM] Spatial data was clipped from the comparison:  before: [168  96 144] after: [168  75 144]
[INFO][10][AnalysisMeanStateSpace][tas] RMSE scored using Collier2018
[INFO][10][confront][SurfaceAirTemperature/CARDAMOM][ACCESS-ESM1-5] Success
[DEBUG][10][extractTimeSeries][BCC-CSM2-MR] Could not find [tas] in the model results
[DEBUG][10][WorkConfront][SurfaceAirTemperature/CARDAMOM][BCC-CSM2-MR]
Traceback (most recent call last):
  File "/home/renatob/miniconda3/envs/ilamb/bin/ilamb-run", line 563, in WorkConfront
    c.confront(m)
  File "/home/renatob/miniconda3/envs/ilamb/lib/python3.11/site-packages/ILAMB/Confrontation.py", line 433, in confront
    obs, mod = self.stageData(m)
               ^^^^^^^^^^^^^^^^^
  File "/home/renatob/miniconda3/envs/ilamb/lib/python3.11/site-packages/ILAMB/Confrontation.py", line 371, in stageData
    mod = m.extractTimeSeries(
          ^^^^^^^^^^^^^^^^^^^^
  File "/home/renatob/miniconda3/envs/ilamb/lib/python3.11/site-packages/ILAMB/ModelResult.py", line 439, in extractTimeSeries
    raise il.VarNotInModel()
ILAMB.ilamblib.VarNotInModel: VarNotInModel

[INFO][9][AnalysisMeanStateSpace][mrsos] RMSE scored using Collier2018
[INFO][9][confront][SurfaceSoilMoisture/CARDAMOM][CNRM-ESM2-1] Success
[INFO][10][MakeComparable][SurfaceAirTemperature/CARDAMOM][CanESM5] Spatial data was clipped from the comparison:  before: [168  64 128] after: [168  52 128]
[DEBUG][9][extractTimeSeries][E3SM-1-1] Could not find [mrsos] in the model results
[DEBUG][9][WorkConfront][SurfaceSoilMoisture/CARDAMOM][E3SM-1-1]
Traceback (most recent call last):
  File "/home/renatob/miniconda3/envs/ilamb/bin/ilamb-run", line 563, in WorkConfront
    c.confront(m)
  File "/home/renatob/miniconda3/envs/ilamb/lib/python3.11/site-packages/ILAMB/Confrontation.py", line 433, in confront
    obs, mod = self.stageData(m)
               ^^^^^^^^^^^^^^^^^
  File "/home/renatob/miniconda3/envs/ilamb/lib/python3.11/site-packages/ILAMB/Confrontation.py", line 371, in stageData
    mod = m.extractTimeSeries(
          ^^^^^^^^^^^^^^^^^^^^
  File "/home/renatob/miniconda3/envs/ilamb/lib/python3.11/site-packages/ILAMB/ModelResult.py", line 439, in extractTimeSeries
    raise il.VarNotInModel()
ILAMB.ilamblib.VarNotInModel: VarNotInModel

[INFO][12][AnalysisMeanStateSpace][pr] Bias scored using Collier2018
[INFO][9][MakeComparable][SurfaceSoilMoisture/CARDAMOM][ENSEMBLE-CMIP6] Spatial data was clipped from the comparison:  before: [168  96 144] after: [168  75 144]
[INFO][12][AnalysisMeanStateSpace][pr] RMSE scored using Collier2018
[INFO][12][confront][Precipitation/CARDAMOM][MIROC-ES2L] Success
[INFO][12][MakeComparable][Precipitation/CARDAMOM][MPI-ESM1-2-LR] Spatial data was clipped from the comparison:  before: [168  96 192] after: [168  77 192]
[INFO][11][AnalysisMeanStateSpace][tas] Bias scored using Collier2018
[INFO][10][AnalysisMeanStateSpace][tas] Bias scored using Collier2018
[INFO][10][AnalysisMeanStateSpace][tas] RMSE scored using Collier2018
[INFO][10][confront][SurfaceAirTemperature/CARDAMOM][CanESM5] Success
[INFO][11][AnalysisMeanStateSpace][tas] RMSE scored using Collier2018
[INFO][11][confront][SurfaceAirTemperature/CARDAMOM][CESM2] Success
[INFO][9][AnalysisMeanStateSpace][mrsos] Bias scored using Collier2018
[INFO][11][MakeComparable][SurfaceAirTemperature/CARDAMOM][CNRM-ESM2-1] Spatial data was clipped from the comparison:  before: [168 128 256] after: [168 100 256]
[INFO][9][AnalysisMeanStateSpace][mrsos] RMSE scored using Collier2018
[INFO][4][AnalysisMeanStateSpace][rh] Bias scored using Collier2018
[INFO][9][confront][SurfaceSoilMoisture/CARDAMOM][ENSEMBLE-CMIP6] Success
[INFO][4][AnalysisMeanStateSpace][rh] RMSE scored using Collier2018
[INFO][4][confront][HeterotrophicRespiration/CARDAMOM][NorESM2-LM] Success
[INFO][9][MakeComparable][SurfaceSoilMoisture/CARDAMOM][GFDL_ESM4] Spatial data was clipped from the comparison:  before: [168 180 288] after: [168 141 288]
[INFO][12][AnalysisMeanStateSpace][pr] Bias scored using Collier2018
[INFO][3][AnalysisMeanStateSpace][ra] Bias scored using Collier2018
[INFO][12][AnalysisMeanStateSpace][pr] RMSE scored using Collier2018
[INFO][12][confront][Precipitation/CARDAMOM][MPI-ESM1-2-LR] Success
[INFO][12][MakeComparable][Precipitation/CARDAMOM][NorESM2-LM] Spatial data was clipped from the comparison:  before: [168  96 144] after: [168  75 144]
[INFO][3][AnalysisMeanStateSpace][ra] RMSE scored using Collier2018
[INFO][8][MakeComparable] Spatial data was clipped from the comparison:  before: [168  96 144] after: [168  75 144]
[INFO][3][confront][AutotrophicRespiration/CARDAMOM][CNRM-ESM2-1] Success
[INFO][3][MakeComparable][AutotrophicRespiration/CARDAMOM][E3SM-1-1] Spatial data was clipped from the comparison:  before: [168 180 360] after: [168 141 360]
[DEBUG][8][WorkConfront][TerrestrialWaterStorageAnomaly/CARDAMOM][GFDL_ESM4]
Traceback (most recent call last):
  File "/home/renatob/miniconda3/envs/ilamb/bin/ilamb-run", line 563, in WorkConfront
    c.confront(m)
  File "/home/renatob/miniconda3/envs/ilamb/lib/python3.11/site-packages/ILAMB/ConfTWSA.py", line 147, in confront
    obs, mod = self.stageData(m)
               ^^^^^^^^^^^^^^^^^
  File "/home/renatob/miniconda3/envs/ilamb/lib/python3.11/site-packages/ILAMB/ConfTWSA.py", line 85, in stageData
    mod = m.extractTimeSeries(
          ^^^^^^^^^^^^^^^^^^^^
  File "/home/renatob/miniconda3/envs/ilamb/lib/python3.11/site-packages/ILAMB/ModelResult.py", line 415, in extractTimeSeries
    v = self.derivedVariable(
        ^^^^^^^^^^^^^^^^^^^^^
  File "/home/renatob/miniconda3/envs/ilamb/lib/python3.11/site-packages/ILAMB/ModelResult.py", line 501, in derivedVariable
    Vs[arg] = self.extractTimeSeries(
              ^^^^^^^^^^^^^^^^^^^^^^^
  File "/home/renatob/miniconda3/envs/ilamb/lib/python3.11/site-packages/ILAMB/ModelResult.py", line 365, in extractTimeSeries
    var = Variable(
          ^^^^^^^^^
  File "/home/renatob/miniconda3/envs/ilamb/lib/python3.11/site-packages/ILAMB/Variable.py", line 140, in __init__
    out = il.FromNetCDF4(
          ^^^^^^^^^^^^^^^
  File "/home/renatob/miniconda3/envs/ilamb/lib/python3.11/site-packages/ILAMB/ilamblib.py", line 1047, in FromNetCDF4
    t, t_bnd, cbounds, begin, end, calendar = GetTime(
                                              ^^^^^^^^
  File "/home/renatob/miniconda3/envs/ilamb/lib/python3.11/site-packages/ILAMB/ilamblib.py", line 392, in GetTime
    tb = CreateTimeBounds(t, alpha=GuessAlpha(t))
                                   ^^^^^^^^^^^^^
  File "/home/renatob/miniconda3/envs/ilamb/lib/python3.11/site-packages/ILAMB/ilamblib.py", line 274, in GuessAlpha
    t0 = cf.num2date(t[0], t.units, calendar=t.calendar)
         ^^^^^^^^^^^^^^^^^^^^^^^^^^^^^^^^^^^^^^^^^^^^^^^
  File "src/cftime/_cftime.pyx", line 587, in cftime._cftime.num2date
  File "src/cftime/_cftime.pyx", line 101, in cftime._cftime._dateparse
ValueError: 'months since' units only allowed for '360_day' calendar

[DEBUG][8][extractTimeSeries][GISS-E2-1-G] Could not find [evspsbl] in the model results
[DEBUG][8][WorkConfront][TerrestrialWaterStorageAnomaly/CARDAMOM][GISS-E2-1-G]
Traceback (most recent call last):
  File "/home/renatob/miniconda3/envs/ilamb/bin/ilamb-run", line 563, in WorkConfront
    c.confront(m)
  File "/home/renatob/miniconda3/envs/ilamb/lib/python3.11/site-packages/ILAMB/ConfTWSA.py", line 147, in confront
    obs, mod = self.stageData(m)
               ^^^^^^^^^^^^^^^^^
  File "/home/renatob/miniconda3/envs/ilamb/lib/python3.11/site-packages/ILAMB/ConfTWSA.py", line 85, in stageData
    mod = m.extractTimeSeries(
          ^^^^^^^^^^^^^^^^^^^^
  File "/home/renatob/miniconda3/envs/ilamb/lib/python3.11/site-packages/ILAMB/ModelResult.py", line 415, in extractTimeSeries
    v = self.derivedVariable(
        ^^^^^^^^^^^^^^^^^^^^^
  File "/home/renatob/miniconda3/envs/ilamb/lib/python3.11/site-packages/ILAMB/ModelResult.py", line 501, in derivedVariable
    Vs[arg] = self.extractTimeSeries(
              ^^^^^^^^^^^^^^^^^^^^^^^
  File "/home/renatob/miniconda3/envs/ilamb/lib/python3.11/site-packages/ILAMB/ModelResult.py", line 439, in extractTimeSeries
    raise il.VarNotInModel()
ILAMB.ilamblib.VarNotInModel: VarNotInModel

[DEBUG][8][extractTimeSeries][IPSL-CM6A-LR] Could not find [evspsbl] in the model results
[DEBUG][8][WorkConfront][TerrestrialWaterStorageAnomaly/CARDAMOM][IPSL-CM6A-LR]
Traceback (most recent call last):
  File "/home/renatob/miniconda3/envs/ilamb/bin/ilamb-run", line 563, in WorkConfront
    c.confront(m)
  File "/home/renatob/miniconda3/envs/ilamb/lib/python3.11/site-packages/ILAMB/ConfTWSA.py", line 147, in confront
    obs, mod = self.stageData(m)
               ^^^^^^^^^^^^^^^^^
  File "/home/renatob/miniconda3/envs/ilamb/lib/python3.11/site-packages/ILAMB/ConfTWSA.py", line 85, in stageData
    mod = m.extractTimeSeries(
          ^^^^^^^^^^^^^^^^^^^^
  File "/home/renatob/miniconda3/envs/ilamb/lib/python3.11/site-packages/ILAMB/ModelResult.py", line 415, in extractTimeSeries
    v = self.derivedVariable(
        ^^^^^^^^^^^^^^^^^^^^^
  File "/home/renatob/miniconda3/envs/ilamb/lib/python3.11/site-packages/ILAMB/ModelResult.py", line 501, in derivedVariable
    Vs[arg] = self.extractTimeSeries(
              ^^^^^^^^^^^^^^^^^^^^^^^
  File "/home/renatob/miniconda3/envs/ilamb/lib/python3.11/site-packages/ILAMB/ModelResult.py", line 439, in extractTimeSeries
    raise il.VarNotInModel()
ILAMB.ilamblib.VarNotInModel: VarNotInModel

[DEBUG][8][extractTimeSeries][MIROC-ES2L] Could not find [evspsbl] in the model results
[DEBUG][8][WorkConfront][TerrestrialWaterStorageAnomaly/CARDAMOM][MIROC-ES2L]
Traceback (most recent call last):
  File "/home/renatob/miniconda3/envs/ilamb/bin/ilamb-run", line 563, in WorkConfront
    c.confront(m)
  File "/home/renatob/miniconda3/envs/ilamb/lib/python3.11/site-packages/ILAMB/ConfTWSA.py", line 147, in confront
    obs, mod = self.stageData(m)
               ^^^^^^^^^^^^^^^^^
  File "/home/renatob/miniconda3/envs/ilamb/lib/python3.11/site-packages/ILAMB/ConfTWSA.py", line 85, in stageData
    mod = m.extractTimeSeries(
          ^^^^^^^^^^^^^^^^^^^^
  File "/home/renatob/miniconda3/envs/ilamb/lib/python3.11/site-packages/ILAMB/ModelResult.py", line 415, in extractTimeSeries
    v = self.derivedVariable(
        ^^^^^^^^^^^^^^^^^^^^^
  File "/home/renatob/miniconda3/envs/ilamb/lib/python3.11/site-packages/ILAMB/ModelResult.py", line 501, in derivedVariable
    Vs[arg] = self.extractTimeSeries(
              ^^^^^^^^^^^^^^^^^^^^^^^
  File "/home/renatob/miniconda3/envs/ilamb/lib/python3.11/site-packages/ILAMB/ModelResult.py", line 439, in extractTimeSeries
    raise il.VarNotInModel()
ILAMB.ilamblib.VarNotInModel: VarNotInModel

[DEBUG][8][extractTimeSeries][MPI-ESM1-2-LR] Could not find [evspsbl] in the model results
[DEBUG][8][WorkConfront][TerrestrialWaterStorageAnomaly/CARDAMOM][MPI-ESM1-2-LR]
Traceback (most recent call last):
  File "/home/renatob/miniconda3/envs/ilamb/bin/ilamb-run", line 563, in WorkConfront
    c.confront(m)
  File "/home/renatob/miniconda3/envs/ilamb/lib/python3.11/site-packages/ILAMB/ConfTWSA.py", line 147, in confront
    obs, mod = self.stageData(m)
               ^^^^^^^^^^^^^^^^^
  File "/home/renatob/miniconda3/envs/ilamb/lib/python3.11/site-packages/ILAMB/ConfTWSA.py", line 85, in stageData
    mod = m.extractTimeSeries(
          ^^^^^^^^^^^^^^^^^^^^
  File "/home/renatob/miniconda3/envs/ilamb/lib/python3.11/site-packages/ILAMB/ModelResult.py", line 415, in extractTimeSeries
    v = self.derivedVariable(
        ^^^^^^^^^^^^^^^^^^^^^
  File "/home/renatob/miniconda3/envs/ilamb/lib/python3.11/site-packages/ILAMB/ModelResult.py", line 501, in derivedVariable
    Vs[arg] = self.extractTimeSeries(
              ^^^^^^^^^^^^^^^^^^^^^^^
  File "/home/renatob/miniconda3/envs/ilamb/lib/python3.11/site-packages/ILAMB/ModelResult.py", line 439, in extractTimeSeries
    raise il.VarNotInModel()
ILAMB.ilamblib.VarNotInModel: VarNotInModel

[DEBUG][8][extractTimeSeries][NorESM2-LM] Could not find [evspsbl] in the model results
[DEBUG][8][WorkConfront][TerrestrialWaterStorageAnomaly/CARDAMOM][NorESM2-LM]
Traceback (most recent call last):
  File "/home/renatob/miniconda3/envs/ilamb/bin/ilamb-run", line 563, in WorkConfront
    c.confront(m)
  File "/home/renatob/miniconda3/envs/ilamb/lib/python3.11/site-packages/ILAMB/ConfTWSA.py", line 147, in confront
    obs, mod = self.stageData(m)
               ^^^^^^^^^^^^^^^^^
  File "/home/renatob/miniconda3/envs/ilamb/lib/python3.11/site-packages/ILAMB/ConfTWSA.py", line 85, in stageData
    mod = m.extractTimeSeries(
          ^^^^^^^^^^^^^^^^^^^^
  File "/home/renatob/miniconda3/envs/ilamb/lib/python3.11/site-packages/ILAMB/ModelResult.py", line 415, in extractTimeSeries
    v = self.derivedVariable(
        ^^^^^^^^^^^^^^^^^^^^^
  File "/home/renatob/miniconda3/envs/ilamb/lib/python3.11/site-packages/ILAMB/ModelResult.py", line 501, in derivedVariable
    Vs[arg] = self.extractTimeSeries(
              ^^^^^^^^^^^^^^^^^^^^^^^
  File "/home/renatob/miniconda3/envs/ilamb/lib/python3.11/site-packages/ILAMB/ModelResult.py", line 439, in extractTimeSeries
    raise il.VarNotInModel()
ILAMB.ilamblib.VarNotInModel: VarNotInModel

[DEBUG][8][extractTimeSeries][UKESM1-0-LL] Could not find [evspsbl] in the model results
[DEBUG][8][WorkConfront][TerrestrialWaterStorageAnomaly/CARDAMOM][UKESM1-0-LL]
Traceback (most recent call last):
  File "/home/renatob/miniconda3/envs/ilamb/bin/ilamb-run", line 563, in WorkConfront
    c.confront(m)
  File "/home/renatob/miniconda3/envs/ilamb/lib/python3.11/site-packages/ILAMB/ConfTWSA.py", line 147, in confront
    obs, mod = self.stageData(m)
               ^^^^^^^^^^^^^^^^^
  File "/home/renatob/miniconda3/envs/ilamb/lib/python3.11/site-packages/ILAMB/ConfTWSA.py", line 85, in stageData
    mod = m.extractTimeSeries(
          ^^^^^^^^^^^^^^^^^^^^
  File "/home/renatob/miniconda3/envs/ilamb/lib/python3.11/site-packages/ILAMB/ModelResult.py", line 415, in extractTimeSeries
    v = self.derivedVariable(
        ^^^^^^^^^^^^^^^^^^^^^
  File "/home/renatob/miniconda3/envs/ilamb/lib/python3.11/site-packages/ILAMB/ModelResult.py", line 501, in derivedVariable
    Vs[arg] = self.extractTimeSeries(
              ^^^^^^^^^^^^^^^^^^^^^^^
  File "/home/renatob/miniconda3/envs/ilamb/lib/python3.11/site-packages/ILAMB/ModelResult.py", line 439, in extractTimeSeries
    raise il.VarNotInModel()
ILAMB.ilamblib.VarNotInModel: VarNotInModel

[DEBUG][8][extractTimeSeries][ACCESS-ESM1-5] Could not find [swe,snw] in the model results
[DEBUG][8][WorkConfront][SnowWaterEquivalent/CARDAMOM][ACCESS-ESM1-5]
Traceback (most recent call last):
  File "/home/renatob/miniconda3/envs/ilamb/bin/ilamb-run", line 563, in WorkConfront
    c.confront(m)
  File "/home/renatob/miniconda3/envs/ilamb/lib/python3.11/site-packages/ILAMB/Confrontation.py", line 433, in confront
    obs, mod = self.stageData(m)
               ^^^^^^^^^^^^^^^^^
  File "/home/renatob/miniconda3/envs/ilamb/lib/python3.11/site-packages/ILAMB/ConfSWE.py", line 9, in stageData
    obs, mod = super(ConfSWE, self).stageData(m)
               ^^^^^^^^^^^^^^^^^^^^^^^^^^^^^^^^^
  File "/home/renatob/miniconda3/envs/ilamb/lib/python3.11/site-packages/ILAMB/Confrontation.py", line 371, in stageData
    mod = m.extractTimeSeries(
          ^^^^^^^^^^^^^^^^^^^^
  File "/home/renatob/miniconda3/envs/ilamb/lib/python3.11/site-packages/ILAMB/ModelResult.py", line 439, in extractTimeSeries
    raise il.VarNotInModel()
ILAMB.ilamblib.VarNotInModel: VarNotInModel

[DEBUG][8][extractTimeSeries][BCC-CSM2-MR] Could not find [swe,snw] in the model results
[DEBUG][8][WorkConfront][SnowWaterEquivalent/CARDAMOM][BCC-CSM2-MR]
Traceback (most recent call last):
  File "/home/renatob/miniconda3/envs/ilamb/bin/ilamb-run", line 563, in WorkConfront
    c.confront(m)
  File "/home/renatob/miniconda3/envs/ilamb/lib/python3.11/site-packages/ILAMB/Confrontation.py", line 433, in confront
    obs, mod = self.stageData(m)
               ^^^^^^^^^^^^^^^^^
  File "/home/renatob/miniconda3/envs/ilamb/lib/python3.11/site-packages/ILAMB/ConfSWE.py", line 9, in stageData
    obs, mod = super(ConfSWE, self).stageData(m)
               ^^^^^^^^^^^^^^^^^^^^^^^^^^^^^^^^^
  File "/home/renatob/miniconda3/envs/ilamb/lib/python3.11/site-packages/ILAMB/Confrontation.py", line 371, in stageData
    mod = m.extractTimeSeries(
          ^^^^^^^^^^^^^^^^^^^^
  File "/home/renatob/miniconda3/envs/ilamb/lib/python3.11/site-packages/ILAMB/ModelResult.py", line 439, in extractTimeSeries
    raise il.VarNotInModel()
ILAMB.ilamblib.VarNotInModel: VarNotInModel

[DEBUG][8][extractTimeSeries][CanESM5] Could not find [swe,snw] in the model results
[DEBUG][8][WorkConfront][SnowWaterEquivalent/CARDAMOM][CanESM5]
Traceback (most recent call last):
  File "/home/renatob/miniconda3/envs/ilamb/bin/ilamb-run", line 563, in WorkConfront
    c.confront(m)
  File "/home/renatob/miniconda3/envs/ilamb/lib/python3.11/site-packages/ILAMB/Confrontation.py", line 433, in confront
    obs, mod = self.stageData(m)
               ^^^^^^^^^^^^^^^^^
  File "/home/renatob/miniconda3/envs/ilamb/lib/python3.11/site-packages/ILAMB/ConfSWE.py", line 9, in stageData
    obs, mod = super(ConfSWE, self).stageData(m)
               ^^^^^^^^^^^^^^^^^^^^^^^^^^^^^^^^^
  File "/home/renatob/miniconda3/envs/ilamb/lib/python3.11/site-packages/ILAMB/Confrontation.py", line 371, in stageData
    mod = m.extractTimeSeries(
          ^^^^^^^^^^^^^^^^^^^^
  File "/home/renatob/miniconda3/envs/ilamb/lib/python3.11/site-packages/ILAMB/ModelResult.py", line 439, in extractTimeSeries
    raise il.VarNotInModel()
ILAMB.ilamblib.VarNotInModel: VarNotInModel

[DEBUG][8][extractTimeSeries][CESM2] Could not find [swe,snw] in the model results
[DEBUG][8][WorkConfront][SnowWaterEquivalent/CARDAMOM][CESM2]
Traceback (most recent call last):
  File "/home/renatob/miniconda3/envs/ilamb/bin/ilamb-run", line 563, in WorkConfront
    c.confront(m)
  File "/home/renatob/miniconda3/envs/ilamb/lib/python3.11/site-packages/ILAMB/Confrontation.py", line 433, in confront
    obs, mod = self.stageData(m)
               ^^^^^^^^^^^^^^^^^
  File "/home/renatob/miniconda3/envs/ilamb/lib/python3.11/site-packages/ILAMB/ConfSWE.py", line 9, in stageData
    obs, mod = super(ConfSWE, self).stageData(m)
               ^^^^^^^^^^^^^^^^^^^^^^^^^^^^^^^^^
  File "/home/renatob/miniconda3/envs/ilamb/lib/python3.11/site-packages/ILAMB/Confrontation.py", line 371, in stageData
    mod = m.extractTimeSeries(
          ^^^^^^^^^^^^^^^^^^^^
  File "/home/renatob/miniconda3/envs/ilamb/lib/python3.11/site-packages/ILAMB/ModelResult.py", line 439, in extractTimeSeries
    raise il.VarNotInModel()
ILAMB.ilamblib.VarNotInModel: VarNotInModel

[DEBUG][8][extractTimeSeries][CNRM-ESM2-1] Could not find [swe,snw] in the model results
[DEBUG][8][WorkConfront][SnowWaterEquivalent/CARDAMOM][CNRM-ESM2-1]
Traceback (most recent call last):
  File "/home/renatob/miniconda3/envs/ilamb/bin/ilamb-run", line 563, in WorkConfront
    c.confront(m)
  File "/home/renatob/miniconda3/envs/ilamb/lib/python3.11/site-packages/ILAMB/Confrontation.py", line 433, in confront
    obs, mod = self.stageData(m)
               ^^^^^^^^^^^^^^^^^
  File "/home/renatob/miniconda3/envs/ilamb/lib/python3.11/site-packages/ILAMB/ConfSWE.py", line 9, in stageData
    obs, mod = super(ConfSWE, self).stageData(m)
               ^^^^^^^^^^^^^^^^^^^^^^^^^^^^^^^^^
  File "/home/renatob/miniconda3/envs/ilamb/lib/python3.11/site-packages/ILAMB/Confrontation.py", line 371, in stageData
    mod = m.extractTimeSeries(
          ^^^^^^^^^^^^^^^^^^^^
  File "/home/renatob/miniconda3/envs/ilamb/lib/python3.11/site-packages/ILAMB/ModelResult.py", line 439, in extractTimeSeries
    raise il.VarNotInModel()
ILAMB.ilamblib.VarNotInModel: VarNotInModel

[DEBUG][8][extractTimeSeries][E3SM-1-1] Could not find [swe,snw] in the model results
[DEBUG][8][WorkConfront][SnowWaterEquivalent/CARDAMOM][E3SM-1-1]
Traceback (most recent call last):
  File "/home/renatob/miniconda3/envs/ilamb/bin/ilamb-run", line 563, in WorkConfront
    c.confront(m)
  File "/home/renatob/miniconda3/envs/ilamb/lib/python3.11/site-packages/ILAMB/Confrontation.py", line 433, in confront
    obs, mod = self.stageData(m)
               ^^^^^^^^^^^^^^^^^
  File "/home/renatob/miniconda3/envs/ilamb/lib/python3.11/site-packages/ILAMB/ConfSWE.py", line 9, in stageData
    obs, mod = super(ConfSWE, self).stageData(m)
               ^^^^^^^^^^^^^^^^^^^^^^^^^^^^^^^^^
  File "/home/renatob/miniconda3/envs/ilamb/lib/python3.11/site-packages/ILAMB/Confrontation.py", line 371, in stageData
    mod = m.extractTimeSeries(
          ^^^^^^^^^^^^^^^^^^^^
  File "/home/renatob/miniconda3/envs/ilamb/lib/python3.11/site-packages/ILAMB/ModelResult.py", line 439, in extractTimeSeries
    raise il.VarNotInModel()
ILAMB.ilamblib.VarNotInModel: VarNotInModel

[INFO][12][AnalysisMeanStateSpace][pr] Bias scored using Collier2018
[INFO][12][AnalysisMeanStateSpace][pr] RMSE scored using Collier2018
[INFO][12][confront][Precipitation/CARDAMOM][NorESM2-LM] Success
[INFO][12][MakeComparable][Precipitation/CARDAMOM][UKESM1-0-LL] Spatial data was clipped from the comparison:  before: [168 144 192] after: [168 113 192]
[INFO][11][AnalysisMeanStateSpace][tas] Bias scored using Collier2018
[INFO][9][AnalysisMeanStateSpace][mrsos] Bias scored using Collier2018
[INFO][11][AnalysisMeanStateSpace][tas] RMSE scored using Collier2018
[INFO][11][confront][SurfaceAirTemperature/CARDAMOM][CNRM-ESM2-1] Success
[INFO][9][AnalysisMeanStateSpace][mrsos] RMSE scored using Collier2018
[INFO][9][confront][SurfaceSoilMoisture/CARDAMOM][GFDL_ESM4] Success
[DEBUG][9][extractTimeSeries][GISS-E2-1-G] Could not find [mrsos] in the model results
[DEBUG][9][WorkConfront][SurfaceSoilMoisture/CARDAMOM][GISS-E2-1-G]
Traceback (most recent call last):
  File "/home/renatob/miniconda3/envs/ilamb/bin/ilamb-run", line 563, in WorkConfront
    c.confront(m)
  File "/home/renatob/miniconda3/envs/ilamb/lib/python3.11/site-packages/ILAMB/Confrontation.py", line 433, in confront
    obs, mod = self.stageData(m)
               ^^^^^^^^^^^^^^^^^
  File "/home/renatob/miniconda3/envs/ilamb/lib/python3.11/site-packages/ILAMB/Confrontation.py", line 371, in stageData
    mod = m.extractTimeSeries(
          ^^^^^^^^^^^^^^^^^^^^
  File "/home/renatob/miniconda3/envs/ilamb/lib/python3.11/site-packages/ILAMB/ModelResult.py", line 439, in extractTimeSeries
    raise il.VarNotInModel()
ILAMB.ilamblib.VarNotInModel: VarNotInModel

[DEBUG][9][extractTimeSeries][IPSL-CM6A-LR] Could not find [mrsos] in the model results
[DEBUG][9][WorkConfront][SurfaceSoilMoisture/CARDAMOM][IPSL-CM6A-LR]
Traceback (most recent call last):
  File "/home/renatob/miniconda3/envs/ilamb/bin/ilamb-run", line 563, in WorkConfront
    c.confront(m)
  File "/home/renatob/miniconda3/envs/ilamb/lib/python3.11/site-packages/ILAMB/Confrontation.py", line 433, in confront
    obs, mod = self.stageData(m)
               ^^^^^^^^^^^^^^^^^
  File "/home/renatob/miniconda3/envs/ilamb/lib/python3.11/site-packages/ILAMB/Confrontation.py", line 371, in stageData
    mod = m.extractTimeSeries(
          ^^^^^^^^^^^^^^^^^^^^
  File "/home/renatob/miniconda3/envs/ilamb/lib/python3.11/site-packages/ILAMB/ModelResult.py", line 439, in extractTimeSeries
    raise il.VarNotInModel()
ILAMB.ilamblib.VarNotInModel: VarNotInModel

[DEBUG][9][extractTimeSeries][MIROC-ES2L] Could not find [mrsos] in the model results
[DEBUG][9][WorkConfront][SurfaceSoilMoisture/CARDAMOM][MIROC-ES2L]
Traceback (most recent call last):
  File "/home/renatob/miniconda3/envs/ilamb/bin/ilamb-run", line 563, in WorkConfront
    c.confront(m)
  File "/home/renatob/miniconda3/envs/ilamb/lib/python3.11/site-packages/ILAMB/Confrontation.py", line 433, in confront
    obs, mod = self.stageData(m)
               ^^^^^^^^^^^^^^^^^
  File "/home/renatob/miniconda3/envs/ilamb/lib/python3.11/site-packages/ILAMB/Confrontation.py", line 371, in stageData
    mod = m.extractTimeSeries(
          ^^^^^^^^^^^^^^^^^^^^
  File "/home/renatob/miniconda3/envs/ilamb/lib/python3.11/site-packages/ILAMB/ModelResult.py", line 439, in extractTimeSeries
    raise il.VarNotInModel()
ILAMB.ilamblib.VarNotInModel: VarNotInModel

[DEBUG][9][extractTimeSeries][MPI-ESM1-2-LR] Could not find [mrsos] in the model results
[DEBUG][9][WorkConfront][SurfaceSoilMoisture/CARDAMOM][MPI-ESM1-2-LR]
Traceback (most recent call last):
  File "/home/renatob/miniconda3/envs/ilamb/bin/ilamb-run", line 563, in WorkConfront
    c.confront(m)
  File "/home/renatob/miniconda3/envs/ilamb/lib/python3.11/site-packages/ILAMB/Confrontation.py", line 433, in confront
    obs, mod = self.stageData(m)
               ^^^^^^^^^^^^^^^^^
  File "/home/renatob/miniconda3/envs/ilamb/lib/python3.11/site-packages/ILAMB/Confrontation.py", line 371, in stageData
    mod = m.extractTimeSeries(
          ^^^^^^^^^^^^^^^^^^^^
  File "/home/renatob/miniconda3/envs/ilamb/lib/python3.11/site-packages/ILAMB/ModelResult.py", line 439, in extractTimeSeries
    raise il.VarNotInModel()
ILAMB.ilamblib.VarNotInModel: VarNotInModel

[INFO][11][MakeComparable][SurfaceAirTemperature/CARDAMOM][E3SM-1-1] Spatial data was clipped from the comparison:  before: [168 180 360] after: [168 141 360]
[INFO][12][AnalysisMeanStateSpace][pr] Bias scored using Collier2018
[INFO][12][AnalysisMeanStateSpace][pr] RMSE scored using Collier2018
[INFO][12][confront][Precipitation/CARDAMOM][UKESM1-0-LL] Success
[INFO][12][MakeComparable][SurfaceDownwardSWRadiation/CARDAMOM][ACCESS-ESM1-5] Spatial data was clipped from the comparison:  before: [168 145 192] after: [168 113 192]
[INFO][3][AnalysisMeanStateSpace][ra] Bias scored using Collier2018
[INFO][3][AnalysisMeanStateSpace][ra] RMSE scored using Collier2018
[INFO][3][confront][AutotrophicRespiration/CARDAMOM][E3SM-1-1] Success
[INFO][3][MakeComparable][AutotrophicRespiration/CARDAMOM][ENSEMBLE-CMIP6] Spatial data was clipped from the comparison:  before: [168  96 144] after: [168  75 144]
[INFO][11][AnalysisMeanStateSpace][tas] Bias scored using Collier2018
[INFO][12][AnalysisMeanStateSpace][rsds] Bias scored using Collier2018
[INFO][11][AnalysisMeanStateSpace][tas] RMSE scored using Collier2018
[INFO][11][confront][SurfaceAirTemperature/CARDAMOM][E3SM-1-1] Success
[INFO][12][AnalysisMeanStateSpace][rsds] RMSE scored using Collier2018
[INFO][12][confront][SurfaceDownwardSWRadiation/CARDAMOM][ACCESS-ESM1-5] Success
[INFO][11][MakeComparable][SurfaceAirTemperature/CARDAMOM][ENSEMBLE-CMIP6] Spatial data was clipped from the comparison:  before: [168  96 144] after: [168  75 144]
[INFO][12][MakeComparable][SurfaceDownwardSWRadiation/CARDAMOM][BCC-CSM2-MR] Spatial data was clipped from the comparison:  before: [168 160 320] after: [168 125 320]
[INFO][3][AnalysisMeanStateSpace][ra] Bias scored using Collier2018
[INFO][3][AnalysisMeanStateSpace][ra] RMSE scored using Collier2018
[INFO][3][confront][AutotrophicRespiration/CARDAMOM][ENSEMBLE-CMIP6] Success
[INFO][11][AnalysisMeanStateSpace][tas] Bias scored using Collier2018
[INFO][3][MakeComparable][AutotrophicRespiration/CARDAMOM][GFDL_ESM4] Spatial data was clipped from the comparison:  before: [168 180 288] after: [168 141 288]
[INFO][11][AnalysisMeanStateSpace][tas] RMSE scored using Collier2018
[INFO][11][confront][SurfaceAirTemperature/CARDAMOM][ENSEMBLE-CMIP6] Success
[INFO][11][MakeComparable][SurfaceAirTemperature/CARDAMOM][GFDL_ESM4] Spatial data was clipped from the comparison:  before: [168 180 288] after: [168 141 288]
[INFO][12][AnalysisMeanStateSpace][rsds] Bias scored using Collier2018
[INFO][11][AnalysisMeanStateSpace][tas] Bias scored using Collier2018
[INFO][12][AnalysisMeanStateSpace][rsds] RMSE scored using Collier2018
[INFO][12][confront][SurfaceDownwardSWRadiation/CARDAMOM][BCC-CSM2-MR] Success
[INFO][12][MakeComparable][SurfaceDownwardSWRadiation/CARDAMOM][CanESM5] Spatial data was clipped from the comparison:  before: [168  64 128] after: [168  52 128]
[INFO][11][AnalysisMeanStateSpace][tas] RMSE scored using Collier2018
[INFO][11][confront][SurfaceAirTemperature/CARDAMOM][GFDL_ESM4] Success
[DEBUG][11][extractTimeSeries][GISS-E2-1-G] Could not find [tas] in the model results
[DEBUG][11][WorkConfront][SurfaceAirTemperature/CARDAMOM][GISS-E2-1-G]
Traceback (most recent call last):
  File "/home/renatob/miniconda3/envs/ilamb/bin/ilamb-run", line 563, in WorkConfront
    c.confront(m)
  File "/home/renatob/miniconda3/envs/ilamb/lib/python3.11/site-packages/ILAMB/Confrontation.py", line 433, in confront
    obs, mod = self.stageData(m)
               ^^^^^^^^^^^^^^^^^
  File "/home/renatob/miniconda3/envs/ilamb/lib/python3.11/site-packages/ILAMB/Confrontation.py", line 371, in stageData
    mod = m.extractTimeSeries(
          ^^^^^^^^^^^^^^^^^^^^
  File "/home/renatob/miniconda3/envs/ilamb/lib/python3.11/site-packages/ILAMB/ModelResult.py", line 439, in extractTimeSeries
    raise il.VarNotInModel()
ILAMB.ilamblib.VarNotInModel: VarNotInModel

[INFO][11][MakeComparable][SurfaceAirTemperature/CARDAMOM][IPSL-CM6A-LR] Spatial data was clipped from the comparison:  before: [168 143 144] after: [168 111 144]
[INFO][3][AnalysisMeanStateSpace][ra] Bias scored using Collier2018
[INFO][3][AnalysisMeanStateSpace][ra] RMSE scored using Collier2018
[INFO][3][confront][AutotrophicRespiration/CARDAMOM][GFDL_ESM4] Success
[INFO][12][AnalysisMeanStateSpace][rsds] Bias scored using Collier2018
[INFO][12][AnalysisMeanStateSpace][rsds] RMSE scored using Collier2018
[INFO][12][confront][SurfaceDownwardSWRadiation/CARDAMOM][CanESM5] Success
[INFO][12][MakeComparable][SurfaceDownwardSWRadiation/CARDAMOM][CESM2] Spatial data was clipped from the comparison:  before: [168 192 288] after: [168 150 288]
[INFO][11][AnalysisMeanStateSpace][tas] Bias scored using Collier2018
[INFO][11][AnalysisMeanStateSpace][tas] RMSE scored using Collier2018
[INFO][11][confront][SurfaceAirTemperature/CARDAMOM][IPSL-CM6A-LR] Success
[INFO][11][MakeComparable][SurfaceAirTemperature/CARDAMOM][MIROC-ES2L] Spatial data was clipped from the comparison:  before: [168  64 128] after: [168  52 128]
[INFO][11][AnalysisMeanStateSpace][tas] Bias scored using Collier2018
[INFO][11][AnalysisMeanStateSpace][tas] RMSE scored using Collier2018
[INFO][11][confront][SurfaceAirTemperature/CARDAMOM][MIROC-ES2L] Success
[INFO][11][MakeComparable][SurfaceAirTemperature/CARDAMOM][MPI-ESM1-2-LR] Spatial data was clipped from the comparison:  before: [168  96 192] after: [168  77 192]
[INFO][12][AnalysisMeanStateSpace][rsds] Bias scored using Collier2018
[INFO][11][AnalysisMeanStateSpace][tas] Bias scored using Collier2018
[INFO][11][AnalysisMeanStateSpace][tas] RMSE scored using Collier2018
[INFO][11][confront][SurfaceAirTemperature/CARDAMOM][MPI-ESM1-2-LR] Success
[INFO][12][AnalysisMeanStateSpace][rsds] RMSE scored using Collier2018
[INFO][12][confront][SurfaceDownwardSWRadiation/CARDAMOM][CESM2] Success
[INFO][11][MakeComparable][SurfaceAirTemperature/CARDAMOM][NorESM2-LM] Spatial data was clipped from the comparison:  before: [168  96 144] after: [168  75 144]
[INFO][12][MakeComparable][SurfaceDownwardSWRadiation/CARDAMOM][CNRM-ESM2-1] Spatial data was clipped from the comparison:  before: [168 128 256] after: [168 100 256]
[INFO][11][AnalysisMeanStateSpace][tas] Bias scored using Collier2018
[INFO][11][AnalysisMeanStateSpace][tas] RMSE scored using Collier2018
[INFO][11][confront][SurfaceAirTemperature/CARDAMOM][NorESM2-LM] Success
[INFO][11][MakeComparable][SurfaceAirTemperature/CARDAMOM][UKESM1-0-LL] Spatial data was clipped from the comparison:  before: [168 144 192] after: [168 113 192]
[INFO][12][AnalysisMeanStateSpace][rsds] Bias scored using Collier2018
[INFO][12][AnalysisMeanStateSpace][rsds] RMSE scored using Collier2018
[INFO][12][confront][SurfaceDownwardSWRadiation/CARDAMOM][CNRM-ESM2-1] Success
[INFO][12][MakeComparable][SurfaceDownwardSWRadiation/CARDAMOM][E3SM-1-1] Spatial data was clipped from the comparison:  before: [168 180 360] after: [168 141 360]
[INFO][11][AnalysisMeanStateSpace][tas] Bias scored using Collier2018
[INFO][11][AnalysisMeanStateSpace][tas] RMSE scored using Collier2018
[INFO][11][confront][SurfaceAirTemperature/CARDAMOM][UKESM1-0-LL] Success
[INFO][11][MakeComparable][Precipitation/CARDAMOM][ACCESS-ESM1-5] Spatial data was clipped from the comparison:  before: [168 145 192] after: [168 113 192]
[INFO][11][AnalysisMeanStateSpace][pr] Bias scored using Collier2018
[INFO][11][AnalysisMeanStateSpace][pr] RMSE scored using Collier2018
[INFO][11][confront][Precipitation/CARDAMOM][ACCESS-ESM1-5] Success
[DEBUG][11][extractTimeSeries][BCC-CSM2-MR] Could not find [pr] in the model results
[DEBUG][11][WorkConfront][Precipitation/CARDAMOM][BCC-CSM2-MR]
Traceback (most recent call last):
  File "/home/renatob/miniconda3/envs/ilamb/bin/ilamb-run", line 563, in WorkConfront
    c.confront(m)
  File "/home/renatob/miniconda3/envs/ilamb/lib/python3.11/site-packages/ILAMB/Confrontation.py", line 433, in confront
    obs, mod = self.stageData(m)
               ^^^^^^^^^^^^^^^^^
  File "/home/renatob/miniconda3/envs/ilamb/lib/python3.11/site-packages/ILAMB/Confrontation.py", line 371, in stageData
    mod = m.extractTimeSeries(
          ^^^^^^^^^^^^^^^^^^^^
  File "/home/renatob/miniconda3/envs/ilamb/lib/python3.11/site-packages/ILAMB/ModelResult.py", line 439, in extractTimeSeries
    raise il.VarNotInModel()
ILAMB.ilamblib.VarNotInModel: VarNotInModel

[INFO][12][AnalysisMeanStateSpace][rsds] Bias scored using Collier2018
[INFO][11][MakeComparable][Precipitation/CARDAMOM][CanESM5] Spatial data was clipped from the comparison:  before: [168  64 128] after: [168  52 128]
[INFO][12][AnalysisMeanStateSpace][rsds] RMSE scored using Collier2018
[INFO][12][confront][SurfaceDownwardSWRadiation/CARDAMOM][E3SM-1-1] Success
[INFO][12][MakeComparable][SurfaceDownwardSWRadiation/CARDAMOM][ENSEMBLE-CMIP6] Spatial data was clipped from the comparison:  before: [168  96 144] after: [168  75 144]
[INFO][11][AnalysisMeanStateSpace][pr] Bias scored using Collier2018
[INFO][11][AnalysisMeanStateSpace][pr] RMSE scored using Collier2018
[INFO][11][confront][Precipitation/CARDAMOM][CanESM5] Success
[INFO][11][MakeComparable][Precipitation/CARDAMOM][CESM2] Spatial data was clipped from the comparison:  before: [168 192 288] after: [168 150 288]
[INFO][12][AnalysisMeanStateSpace][rsds] Bias scored using Collier2018
[INFO][12][AnalysisMeanStateSpace][rsds] RMSE scored using Collier2018
[INFO][12][confront][SurfaceDownwardSWRadiation/CARDAMOM][ENSEMBLE-CMIP6] Success
[INFO][12][MakeComparable][SurfaceDownwardSWRadiation/CARDAMOM][GFDL_ESM4] Spatial data was clipped from the comparison:  before: [168 180 288] after: [168 141 288]
[INFO][12][AnalysisMeanStateSpace][rsds] Bias scored using Collier2018
[INFO][12][AnalysisMeanStateSpace][rsds] RMSE scored using Collier2018
[INFO][12][confront][SurfaceDownwardSWRadiation/CARDAMOM][GFDL_ESM4] Success
[DEBUG][12][extractTimeSeries][GISS-E2-1-G] Could not find [rsds] in the model results
[DEBUG][12][WorkConfront][SurfaceDownwardSWRadiation/CARDAMOM][GISS-E2-1-G]
Traceback (most recent call last):
  File "/home/renatob/miniconda3/envs/ilamb/bin/ilamb-run", line 563, in WorkConfront
    c.confront(m)
  File "/home/renatob/miniconda3/envs/ilamb/lib/python3.11/site-packages/ILAMB/Confrontation.py", line 433, in confront
    obs, mod = self.stageData(m)
               ^^^^^^^^^^^^^^^^^
  File "/home/renatob/miniconda3/envs/ilamb/lib/python3.11/site-packages/ILAMB/Confrontation.py", line 371, in stageData
    mod = m.extractTimeSeries(
          ^^^^^^^^^^^^^^^^^^^^
  File "/home/renatob/miniconda3/envs/ilamb/lib/python3.11/site-packages/ILAMB/ModelResult.py", line 439, in extractTimeSeries
    raise il.VarNotInModel()
ILAMB.ilamblib.VarNotInModel: VarNotInModel

[INFO][11][AnalysisMeanStateSpace][pr] Bias scored using Collier2018
[INFO][12][MakeComparable][SurfaceDownwardSWRadiation/CARDAMOM][IPSL-CM6A-LR] Spatial data was clipped from the comparison:  before: [168 143 144] after: [168 111 144]
[INFO][11][AnalysisMeanStateSpace][pr] RMSE scored using Collier2018
[INFO][11][confront][Precipitation/CARDAMOM][CESM2] Success
[INFO][11][MakeComparable][Precipitation/CARDAMOM][CNRM-ESM2-1] Spatial data was clipped from the comparison:  before: [168 128 256] after: [168 100 256]
[INFO][12][AnalysisMeanStateSpace][rsds] Bias scored using Collier2018
[INFO][12][AnalysisMeanStateSpace][rsds] RMSE scored using Collier2018
[INFO][12][confront][SurfaceDownwardSWRadiation/CARDAMOM][IPSL-CM6A-LR] Success
[INFO][12][MakeComparable][SurfaceDownwardSWRadiation/CARDAMOM][MIROC-ES2L] Spatial data was clipped from the comparison:  before: [168  64 128] after: [168  52 128]
[INFO][12][AnalysisMeanStateSpace][rsds] Bias scored using Collier2018
[INFO][11][AnalysisMeanStateSpace][pr] Bias scored using Collier2018
[INFO][12][AnalysisMeanStateSpace][rsds] RMSE scored using Collier2018
[INFO][12][confront][SurfaceDownwardSWRadiation/CARDAMOM][MIROC-ES2L] Success
[INFO][12][MakeComparable][SurfaceDownwardSWRadiation/CARDAMOM][MPI-ESM1-2-LR] Spatial data was clipped from the comparison:  before: [168  96 192] after: [168  77 192]
[INFO][11][AnalysisMeanStateSpace][pr] RMSE scored using Collier2018
[INFO][11][confront][Precipitation/CARDAMOM][CNRM-ESM2-1] Success
[INFO][11][MakeComparable][Precipitation/CARDAMOM][E3SM-1-1] Spatial data was clipped from the comparison:  before: [168 180 360] after: [168 141 360]
[INFO][12][AnalysisMeanStateSpace][rsds] Bias scored using Collier2018
[INFO][12][AnalysisMeanStateSpace][rsds] RMSE scored using Collier2018
[INFO][12][confront][SurfaceDownwardSWRadiation/CARDAMOM][MPI-ESM1-2-LR] Success
[INFO][12][MakeComparable][SurfaceDownwardSWRadiation/CARDAMOM][NorESM2-LM] Spatial data was clipped from the comparison:  before: [168  96 144] after: [168  75 144]
[INFO][12][AnalysisMeanStateSpace][rsds] Bias scored using Collier2018
[INFO][12][AnalysisMeanStateSpace][rsds] RMSE scored using Collier2018
[INFO][12][confront][SurfaceDownwardSWRadiation/CARDAMOM][NorESM2-LM] Success
[INFO][12][MakeComparable][SurfaceDownwardSWRadiation/CARDAMOM][UKESM1-0-LL] Spatial data was clipped from the comparison:  before: [168 144 192] after: [168 113 192]
[INFO][11][AnalysisMeanStateSpace][pr] Bias scored using Collier2018
[INFO][11][AnalysisMeanStateSpace][pr] RMSE scored using Collier2018
[INFO][11][confront][Precipitation/CARDAMOM][E3SM-1-1] Success
[INFO][11][MakeComparable][Precipitation/CARDAMOM][ENSEMBLE-CMIP6] Spatial data was clipped from the comparison:  before: [168  96 144] after: [168  75 144]
[INFO][12][AnalysisMeanStateSpace][rsds] Bias scored using Collier2018
[INFO][12][AnalysisMeanStateSpace][rsds] RMSE scored using Collier2018
[INFO][12][confront][SurfaceDownwardSWRadiation/CARDAMOM][UKESM1-0-LL] Success
[INFO][11][AnalysisMeanStateSpace][pr] Bias scored using Collier2018
[INFO][11][AnalysisMeanStateSpace][pr] RMSE scored using Collier2018
[INFO][11][confront][Precipitation/CARDAMOM][ENSEMBLE-CMIP6] Success
[INFO][11][MakeComparable][Precipitation/CARDAMOM][GFDL_ESM4] Spatial data was clipped from the comparison:  before: [168 180 288] after: [168 141 288]
[INFO][11][AnalysisMeanStateSpace][pr] Bias scored using Collier2018
[INFO][11][AnalysisMeanStateSpace][pr] RMSE scored using Collier2018
[INFO][11][confront][Precipitation/CARDAMOM][GFDL_ESM4] Success
[DEBUG][11][extractTimeSeries][GISS-E2-1-G] Could not find [pr] in the model results
[DEBUG][11][WorkConfront][Precipitation/CARDAMOM][GISS-E2-1-G]
Traceback (most recent call last):
  File "/home/renatob/miniconda3/envs/ilamb/bin/ilamb-run", line 563, in WorkConfront
    c.confront(m)
  File "/home/renatob/miniconda3/envs/ilamb/lib/python3.11/site-packages/ILAMB/Confrontation.py", line 433, in confront
    obs, mod = self.stageData(m)
               ^^^^^^^^^^^^^^^^^
  File "/home/renatob/miniconda3/envs/ilamb/lib/python3.11/site-packages/ILAMB/Confrontation.py", line 371, in stageData
    mod = m.extractTimeSeries(
          ^^^^^^^^^^^^^^^^^^^^
  File "/home/renatob/miniconda3/envs/ilamb/lib/python3.11/site-packages/ILAMB/ModelResult.py", line 439, in extractTimeSeries
    raise il.VarNotInModel()
ILAMB.ilamblib.VarNotInModel: VarNotInModel

[INFO][2][modelPlots][LeafAreaIndex/AVHRR][MPI-ESM1-2-LR] Success
[INFO][0][modelPlots][Biomass/CARDAMOM][ACCESS-ESM1-5] Success
[INFO][4][modelPlots][AutotrophicRespiration/CARDAMOM][GISS-E2-1-G] Success
[INFO][6][modelPlots][Evapotranspiration/CARDAMOM][ENSEMBLE-CMIP6] Success
[INFO][5][modelPlots][HeterotrophicRespiration/CARDAMOM][UKESM1-0-LL] Success
[INFO][7][modelPlots][Runoff/CARDAMOM][CNRM-ESM2-1] Success
[INFO][3][modelPlots][EcosystemRespiration/CARDAMOM][CanESM5] Success
[INFO][1][modelPlots][GrossPrimaryProductivity/CARDAMOM][E3SM-1-1] Success
[INFO][2][modelPlots][LeafAreaIndex/AVHRR][NorESM2-LM] Success
[INFO][0][modelPlots][Biomass/CARDAMOM][BCC-CSM2-MR] Success
[INFO][5][modelPlots][SoilCarbon/CARDAMOM][ACCESS-ESM1-5] Success
[INFO][4][modelPlots][AutotrophicRespiration/CARDAMOM][IPSL-CM6A-LR] Success
[INFO][7][modelPlots][Runoff/CARDAMOM][ENSEMBLE-CMIP6] Success
[INFO][2][modelPlots][LeafAreaIndex/AVHRR][UKESM1-0-LL] Success
[INFO][0][modelPlots][Biomass/CARDAMOM][CanESM5] Success
[INFO][1][modelPlots][GrossPrimaryProductivity/CARDAMOM][ENSEMBLE-CMIP6] Success
[INFO][3][modelPlots][EcosystemRespiration/CARDAMOM][CESM2] Success
[INFO][5][modelPlots][SoilCarbon/CARDAMOM][BCC-CSM2-MR] Success
[INFO][4][modelPlots][AutotrophicRespiration/CARDAMOM][MIROC-ES2L] Success
[INFO][7][modelPlots][Runoff/CARDAMOM][GFDL_ESM4] Success
[INFO][0][modelPlots][Biomass/CARDAMOM][CESM2] Success
[INFO][2][modelPlots][GlobalNetEcosystemCarbonBalance/CARDAMOM][ACCESS-ESM1-5] Success
[INFO][5][modelPlots][SoilCarbon/CARDAMOM][CanESM5] Success
[INFO][4][modelPlots][AutotrophicRespiration/CARDAMOM][MPI-ESM1-2-LR] Success
[INFO][3][modelPlots][EcosystemRespiration/CARDAMOM][CNRM-ESM2-1] Success
[INFO][1][modelPlots][GrossPrimaryProductivity/CARDAMOM][GFDL_ESM4] Success
[INFO][0][modelPlots][Biomass/CARDAMOM][CNRM-ESM2-1] Success
[INFO][5][modelPlots][SoilCarbon/CARDAMOM][CESM2] Success
[INFO][2][modelPlots][GlobalNetEcosystemCarbonBalance/CARDAMOM][CanESM5] Success
[INFO][4][modelPlots][AutotrophicRespiration/CARDAMOM][NorESM2-LM] Success
[INFO][0][modelPlots][Biomass/CARDAMOM][E3SM-1-1] Success
[INFO][1][modelPlots][GrossPrimaryProductivity/CARDAMOM][GISS-E2-1-G] Success
[INFO][5][modelPlots][SoilCarbon/CARDAMOM][ENSEMBLE-CMIP6] Success
[INFO][3][modelPlots][EcosystemRespiration/CARDAMOM][E3SM-1-1] Success
[INFO][2][modelPlots][GlobalNetEcosystemCarbonBalance/CARDAMOM][CESM2] Success
[INFO][0][modelPlots][Biomass/CARDAMOM][ENSEMBLE-CMIP6] Success
[INFO][4][modelPlots][AutotrophicRespiration/CARDAMOM][UKESM1-0-LL] Success
[INFO][5][modelPlots][SoilCarbon/CARDAMOM][GFDL_ESM4] Success
[INFO][1][modelPlots][GrossPrimaryProductivity/CARDAMOM][IPSL-CM6A-LR] Success
[INFO][2][modelPlots][GlobalNetEcosystemCarbonBalance/CARDAMOM][CNRM-ESM2-1] Success
[INFO][3][modelPlots][EcosystemRespiration/CARDAMOM][ENSEMBLE-CMIP6] Success
[INFO][0][modelPlots][Biomass/CARDAMOM][GFDL_ESM4] Success
[INFO][5][modelPlots][SoilCarbon/CARDAMOM][GISS-E2-1-G] Success
[INFO][4][modelPlots][HeterotrophicRespiration/CARDAMOM][ACCESS-ESM1-5] Success
[INFO][0][modelPlots][Biomass/CARDAMOM][IPSL-CM6A-LR] Success
[INFO][2][modelPlots][GlobalNetEcosystemCarbonBalance/CARDAMOM][E3SM-1-1] Success
[INFO][5][modelPlots][SoilCarbon/CARDAMOM][IPSL-CM6A-LR] Success
[INFO][1][modelPlots][GrossPrimaryProductivity/CARDAMOM][MIROC-ES2L] Success
[INFO][3][modelPlots][EcosystemRespiration/CARDAMOM][GFDL_ESM4] Success
[INFO][0][modelPlots][Biomass/CARDAMOM][MIROC-ES2L] Success
[INFO][5][modelPlots][SoilCarbon/CARDAMOM][MIROC-ES2L] Success
[INFO][2][modelPlots][GlobalNetEcosystemCarbonBalance/CARDAMOM][ENSEMBLE-CMIP6] Success
[INFO][4][modelPlots][HeterotrophicRespiration/CARDAMOM][BCC-CSM2-MR] Success
[INFO][1][modelPlots][GrossPrimaryProductivity/CARDAMOM][MPI-ESM1-2-LR] Success
[INFO][0][modelPlots][Biomass/CARDAMOM][MPI-ESM1-2-LR] Success
[INFO][5][modelPlots][SoilCarbon/CARDAMOM][MPI-ESM1-2-LR] Success
[INFO][3][modelPlots][EcosystemRespiration/CARDAMOM][IPSL-CM6A-LR] Success
[INFO][2][modelPlots][GlobalNetEcosystemCarbonBalance/CARDAMOM][GFDL_ESM4] Success
[INFO][4][modelPlots][HeterotrophicRespiration/CARDAMOM][CanESM5] Success
[INFO][0][modelPlots][Biomass/CARDAMOM][NorESM2-LM] Success
[INFO][5][modelPlots][SoilCarbon/CARDAMOM][NorESM2-LM] Success
[INFO][1][modelPlots][GrossPrimaryProductivity/CARDAMOM][NorESM2-LM] Success
[INFO][3][modelPlots][EcosystemRespiration/CARDAMOM][MIROC-ES2L] Success
[INFO][2][modelPlots][GlobalNetEcosystemCarbonBalance/CARDAMOM][IPSL-CM6A-LR] Success
[INFO][0][modelPlots][Biomass/CARDAMOM][UKESM1-0-LL] Success
[INFO][5][modelPlots][SoilCarbon/CARDAMOM][UKESM1-0-LL] Success
[INFO][4][modelPlots][HeterotrophicRespiration/CARDAMOM][CESM2] Success
[INFO][2][modelPlots][GlobalNetEcosystemCarbonBalance/CARDAMOM][MIROC-ES2L] Success
[INFO][1][modelPlots][GrossPrimaryProductivity/CARDAMOM][UKESM1-0-LL] Success
[INFO][0][modelPlots][GrossPrimaryProductivity/CARDAMOM][ACCESS-ESM1-5] Success
[INFO][3][modelPlots][EcosystemRespiration/CARDAMOM][MPI-ESM1-2-LR] Success
[INFO][2][modelPlots][GlobalNetEcosystemCarbonBalance/CARDAMOM][MPI-ESM1-2-LR] Success
[INFO][4][modelPlots][HeterotrophicRespiration/CARDAMOM][CNRM-ESM2-1] Success
[INFO][1][modelPlots][LeafAreaIndex/AVHRR][ACCESS-ESM1-5] Success
[INFO][0][modelPlots][GrossPrimaryProductivity/CARDAMOM][BCC-CSM2-MR] Success
[INFO][3][modelPlots][EcosystemRespiration/CARDAMOM][NorESM2-LM] Success
[INFO][2][modelPlots][GlobalNetEcosystemCarbonBalance/CARDAMOM][NorESM2-LM] Success
[INFO][1][modelPlots][LeafAreaIndex/AVHRR][BCC-CSM2-MR] Success
[INFO][4][modelPlots][HeterotrophicRespiration/CARDAMOM][E3SM-1-1] Success
[INFO][0][modelPlots][GrossPrimaryProductivity/CARDAMOM][CanESM5] Success
[INFO][3][modelPlots][EcosystemRespiration/CARDAMOM][UKESM1-0-LL] Success
[INFO][2][modelPlots][GlobalNetEcosystemCarbonBalance/CARDAMOM][UKESM1-0-LL] Success
[INFO][1][modelPlots][LeafAreaIndex/AVHRR][CanESM5] Success
[INFO][4][modelPlots][HeterotrophicRespiration/CARDAMOM][ENSEMBLE-CMIP6] Success
[INFO][0][modelPlots][GrossPrimaryProductivity/CARDAMOM][CESM2] Success
[INFO][2][modelPlots][EcosystemRespiration/CARDAMOM][ACCESS-ESM1-5] Success
[INFO][3][modelPlots][AutotrophicRespiration/CARDAMOM][ACCESS-ESM1-5] Success
[INFO][1][modelPlots][LeafAreaIndex/AVHRR][CESM2] Success
[INFO][0][modelPlots][GrossPrimaryProductivity/CARDAMOM][CNRM-ESM2-1] Success
[INFO][4][modelPlots][HeterotrophicRespiration/CARDAMOM][GFDL_ESM4] Success
[INFO][2][modelPlots][EcosystemRespiration/CARDAMOM][BCC-CSM2-MR] Success
[INFO][1][modelPlots][LeafAreaIndex/AVHRR][CNRM-ESM2-1] Success
[INFO][3][modelPlots][AutotrophicRespiration/CARDAMOM][BCC-CSM2-MR] Success
[INFO][4][modelPlots][HeterotrophicRespiration/CARDAMOM][IPSL-CM6A-LR] Success
[INFO][1][modelPlots][LeafAreaIndex/AVHRR][E3SM-1-1] Success
[INFO][3][modelPlots][AutotrophicRespiration/CARDAMOM][CanESM5] Success
[INFO][1][modelPlots][LeafAreaIndex/AVHRR][ENSEMBLE-CMIP6] Success
[INFO][4][modelPlots][HeterotrophicRespiration/CARDAMOM][MIROC-ES2L] Success
[INFO][3][modelPlots][AutotrophicRespiration/CARDAMOM][CESM2] Success
[INFO][1][modelPlots][LeafAreaIndex/AVHRR][GFDL_ESM4] Success
[INFO][4][modelPlots][HeterotrophicRespiration/CARDAMOM][MPI-ESM1-2-LR] Success
[INFO][1][modelPlots][LeafAreaIndex/AVHRR][GISS-E2-1-G] Success
[INFO][3][modelPlots][AutotrophicRespiration/CARDAMOM][CNRM-ESM2-1] Success
[INFO][4][modelPlots][HeterotrophicRespiration/CARDAMOM][NorESM2-LM] Success
[INFO][1][modelPlots][LeafAreaIndex/AVHRR][IPSL-CM6A-LR] Success
[INFO][8][modelPlots][TerrestrialWaterStorageAnomaly/CARDAMOM][ENSEMBLE-CMIP6] Success
[INFO][12][modelPlots][Precipitation/CARDAMOM][IPSL-CM6A-LR] Success
[INFO][10][modelPlots][SurfaceAirTemperature/CARDAMOM][ACCESS-ESM1-5] Success
[INFO][9][modelPlots][SurfaceSoilMoisture/CARDAMOM][CNRM-ESM2-1] Success
[INFO][3][modelPlots][AutotrophicRespiration/CARDAMOM][E3SM-1-1] Success
[INFO][11][modelPlots][SurfaceAirTemperature/CARDAMOM][CESM2] Success
[INFO][1][modelPlots][LeafAreaIndex/AVHRR][MIROC-ES2L] Success
[INFO][12][modelPlots][Precipitation/CARDAMOM][MIROC-ES2L] Success
[INFO][10][modelPlots][SurfaceAirTemperature/CARDAMOM][CanESM5] Success
[INFO][9][modelPlots][SurfaceSoilMoisture/CARDAMOM][ENSEMBLE-CMIP6] Success
[INFO][11][modelPlots][SurfaceAirTemperature/CARDAMOM][CNRM-ESM2-1] Success
[INFO][3][modelPlots][AutotrophicRespiration/CARDAMOM][ENSEMBLE-CMIP6] Success
[INFO][12][modelPlots][Precipitation/CARDAMOM][MPI-ESM1-2-LR] Success
[INFO][9][modelPlots][SurfaceSoilMoisture/CARDAMOM][GFDL_ESM4] Success
[INFO][11][modelPlots][SurfaceAirTemperature/CARDAMOM][E3SM-1-1] Success
[INFO][12][modelPlots][Precipitation/CARDAMOM][NorESM2-LM] Success
[INFO][3][modelPlots][AutotrophicRespiration/CARDAMOM][GFDL_ESM4] Success
[INFO][11][modelPlots][SurfaceAirTemperature/CARDAMOM][ENSEMBLE-CMIP6] Success
[INFO][12][modelPlots][Precipitation/CARDAMOM][UKESM1-0-LL] Success
[INFO][11][modelPlots][SurfaceAirTemperature/CARDAMOM][GFDL_ESM4] Success
[INFO][12][modelPlots][SurfaceDownwardSWRadiation/CARDAMOM][ACCESS-ESM1-5] Success
[INFO][11][modelPlots][SurfaceAirTemperature/CARDAMOM][IPSL-CM6A-LR] Success
[INFO][12][modelPlots][SurfaceDownwardSWRadiation/CARDAMOM][BCC-CSM2-MR] Success
[INFO][11][modelPlots][SurfaceAirTemperature/CARDAMOM][MIROC-ES2L] Success
[INFO][12][modelPlots][SurfaceDownwardSWRadiation/CARDAMOM][CanESM5] Success
[INFO][11][modelPlots][SurfaceAirTemperature/CARDAMOM][MPI-ESM1-2-LR] Success
[INFO][12][modelPlots][SurfaceDownwardSWRadiation/CARDAMOM][CESM2] Success
[INFO][11][modelPlots][SurfaceAirTemperature/CARDAMOM][NorESM2-LM] Success
[INFO][12][modelPlots][SurfaceDownwardSWRadiation/CARDAMOM][CNRM-ESM2-1] Success
[INFO][11][modelPlots][SurfaceAirTemperature/CARDAMOM][UKESM1-0-LL] Success
[INFO][12][modelPlots][SurfaceDownwardSWRadiation/CARDAMOM][E3SM-1-1] Success
[INFO][11][modelPlots][Precipitation/CARDAMOM][ACCESS-ESM1-5] Success
[INFO][12][modelPlots][SurfaceDownwardSWRadiation/CARDAMOM][ENSEMBLE-CMIP6] Success
[INFO][11][modelPlots][Precipitation/CARDAMOM][CanESM5] Success
[INFO][12][modelPlots][SurfaceDownwardSWRadiation/CARDAMOM][GFDL_ESM4] Success
[INFO][11][modelPlots][Precipitation/CARDAMOM][CESM2] Success
[INFO][12][modelPlots][SurfaceDownwardSWRadiation/CARDAMOM][IPSL-CM6A-LR] Success
[INFO][11][modelPlots][Precipitation/CARDAMOM][CNRM-ESM2-1] Success
[INFO][12][modelPlots][SurfaceDownwardSWRadiation/CARDAMOM][MIROC-ES2L] Success
[INFO][11][modelPlots][Precipitation/CARDAMOM][E3SM-1-1] Success
[INFO][12][modelPlots][SurfaceDownwardSWRadiation/CARDAMOM][MPI-ESM1-2-LR] Success
[INFO][11][modelPlots][Precipitation/CARDAMOM][ENSEMBLE-CMIP6] Success
[INFO][12][modelPlots][SurfaceDownwardSWRadiation/CARDAMOM][NorESM2-LM] Success
[INFO][11][modelPlots][Precipitation/CARDAMOM][GFDL_ESM4] Success
[INFO][12][modelPlots][SurfaceDownwardSWRadiation/CARDAMOM][UKESM1-0-LL] Success
[INFO][11][<module>][process time] 138.7 s
[INFO][12][<module>][process time] 133.3 s
[INFO][9][<module>][process time] 24.4 s
[INFO][10][<module>][process time] 13.6 s
[INFO][8][<module>][process time] 16.8 s
[INFO][7][<module>][process time] 26.5 s
[INFO][0][<module>][process time] 147.2 s
[INFO][3][<module>][process time] 206.5 s
[INFO][6][<module>][process time] 8.0 s
[INFO][1][<module>][process time] 173.8 s
[INFO][2][<module>][process time] 136.9 s
[INFO][5][<module>][process time] 90.3 s
[INFO][4][<module>][process time] 173.7 s
[INFO][0][<module>][total time] 344.3 s
[INFO][0][<module>][process balance] 25.71
[INFO][0][<module>][parallel efficiency] 29%
