{"Ecosystem and Carbon Cycle": {"children": {"Gross Primary Productivity": {"children": {"FLUXNET2015": {"children": {}, "Bias Score global": [1.3333882266780577, -999.0, -1.074807918198971, -0.2585803084790866], "Seasonal Cycle Score global": [0.8834616530967522, -999.0, -1.3980893527458818, 0.5146276996491297], "RMSE Score global": [0.8215436474961035, -999.0, -1.0110402151081914, 0.18949656761209077], "Overall Score global": [-999.0, -999.0, -0.7325878751813841, 0.7325878751813841]}, "FLUXCOM": {"children": {}, "Spatial Distribution Score global": [0.8189802874452534, -999.0, -0.7474430400480792, -0.07153724739717982], "Seasonal Cycle Score global": [1.130912397400135, -999.0, -1.3008321991617418, 0.1699198017616135], "Bias Score global": [0.8091998110652224, -999.0, -1.4090384299476242, 0.5998386188823981], "RMSE Score global": [1.3153159284426008, -999.0, -1.107611302123003, -0.20770462631959874], "Overall Score global": [1.1977860341286823, -999.0, -1.2500316062561598, 0.052245572127486886]}, "WECANN": {"children": {}, "Spatial Distribution Score global": [-0.9999999999999982, -999.0, -999.0, 1.0000000000000018], "Seasonal Cycle Score global": [0.42649950258045743, -999.0, -999.0, -0.42649950258045743], "Bias Score global": [-0.9999999999999988, -999.0, -999.0, 1.0000000000000013], "RMSE Score global": [1.0, -999.0, -999.0, -1.0], "Overall Score global": [-0.24800493927844558, -999.0, -999.0, 0.24800493927845113]}}, "Bias Score global": [-0.16954170941214652, -999.0, -999.0, 0.16954170941214652], "Seasonal Cycle Score global": [0.5518366632406624, -999.0, -999.0, -0.5518366632406568], "RMSE Score global": [1.0, -999.0, -999.0, -1.0], "Overall Score global": [-999.0, -999.0, -999.0, 0.0]}}, "Bias Score global": [-0.16954170941214652, -999.0, -999.0, 0.16954170941214652], "Seasonal Cycle Score global": [0.5518366632406624, -999.0, -999.0, -0.5518366632406568], "RMSE Score global": [1.0, -999.0, -999.0, -1.0], "Overall Score global": [-999.0, -999.0, -999.0, 0.0]}, "Relationships": {"children": {"GrossPrimaryProductivity/FLUXNET2015": {"children": {"Precipitation/GPCPv2.3": {"children": {}, "Overall Score global": [-999.0, -999.0, 0.0, 0.0]}, "SurfaceDownwardSWRadiation/CERESed4.1": {"children": {}, "Overall Score global": [-999.0, -999.0, 0.0, 0.0]}, "SurfaceAirTemperature/CRU4.02": {"children": {}, "Overall Score global": [-999.0, -999.0, 0.0, 0.0]}}, "Overall Score global": [-999.0, -999.0, 0.0, 0.0]}, "GrossPrimaryProductivity/FLUXCOM": {"children": {"Precipitation/GPCPv2.3": {"children": {}, "Overall Score global": [0.0, -999.0, 0.0, 0.0]}, "SurfaceDownwardSWRadiation/CERESed4.1": {"children": {}, "Overall Score global": [0.0, -999.0, 0.0, 0.0]}, "SurfaceAirTemperature/CRU4.02": {"children": {}, "Overall Score global": [0.0, -999.0, 0.0, 0.0]}}, "Overall Score global": [0.0, -999.0, 0.0, 0.0]}, "GrossPrimaryProductivity/WECANN": {"children": {"Precipitation/GPCPv2.3": {"children": {}, "Overall Score global": [0.0, -999.0, -999.0, 0.0]}, "SurfaceDownwardSWRadiation/CERESed4.1": {"children": {}, "Overall Score global": [0.0, -999.0, -999.0, 0.0]}, "SurfaceAirTemperature/CRU4.02": {"children": {}, "Overall Score global": [0.0, -999.0, -999.0, 0.0]}}, "Overall Score global": [0.0, -999.0, -999.0, 0.0]}}, "Overall Score global": [-999.0, -999.0, -999.0, 0.0]}}