"Section","Variable","Source","Model","ScalarName","AnalysisType","Region","ScalarType","Units","Data","Weight"
"Forcings","Precipitation","ERA5","CARDAMOM","Benchmark Period Mean (intersection)","MeanState","global","scalar","mm d-1","2.41535","30.0"
"Forcings","Precipitation","ERA5","CARDAMOM","Benchmark Period Mean (complement)","MeanState","global","scalar","mm d-1","3.55321","30.0"
"Forcings","Precipitation","ERA5","CARDAMOM","Period Mean (original grids)","MeanState","global","scalar","mm d-1","2.48272","30.0"
"Forcings","Precipitation","ERA5","CARDAMOM","Model Period Mean (intersection)","MeanState","global","scalar","mm d-1","2.43764","30.0"
"Forcings","Precipitation","ERA5","CARDAMOM","Model Period Mean (complement)","MeanState","global","scalar","mm d-1","nan","30.0"
"Forcings","Precipitation","ERA5","CARDAMOM","Spatial Distribution Score","MeanState","global","score","1","0.959779","30.0"
"Forcings","Precipitation","ERA5","CARDAMOM","Phase Shift","MeanState","global","scalar","months","0.759818","30.0"
"Forcings","Precipitation","ERA5","CARDAMOM","Seasonal Cycle Score","MeanState","global","score","1","0.895474","30.0"
"Forcings","Precipitation","ERA5","CARDAMOM","Bias","MeanState","global","scalar","mm d-1","0.0234245","30.0"
"Forcings","Precipitation","ERA5","CARDAMOM","Bias Score","MeanState","global","score","1","0.776771","30.0"
"Forcings","Precipitation","ERA5","CARDAMOM","RMSE","MeanState","global","scalar","mm d-1","0.755079","30.0"
"Forcings","Precipitation","ERA5","CARDAMOM","RMSE Score","MeanState","global","score","1","0.768512","30.0"
"Forcings","Precipitation","ERA5","CARDAMOM","Overall Score","MeanState","global","score","1","0.83381","30.0"
"Forcings","Precipitation","ERA5","ENSEMBLE-CMIP6","Benchmark Period Mean (intersection)","MeanState","global","scalar","mm d-1","2.55301","30.0"
"Forcings","Precipitation","ERA5","ENSEMBLE-CMIP6","Benchmark Period Mean (complement)","MeanState","global","scalar","mm d-1","nan","30.0"
"Forcings","Precipitation","ERA5","ENSEMBLE-CMIP6","Period Mean (original grids)","MeanState","global","scalar","mm d-1","2.58604","30.0"
"Forcings","Precipitation","ERA5","ENSEMBLE-CMIP6","Model Period Mean (intersection)","MeanState","global","scalar","mm d-1","2.57404","30.0"
"Forcings","Precipitation","ERA5","ENSEMBLE-CMIP6","Model Period Mean (complement)","MeanState","global","scalar","mm d-1","nan","30.0"
"Forcings","Precipitation","ERA5","ENSEMBLE-CMIP6","Spatial Distribution Score","MeanState","global","score","1","0.940804","30.0"
"Forcings","Precipitation","ERA5","ENSEMBLE-CMIP6","Phase Shift","MeanState","global","scalar","months","1.07896","30.0"
"Forcings","Precipitation","ERA5","ENSEMBLE-CMIP6","Seasonal Cycle Score","MeanState","global","score","1","0.867973","30.0"
"Forcings","Precipitation","ERA5","ENSEMBLE-CMIP6","Bias","MeanState","global","scalar","mm d-1","0.0226386","30.0"
"Forcings","Precipitation","ERA5","ENSEMBLE-CMIP6","Bias Score","MeanState","global","score","1","0.728765","30.0"
"Forcings","Precipitation","ERA5","ENSEMBLE-CMIP6","RMSE","MeanState","global","scalar","mm d-1","0.988602","30.0"
"Forcings","Precipitation","ERA5","ENSEMBLE-CMIP6","RMSE Score","MeanState","global","score","1","0.697582","30.0"
"Forcings","Precipitation","ERA5","ENSEMBLE-CMIP6","Overall Score","MeanState","global","score","1","0.786541","30.0"
"Forcings","Precipitation","GPCCv2018","CARDAMOM","Benchmark Period Mean (intersection)","MeanState","global","scalar","mm d-1","2.18913","40.0"
"Forcings","Precipitation","GPCCv2018","CARDAMOM","Benchmark Period Mean (complement)","MeanState","global","scalar","mm d-1","3.3798","40.0"
"Forcings","Precipitation","GPCCv2018","CARDAMOM","Period Mean (original grids)","MeanState","global","scalar","mm d-1","2.47606","40.0"
"Forcings","Precipitation","GPCCv2018","CARDAMOM","Model Period Mean (intersection)","MeanState","global","scalar","mm d-1","2.41564","40.0"
"Forcings","Precipitation","GPCCv2018","CARDAMOM","Model Period Mean (complement)","MeanState","global","scalar","mm d-1","2.97045","40.0"
"Forcings","Precipitation","GPCCv2018","CARDAMOM","Spatial Distribution Score","MeanState","global","score","1","0.966863","40.0"
"Forcings","Precipitation","GPCCv2018","CARDAMOM","Phase Shift","MeanState","global","scalar","months","0.867271","40.0"
"Forcings","Precipitation","GPCCv2018","CARDAMOM","Seasonal Cycle Score","MeanState","global","score","1","0.887414","40.0"
"Forcings","Precipitation","GPCCv2018","CARDAMOM","Bias","MeanState","global","scalar","mm d-1","0.226465","40.0"
"Forcings","Precipitation","GPCCv2018","CARDAMOM","Bias Score","MeanState","global","score","1","0.751102","40.0"
"Forcings","Precipitation","GPCCv2018","CARDAMOM","RMSE","MeanState","global","scalar","mm d-1","0.883444","40.0"
"Forcings","Precipitation","GPCCv2018","CARDAMOM","RMSE Score","MeanState","global","score","1","0.728951","40.0"
"Forcings","Precipitation","GPCCv2018","CARDAMOM","Overall Score","MeanState","global","score","1","0.812656","40.0"
"Forcings","Precipitation","GPCCv2018","ENSEMBLE-CMIP6","Benchmark Period Mean (intersection)","MeanState","global","scalar","mm d-1","2.26138","40.0"
"Forcings","Precipitation","GPCCv2018","ENSEMBLE-CMIP6","Benchmark Period Mean (complement)","MeanState","global","scalar","mm d-1","nan","40.0"
"Forcings","Precipitation","GPCCv2018","ENSEMBLE-CMIP6","Period Mean (original grids)","MeanState","global","scalar","mm d-1","2.58624","40.0"
"Forcings","Precipitation","GPCCv2018","ENSEMBLE-CMIP6","Model Period Mean (intersection)","MeanState","global","scalar","mm d-1","2.53037","40.0"
"Forcings","Precipitation","GPCCv2018","ENSEMBLE-CMIP6","Model Period Mean (complement)","MeanState","global","scalar","mm d-1","3.20493","40.0"
"Forcings","Precipitation","GPCCv2018","ENSEMBLE-CMIP6","Spatial Distribution Score","MeanState","global","score","1","0.956616","40.0"
"Forcings","Precipitation","GPCCv2018","ENSEMBLE-CMIP6","Phase Shift","MeanState","global","scalar","months","1.14756","40.0"
"Forcings","Precipitation","GPCCv2018","ENSEMBLE-CMIP6","Seasonal Cycle Score","MeanState","global","score","1","0.852766","40.0"
"Forcings","Precipitation","GPCCv2018","ENSEMBLE-CMIP6","Bias","MeanState","global","scalar","mm d-1","0.269029","40.0"
"Forcings","Precipitation","GPCCv2018","ENSEMBLE-CMIP6","Bias Score","MeanState","global","score","1","0.711809","40.0"
"Forcings","Precipitation","GPCCv2018","ENSEMBLE-CMIP6","RMSE","MeanState","global","scalar","mm d-1","1.08141","40.0"
"Forcings","Precipitation","GPCCv2018","ENSEMBLE-CMIP6","RMSE Score","MeanState","global","score","1","0.680496","40.0"
"Forcings","Precipitation","GPCCv2018","ENSEMBLE-CMIP6","Overall Score","MeanState","global","score","1","0.776437","40.0"
"Forcings","Precipitation","GPCPv2.3","ENSEMBLE-CMIP6","Benchmark Period Mean (intersection)","MeanState","global","scalar","mm d-1","2.46077","40.0"
"Forcings","Precipitation","GPCPv2.3","ENSEMBLE-CMIP6","Benchmark Period Mean (complement)","MeanState","global","scalar","mm d-1","nan","40.0"
"Forcings","Precipitation","GPCPv2.3","ENSEMBLE-CMIP6","Period Mean (original grids)","MeanState","global","scalar","mm d-1","2.58604","40.0"
"Forcings","Precipitation","GPCPv2.3","ENSEMBLE-CMIP6","Model Period Mean (intersection)","MeanState","global","scalar","mm d-1","2.57484","40.0"
"Forcings","Precipitation","GPCPv2.3","ENSEMBLE-CMIP6","Model Period Mean (complement)","MeanState","global","scalar","mm d-1","nan","40.0"
"Forcings","Precipitation","GPCPv2.3","ENSEMBLE-CMIP6","Spatial Distribution Score","MeanState","global","score","1","0.972755","40.0"
"Forcings","Precipitation","GPCPv2.3","ENSEMBLE-CMIP6","Phase Shift","MeanState","global","scalar","months","1.11906","40.0"
"Forcings","Precipitation","GPCPv2.3","ENSEMBLE-CMIP6","Seasonal Cycle Score","MeanState","global","score","1","0.862606","40.0"
"Forcings","Precipitation","GPCPv2.3","ENSEMBLE-CMIP6","Bias","MeanState","global","scalar","mm d-1","0.11344","40.0"
"Forcings","Precipitation","GPCPv2.3","ENSEMBLE-CMIP6","Bias Score","MeanState","global","score","1","0.724982","40.0"
"Forcings","Precipitation","GPCPv2.3","ENSEMBLE-CMIP6","RMSE","MeanState","global","scalar","mm d-1","0.967254","40.0"
"Forcings","Precipitation","GPCPv2.3","ENSEMBLE-CMIP6","RMSE Score","MeanState","global","score","1","0.684147","40.0"
"Forcings","Precipitation","GPCPv2.3","ENSEMBLE-CMIP6","Overall Score","MeanState","global","score","1","0.785727","40.0"
"Forcings","Precipitation","GPCPv2.3","CARDAMOM","Benchmark Period Mean (intersection)","MeanState","global","scalar","mm d-1","2.37263","40.0"
"Forcings","Precipitation","GPCPv2.3","CARDAMOM","Benchmark Period Mean (complement)","MeanState","global","scalar","mm d-1","3.26519","40.0"
"Forcings","Precipitation","GPCPv2.3","CARDAMOM","Period Mean (original grids)","MeanState","global","scalar","mm d-1","2.48248","40.0"
"Forcings","Precipitation","GPCPv2.3","CARDAMOM","Model Period Mean (intersection)","MeanState","global","scalar","mm d-1","2.44436","40.0"
"Forcings","Precipitation","GPCPv2.3","CARDAMOM","Model Period Mean (complement)","MeanState","global","scalar","mm d-1","nan","40.0"
"Forcings","Precipitation","GPCPv2.3","CARDAMOM","Spatial Distribution Score","MeanState","global","score","1","0.973264","40.0"
"Forcings","Precipitation","GPCPv2.3","CARDAMOM","Phase Shift","MeanState","global","scalar","months","0.910443","40.0"
"Forcings","Precipitation","GPCPv2.3","CARDAMOM","Seasonal Cycle Score","MeanState","global","score","1","0.880287","40.0"
"Forcings","Precipitation","GPCPv2.3","CARDAMOM","Bias","MeanState","global","scalar","mm d-1","0.0717767","40.0"
"Forcings","Precipitation","GPCPv2.3","CARDAMOM","Bias Score","MeanState","global","score","1","0.767368","40.0"
"Forcings","Precipitation","GPCPv2.3","CARDAMOM","RMSE","MeanState","global","scalar","mm d-1","0.734261","40.0"
"Forcings","Precipitation","GPCPv2.3","CARDAMOM","RMSE Score","MeanState","global","score","1","0.752566","40.0"
"Forcings","Precipitation","GPCPv2.3","CARDAMOM","Overall Score","MeanState","global","score","1","0.82521","40.0"
"Forcings","Precipitation","CMAPv1904","ENSEMBLE-CMIP6","Benchmark Period Mean (intersection)","MeanState","global","scalar","mm d-1","2.16394","40.0"
"Forcings","Precipitation","CMAPv1904","ENSEMBLE-CMIP6","Benchmark Period Mean (complement)","MeanState","global","scalar","mm d-1","nan","40.0"
"Forcings","Precipitation","CMAPv1904","ENSEMBLE-CMIP6","Period Mean (original grids)","MeanState","global","scalar","mm d-1","2.58604","40.0"
"Forcings","Precipitation","CMAPv1904","ENSEMBLE-CMIP6","Model Period Mean (intersection)","MeanState","global","scalar","mm d-1","2.57493","40.0"
"Forcings","Precipitation","CMAPv1904","ENSEMBLE-CMIP6","Model Period Mean (complement)","MeanState","global","scalar","mm d-1","0.606992","40.0"
"Forcings","Precipitation","CMAPv1904","ENSEMBLE-CMIP6","Spatial Distribution Score","MeanState","global","score","1","0.960363","40.0"
"Forcings","Precipitation","CMAPv1904","ENSEMBLE-CMIP6","Phase Shift","MeanState","global","scalar","months","1.18307","40.0"
"Forcings","Precipitation","CMAPv1904","ENSEMBLE-CMIP6","Seasonal Cycle Score","MeanState","global","score","1","0.856447","40.0"
"Forcings","Precipitation","CMAPv1904","ENSEMBLE-CMIP6","Bias","MeanState","global","scalar","mm d-1","0.41077","40.0"
"Forcings","Precipitation","CMAPv1904","ENSEMBLE-CMIP6","Bias Score","MeanState","global","score","1","0.704736","40.0"
"Forcings","Precipitation","CMAPv1904","ENSEMBLE-CMIP6","RMSE","MeanState","global","scalar","mm d-1","1.0304","40.0"
"Forcings","Precipitation","CMAPv1904","ENSEMBLE-CMIP6","RMSE Score","MeanState","global","score","1","0.669554","40.0"
"Forcings","Precipitation","CMAPv1904","ENSEMBLE-CMIP6","Overall Score","MeanState","global","score","1","0.772131","40.0"
"Forcings","Precipitation","CMAPv1904","CARDAMOM","Benchmark Period Mean (intersection)","MeanState","global","scalar","mm d-1","2.0743","40.0"
"Forcings","Precipitation","CMAPv1904","CARDAMOM","Benchmark Period Mean (complement)","MeanState","global","scalar","mm d-1","3.05167","40.0"
"Forcings","Precipitation","CMAPv1904","CARDAMOM","Period Mean (original grids)","MeanState","global","scalar","mm d-1","2.48248","40.0"
"Forcings","Precipitation","CMAPv1904","CARDAMOM","Model Period Mean (intersection)","MeanState","global","scalar","mm d-1","2.44436","40.0"
"Forcings","Precipitation","CMAPv1904","CARDAMOM","Model Period Mean (complement)","MeanState","global","scalar","mm d-1","nan","40.0"
"Forcings","Precipitation","CMAPv1904","CARDAMOM","Spatial Distribution Score","MeanState","global","score","1","0.951026","40.0"
"Forcings","Precipitation","CMAPv1904","CARDAMOM","Phase Shift","MeanState","global","scalar","months","0.82284","40.0"
"Forcings","Precipitation","CMAPv1904","CARDAMOM","Seasonal Cycle Score","MeanState","global","score","1","0.895718","40.0"
"Forcings","Precipitation","CMAPv1904","CARDAMOM","Bias","MeanState","global","scalar","mm d-1","0.369958","40.0"
"Forcings","Precipitation","CMAPv1904","CARDAMOM","Bias Score","MeanState","global","score","1","0.729901","40.0"
"Forcings","Precipitation","CMAPv1904","CARDAMOM","RMSE","MeanState","global","scalar","mm d-1","0.831668","40.0"
"Forcings","Precipitation","CMAPv1904","CARDAMOM","RMSE Score","MeanState","global","score","1","0.739982","40.0"
"Forcings","Precipitation","CMAPv1904","CARDAMOM","Overall Score","MeanState","global","score","1","0.811322","40.0"
"Forcings","Precipitation","CLASS","ENSEMBLE-CMIP6","Benchmark Period Mean (intersection)","MeanState","global","scalar","mm d-1","2.02042","30.0"
"Forcings","Precipitation","CLASS","ENSEMBLE-CMIP6","Benchmark Period Mean (complement)","MeanState","global","scalar","mm d-1","nan","30.0"
"Forcings","Precipitation","CLASS","ENSEMBLE-CMIP6","Period Mean (original grids)","MeanState","global","scalar","mm d-1","2.59797","30.0"
"Forcings","Precipitation","CLASS","ENSEMBLE-CMIP6","Model Period Mean (intersection)","MeanState","global","scalar","mm d-1","2.44782","30.0"
"Forcings","Precipitation","CLASS","ENSEMBLE-CMIP6","Model Period Mean (complement)","MeanState","global","scalar","mm d-1","3.05234","30.0"
"Forcings","Precipitation","CLASS","ENSEMBLE-CMIP6","Spatial Distribution Score","MeanState","global","score","1","0.962769","30.0"
"Forcings","Precipitation","CLASS","ENSEMBLE-CMIP6","Phase Shift","MeanState","global","scalar","months","1.22753","30.0"
"Forcings","Precipitation","CLASS","ENSEMBLE-CMIP6","Seasonal Cycle Score","MeanState","global","score","1","0.862808","30.0"
"Forcings","Precipitation","CLASS","ENSEMBLE-CMIP6","Bias","MeanState","global","scalar","mm d-1","0.427516","30.0"
"Forcings","Precipitation","CLASS","ENSEMBLE-CMIP6","Bias Score","MeanState","global","score","1","0.669001","30.0"
"Forcings","Precipitation","CLASS","ENSEMBLE-CMIP6","RMSE","MeanState","global","scalar","mm d-1","1.0907","30.0"
"Forcings","Precipitation","CLASS","ENSEMBLE-CMIP6","RMSE Score","MeanState","global","score","1","0.621854","30.0"
"Forcings","Precipitation","CLASS","ENSEMBLE-CMIP6","Overall Score","MeanState","global","score","1","0.747657","30.0"
"Forcings","Precipitation","CLASS","CARDAMOM","Benchmark Period Mean (intersection)","MeanState","global","scalar","mm d-1","2.00651","30.0"
"Forcings","Precipitation","CLASS","CARDAMOM","Benchmark Period Mean (complement)","MeanState","global","scalar","mm d-1","3.02321","30.0"
"Forcings","Precipitation","CLASS","CARDAMOM","Period Mean (original grids)","MeanState","global","scalar","mm d-1","2.46391","30.0"
"Forcings","Precipitation","CLASS","CARDAMOM","Model Period Mean (intersection)","MeanState","global","scalar","mm d-1","2.33733","30.0"
"Forcings","Precipitation","CLASS","CARDAMOM","Model Period Mean (complement)","MeanState","global","scalar","mm d-1","2.88482","30.0"
"Forcings","Precipitation","CLASS","CARDAMOM","Spatial Distribution Score","MeanState","global","score","1","0.97032","30.0"
"Forcings","Precipitation","CLASS","CARDAMOM","Phase Shift","MeanState","global","scalar","months","0.859338","30.0"
"Forcings","Precipitation","CLASS","CARDAMOM","Seasonal Cycle Score","MeanState","global","score","1","0.893458","30.0"
"Forcings","Precipitation","CLASS","CARDAMOM","Bias","MeanState","global","scalar","mm d-1","0.330879","30.0"
"Forcings","Precipitation","CLASS","CARDAMOM","Bias Score","MeanState","global","score","1","0.736916","30.0"
"Forcings","Precipitation","CLASS","CARDAMOM","RMSE","MeanState","global","scalar","mm d-1","0.844781","30.0"
"Forcings","Precipitation","CLASS","CARDAMOM","RMSE Score","MeanState","global","score","1","0.693373","30.0"
"Forcings","Precipitation","CLASS","CARDAMOM","Overall Score","MeanState","global","score","1","0.797488","30.0"
"Forcings","SurfaceAirTemperature","CRU4.02","ENSEMBLE-CMIP6","Benchmark Period Mean (intersection)","MeanState","global","scalar","K","286.794","50.0"
"Forcings","SurfaceAirTemperature","CRU4.02","ENSEMBLE-CMIP6","Benchmark Period Mean (complement)","MeanState","global","scalar","K","nan","50.0"
"Forcings","SurfaceAirTemperature","CRU4.02","ENSEMBLE-CMIP6","Period Mean (original grids)","MeanState","global","scalar","K","287.188","50.0"
"Forcings","SurfaceAirTemperature","CRU4.02","ENSEMBLE-CMIP6","Model Period Mean (intersection)","MeanState","global","scalar","K","286.81","50.0"
"Forcings","SurfaceAirTemperature","CRU4.02","ENSEMBLE-CMIP6","Model Period Mean (complement)","MeanState","global","scalar","K","290.411","50.0"
"Forcings","SurfaceAirTemperature","CRU4.02","ENSEMBLE-CMIP6","Spatial Distribution Score","MeanState","global","score","1","0.999637","50.0"
"Forcings","SurfaceAirTemperature","CRU4.02","ENSEMBLE-CMIP6","Phase Shift","MeanState","global","scalar","months","0.401255","50.0"
"Forcings","SurfaceAirTemperature","CRU4.02","ENSEMBLE-CMIP6","Seasonal Cycle Score","MeanState","global","score","1","0.957243","50.0"
"Forcings","SurfaceAirTemperature","CRU4.02","ENSEMBLE-CMIP6","Bias","MeanState","global","scalar","K","0.0182033","50.0"
"Forcings","SurfaceAirTemperature","CRU4.02","ENSEMBLE-CMIP6","Bias Score","MeanState","global","score","1","0.751022","50.0"
"Forcings","SurfaceAirTemperature","CRU4.02","ENSEMBLE-CMIP6","RMSE","MeanState","global","scalar","K","1.90852","50.0"
"Forcings","SurfaceAirTemperature","CRU4.02","ENSEMBLE-CMIP6","RMSE Score","MeanState","global","score","1","0.787597","50.0"
"Forcings","SurfaceAirTemperature","CRU4.02","ENSEMBLE-CMIP6","Overall Score","MeanState","global","score","1","0.856619","50.0"
"Forcings","SurfaceAirTemperature","CRU4.02","CARDAMOM","Benchmark Period Mean (intersection)","MeanState","global","scalar","K","287.493","50.0"
"Forcings","SurfaceAirTemperature","CRU4.02","CARDAMOM","Benchmark Period Mean (complement)","MeanState","global","scalar","K","281.283","50.0"
"Forcings","SurfaceAirTemperature","CRU4.02","CARDAMOM","Period Mean (original grids)","MeanState","global","scalar","K","287.508","50.0"
"Forcings","SurfaceAirTemperature","CRU4.02","CARDAMOM","Model Period Mean (intersection)","MeanState","global","scalar","K","287.312","50.0"
"Forcings","SurfaceAirTemperature","CRU4.02","CARDAMOM","Model Period Mean (complement)","MeanState","global","scalar","K","288.261","50.0"
"Forcings","SurfaceAirTemperature","CRU4.02","CARDAMOM","Spatial Distribution Score","MeanState","global","score","1","0.998464","50.0"
"Forcings","SurfaceAirTemperature","CRU4.02","CARDAMOM","Phase Shift","MeanState","global","scalar","months","0.370565","50.0"
"Forcings","SurfaceAirTemperature","CRU4.02","CARDAMOM","Seasonal Cycle Score","MeanState","global","score","1","0.958232","50.0"
"Forcings","SurfaceAirTemperature","CRU4.02","CARDAMOM","Bias","MeanState","global","scalar","K","-0.181472","50.0"
"Forcings","SurfaceAirTemperature","CRU4.02","CARDAMOM","Bias Score","MeanState","global","score","1","0.726059","50.0"
"Forcings","SurfaceAirTemperature","CRU4.02","CARDAMOM","RMSE","MeanState","global","scalar","K","1.90776","50.0"
"Forcings","SurfaceAirTemperature","CRU4.02","CARDAMOM","RMSE Score","MeanState","global","score","1","0.81782","50.0"
"Forcings","SurfaceAirTemperature","CRU4.02","CARDAMOM","Overall Score","MeanState","global","score","1","0.863679","50.0"
"Forcings","SurfaceAirTemperature","ERA5","CARDAMOM","Benchmark Period Mean (intersection)","MeanState","global","scalar","K","287.642","50.0"
"Forcings","SurfaceAirTemperature","ERA5","CARDAMOM","Benchmark Period Mean (complement)","MeanState","global","scalar","K","284.76","50.0"
"Forcings","SurfaceAirTemperature","ERA5","CARDAMOM","Period Mean (original grids)","MeanState","global","scalar","K","287.579","50.0"
"Forcings","SurfaceAirTemperature","ERA5","CARDAMOM","Model Period Mean (intersection)","MeanState","global","scalar","K","287.395","50.0"
"Forcings","SurfaceAirTemperature","ERA5","CARDAMOM","Model Period Mean (complement)","MeanState","global","scalar","K","nan","50.0"
"Forcings","SurfaceAirTemperature","ERA5","CARDAMOM","Spatial Distribution Score","MeanState","global","score","1","0.999702","50.0"
"Forcings","SurfaceAirTemperature","ERA5","CARDAMOM","Phase Shift","MeanState","global","scalar","months","0.366065","50.0"
"Forcings","SurfaceAirTemperature","ERA5","CARDAMOM","Seasonal Cycle Score","MeanState","global","score","1","0.957988","50.0"
"Forcings","SurfaceAirTemperature","ERA5","CARDAMOM","Bias","MeanState","global","scalar","K","-0.250955","50.0"
"Forcings","SurfaceAirTemperature","ERA5","CARDAMOM","Bias Score","MeanState","global","score","1","0.72921","50.0"
"Forcings","SurfaceAirTemperature","ERA5","CARDAMOM","RMSE","MeanState","global","scalar","K","1.9683","50.0"
"Forcings","SurfaceAirTemperature","ERA5","CARDAMOM","RMSE Score","MeanState","global","score","1","0.828085","50.0"
"Forcings","SurfaceAirTemperature","ERA5","CARDAMOM","Overall Score","MeanState","global","score","1","0.868614","50.0"
"Forcings","SurfaceAirTemperature","ERA5","ENSEMBLE-CMIP6","Benchmark Period Mean (intersection)","MeanState","global","scalar","K","286.931","50.0"
"Forcings","SurfaceAirTemperature","ERA5","ENSEMBLE-CMIP6","Benchmark Period Mean (complement)","MeanState","global","scalar","K","nan","50.0"
"Forcings","SurfaceAirTemperature","ERA5","ENSEMBLE-CMIP6","Period Mean (original grids)","MeanState","global","scalar","K","287.172","50.0"
"Forcings","SurfaceAirTemperature","ERA5","ENSEMBLE-CMIP6","Model Period Mean (intersection)","MeanState","global","scalar","K","287.039","50.0"
"Forcings","SurfaceAirTemperature","ERA5","ENSEMBLE-CMIP6","Model Period Mean (complement)","MeanState","global","scalar","K","nan","50.0"
"Forcings","SurfaceAirTemperature","ERA5","ENSEMBLE-CMIP6","Spatial Distribution Score","MeanState","global","score","1","0.999924","50.0"
"Forcings","SurfaceAirTemperature","ERA5","ENSEMBLE-CMIP6","Phase Shift","MeanState","global","scalar","months","0.435164","50.0"
"Forcings","SurfaceAirTemperature","ERA5","ENSEMBLE-CMIP6","Seasonal Cycle Score","MeanState","global","score","1","0.9528","50.0"
"Forcings","SurfaceAirTemperature","ERA5","ENSEMBLE-CMIP6","Bias","MeanState","global","scalar","K","0.12259","50.0"
"Forcings","SurfaceAirTemperature","ERA5","ENSEMBLE-CMIP6","Bias Score","MeanState","global","score","1","0.739744","50.0"
"Forcings","SurfaceAirTemperature","ERA5","ENSEMBLE-CMIP6","RMSE","MeanState","global","scalar","K","1.83456","50.0"
"Forcings","SurfaceAirTemperature","ERA5","ENSEMBLE-CMIP6","RMSE Score","MeanState","global","score","1","0.791693","50.0"
"Forcings","SurfaceAirTemperature","ERA5","ENSEMBLE-CMIP6","Overall Score","MeanState","global","score","1","0.855171","50.0"
"Forcings","SurfaceDownwardLWRadiation","ERA5","CARDAMOM","Benchmark Period Mean (intersection)","MeanState","global","scalar","W m-2","325.692","15.0"
"Forcings","SurfaceDownwardLWRadiation","ERA5","CARDAMOM","Benchmark Period Mean (complement)","MeanState","global","scalar","W m-2","330.724","15.0"
"Forcings","SurfaceDownwardLWRadiation","ERA5","CARDAMOM","Period Mean (original grids)","MeanState","global","scalar","W m-2","325.703","15.0"
"Forcings","SurfaceDownwardLWRadiation","ERA5","CARDAMOM","Model Period Mean (intersection)","MeanState","global","scalar","W m-2","324.557","15.0"
"Forcings","SurfaceDownwardLWRadiation","ERA5","CARDAMOM","Model Period Mean (complement)","MeanState","global","scalar","W m-2","nan","15.0"
"Forcings","SurfaceDownwardLWRadiation","ERA5","CARDAMOM","Spatial Distribution Score","MeanState","global","score","1","0.998644","15.0"
"Forcings","SurfaceDownwardLWRadiation","ERA5","CARDAMOM","Phase Shift","MeanState","global","scalar","months","0.24256","15.0"
"Forcings","SurfaceDownwardLWRadiation","ERA5","CARDAMOM","Seasonal Cycle Score","MeanState","global","score","1","0.973113","15.0"
"Forcings","SurfaceDownwardLWRadiation","ERA5","CARDAMOM","Bias","MeanState","global","scalar","W m-2","-1.16377","15.0"
"Forcings","SurfaceDownwardLWRadiation","ERA5","CARDAMOM","Bias Score","MeanState","global","score","1","0.762497","15.0"
"Forcings","SurfaceDownwardLWRadiation","ERA5","CARDAMOM","RMSE","MeanState","global","scalar","W m-2","9.40295","15.0"
"Forcings","SurfaceDownwardLWRadiation","ERA5","CARDAMOM","RMSE Score","MeanState","global","score","1","0.885664","15.0"
"Forcings","SurfaceDownwardLWRadiation","ERA5","CARDAMOM","Overall Score","MeanState","global","score","1","0.901117","15.0"
"Forcings","SurfaceDownwardLWRadiation","ERA5","ENSEMBLE-CMIP6","Benchmark Period Mean (intersection)","MeanState","global","scalar","W m-2","324.587","15.0"
"Forcings","SurfaceDownwardLWRadiation","ERA5","ENSEMBLE-CMIP6","Benchmark Period Mean (complement)","MeanState","global","scalar","W m-2","nan","15.0"
"Forcings","SurfaceDownwardLWRadiation","ERA5","ENSEMBLE-CMIP6","Period Mean (original grids)","MeanState","global","scalar","W m-2","329.046","15.0"
"Forcings","SurfaceDownwardLWRadiation","ERA5","ENSEMBLE-CMIP6","Model Period Mean (intersection)","MeanState","global","scalar","W m-2","328.549","15.0"
"Forcings","SurfaceDownwardLWRadiation","ERA5","ENSEMBLE-CMIP6","Model Period Mean (complement)","MeanState","global","scalar","W m-2","nan","15.0"
"Forcings","SurfaceDownwardLWRadiation","ERA5","ENSEMBLE-CMIP6","Spatial Distribution Score","MeanState","global","score","1","0.997996","15.0"
"Forcings","SurfaceDownwardLWRadiation","ERA5","ENSEMBLE-CMIP6","Phase Shift","MeanState","global","scalar","months","0.429102","15.0"
"Forcings","SurfaceDownwardLWRadiation","ERA5","ENSEMBLE-CMIP6","Seasonal Cycle Score","MeanState","global","score","1","0.954124","15.0"
"Forcings","SurfaceDownwardLWRadiation","ERA5","ENSEMBLE-CMIP6","Bias","MeanState","global","scalar","W m-2","4.0231","15.0"
"Forcings","SurfaceDownwardLWRadiation","ERA5","ENSEMBLE-CMIP6","Bias Score","MeanState","global","score","1","0.756886","15.0"
"Forcings","SurfaceDownwardLWRadiation","ERA5","ENSEMBLE-CMIP6","RMSE","MeanState","global","scalar","W m-2","10.2638","15.0"
"Forcings","SurfaceDownwardLWRadiation","ERA5","ENSEMBLE-CMIP6","RMSE Score","MeanState","global","score","1","0.814381","15.0"
"Forcings","SurfaceDownwardLWRadiation","ERA5","ENSEMBLE-CMIP6","Overall Score","MeanState","global","score","1","0.867553","15.0"
"Forcings","SurfaceDownwardLWRadiation","WRMC.BSRN","ENSEMBLE-CMIP6","Period Mean (original grids)","MeanState","global","scalar","Watt m-2","309.896","12.0"
"Forcings","SurfaceDownwardLWRadiation","WRMC.BSRN","ENSEMBLE-CMIP6","Bias","MeanState","global","scalar","Watt m-2","-1.06283","12.0"
"Forcings","SurfaceDownwardLWRadiation","WRMC.BSRN","ENSEMBLE-CMIP6","Bias Score","MeanState","global","score","1","0.817683","12.0"
"Forcings","SurfaceDownwardLWRadiation","WRMC.BSRN","ENSEMBLE-CMIP6","Phase Shift","MeanState","global","scalar","months","0.419231","12.0"
"Forcings","SurfaceDownwardLWRadiation","WRMC.BSRN","ENSEMBLE-CMIP6","Seasonal Cycle Score","MeanState","global","score","1","0.961389","12.0"
"Forcings","SurfaceDownwardLWRadiation","WRMC.BSRN","ENSEMBLE-CMIP6","RMSE","MeanState","global","scalar","Watt m-2","17.1494","12.0"
"Forcings","SurfaceDownwardLWRadiation","WRMC.BSRN","ENSEMBLE-CMIP6","RMSE Score","MeanState","global","score","1","0.685801","12.0"
"Forcings","SurfaceDownwardLWRadiation","WRMC.BSRN","ENSEMBLE-CMIP6","Overall Score","MeanState","global","score","1","0.787668","12.0"
"Forcings","SurfaceDownwardLWRadiation","WRMC.BSRN","CARDAMOM","Period Mean (original grids)","MeanState","global","scalar","Watt m-2","317.151","12.0"
"Forcings","SurfaceDownwardLWRadiation","WRMC.BSRN","CARDAMOM","Bias","MeanState","global","scalar","Watt m-2","-10.1925","12.0"
"Forcings","SurfaceDownwardLWRadiation","WRMC.BSRN","CARDAMOM","Bias Score","MeanState","global","score","1","0.704602","12.0"
"Forcings","SurfaceDownwardLWRadiation","WRMC.BSRN","CARDAMOM","Phase Shift","MeanState","global","scalar","months","0.310101","12.0"
"Forcings","SurfaceDownwardLWRadiation","WRMC.BSRN","CARDAMOM","Seasonal Cycle Score","MeanState","global","score","1","0.979323","12.0"
"Forcings","SurfaceDownwardLWRadiation","WRMC.BSRN","CARDAMOM","RMSE","MeanState","global","scalar","Watt m-2","17.4361","12.0"
"Forcings","SurfaceDownwardLWRadiation","WRMC.BSRN","CARDAMOM","RMSE Score","MeanState","global","score","1","0.805695","12.0"
"Forcings","SurfaceDownwardLWRadiation","WRMC.BSRN","CARDAMOM","Overall Score","MeanState","global","score","1","0.823829","12.0"
"Forcings","SurfaceDownwardLWRadiation","GEWEX.SRB","CARDAMOM","Benchmark Period Mean (intersection)","MeanState","global","scalar","Watt m-2","328.412","15.0"
"Forcings","SurfaceDownwardLWRadiation","GEWEX.SRB","CARDAMOM","Benchmark Period Mean (complement)","MeanState","global","scalar","Watt m-2","334.285","15.0"
"Forcings","SurfaceDownwardLWRadiation","GEWEX.SRB","CARDAMOM","Period Mean (original grids)","MeanState","global","scalar","Watt m-2","324.665","15.0"
"Forcings","SurfaceDownwardLWRadiation","GEWEX.SRB","CARDAMOM","Model Period Mean (intersection)","MeanState","global","scalar","Watt m-2","323.585","15.0"
"Forcings","SurfaceDownwardLWRadiation","GEWEX.SRB","CARDAMOM","Model Period Mean (complement)","MeanState","global","scalar","Watt m-2","nan","15.0"
"Forcings","SurfaceDownwardLWRadiation","GEWEX.SRB","CARDAMOM","Spatial Distribution Score","MeanState","global","score","1","0.999494","15.0"
"Forcings","SurfaceDownwardLWRadiation","GEWEX.SRB","CARDAMOM","Phase Shift","MeanState","global","scalar","months","0.437877","15.0"
"Forcings","SurfaceDownwardLWRadiation","GEWEX.SRB","CARDAMOM","Seasonal Cycle Score","MeanState","global","score","1","0.946801","15.0"
"Forcings","SurfaceDownwardLWRadiation","GEWEX.SRB","CARDAMOM","Bias","MeanState","global","scalar","Watt m-2","-4.82664","15.0"
"Forcings","SurfaceDownwardLWRadiation","GEWEX.SRB","CARDAMOM","Bias Score","MeanState","global","score","1","0.742792","15.0"
"Forcings","SurfaceDownwardLWRadiation","GEWEX.SRB","CARDAMOM","RMSE","MeanState","global","scalar","Watt m-2","11.8744","15.0"
"Forcings","SurfaceDownwardLWRadiation","GEWEX.SRB","CARDAMOM","RMSE Score","MeanState","global","score","1","0.804279","15.0"
"Forcings","SurfaceDownwardLWRadiation","GEWEX.SRB","CARDAMOM","Overall Score","MeanState","global","score","1","0.859529","15.0"
"Forcings","SurfaceDownwardLWRadiation","GEWEX.SRB","ENSEMBLE-CMIP6","Benchmark Period Mean (intersection)","MeanState","global","scalar","Watt m-2","328.974","15.0"
"Forcings","SurfaceDownwardLWRadiation","GEWEX.SRB","ENSEMBLE-CMIP6","Benchmark Period Mean (complement)","MeanState","global","scalar","Watt m-2","nan","15.0"
"Forcings","SurfaceDownwardLWRadiation","GEWEX.SRB","ENSEMBLE-CMIP6","Period Mean (original grids)","MeanState","global","scalar","Watt m-2","328.697","15.0"
"Forcings","SurfaceDownwardLWRadiation","GEWEX.SRB","ENSEMBLE-CMIP6","Model Period Mean (intersection)","MeanState","global","scalar","Watt m-2","328.363","15.0"
"Forcings","SurfaceDownwardLWRadiation","GEWEX.SRB","ENSEMBLE-CMIP6","Model Period Mean (complement)","MeanState","global","scalar","Watt m-2","nan","15.0"
"Forcings","SurfaceDownwardLWRadiation","GEWEX.SRB","ENSEMBLE-CMIP6","Spatial Distribution Score","MeanState","global","score","1","0.999537","15.0"
"Forcings","SurfaceDownwardLWRadiation","GEWEX.SRB","ENSEMBLE-CMIP6","Phase Shift","MeanState","global","scalar","months","0.641054","15.0"
"Forcings","SurfaceDownwardLWRadiation","GEWEX.SRB","ENSEMBLE-CMIP6","Seasonal Cycle Score","MeanState","global","score","1","0.9203","15.0"
"Forcings","SurfaceDownwardLWRadiation","GEWEX.SRB","ENSEMBLE-CMIP6","Bias","MeanState","global","scalar","Watt m-2","-0.605741","15.0"
"Forcings","SurfaceDownwardLWRadiation","GEWEX.SRB","ENSEMBLE-CMIP6","Bias Score","MeanState","global","score","1","0.778337","15.0"
"Forcings","SurfaceDownwardLWRadiation","GEWEX.SRB","ENSEMBLE-CMIP6","RMSE","MeanState","global","scalar","Watt m-2","10.74","15.0"
"Forcings","SurfaceDownwardLWRadiation","GEWEX.SRB","ENSEMBLE-CMIP6","RMSE Score","MeanState","global","score","1","0.773238","15.0"
"Forcings","SurfaceDownwardLWRadiation","GEWEX.SRB","ENSEMBLE-CMIP6","Overall Score","MeanState","global","score","1","0.84893","15.0"
"Forcings","SurfaceDownwardLWRadiation","CERESed4.2","ENSEMBLE-CMIP6","Benchmark Period Mean (intersection)","MeanState","global","scalar","W m-2","330.851","15.0"
"Forcings","SurfaceDownwardLWRadiation","CERESed4.2","ENSEMBLE-CMIP6","Benchmark Period Mean (complement)","MeanState","global","scalar","W m-2","nan","15.0"
"Forcings","SurfaceDownwardLWRadiation","CERESed4.2","ENSEMBLE-CMIP6","Period Mean (original grids)","MeanState","global","scalar","W m-2","331.838","15.0"
"Forcings","SurfaceDownwardLWRadiation","CERESed4.2","ENSEMBLE-CMIP6","Model Period Mean (intersection)","MeanState","global","scalar","W m-2","331.5","15.0"
"Forcings","SurfaceDownwardLWRadiation","CERESed4.2","ENSEMBLE-CMIP6","Model Period Mean (complement)","MeanState","global","scalar","W m-2","nan","15.0"
"Forcings","SurfaceDownwardLWRadiation","CERESed4.2","ENSEMBLE-CMIP6","Spatial Distribution Score","MeanState","global","score","1","0.997844","15.0"
"Forcings","SurfaceDownwardLWRadiation","CERESed4.2","ENSEMBLE-CMIP6","Phase Shift","MeanState","global","scalar","months","0.729789","15.0"
"Forcings","SurfaceDownwardLWRadiation","CERESed4.2","ENSEMBLE-CMIP6","Seasonal Cycle Score","MeanState","global","score","1","0.905081","15.0"
"Forcings","SurfaceDownwardLWRadiation","CERESed4.2","ENSEMBLE-CMIP6","Bias","MeanState","global","scalar","W m-2","0.695665","15.0"
"Forcings","SurfaceDownwardLWRadiation","CERESed4.2","ENSEMBLE-CMIP6","Bias Score","MeanState","global","score","1","0.750505","15.0"
"Forcings","SurfaceDownwardLWRadiation","CERESed4.2","ENSEMBLE-CMIP6","RMSE","MeanState","global","scalar","W m-2","11.6628","15.0"
"Forcings","SurfaceDownwardLWRadiation","CERESed4.2","ENSEMBLE-CMIP6","RMSE Score","MeanState","global","score","1","0.761396","15.0"
"Forcings","SurfaceDownwardLWRadiation","CERESed4.2","ENSEMBLE-CMIP6","Overall Score","MeanState","global","score","1","0.835244","15.0"
"Forcings","SurfaceDownwardLWRadiation","CERESed4.2","CARDAMOM","Benchmark Period Mean (intersection)","MeanState","global","scalar","W m-2","330.411","15.0"
"Forcings","SurfaceDownwardLWRadiation","CERESed4.2","CARDAMOM","Benchmark Period Mean (complement)","MeanState","global","scalar","W m-2","337.479","15.0"
"Forcings","SurfaceDownwardLWRadiation","CERESed4.2","CARDAMOM","Period Mean (original grids)","MeanState","global","scalar","W m-2","325.703","15.0"
"Forcings","SurfaceDownwardLWRadiation","CERESed4.2","CARDAMOM","Model Period Mean (intersection)","MeanState","global","scalar","W m-2","324.611","15.0"
"Forcings","SurfaceDownwardLWRadiation","CERESed4.2","CARDAMOM","Model Period Mean (complement)","MeanState","global","scalar","W m-2","nan","15.0"
"Forcings","SurfaceDownwardLWRadiation","CERESed4.2","CARDAMOM","Spatial Distribution Score","MeanState","global","score","1","0.997467","15.0"
"Forcings","SurfaceDownwardLWRadiation","CERESed4.2","CARDAMOM","Phase Shift","MeanState","global","scalar","months","0.543118","15.0"
"Forcings","SurfaceDownwardLWRadiation","CERESed4.2","CARDAMOM","Seasonal Cycle Score","MeanState","global","score","1","0.930219","15.0"
"Forcings","SurfaceDownwardLWRadiation","CERESed4.2","CARDAMOM","Bias","MeanState","global","scalar","W m-2","-5.79782","15.0"
"Forcings","SurfaceDownwardLWRadiation","CERESed4.2","CARDAMOM","Bias Score","MeanState","global","score","1","0.724777","15.0"
"Forcings","SurfaceDownwardLWRadiation","CERESed4.2","CARDAMOM","RMSE","MeanState","global","scalar","W m-2","12.6672","15.0"
"Forcings","SurfaceDownwardLWRadiation","CERESed4.2","CARDAMOM","RMSE Score","MeanState","global","score","1","0.814664","15.0"
"Forcings","SurfaceDownwardLWRadiation","CERESed4.2","CARDAMOM","Overall Score","MeanState","global","score","1","0.856358","15.0"
"Forcings","SurfaceDownwardSWRadiation","ERA5","CARDAMOM","Benchmark Period Mean (intersection)","MeanState","global","scalar","W m-2","195.519","30.0"
"Forcings","SurfaceDownwardSWRadiation","ERA5","CARDAMOM","Benchmark Period Mean (complement)","MeanState","global","scalar","W m-2","181.128","30.0"
"Forcings","SurfaceDownwardSWRadiation","ERA5","CARDAMOM","Period Mean (original grids)","MeanState","global","scalar","W m-2","195.197","30.0"
"Forcings","SurfaceDownwardSWRadiation","ERA5","CARDAMOM","Model Period Mean (intersection)","MeanState","global","scalar","W m-2","194.847","30.0"
"Forcings","SurfaceDownwardSWRadiation","ERA5","CARDAMOM","Model Period Mean (complement)","MeanState","global","scalar","W m-2","nan","30.0"
"Forcings","SurfaceDownwardSWRadiation","ERA5","CARDAMOM","Spatial Distribution Score","MeanState","global","score","1","0.999097","30.0"
"Forcings","SurfaceDownwardSWRadiation","ERA5","CARDAMOM","Phase Shift","MeanState","global","scalar","months","0.277751","30.0"
"Forcings","SurfaceDownwardSWRadiation","ERA5","CARDAMOM","Seasonal Cycle Score","MeanState","global","score","1","0.972394","30.0"
"Forcings","SurfaceDownwardSWRadiation","ERA5","CARDAMOM","Bias","MeanState","global","scalar","W m-2","-0.686937","30.0"
"Forcings","SurfaceDownwardSWRadiation","ERA5","CARDAMOM","Bias Score","MeanState","global","score","1","0.87495","30.0"
"Forcings","SurfaceDownwardSWRadiation","ERA5","CARDAMOM","RMSE","MeanState","global","scalar","W m-2","8.84096","30.0"
"Forcings","SurfaceDownwardSWRadiation","ERA5","CARDAMOM","RMSE Score","MeanState","global","score","1","0.88556","30.0"
"Forcings","SurfaceDownwardSWRadiation","ERA5","CARDAMOM","Overall Score","MeanState","global","score","1","0.923512","30.0"
"Forcings","SurfaceDownwardSWRadiation","ERA5","ENSEMBLE-CMIP6","Benchmark Period Mean (intersection)","MeanState","global","scalar","W m-2","193.546","30.0"
"Forcings","SurfaceDownwardSWRadiation","ERA5","ENSEMBLE-CMIP6","Benchmark Period Mean (complement)","MeanState","global","scalar","W m-2","nan","30.0"
"Forcings","SurfaceDownwardSWRadiation","ERA5","ENSEMBLE-CMIP6","Period Mean (original grids)","MeanState","global","scalar","W m-2","197.103","30.0"
"Forcings","SurfaceDownwardSWRadiation","ERA5","ENSEMBLE-CMIP6","Model Period Mean (intersection)","MeanState","global","scalar","W m-2","196.55","30.0"
"Forcings","SurfaceDownwardSWRadiation","ERA5","ENSEMBLE-CMIP6","Model Period Mean (complement)","MeanState","global","scalar","W m-2","nan","30.0"
"Forcings","SurfaceDownwardSWRadiation","ERA5","ENSEMBLE-CMIP6","Spatial Distribution Score","MeanState","global","score","1","0.995552","30.0"
"Forcings","SurfaceDownwardSWRadiation","ERA5","ENSEMBLE-CMIP6","Phase Shift","MeanState","global","scalar","months","0.505133","30.0"
"Forcings","SurfaceDownwardSWRadiation","ERA5","ENSEMBLE-CMIP6","Seasonal Cycle Score","MeanState","global","score","1","0.949946","30.0"
"Forcings","SurfaceDownwardSWRadiation","ERA5","ENSEMBLE-CMIP6","Bias","MeanState","global","scalar","W m-2","3.03091","30.0"
"Forcings","SurfaceDownwardSWRadiation","ERA5","ENSEMBLE-CMIP6","Bias Score","MeanState","global","score","1","0.815114","30.0"
"Forcings","SurfaceDownwardSWRadiation","ERA5","ENSEMBLE-CMIP6","RMSE","MeanState","global","scalar","W m-2","14.4012","30.0"
"Forcings","SurfaceDownwardSWRadiation","ERA5","ENSEMBLE-CMIP6","RMSE Score","MeanState","global","score","1","0.815507","30.0"
"Forcings","SurfaceDownwardSWRadiation","ERA5","ENSEMBLE-CMIP6","Overall Score","MeanState","global","score","1","0.878325","30.0"
"Forcings","SurfaceDownwardSWRadiation","WRMC.BSRN","ENSEMBLE-CMIP6","Period Mean (original grids)","MeanState","global","scalar","Watt m-2","180.213","24.0"
"Forcings","SurfaceDownwardSWRadiation","WRMC.BSRN","ENSEMBLE-CMIP6","Bias","MeanState","global","scalar","Watt m-2","4.18797","24.0"
"Forcings","SurfaceDownwardSWRadiation","WRMC.BSRN","ENSEMBLE-CMIP6","Bias Score","MeanState","global","score","1","0.792863","24.0"
"Forcings","SurfaceDownwardSWRadiation","WRMC.BSRN","ENSEMBLE-CMIP6","Phase Shift","MeanState","global","scalar","months","0.545935","24.0"
"Forcings","SurfaceDownwardSWRadiation","WRMC.BSRN","ENSEMBLE-CMIP6","Seasonal Cycle Score","MeanState","global","score","1","0.934476","24.0"
"Forcings","SurfaceDownwardSWRadiation","WRMC.BSRN","ENSEMBLE-CMIP6","RMSE","MeanState","global","scalar","Watt m-2","30.4599","24.0"
"Forcings","SurfaceDownwardSWRadiation","WRMC.BSRN","ENSEMBLE-CMIP6","RMSE Score","MeanState","global","score","1","0.684757","24.0"
"Forcings","SurfaceDownwardSWRadiation","WRMC.BSRN","ENSEMBLE-CMIP6","Overall Score","MeanState","global","score","1","0.774213","24.0"
"Forcings","SurfaceDownwardSWRadiation","WRMC.BSRN","CARDAMOM","Period Mean (original grids)","MeanState","global","scalar","Watt m-2","186.331","24.0"
"Forcings","SurfaceDownwardSWRadiation","WRMC.BSRN","CARDAMOM","Bias","MeanState","global","scalar","Watt m-2","3.20981","24.0"
"Forcings","SurfaceDownwardSWRadiation","WRMC.BSRN","CARDAMOM","Bias Score","MeanState","global","score","1","0.8336","24.0"
"Forcings","SurfaceDownwardSWRadiation","WRMC.BSRN","CARDAMOM","Phase Shift","MeanState","global","scalar","months","0.735185","24.0"
"Forcings","SurfaceDownwardSWRadiation","WRMC.BSRN","CARDAMOM","Seasonal Cycle Score","MeanState","global","score","1","0.903012","24.0"
"Forcings","SurfaceDownwardSWRadiation","WRMC.BSRN","CARDAMOM","RMSE","MeanState","global","scalar","Watt m-2","21.7054","24.0"
"Forcings","SurfaceDownwardSWRadiation","WRMC.BSRN","CARDAMOM","RMSE Score","MeanState","global","score","1","0.754019","24.0"
"Forcings","SurfaceDownwardSWRadiation","WRMC.BSRN","CARDAMOM","Overall Score","MeanState","global","score","1","0.811163","24.0"
"Forcings","SurfaceDownwardSWRadiation","GEWEX.SRB","CARDAMOM","Benchmark Period Mean (intersection)","MeanState","global","scalar","Watt m-2","189.582","30.0"
"Forcings","SurfaceDownwardSWRadiation","GEWEX.SRB","CARDAMOM","Benchmark Period Mean (complement)","MeanState","global","scalar","Watt m-2","182.405","30.0"
"Forcings","SurfaceDownwardSWRadiation","GEWEX.SRB","CARDAMOM","Period Mean (original grids)","MeanState","global","scalar","Watt m-2","195.416","30.0"
"Forcings","SurfaceDownwardSWRadiation","GEWEX.SRB","CARDAMOM","Model Period Mean (intersection)","MeanState","global","scalar","Watt m-2","195.306","30.0"
"Forcings","SurfaceDownwardSWRadiation","GEWEX.SRB","CARDAMOM","Model Period Mean (complement)","MeanState","global","scalar","Watt m-2","nan","30.0"
"Forcings","SurfaceDownwardSWRadiation","GEWEX.SRB","CARDAMOM","Spatial Distribution Score","MeanState","global","score","1","0.993071","30.0"
"Forcings","SurfaceDownwardSWRadiation","GEWEX.SRB","CARDAMOM","Phase Shift","MeanState","global","scalar","months","0.471595","30.0"
"Forcings","SurfaceDownwardSWRadiation","GEWEX.SRB","CARDAMOM","Seasonal Cycle Score","MeanState","global","score","1","0.952152","30.0"
"Forcings","SurfaceDownwardSWRadiation","GEWEX.SRB","CARDAMOM","Bias","MeanState","global","scalar","Watt m-2","5.7258","30.0"
"Forcings","SurfaceDownwardSWRadiation","GEWEX.SRB","CARDAMOM","Bias Score","MeanState","global","score","1","0.799208","30.0"
"Forcings","SurfaceDownwardSWRadiation","GEWEX.SRB","CARDAMOM","RMSE","MeanState","global","scalar","Watt m-2","16.7139","30.0"
"Forcings","SurfaceDownwardSWRadiation","GEWEX.SRB","CARDAMOM","RMSE Score","MeanState","global","score","1","0.783493","30.0"
"Forcings","SurfaceDownwardSWRadiation","GEWEX.SRB","CARDAMOM","Overall Score","MeanState","global","score","1","0.862283","30.0"
"Forcings","SurfaceDownwardSWRadiation","GEWEX.SRB","ENSEMBLE-CMIP6","Benchmark Period Mean (intersection)","MeanState","global","scalar","Watt m-2","189.348","30.0"
"Forcings","SurfaceDownwardSWRadiation","GEWEX.SRB","ENSEMBLE-CMIP6","Benchmark Period Mean (complement)","MeanState","global","scalar","Watt m-2","nan","30.0"
"Forcings","SurfaceDownwardSWRadiation","GEWEX.SRB","ENSEMBLE-CMIP6","Period Mean (original grids)","MeanState","global","scalar","Watt m-2","197.122","30.0"
"Forcings","SurfaceDownwardSWRadiation","GEWEX.SRB","ENSEMBLE-CMIP6","Model Period Mean (intersection)","MeanState","global","scalar","Watt m-2","196.798","30.0"
"Forcings","SurfaceDownwardSWRadiation","GEWEX.SRB","ENSEMBLE-CMIP6","Model Period Mean (complement)","MeanState","global","scalar","Watt m-2","nan","30.0"
"Forcings","SurfaceDownwardSWRadiation","GEWEX.SRB","ENSEMBLE-CMIP6","Spatial Distribution Score","MeanState","global","score","1","0.974217","30.0"
"Forcings","SurfaceDownwardSWRadiation","GEWEX.SRB","ENSEMBLE-CMIP6","Phase Shift","MeanState","global","scalar","months","0.528621","30.0"
"Forcings","SurfaceDownwardSWRadiation","GEWEX.SRB","ENSEMBLE-CMIP6","Seasonal Cycle Score","MeanState","global","score","1","0.947617","30.0"
"Forcings","SurfaceDownwardSWRadiation","GEWEX.SRB","ENSEMBLE-CMIP6","Bias","MeanState","global","scalar","Watt m-2","7.44169","30.0"
"Forcings","SurfaceDownwardSWRadiation","GEWEX.SRB","ENSEMBLE-CMIP6","Bias Score","MeanState","global","score","1","0.758597","30.0"
"Forcings","SurfaceDownwardSWRadiation","GEWEX.SRB","ENSEMBLE-CMIP6","RMSE","MeanState","global","scalar","Watt m-2","18.288","30.0"
"Forcings","SurfaceDownwardSWRadiation","GEWEX.SRB","ENSEMBLE-CMIP6","RMSE Score","MeanState","global","score","1","0.777594","30.0"
"Forcings","SurfaceDownwardSWRadiation","GEWEX.SRB","ENSEMBLE-CMIP6","Overall Score","MeanState","global","score","1","0.847124","30.0"
"Forcings","SurfaceDownwardSWRadiation","CERESed4.2","ENSEMBLE-CMIP6","Benchmark Period Mean (intersection)","MeanState","global","scalar","W m-2","191.404","30.0"
"Forcings","SurfaceDownwardSWRadiation","CERESed4.2","ENSEMBLE-CMIP6","Benchmark Period Mean (complement)","MeanState","global","scalar","W m-2","nan","30.0"
"Forcings","SurfaceDownwardSWRadiation","CERESed4.2","ENSEMBLE-CMIP6","Period Mean (original grids)","MeanState","global","scalar","W m-2","197.434","30.0"
"Forcings","SurfaceDownwardSWRadiation","CERESed4.2","ENSEMBLE-CMIP6","Model Period Mean (intersection)","MeanState","global","scalar","W m-2","197.091","30.0"
"Forcings","SurfaceDownwardSWRadiation","CERESed4.2","ENSEMBLE-CMIP6","Model Period Mean (complement)","MeanState","global","scalar","W m-2","nan","30.0"
"Forcings","SurfaceDownwardSWRadiation","CERESed4.2","ENSEMBLE-CMIP6","Spatial Distribution Score","MeanState","global","score","1","0.991585","30.0"
"Forcings","SurfaceDownwardSWRadiation","CERESed4.2","ENSEMBLE-CMIP6","Phase Shift","MeanState","global","scalar","months","0.614614","30.0"
"Forcings","SurfaceDownwardSWRadiation","CERESed4.2","ENSEMBLE-CMIP6","Seasonal Cycle Score","MeanState","global","score","1","0.936816","30.0"
"Forcings","SurfaceDownwardSWRadiation","CERESed4.2","ENSEMBLE-CMIP6","Bias","MeanState","global","scalar","W m-2","5.68423","30.0"
"Forcings","SurfaceDownwardSWRadiation","CERESed4.2","ENSEMBLE-CMIP6","Bias Score","MeanState","global","score","1","0.791053","30.0"
"Forcings","SurfaceDownwardSWRadiation","CERESed4.2","ENSEMBLE-CMIP6","RMSE","MeanState","global","scalar","W m-2","15.4571","30.0"
"Forcings","SurfaceDownwardSWRadiation","CERESed4.2","ENSEMBLE-CMIP6","RMSE Score","MeanState","global","score","1","0.784456","30.0"
"Forcings","SurfaceDownwardSWRadiation","CERESed4.2","ENSEMBLE-CMIP6","Overall Score","MeanState","global","score","1","0.857673","30.0"
"Forcings","SurfaceDownwardSWRadiation","CERESed4.2","CARDAMOM","Benchmark Period Mean (intersection)","MeanState","global","scalar","W m-2","192.203","30.0"
"Forcings","SurfaceDownwardSWRadiation","CERESed4.2","CARDAMOM","Benchmark Period Mean (complement)","MeanState","global","scalar","W m-2","179.23","30.0"
"Forcings","SurfaceDownwardSWRadiation","CERESed4.2","CARDAMOM","Period Mean (original grids)","MeanState","global","scalar","W m-2","195.197","30.0"
"Forcings","SurfaceDownwardSWRadiation","CERESed4.2","CARDAMOM","Model Period Mean (intersection)","MeanState","global","scalar","W m-2","195.104","30.0"
"Forcings","SurfaceDownwardSWRadiation","CERESed4.2","CARDAMOM","Model Period Mean (complement)","MeanState","global","scalar","W m-2","nan","30.0"
"Forcings","SurfaceDownwardSWRadiation","CERESed4.2","CARDAMOM","Spatial Distribution Score","MeanState","global","score","1","0.99813","30.0"
"Forcings","SurfaceDownwardSWRadiation","CERESed4.2","CARDAMOM","Phase Shift","MeanState","global","scalar","months","0.481614","30.0"
"Forcings","SurfaceDownwardSWRadiation","CERESed4.2","CARDAMOM","Seasonal Cycle Score","MeanState","global","score","1","0.947305","30.0"
"Forcings","SurfaceDownwardSWRadiation","CERESed4.2","CARDAMOM","Bias","MeanState","global","scalar","W m-2","2.90661","30.0"
"Forcings","SurfaceDownwardSWRadiation","CERESed4.2","CARDAMOM","Bias Score","MeanState","global","score","1","0.825179","30.0"
"Forcings","SurfaceDownwardSWRadiation","CERESed4.2","CARDAMOM","RMSE","MeanState","global","scalar","W m-2","13.1944","30.0"
"Forcings","SurfaceDownwardSWRadiation","CERESed4.2","CARDAMOM","RMSE Score","MeanState","global","score","1","0.80872","30.0"
"Forcings","SurfaceDownwardSWRadiation","CERESed4.2","CARDAMOM","Overall Score","MeanState","global","score","1","0.877611","30.0"
"EcosystemandCarbonCycle","GrossPrimaryProductivity","WECANN","ENSEMBLE-CMIP6","Benchmark Period Mean (intersection)","MeanState","global","scalar","Pg yr-1","115.818","75.0"
"EcosystemandCarbonCycle","GrossPrimaryProductivity","WECANN","ENSEMBLE-CMIP6","Benchmark Period Mean (complement)","MeanState","global","scalar","Pg yr-1","nan","75.0"
"EcosystemandCarbonCycle","GrossPrimaryProductivity","WECANN","ENSEMBLE-CMIP6","Period Mean (original grids)","MeanState","global","scalar","Pg yr-1","149.652","75.0"
"EcosystemandCarbonCycle","GrossPrimaryProductivity","WECANN","ENSEMBLE-CMIP6","Model Period Mean (intersection)","MeanState","global","scalar","Pg yr-1","122.393","75.0"
"EcosystemandCarbonCycle","GrossPrimaryProductivity","WECANN","ENSEMBLE-CMIP6","Model Period Mean (complement)","MeanState","global","scalar","Pg yr-1","25.0975","75.0"
"EcosystemandCarbonCycle","GrossPrimaryProductivity","WECANN","ENSEMBLE-CMIP6","Spatial Distribution Score","MeanState","global","score","1","0.959987","75.0"
"EcosystemandCarbonCycle","GrossPrimaryProductivity","WECANN","ENSEMBLE-CMIP6","Phase Shift","MeanState","global","scalar","months","1.26497","75.0"
"EcosystemandCarbonCycle","GrossPrimaryProductivity","WECANN","ENSEMBLE-CMIP6","Seasonal Cycle Score","MeanState","global","score","1","0.78832","75.0"
"EcosystemandCarbonCycle","GrossPrimaryProductivity","WECANN","ENSEMBLE-CMIP6","Bias","MeanState","global","scalar","g m-2 d-1","0.138676","75.0"
"EcosystemandCarbonCycle","GrossPrimaryProductivity","WECANN","ENSEMBLE-CMIP6","Bias Score","MeanState","global","score","1","0.639255","75.0"
"EcosystemandCarbonCycle","GrossPrimaryProductivity","WECANN","ENSEMBLE-CMIP6","RMSE","MeanState","global","scalar","g m-2 d-1","0.960374","75.0"
"EcosystemandCarbonCycle","GrossPrimaryProductivity","WECANN","ENSEMBLE-CMIP6","RMSE Score","MeanState","global","score","1","0.579234","75.0"
"EcosystemandCarbonCycle","GrossPrimaryProductivity","WECANN","ENSEMBLE-CMIP6","Overall Score","MeanState","global","score","1","0.709206","75.0"
"EcosystemandCarbonCycle","GrossPrimaryProductivity","WECANN","CARDAMOM","Benchmark Period Mean (intersection)","MeanState","global","scalar","Pg yr-1","110.988","75.0"
"EcosystemandCarbonCycle","GrossPrimaryProductivity","WECANN","CARDAMOM","Benchmark Period Mean (complement)","MeanState","global","scalar","Pg yr-1","4.23701","75.0"
"EcosystemandCarbonCycle","GrossPrimaryProductivity","WECANN","CARDAMOM","Period Mean (original grids)","MeanState","global","scalar","Pg yr-1","147.59","75.0"
"EcosystemandCarbonCycle","GrossPrimaryProductivity","WECANN","CARDAMOM","Model Period Mean (intersection)","MeanState","global","scalar","Pg yr-1","123.143","75.0"
"EcosystemandCarbonCycle","GrossPrimaryProductivity","WECANN","CARDAMOM","Model Period Mean (complement)","MeanState","global","scalar","Pg yr-1","17.0069","75.0"
"EcosystemandCarbonCycle","GrossPrimaryProductivity","WECANN","CARDAMOM","Spatial Distribution Score","MeanState","global","score","1","0.898161","75.0"
"EcosystemandCarbonCycle","GrossPrimaryProductivity","WECANN","CARDAMOM","Phase Shift","MeanState","global","scalar","months","1.20881","75.0"
"EcosystemandCarbonCycle","GrossPrimaryProductivity","WECANN","CARDAMOM","Seasonal Cycle Score","MeanState","global","score","1","0.809465","75.0"
"EcosystemandCarbonCycle","GrossPrimaryProductivity","WECANN","CARDAMOM","Bias","MeanState","global","scalar","g m-2 d-1","0.265135","75.0"
"EcosystemandCarbonCycle","GrossPrimaryProductivity","WECANN","CARDAMOM","Bias Score","MeanState","global","score","1","0.55658","75.0"
"EcosystemandCarbonCycle","GrossPrimaryProductivity","WECANN","CARDAMOM","RMSE","MeanState","global","scalar","g m-2 d-1","1.10176","75.0"
"EcosystemandCarbonCycle","GrossPrimaryProductivity","WECANN","CARDAMOM","RMSE Score","MeanState","global","score","1","0.620091","75.0"
"EcosystemandCarbonCycle","GrossPrimaryProductivity","WECANN","CARDAMOM","Overall Score","MeanState","global","score","1","0.700878","75.0"
"EcosystemandCarbonCycle","GrossPrimaryProductivity","FLUXCOM","ENSEMBLE-CMIP6","Benchmark Period Mean (intersection)","MeanState","global","scalar","Pg yr-1","113.589","75.0"
"EcosystemandCarbonCycle","GrossPrimaryProductivity","FLUXCOM","ENSEMBLE-CMIP6","Benchmark Period Mean (complement)","MeanState","global","scalar","Pg yr-1","nan","75.0"
"EcosystemandCarbonCycle","GrossPrimaryProductivity","FLUXCOM","ENSEMBLE-CMIP6","Period Mean (original grids)","MeanState","global","scalar","Pg yr-1","143.762","75.0"
"EcosystemandCarbonCycle","GrossPrimaryProductivity","FLUXCOM","ENSEMBLE-CMIP6","Model Period Mean (intersection)","MeanState","global","scalar","Pg yr-1","119.619","75.0"
"EcosystemandCarbonCycle","GrossPrimaryProductivity","FLUXCOM","ENSEMBLE-CMIP6","Model Period Mean (complement)","MeanState","global","scalar","Pg yr-1","22.0019","75.0"
"EcosystemandCarbonCycle","GrossPrimaryProductivity","FLUXCOM","ENSEMBLE-CMIP6","Spatial Distribution Score","MeanState","global","score","1","0.960266","75.0"
"EcosystemandCarbonCycle","GrossPrimaryProductivity","FLUXCOM","ENSEMBLE-CMIP6","Phase Shift","MeanState","global","scalar","months","0.979984","75.0"
"EcosystemandCarbonCycle","GrossPrimaryProductivity","FLUXCOM","ENSEMBLE-CMIP6","Seasonal Cycle Score","MeanState","global","score","1","0.809373","75.0"
"EcosystemandCarbonCycle","GrossPrimaryProductivity","FLUXCOM","ENSEMBLE-CMIP6","Bias","MeanState","global","scalar","g m-2 d-1","0.13869","75.0"
"EcosystemandCarbonCycle","GrossPrimaryProductivity","FLUXCOM","ENSEMBLE-CMIP6","Bias Score","MeanState","global","score","1","0.576691","75.0"
"EcosystemandCarbonCycle","GrossPrimaryProductivity","FLUXCOM","ENSEMBLE-CMIP6","RMSE","MeanState","global","scalar","g m-2 d-1","1.14687","75.0"
"EcosystemandCarbonCycle","GrossPrimaryProductivity","FLUXCOM","ENSEMBLE-CMIP6","RMSE Score","MeanState","global","score","1","0.522117","75.0"
"EcosystemandCarbonCycle","GrossPrimaryProductivity","FLUXCOM","ENSEMBLE-CMIP6","Overall Score","MeanState","global","score","1","0.678113","75.0"
"EcosystemandCarbonCycle","GrossPrimaryProductivity","FLUXCOM","ENSEMBLE-CMIP6","Evapotranspiration|GLEAMv3.3a Hellinger Distance","Relationships","global","scalar","1","0.698807","75.0"
"EcosystemandCarbonCycle","GrossPrimaryProductivity","FLUXCOM","ENSEMBLE-CMIP6","Evapotranspiration|GLEAMv3.3a Score","Relationships","global","score","1","0.80425","75.0"
"EcosystemandCarbonCycle","GrossPrimaryProductivity","FLUXCOM","ENSEMBLE-CMIP6","Precipitation|GPCPv2.3 Hellinger Distance","Relationships","global","scalar","1","0.790788","75.0"
"EcosystemandCarbonCycle","GrossPrimaryProductivity","FLUXCOM","ENSEMBLE-CMIP6","Precipitation|GPCPv2.3 Score","Relationships","global","score","1","0.909996","75.0"
"EcosystemandCarbonCycle","GrossPrimaryProductivity","FLUXCOM","ENSEMBLE-CMIP6","SurfaceDownwardSWRadiation|CERESed4.2 Hellinger Distance","Relationships","global","scalar","1","0.695153","75.0"
"EcosystemandCarbonCycle","GrossPrimaryProductivity","FLUXCOM","ENSEMBLE-CMIP6","SurfaceDownwardSWRadiation|CERESed4.2 Score","Relationships","global","score","1","0.784027","75.0"
"EcosystemandCarbonCycle","GrossPrimaryProductivity","FLUXCOM","ENSEMBLE-CMIP6","SurfaceNetSWRadiation|CERESed4.2 Hellinger Distance","Relationships","global","scalar","1","0.670341","75.0"
"EcosystemandCarbonCycle","GrossPrimaryProductivity","FLUXCOM","ENSEMBLE-CMIP6","SurfaceNetSWRadiation|CERESed4.2 Score","Relationships","global","score","1","0.714804","75.0"
"EcosystemandCarbonCycle","GrossPrimaryProductivity","FLUXCOM","ENSEMBLE-CMIP6","SurfaceAirTemperature|CRU4.02 Hellinger Distance","Relationships","global","scalar","1","0.740311","75.0"
"EcosystemandCarbonCycle","GrossPrimaryProductivity","FLUXCOM","ENSEMBLE-CMIP6","SurfaceAirTemperature|CRU4.02 Score","Relationships","global","score","1","0.824015","75.0"
"EcosystemandCarbonCycle","GrossPrimaryProductivity","FLUXCOM","ENSEMBLE-CMIP6","Overall Score","Relationships","global","score","1","0.807419","75.0"
"EcosystemandCarbonCycle","GrossPrimaryProductivity","FLUXCOM","CARDAMOM","Benchmark Period Mean (intersection)","MeanState","global","scalar","Pg yr-1","107.564","75.0"
"EcosystemandCarbonCycle","GrossPrimaryProductivity","FLUXCOM","CARDAMOM","Benchmark Period Mean (complement)","MeanState","global","scalar","Pg yr-1","6.28746","75.0"
"EcosystemandCarbonCycle","GrossPrimaryProductivity","FLUXCOM","CARDAMOM","Period Mean (original grids)","MeanState","global","scalar","Pg yr-1","145.441","75.0"
"EcosystemandCarbonCycle","GrossPrimaryProductivity","FLUXCOM","CARDAMOM","Model Period Mean (intersection)","MeanState","global","scalar","Pg yr-1","122.758","75.0"
"EcosystemandCarbonCycle","GrossPrimaryProductivity","FLUXCOM","CARDAMOM","Model Period Mean (complement)","MeanState","global","scalar","Pg yr-1","15.373","75.0"
"EcosystemandCarbonCycle","GrossPrimaryProductivity","FLUXCOM","CARDAMOM","Spatial Distribution Score","MeanState","global","score","1","0.978734","75.0"
"EcosystemandCarbonCycle","GrossPrimaryProductivity","FLUXCOM","CARDAMOM","Phase Shift","MeanState","global","scalar","months","0.911599","75.0"
"EcosystemandCarbonCycle","GrossPrimaryProductivity","FLUXCOM","CARDAMOM","Seasonal Cycle Score","MeanState","global","score","1","0.855088","75.0"
"EcosystemandCarbonCycle","GrossPrimaryProductivity","FLUXCOM","CARDAMOM","Bias","MeanState","global","scalar","g m-2 d-1","0.364","75.0"
"EcosystemandCarbonCycle","GrossPrimaryProductivity","FLUXCOM","CARDAMOM","Bias Score","MeanState","global","score","1","0.593257","75.0"
"EcosystemandCarbonCycle","GrossPrimaryProductivity","FLUXCOM","CARDAMOM","RMSE","MeanState","global","scalar","g m-2 d-1","1.08781","75.0"
"EcosystemandCarbonCycle","GrossPrimaryProductivity","FLUXCOM","CARDAMOM","RMSE Score","MeanState","global","score","1","0.625349","75.0"
"EcosystemandCarbonCycle","GrossPrimaryProductivity","FLUXCOM","CARDAMOM","Overall Score","MeanState","global","score","1","0.735555","75.0"
"EcosystemandCarbonCycle","GrossPrimaryProductivity","FLUXCOM","CARDAMOM","Evapotranspiration|GLEAMv3.3a Hellinger Distance","Relationships","global","scalar","1","0.661275","75.0"
"EcosystemandCarbonCycle","GrossPrimaryProductivity","FLUXCOM","CARDAMOM","Evapotranspiration|GLEAMv3.3a Score","Relationships","global","score","1","0.854152","75.0"
"EcosystemandCarbonCycle","GrossPrimaryProductivity","FLUXCOM","CARDAMOM","Precipitation|GPCPv2.3 Hellinger Distance","Relationships","global","scalar","1","0.712675","75.0"
"EcosystemandCarbonCycle","GrossPrimaryProductivity","FLUXCOM","CARDAMOM","Precipitation|GPCPv2.3 Score","Relationships","global","score","1","0.885301","75.0"
"EcosystemandCarbonCycle","GrossPrimaryProductivity","FLUXCOM","CARDAMOM","SurfaceDownwardSWRadiation|CERESed4.2 Hellinger Distance","Relationships","global","scalar","1","0.681645","75.0"
"EcosystemandCarbonCycle","GrossPrimaryProductivity","FLUXCOM","CARDAMOM","SurfaceDownwardSWRadiation|CERESed4.2 Score","Relationships","global","score","1","0.798237","75.0"
"EcosystemandCarbonCycle","GrossPrimaryProductivity","FLUXCOM","CARDAMOM","SurfaceNetSWRadiation|CERESed4.2 Hellinger Distance","Relationships","global","scalar","1","0.621697","75.0"
"EcosystemandCarbonCycle","GrossPrimaryProductivity","FLUXCOM","CARDAMOM","SurfaceNetSWRadiation|CERESed4.2 Score","Relationships","global","score","1","0.405778","75.0"
"EcosystemandCarbonCycle","GrossPrimaryProductivity","FLUXCOM","CARDAMOM","SurfaceAirTemperature|CRU4.02 Hellinger Distance","Relationships","global","scalar","1","0.699179","75.0"
"EcosystemandCarbonCycle","GrossPrimaryProductivity","FLUXCOM","CARDAMOM","SurfaceAirTemperature|CRU4.02 Score","Relationships","global","score","1","0.820942","75.0"
"EcosystemandCarbonCycle","GrossPrimaryProductivity","FLUXCOM","CARDAMOM","Overall Score","Relationships","global","score","1","0.752882","75.0"
"EcosystemandCarbonCycle","LeafAreaIndex","MODIS","CARDAMOM","Benchmark Period Mean (intersection)","MeanState","global","scalar","1","1.3666","45.0"
"EcosystemandCarbonCycle","LeafAreaIndex","MODIS","CARDAMOM","Benchmark Period Mean (complement)","MeanState","global","scalar","1","1.20692","45.0"
"EcosystemandCarbonCycle","LeafAreaIndex","MODIS","CARDAMOM","Period Mean (original grids)","MeanState","global","scalar","1","1.2477","45.0"
"EcosystemandCarbonCycle","LeafAreaIndex","MODIS","CARDAMOM","Model Period Mean (intersection)","MeanState","global","scalar","1","1.2067","45.0"
"EcosystemandCarbonCycle","LeafAreaIndex","MODIS","CARDAMOM","Model Period Mean (complement)","MeanState","global","scalar","1","1.47835","45.0"
"EcosystemandCarbonCycle","LeafAreaIndex","MODIS","CARDAMOM","Spatial Distribution Score","MeanState","global","score","1","0.934023","45.0"
"EcosystemandCarbonCycle","LeafAreaIndex","MODIS","CARDAMOM","Phase Shift","MeanState","global","scalar","months","1.6816","45.0"
"EcosystemandCarbonCycle","LeafAreaIndex","MODIS","CARDAMOM","Seasonal Cycle Score","MeanState","global","score","1","0.738711","45.0"
"EcosystemandCarbonCycle","LeafAreaIndex","MODIS","CARDAMOM","Bias","MeanState","global","scalar","1","-0.159939","45.0"
"EcosystemandCarbonCycle","LeafAreaIndex","MODIS","CARDAMOM","Bias Score","MeanState","global","score","1","0.313831","45.0"
"EcosystemandCarbonCycle","LeafAreaIndex","MODIS","CARDAMOM","RMSE","MeanState","global","scalar","1","0.584904","45.0"
"EcosystemandCarbonCycle","LeafAreaIndex","MODIS","CARDAMOM","RMSE Score","MeanState","global","score","1","0.395271","45.0"
"EcosystemandCarbonCycle","LeafAreaIndex","MODIS","CARDAMOM","Overall Score","MeanState","global","score","1","0.555422","45.0"
"EcosystemandCarbonCycle","LeafAreaIndex","MODIS","ENSEMBLE-CMIP6","Benchmark Period Mean (intersection)","MeanState","global","scalar","1","1.35807","45.0"
"EcosystemandCarbonCycle","LeafAreaIndex","MODIS","ENSEMBLE-CMIP6","Benchmark Period Mean (complement)","MeanState","global","scalar","1","nan","45.0"
"EcosystemandCarbonCycle","LeafAreaIndex","MODIS","ENSEMBLE-CMIP6","Period Mean (original grids)","MeanState","global","scalar","1","1.5703","45.0"
"EcosystemandCarbonCycle","LeafAreaIndex","MODIS","ENSEMBLE-CMIP6","Model Period Mean (intersection)","MeanState","global","scalar","1","1.5437","45.0"
"EcosystemandCarbonCycle","LeafAreaIndex","MODIS","ENSEMBLE-CMIP6","Model Period Mean (complement)","MeanState","global","scalar","1","1.593","45.0"
"EcosystemandCarbonCycle","LeafAreaIndex","MODIS","ENSEMBLE-CMIP6","Spatial Distribution Score","MeanState","global","score","1","0.963133","45.0"
"EcosystemandCarbonCycle","LeafAreaIndex","MODIS","ENSEMBLE-CMIP6","Phase Shift","MeanState","global","scalar","months","1.59895","45.0"
"EcosystemandCarbonCycle","LeafAreaIndex","MODIS","ENSEMBLE-CMIP6","Seasonal Cycle Score","MeanState","global","score","1","0.779024","45.0"
"EcosystemandCarbonCycle","LeafAreaIndex","MODIS","ENSEMBLE-CMIP6","Bias","MeanState","global","scalar","1","0.184662","45.0"
"EcosystemandCarbonCycle","LeafAreaIndex","MODIS","ENSEMBLE-CMIP6","Bias Score","MeanState","global","score","1","0.346663","45.0"
"EcosystemandCarbonCycle","LeafAreaIndex","MODIS","ENSEMBLE-CMIP6","RMSE","MeanState","global","scalar","1","0.562629","45.0"
"EcosystemandCarbonCycle","LeafAreaIndex","MODIS","ENSEMBLE-CMIP6","RMSE Score","MeanState","global","score","1","0.424812","45.0"
"EcosystemandCarbonCycle","LeafAreaIndex","MODIS","ENSEMBLE-CMIP6","Overall Score","MeanState","global","score","1","0.587689","45.0"
"RadiationandEnergyCycle","SurfaceNetSWRadiation","WRMC.BSRN","ENSEMBLE-CMIP6","Period Mean (original grids)","MeanState","global","scalar","Watt m-2","141.558","12.0"
"RadiationandEnergyCycle","SurfaceNetSWRadiation","WRMC.BSRN","ENSEMBLE-CMIP6","Bias","MeanState","global","scalar","Watt m-2","21.7134","12.0"
"RadiationandEnergyCycle","SurfaceNetSWRadiation","WRMC.BSRN","ENSEMBLE-CMIP6","Bias Score","MeanState","global","score","1","0.781315","12.0"
"RadiationandEnergyCycle","SurfaceNetSWRadiation","WRMC.BSRN","ENSEMBLE-CMIP6","Phase Shift","MeanState","global","scalar","months","0.406667","12.0"
"RadiationandEnergyCycle","SurfaceNetSWRadiation","WRMC.BSRN","ENSEMBLE-CMIP6","Seasonal Cycle Score","MeanState","global","score","1","0.973061","12.0"
"RadiationandEnergyCycle","SurfaceNetSWRadiation","WRMC.BSRN","ENSEMBLE-CMIP6","RMSE","MeanState","global","scalar","Watt m-2","46.0757","12.0"
"RadiationandEnergyCycle","SurfaceNetSWRadiation","WRMC.BSRN","ENSEMBLE-CMIP6","RMSE Score","MeanState","global","score","1","0.69537","12.0"
"RadiationandEnergyCycle","SurfaceNetSWRadiation","WRMC.BSRN","ENSEMBLE-CMIP6","Overall Score","MeanState","global","score","1","0.786279","12.0"
"RadiationandEnergyCycle","SurfaceNetSWRadiation","WRMC.BSRN","CARDAMOM","Period Mean (original grids)","MeanState","global","scalar","Watt m-2","116.163","12.0"
"RadiationandEnergyCycle","SurfaceNetSWRadiation","WRMC.BSRN","CARDAMOM","Bias","MeanState","global","scalar","Watt m-2","-21.6979","12.0"
"RadiationandEnergyCycle","SurfaceNetSWRadiation","WRMC.BSRN","CARDAMOM","Bias Score","MeanState","global","score","1","0.727805","12.0"
"RadiationandEnergyCycle","SurfaceNetSWRadiation","WRMC.BSRN","CARDAMOM","Phase Shift","MeanState","global","scalar","months","0.391026","12.0"
"RadiationandEnergyCycle","SurfaceNetSWRadiation","WRMC.BSRN","CARDAMOM","Seasonal Cycle Score","MeanState","global","score","1","0.974098","12.0"
"RadiationandEnergyCycle","SurfaceNetSWRadiation","WRMC.BSRN","CARDAMOM","RMSE","MeanState","global","scalar","Watt m-2","35.1678","12.0"
"RadiationandEnergyCycle","SurfaceNetSWRadiation","WRMC.BSRN","CARDAMOM","RMSE Score","MeanState","global","score","1","0.68332","12.0"
"RadiationandEnergyCycle","SurfaceNetSWRadiation","WRMC.BSRN","CARDAMOM","Overall Score","MeanState","global","score","1","0.767136","12.0"
"RadiationandEnergyCycle","SurfaceNetSWRadiation","GEWEX.SRB","CARDAMOM","Benchmark Period Mean (intersection)","MeanState","global","scalar","Watt m-2","153.684","15.0"
"RadiationandEnergyCycle","SurfaceNetSWRadiation","GEWEX.SRB","CARDAMOM","Benchmark Period Mean (complement)","MeanState","global","scalar","Watt m-2","154.064","15.0"
"RadiationandEnergyCycle","SurfaceNetSWRadiation","GEWEX.SRB","CARDAMOM","Period Mean (original grids)","MeanState","global","scalar","Watt m-2","121.062","15.0"
"RadiationandEnergyCycle","SurfaceNetSWRadiation","GEWEX.SRB","CARDAMOM","Model Period Mean (intersection)","MeanState","global","scalar","Watt m-2","121.005","15.0"
"RadiationandEnergyCycle","SurfaceNetSWRadiation","GEWEX.SRB","CARDAMOM","Model Period Mean (complement)","MeanState","global","scalar","Watt m-2","nan","15.0"
"RadiationandEnergyCycle","SurfaceNetSWRadiation","GEWEX.SRB","CARDAMOM","Spatial Distribution Score","MeanState","global","score","1","0.975232","15.0"
"RadiationandEnergyCycle","SurfaceNetSWRadiation","GEWEX.SRB","CARDAMOM","Phase Shift","MeanState","global","scalar","months","0.54218","15.0"
"RadiationandEnergyCycle","SurfaceNetSWRadiation","GEWEX.SRB","CARDAMOM","Seasonal Cycle Score","MeanState","global","score","1","0.944334","15.0"
"RadiationandEnergyCycle","SurfaceNetSWRadiation","GEWEX.SRB","CARDAMOM","Bias","MeanState","global","scalar","Watt m-2","-32.6758","15.0"
"RadiationandEnergyCycle","SurfaceNetSWRadiation","GEWEX.SRB","CARDAMOM","Bias Score","MeanState","global","score","1","0.490684","15.0"
"RadiationandEnergyCycle","SurfaceNetSWRadiation","GEWEX.SRB","CARDAMOM","RMSE","MeanState","global","scalar","Watt m-2","40.0465","15.0"
"RadiationandEnergyCycle","SurfaceNetSWRadiation","GEWEX.SRB","CARDAMOM","RMSE Score","MeanState","global","score","1","0.696022","15.0"
"RadiationandEnergyCycle","SurfaceNetSWRadiation","GEWEX.SRB","CARDAMOM","Overall Score","MeanState","global","score","1","0.760459","15.0"
"RadiationandEnergyCycle","SurfaceNetSWRadiation","GEWEX.SRB","ENSEMBLE-CMIP6","Benchmark Period Mean (intersection)","MeanState","global","scalar","Watt m-2","154.322","15.0"
"RadiationandEnergyCycle","SurfaceNetSWRadiation","GEWEX.SRB","ENSEMBLE-CMIP6","Benchmark Period Mean (complement)","MeanState","global","scalar","Watt m-2","nan","15.0"
"RadiationandEnergyCycle","SurfaceNetSWRadiation","GEWEX.SRB","ENSEMBLE-CMIP6","Period Mean (original grids)","MeanState","global","scalar","Watt m-2","158.611","15.0"
"RadiationandEnergyCycle","SurfaceNetSWRadiation","GEWEX.SRB","ENSEMBLE-CMIP6","Model Period Mean (intersection)","MeanState","global","scalar","Watt m-2","158.352","15.0"
"RadiationandEnergyCycle","SurfaceNetSWRadiation","GEWEX.SRB","ENSEMBLE-CMIP6","Model Period Mean (complement)","MeanState","global","scalar","Watt m-2","nan","15.0"
"RadiationandEnergyCycle","SurfaceNetSWRadiation","GEWEX.SRB","ENSEMBLE-CMIP6","Spatial Distribution Score","MeanState","global","score","1","0.969073","15.0"
"RadiationandEnergyCycle","SurfaceNetSWRadiation","GEWEX.SRB","ENSEMBLE-CMIP6","Phase Shift","MeanState","global","scalar","months","0.543264","15.0"
"RadiationandEnergyCycle","SurfaceNetSWRadiation","GEWEX.SRB","ENSEMBLE-CMIP6","Seasonal Cycle Score","MeanState","global","score","1","0.947134","15.0"
"RadiationandEnergyCycle","SurfaceNetSWRadiation","GEWEX.SRB","ENSEMBLE-CMIP6","Bias","MeanState","global","scalar","Watt m-2","4.04611","15.0"
"RadiationandEnergyCycle","SurfaceNetSWRadiation","GEWEX.SRB","ENSEMBLE-CMIP6","Bias Score","MeanState","global","score","1","0.727335","15.0"
"RadiationandEnergyCycle","SurfaceNetSWRadiation","GEWEX.SRB","ENSEMBLE-CMIP6","RMSE","MeanState","global","scalar","Watt m-2","17.4467","15.0"
"RadiationandEnergyCycle","SurfaceNetSWRadiation","GEWEX.SRB","ENSEMBLE-CMIP6","RMSE Score","MeanState","global","score","1","0.762604","15.0"
"RadiationandEnergyCycle","SurfaceNetSWRadiation","GEWEX.SRB","ENSEMBLE-CMIP6","Overall Score","MeanState","global","score","1","0.83375","15.0"
"RadiationandEnergyCycle","SurfaceNetSWRadiation","CERESed4.2","ENSEMBLE-CMIP6","Benchmark Period Mean (intersection)","MeanState","global","scalar","W m-2","154.319","15.0"
"RadiationandEnergyCycle","SurfaceNetSWRadiation","CERESed4.2","ENSEMBLE-CMIP6","Benchmark Period Mean (complement)","MeanState","global","scalar","W m-2","nan","15.0"
"RadiationandEnergyCycle","SurfaceNetSWRadiation","CERESed4.2","ENSEMBLE-CMIP6","Period Mean (original grids)","MeanState","global","scalar","W m-2","159.181","15.0"
"RadiationandEnergyCycle","SurfaceNetSWRadiation","CERESed4.2","ENSEMBLE-CMIP6","Model Period Mean (intersection)","MeanState","global","scalar","W m-2","158.912","15.0"
"RadiationandEnergyCycle","SurfaceNetSWRadiation","CERESed4.2","ENSEMBLE-CMIP6","Model Period Mean (complement)","MeanState","global","scalar","W m-2","nan","15.0"
"RadiationandEnergyCycle","SurfaceNetSWRadiation","CERESed4.2","ENSEMBLE-CMIP6","Spatial Distribution Score","MeanState","global","score","1","0.995624","15.0"
"RadiationandEnergyCycle","SurfaceNetSWRadiation","CERESed4.2","ENSEMBLE-CMIP6","Phase Shift","MeanState","global","scalar","months","0.5908","15.0"
"RadiationandEnergyCycle","SurfaceNetSWRadiation","CERESed4.2","ENSEMBLE-CMIP6","Seasonal Cycle Score","MeanState","global","score","1","0.937794","15.0"
"RadiationandEnergyCycle","SurfaceNetSWRadiation","CERESed4.2","ENSEMBLE-CMIP6","Bias","MeanState","global","scalar","W m-2","4.64504","15.0"
"RadiationandEnergyCycle","SurfaceNetSWRadiation","CERESed4.2","ENSEMBLE-CMIP6","Bias Score","MeanState","global","score","1","0.777641","15.0"
"RadiationandEnergyCycle","SurfaceNetSWRadiation","CERESed4.2","ENSEMBLE-CMIP6","RMSE","MeanState","global","scalar","W m-2","13.9998","15.0"
"RadiationandEnergyCycle","SurfaceNetSWRadiation","CERESed4.2","ENSEMBLE-CMIP6","RMSE Score","MeanState","global","score","1","0.77684","15.0"
"RadiationandEnergyCycle","SurfaceNetSWRadiation","CERESed4.2","ENSEMBLE-CMIP6","Overall Score","MeanState","global","score","1","0.852948","15.0"
"RadiationandEnergyCycle","SurfaceNetSWRadiation","CERESed4.2","CARDAMOM","Benchmark Period Mean (intersection)","MeanState","global","scalar","W m-2","154.427","15.0"
"RadiationandEnergyCycle","SurfaceNetSWRadiation","CERESed4.2","CARDAMOM","Benchmark Period Mean (complement)","MeanState","global","scalar","W m-2","151.238","15.0"
"RadiationandEnergyCycle","SurfaceNetSWRadiation","CERESed4.2","CARDAMOM","Period Mean (original grids)","MeanState","global","scalar","W m-2","120.988","15.0"
"RadiationandEnergyCycle","SurfaceNetSWRadiation","CERESed4.2","CARDAMOM","Model Period Mean (intersection)","MeanState","global","scalar","W m-2","120.948","15.0"
"RadiationandEnergyCycle","SurfaceNetSWRadiation","CERESed4.2","CARDAMOM","Model Period Mean (complement)","MeanState","global","scalar","W m-2","nan","15.0"
"RadiationandEnergyCycle","SurfaceNetSWRadiation","CERESed4.2","CARDAMOM","Spatial Distribution Score","MeanState","global","score","1","0.988877","15.0"
"RadiationandEnergyCycle","SurfaceNetSWRadiation","CERESed4.2","CARDAMOM","Phase Shift","MeanState","global","scalar","months","0.529631","15.0"
"RadiationandEnergyCycle","SurfaceNetSWRadiation","CERESed4.2","CARDAMOM","Seasonal Cycle Score","MeanState","global","score","1","0.941283","15.0"
"RadiationandEnergyCycle","SurfaceNetSWRadiation","CERESed4.2","CARDAMOM","Bias","MeanState","global","scalar","W m-2","-33.4526","15.0"
"RadiationandEnergyCycle","SurfaceNetSWRadiation","CERESed4.2","CARDAMOM","Bias Score","MeanState","global","score","1","0.465905","15.0"
"RadiationandEnergyCycle","SurfaceNetSWRadiation","CERESed4.2","CARDAMOM","RMSE","MeanState","global","scalar","W m-2","41.3163","15.0"
"RadiationandEnergyCycle","SurfaceNetSWRadiation","CERESed4.2","CARDAMOM","RMSE Score","MeanState","global","score","1","0.702164","15.0"
"RadiationandEnergyCycle","SurfaceNetSWRadiation","CERESed4.2","CARDAMOM","Overall Score","MeanState","global","score","1","0.760079","15.0"
"RadiationandEnergyCycle","Albedo","GEWEX.SRB","CARDAMOM","Benchmark Period Mean (intersection)","MeanState","global","scalar","1","0.188547","20.0"
"RadiationandEnergyCycle","Albedo","GEWEX.SRB","CARDAMOM","Benchmark Period Mean (complement)","MeanState","global","scalar","1","0.207949","20.0"
"RadiationandEnergyCycle","Albedo","GEWEX.SRB","CARDAMOM","Period Mean (original grids)","MeanState","global","scalar","1","0.401943","20.0"
"RadiationandEnergyCycle","Albedo","GEWEX.SRB","CARDAMOM","Model Period Mean (intersection)","MeanState","global","scalar","1","0.402377","20.0"
"RadiationandEnergyCycle","Albedo","GEWEX.SRB","CARDAMOM","Model Period Mean (complement)","MeanState","global","scalar","1","nan","20.0"
"RadiationandEnergyCycle","Albedo","GEWEX.SRB","CARDAMOM","Spatial Distribution Score","MeanState","global","score","1","0.796827","20.0"
"RadiationandEnergyCycle","Albedo","GEWEX.SRB","CARDAMOM","Phase Shift","MeanState","global","scalar","months","2.40364","20.0"
"RadiationandEnergyCycle","Albedo","GEWEX.SRB","CARDAMOM","Seasonal Cycle Score","MeanState","global","score","1","0.623647","20.0"
"RadiationandEnergyCycle","Albedo","GEWEX.SRB","CARDAMOM","Bias","MeanState","global","scalar","1","0.21383","20.0"
"RadiationandEnergyCycle","Albedo","GEWEX.SRB","CARDAMOM","Bias Score","MeanState","global","score","1","0.0899366","20.0"
"RadiationandEnergyCycle","Albedo","GEWEX.SRB","CARDAMOM","RMSE","MeanState","global","scalar","1","0.233262","20.0"
"RadiationandEnergyCycle","Albedo","GEWEX.SRB","CARDAMOM","RMSE Score","MeanState","global","score","1","0.449138","20.0"
"RadiationandEnergyCycle","Albedo","GEWEX.SRB","CARDAMOM","Overall Score","MeanState","global","score","1","0.481738","20.0"
"RadiationandEnergyCycle","Albedo","GEWEX.SRB","ENSEMBLE-CMIP6","Benchmark Period Mean (intersection)","MeanState","global","scalar","1","0.23463","20.0"
"RadiationandEnergyCycle","Albedo","GEWEX.SRB","ENSEMBLE-CMIP6","Benchmark Period Mean (complement)","MeanState","global","scalar","1","nan","20.0"
"RadiationandEnergyCycle","Albedo","GEWEX.SRB","ENSEMBLE-CMIP6","Period Mean (original grids)","MeanState","global","scalar","1","0.254334","20.0"
"RadiationandEnergyCycle","Albedo","GEWEX.SRB","ENSEMBLE-CMIP6","Model Period Mean (intersection)","MeanState","global","scalar","1","0.25417","20.0"
"RadiationandEnergyCycle","Albedo","GEWEX.SRB","ENSEMBLE-CMIP6","Model Period Mean (complement)","MeanState","global","scalar","1","nan","20.0"
"RadiationandEnergyCycle","Albedo","GEWEX.SRB","ENSEMBLE-CMIP6","Spatial Distribution Score","MeanState","global","score","1","0.984801","20.0"
"RadiationandEnergyCycle","Albedo","GEWEX.SRB","ENSEMBLE-CMIP6","Phase Shift","MeanState","global","scalar","months","2.6019","20.0"
"RadiationandEnergyCycle","Albedo","GEWEX.SRB","ENSEMBLE-CMIP6","Seasonal Cycle Score","MeanState","global","score","1","0.581349","20.0"
"RadiationandEnergyCycle","Albedo","GEWEX.SRB","ENSEMBLE-CMIP6","Bias","MeanState","global","scalar","1","0.0194493","20.0"
"RadiationandEnergyCycle","Albedo","GEWEX.SRB","ENSEMBLE-CMIP6","Bias Score","MeanState","global","score","1","0.511547","20.0"
"RadiationandEnergyCycle","Albedo","GEWEX.SRB","ENSEMBLE-CMIP6","RMSE","MeanState","global","scalar","1","0.0630097","20.0"
"RadiationandEnergyCycle","Albedo","GEWEX.SRB","ENSEMBLE-CMIP6","RMSE Score","MeanState","global","score","1","0.570043","20.0"
"RadiationandEnergyCycle","Albedo","GEWEX.SRB","ENSEMBLE-CMIP6","Overall Score","MeanState","global","score","1","0.643556","20.0"
"RadiationandEnergyCycle","Albedo","CERESed4.2","ENSEMBLE-CMIP6","Benchmark Period Mean (intersection)","MeanState","global","scalar","1","0.252855","20.0"
"RadiationandEnergyCycle","Albedo","CERESed4.2","ENSEMBLE-CMIP6","Benchmark Period Mean (complement)","MeanState","global","scalar","1","nan","20.0"
"RadiationandEnergyCycle","Albedo","CERESed4.2","ENSEMBLE-CMIP6","Period Mean (original grids)","MeanState","global","scalar","1","0.252134","20.0"
"RadiationandEnergyCycle","Albedo","CERESed4.2","ENSEMBLE-CMIP6","Model Period Mean (intersection)","MeanState","global","scalar","1","0.25194","20.0"
"RadiationandEnergyCycle","Albedo","CERESed4.2","ENSEMBLE-CMIP6","Model Period Mean (complement)","MeanState","global","scalar","1","nan","20.0"
"RadiationandEnergyCycle","Albedo","CERESed4.2","ENSEMBLE-CMIP6","Spatial Distribution Score","MeanState","global","score","1","0.996292","20.0"
"RadiationandEnergyCycle","Albedo","CERESed4.2","ENSEMBLE-CMIP6","Phase Shift","MeanState","global","scalar","months","2.09518","20.0"
"RadiationandEnergyCycle","Albedo","CERESed4.2","ENSEMBLE-CMIP6","Seasonal Cycle Score","MeanState","global","score","1","0.67092","20.0"
"RadiationandEnergyCycle","Albedo","CERESed4.2","ENSEMBLE-CMIP6","Bias","MeanState","global","scalar","1","-0.00126613","20.0"
"RadiationandEnergyCycle","Albedo","CERESed4.2","ENSEMBLE-CMIP6","Bias Score","MeanState","global","score","1","0.491958","20.0"
"RadiationandEnergyCycle","Albedo","CERESed4.2","ENSEMBLE-CMIP6","RMSE","MeanState","global","scalar","1","0.042816","20.0"
"RadiationandEnergyCycle","Albedo","CERESed4.2","ENSEMBLE-CMIP6","RMSE Score","MeanState","global","score","1","0.566361","20.0"
"RadiationandEnergyCycle","Albedo","CERESed4.2","ENSEMBLE-CMIP6","Overall Score","MeanState","global","score","1","0.658378","20.0"
"RadiationandEnergyCycle","Albedo","CERESed4.2","CARDAMOM","Benchmark Period Mean (intersection)","MeanState","global","scalar","1","0.199479","20.0"
"RadiationandEnergyCycle","Albedo","CERESed4.2","CARDAMOM","Benchmark Period Mean (complement)","MeanState","global","scalar","1","0.221596","20.0"
"RadiationandEnergyCycle","Albedo","CERESed4.2","CARDAMOM","Period Mean (original grids)","MeanState","global","scalar","1","0.401455","20.0"
"RadiationandEnergyCycle","Albedo","CERESed4.2","CARDAMOM","Model Period Mean (intersection)","MeanState","global","scalar","1","0.40185","20.0"
"RadiationandEnergyCycle","Albedo","CERESed4.2","CARDAMOM","Model Period Mean (complement)","MeanState","global","scalar","1","nan","20.0"
"RadiationandEnergyCycle","Albedo","CERESed4.2","CARDAMOM","Spatial Distribution Score","MeanState","global","score","1","0.927726","20.0"
"RadiationandEnergyCycle","Albedo","CERESed4.2","CARDAMOM","Phase Shift","MeanState","global","scalar","months","2.58913","20.0"
"RadiationandEnergyCycle","Albedo","CERESed4.2","CARDAMOM","Seasonal Cycle Score","MeanState","global","score","1","0.591316","20.0"
"RadiationandEnergyCycle","Albedo","CERESed4.2","CARDAMOM","Bias","MeanState","global","scalar","1","0.202309","20.0"
"RadiationandEnergyCycle","Albedo","CERESed4.2","CARDAMOM","Bias Score","MeanState","global","score","1","0.0957091","20.0"
"RadiationandEnergyCycle","Albedo","CERESed4.2","CARDAMOM","RMSE","MeanState","global","scalar","1","0.216837","20.0"
"RadiationandEnergyCycle","Albedo","CERESed4.2","CARDAMOM","RMSE Score","MeanState","global","score","1","0.491511","20.0"
"RadiationandEnergyCycle","Albedo","CERESed4.2","CARDAMOM","Overall Score","MeanState","global","score","1","0.519555","20.0"
"RadiationandEnergyCycle","SurfaceUpwardSWRadiation","ERA5","CARDAMOM","Benchmark Period Mean (intersection)","MeanState","global","scalar","W m-2","40.4814","15.0"
"RadiationandEnergyCycle","SurfaceUpwardSWRadiation","ERA5","CARDAMOM","Benchmark Period Mean (complement)","MeanState","global","scalar","W m-2","38.4174","15.0"
"RadiationandEnergyCycle","SurfaceUpwardSWRadiation","ERA5","CARDAMOM","Period Mean (original grids)","MeanState","global","scalar","W m-2","73.4432","15.0"
"RadiationandEnergyCycle","SurfaceUpwardSWRadiation","ERA5","CARDAMOM","Model Period Mean (intersection)","MeanState","global","scalar","W m-2","73.4503","15.0"
"RadiationandEnergyCycle","SurfaceUpwardSWRadiation","ERA5","CARDAMOM","Model Period Mean (complement)","MeanState","global","scalar","W m-2","nan","15.0"
"RadiationandEnergyCycle","SurfaceUpwardSWRadiation","ERA5","CARDAMOM","Spatial Distribution Score","MeanState","global","score","1","0.759055","15.0"
"RadiationandEnergyCycle","SurfaceUpwardSWRadiation","ERA5","CARDAMOM","Phase Shift","MeanState","global","scalar","months","0.80666","15.0"
"RadiationandEnergyCycle","SurfaceUpwardSWRadiation","ERA5","CARDAMOM","Seasonal Cycle Score","MeanState","global","score","1","0.908533","15.0"
"RadiationandEnergyCycle","SurfaceUpwardSWRadiation","ERA5","CARDAMOM","Bias","MeanState","global","scalar","W m-2","32.9886","15.0"
"RadiationandEnergyCycle","SurfaceUpwardSWRadiation","ERA5","CARDAMOM","Bias Score","MeanState","global","score","1","0.174368","15.0"
"RadiationandEnergyCycle","SurfaceUpwardSWRadiation","ERA5","CARDAMOM","RMSE","MeanState","global","scalar","W m-2","41.732","15.0"
"RadiationandEnergyCycle","SurfaceUpwardSWRadiation","ERA5","CARDAMOM","RMSE Score","MeanState","global","score","1","0.374162","15.0"
"RadiationandEnergyCycle","SurfaceUpwardSWRadiation","ERA5","CARDAMOM","Overall Score","MeanState","global","score","1","0.518056","15.0"
"RadiationandEnergyCycle","SurfaceUpwardSWRadiation","ERA5","ENSEMBLE-CMIP6","Benchmark Period Mean (intersection)","MeanState","global","scalar","W m-2","40.6652","15.0"
"RadiationandEnergyCycle","SurfaceUpwardSWRadiation","ERA5","ENSEMBLE-CMIP6","Benchmark Period Mean (complement)","MeanState","global","scalar","W m-2","nan","15.0"
"RadiationandEnergyCycle","SurfaceUpwardSWRadiation","ERA5","ENSEMBLE-CMIP6","Period Mean (original grids)","MeanState","global","scalar","W m-2","38.4664","15.0"
"RadiationandEnergyCycle","SurfaceUpwardSWRadiation","ERA5","ENSEMBLE-CMIP6","Model Period Mean (intersection)","MeanState","global","scalar","W m-2","38.5314","15.0"
"RadiationandEnergyCycle","SurfaceUpwardSWRadiation","ERA5","ENSEMBLE-CMIP6","Model Period Mean (complement)","MeanState","global","scalar","W m-2","nan","15.0"
"RadiationandEnergyCycle","SurfaceUpwardSWRadiation","ERA5","ENSEMBLE-CMIP6","Spatial Distribution Score","MeanState","global","score","1","0.942547","15.0"
"RadiationandEnergyCycle","SurfaceUpwardSWRadiation","ERA5","ENSEMBLE-CMIP6","Phase Shift","MeanState","global","scalar","months","0.780289","15.0"
"RadiationandEnergyCycle","SurfaceUpwardSWRadiation","ERA5","ENSEMBLE-CMIP6","Seasonal Cycle Score","MeanState","global","score","1","0.904275","15.0"
"RadiationandEnergyCycle","SurfaceUpwardSWRadiation","ERA5","ENSEMBLE-CMIP6","Bias","MeanState","global","scalar","W m-2","-2.12593","15.0"
"RadiationandEnergyCycle","SurfaceUpwardSWRadiation","ERA5","ENSEMBLE-CMIP6","Bias Score","MeanState","global","score","1","0.59151","15.0"
"RadiationandEnergyCycle","SurfaceUpwardSWRadiation","ERA5","ENSEMBLE-CMIP6","RMSE","MeanState","global","scalar","W m-2","9.97315","15.0"
"RadiationandEnergyCycle","SurfaceUpwardSWRadiation","ERA5","ENSEMBLE-CMIP6","RMSE Score","MeanState","global","score","1","0.653394","15.0"
"RadiationandEnergyCycle","SurfaceUpwardSWRadiation","ERA5","ENSEMBLE-CMIP6","Overall Score","MeanState","global","score","1","0.749024","15.0"
"RadiationandEnergyCycle","SurfaceUpwardSWRadiation","WRMC.BSRN","ENSEMBLE-CMIP6","Period Mean (original grids)","MeanState","global","scalar","Watt m-2","38.6546","12.0"
"RadiationandEnergyCycle","SurfaceUpwardSWRadiation","WRMC.BSRN","ENSEMBLE-CMIP6","Bias","MeanState","global","scalar","Watt m-2","-8.73181","12.0"
"RadiationandEnergyCycle","SurfaceUpwardSWRadiation","WRMC.BSRN","ENSEMBLE-CMIP6","Bias Score","MeanState","global","score","1","0.671681","12.0"
"RadiationandEnergyCycle","SurfaceUpwardSWRadiation","WRMC.BSRN","ENSEMBLE-CMIP6","Phase Shift","MeanState","global","scalar","months","1.35556","12.0"
"RadiationandEnergyCycle","SurfaceUpwardSWRadiation","WRMC.BSRN","ENSEMBLE-CMIP6","Seasonal Cycle Score","MeanState","global","score","1","0.782576","12.0"
"RadiationandEnergyCycle","SurfaceUpwardSWRadiation","WRMC.BSRN","ENSEMBLE-CMIP6","RMSE","MeanState","global","scalar","Watt m-2","20.6682","12.0"
"RadiationandEnergyCycle","SurfaceUpwardSWRadiation","WRMC.BSRN","ENSEMBLE-CMIP6","RMSE Score","MeanState","global","score","1","0.52722","12.0"
"RadiationandEnergyCycle","SurfaceUpwardSWRadiation","WRMC.BSRN","ENSEMBLE-CMIP6","Overall Score","MeanState","global","score","1","0.627174","12.0"
"RadiationandEnergyCycle","SurfaceUpwardSWRadiation","WRMC.BSRN","CARDAMOM","Period Mean (original grids)","MeanState","global","scalar","Watt m-2","70.1674","12.0"
"RadiationandEnergyCycle","SurfaceUpwardSWRadiation","WRMC.BSRN","CARDAMOM","Bias","MeanState","global","scalar","Watt m-2","26.8105","12.0"
"RadiationandEnergyCycle","SurfaceUpwardSWRadiation","WRMC.BSRN","CARDAMOM","Bias Score","MeanState","global","score","1","0.312204","12.0"
"RadiationandEnergyCycle","SurfaceUpwardSWRadiation","WRMC.BSRN","CARDAMOM","Phase Shift","MeanState","global","scalar","months","1.30357","12.0"
"RadiationandEnergyCycle","SurfaceUpwardSWRadiation","WRMC.BSRN","CARDAMOM","Seasonal Cycle Score","MeanState","global","score","1","0.807108","12.0"
"RadiationandEnergyCycle","SurfaceUpwardSWRadiation","WRMC.BSRN","CARDAMOM","RMSE","MeanState","global","scalar","Watt m-2","36.7857","12.0"
"RadiationandEnergyCycle","SurfaceUpwardSWRadiation","WRMC.BSRN","CARDAMOM","RMSE Score","MeanState","global","score","1","0.321395","12.0"
"RadiationandEnergyCycle","SurfaceUpwardSWRadiation","WRMC.BSRN","CARDAMOM","Overall Score","MeanState","global","score","1","0.440525","12.0"
"RadiationandEnergyCycle","SurfaceUpwardSWRadiation","GEWEX.SRB","CARDAMOM","Benchmark Period Mean (intersection)","MeanState","global","scalar","Watt m-2","35.5214","15.0"
"RadiationandEnergyCycle","SurfaceUpwardSWRadiation","GEWEX.SRB","CARDAMOM","Benchmark Period Mean (complement)","MeanState","global","scalar","Watt m-2","34.2732","15.0"
"RadiationandEnergyCycle","SurfaceUpwardSWRadiation","GEWEX.SRB","CARDAMOM","Period Mean (original grids)","MeanState","global","scalar","Watt m-2","73.5816","15.0"
"RadiationandEnergyCycle","SurfaceUpwardSWRadiation","GEWEX.SRB","CARDAMOM","Model Period Mean (intersection)","MeanState","global","scalar","Watt m-2","73.5468","15.0"
"RadiationandEnergyCycle","SurfaceUpwardSWRadiation","GEWEX.SRB","CARDAMOM","Model Period Mean (complement)","MeanState","global","scalar","Watt m-2","nan","15.0"
"RadiationandEnergyCycle","SurfaceUpwardSWRadiation","GEWEX.SRB","CARDAMOM","Spatial Distribution Score","MeanState","global","score","1","0.897881","15.0"
"RadiationandEnergyCycle","SurfaceUpwardSWRadiation","GEWEX.SRB","CARDAMOM","Phase Shift","MeanState","global","scalar","months","1.10384","15.0"
"RadiationandEnergyCycle","SurfaceUpwardSWRadiation","GEWEX.SRB","CARDAMOM","Seasonal Cycle Score","MeanState","global","score","1","0.862981","15.0"
"RadiationandEnergyCycle","SurfaceUpwardSWRadiation","GEWEX.SRB","CARDAMOM","Bias","MeanState","global","scalar","Watt m-2","38.0248","15.0"
"RadiationandEnergyCycle","SurfaceUpwardSWRadiation","GEWEX.SRB","CARDAMOM","Bias Score","MeanState","global","score","1","0.138584","15.0"
"RadiationandEnergyCycle","SurfaceUpwardSWRadiation","GEWEX.SRB","CARDAMOM","RMSE","MeanState","global","scalar","Watt m-2","44.8265","15.0"
"RadiationandEnergyCycle","SurfaceUpwardSWRadiation","GEWEX.SRB","CARDAMOM","RMSE Score","MeanState","global","score","1","0.342736","15.0"
"RadiationandEnergyCycle","SurfaceUpwardSWRadiation","GEWEX.SRB","CARDAMOM","Overall Score","MeanState","global","score","1","0.516984","15.0"
"RadiationandEnergyCycle","SurfaceUpwardSWRadiation","GEWEX.SRB","ENSEMBLE-CMIP6","Benchmark Period Mean (intersection)","MeanState","global","scalar","Watt m-2","35.2312","15.0"
"RadiationandEnergyCycle","SurfaceUpwardSWRadiation","GEWEX.SRB","ENSEMBLE-CMIP6","Benchmark Period Mean (complement)","MeanState","global","scalar","Watt m-2","nan","15.0"
"RadiationandEnergyCycle","SurfaceUpwardSWRadiation","GEWEX.SRB","ENSEMBLE-CMIP6","Period Mean (original grids)","MeanState","global","scalar","Watt m-2","38.5103","15.0"
"RadiationandEnergyCycle","SurfaceUpwardSWRadiation","GEWEX.SRB","ENSEMBLE-CMIP6","Model Period Mean (intersection)","MeanState","global","scalar","Watt m-2","38.446","15.0"
"RadiationandEnergyCycle","SurfaceUpwardSWRadiation","GEWEX.SRB","ENSEMBLE-CMIP6","Model Period Mean (complement)","MeanState","global","scalar","Watt m-2","nan","15.0"
"RadiationandEnergyCycle","SurfaceUpwardSWRadiation","GEWEX.SRB","ENSEMBLE-CMIP6","Spatial Distribution Score","MeanState","global","score","1","0.978199","15.0"
"RadiationandEnergyCycle","SurfaceUpwardSWRadiation","GEWEX.SRB","ENSEMBLE-CMIP6","Phase Shift","MeanState","global","scalar","months","0.902084","15.0"
"RadiationandEnergyCycle","SurfaceUpwardSWRadiation","GEWEX.SRB","ENSEMBLE-CMIP6","Seasonal Cycle Score","MeanState","global","score","1","0.887263","15.0"
"RadiationandEnergyCycle","SurfaceUpwardSWRadiation","GEWEX.SRB","ENSEMBLE-CMIP6","Bias","MeanState","global","scalar","Watt m-2","3.19486","15.0"
"RadiationandEnergyCycle","SurfaceUpwardSWRadiation","GEWEX.SRB","ENSEMBLE-CMIP6","Bias Score","MeanState","global","score","1","0.586905","15.0"
"RadiationandEnergyCycle","SurfaceUpwardSWRadiation","GEWEX.SRB","ENSEMBLE-CMIP6","RMSE","MeanState","global","scalar","Watt m-2","10.0709","15.0"
"RadiationandEnergyCycle","SurfaceUpwardSWRadiation","GEWEX.SRB","ENSEMBLE-CMIP6","RMSE Score","MeanState","global","score","1","0.677003","15.0"
"RadiationandEnergyCycle","SurfaceUpwardSWRadiation","GEWEX.SRB","ENSEMBLE-CMIP6","Overall Score","MeanState","global","score","1","0.761275","15.0"
"RadiationandEnergyCycle","SurfaceUpwardSWRadiation","CERESed4.2","ENSEMBLE-CMIP6","Benchmark Period Mean (intersection)","MeanState","global","scalar","W m-2","37.0855","15.0"
"RadiationandEnergyCycle","SurfaceUpwardSWRadiation","CERESed4.2","ENSEMBLE-CMIP6","Benchmark Period Mean (complement)","MeanState","global","scalar","W m-2","nan","15.0"
"RadiationandEnergyCycle","SurfaceUpwardSWRadiation","CERESed4.2","ENSEMBLE-CMIP6","Period Mean (original grids)","MeanState","global","scalar","W m-2","38.2526","15.0"
"RadiationandEnergyCycle","SurfaceUpwardSWRadiation","CERESed4.2","ENSEMBLE-CMIP6","Model Period Mean (intersection)","MeanState","global","scalar","W m-2","38.1793","15.0"
"RadiationandEnergyCycle","SurfaceUpwardSWRadiation","CERESed4.2","ENSEMBLE-CMIP6","Model Period Mean (complement)","MeanState","global","scalar","W m-2","nan","15.0"
"RadiationandEnergyCycle","SurfaceUpwardSWRadiation","CERESed4.2","ENSEMBLE-CMIP6","Spatial Distribution Score","MeanState","global","score","1","0.983758","15.0"
"RadiationandEnergyCycle","SurfaceUpwardSWRadiation","CERESed4.2","ENSEMBLE-CMIP6","Phase Shift","MeanState","global","scalar","months","0.901513","15.0"
"RadiationandEnergyCycle","SurfaceUpwardSWRadiation","CERESed4.2","ENSEMBLE-CMIP6","Seasonal Cycle Score","MeanState","global","score","1","0.885319","15.0"
"RadiationandEnergyCycle","SurfaceUpwardSWRadiation","CERESed4.2","ENSEMBLE-CMIP6","Bias","MeanState","global","scalar","W m-2","1.0392","15.0"
"RadiationandEnergyCycle","SurfaceUpwardSWRadiation","CERESed4.2","ENSEMBLE-CMIP6","Bias Score","MeanState","global","score","1","0.595451","15.0"
"RadiationandEnergyCycle","SurfaceUpwardSWRadiation","CERESed4.2","ENSEMBLE-CMIP6","RMSE","MeanState","global","scalar","W m-2","8.66617","15.0"
"RadiationandEnergyCycle","SurfaceUpwardSWRadiation","CERESed4.2","ENSEMBLE-CMIP6","RMSE Score","MeanState","global","score","1","0.649486","15.0"
"RadiationandEnergyCycle","SurfaceUpwardSWRadiation","CERESed4.2","ENSEMBLE-CMIP6","Overall Score","MeanState","global","score","1","0.7527","15.0"
"RadiationandEnergyCycle","SurfaceUpwardSWRadiation","CERESed4.2","CARDAMOM","Benchmark Period Mean (intersection)","MeanState","global","scalar","W m-2","37.1022","15.0"
"RadiationandEnergyCycle","SurfaceUpwardSWRadiation","CERESed4.2","CARDAMOM","Benchmark Period Mean (complement)","MeanState","global","scalar","W m-2","35.1079","15.0"
"RadiationandEnergyCycle","SurfaceUpwardSWRadiation","CERESed4.2","CARDAMOM","Period Mean (original grids)","MeanState","global","scalar","W m-2","73.4432","15.0"
"RadiationandEnergyCycle","SurfaceUpwardSWRadiation","CERESed4.2","CARDAMOM","Model Period Mean (intersection)","MeanState","global","scalar","W m-2","73.4086","15.0"
"RadiationandEnergyCycle","SurfaceUpwardSWRadiation","CERESed4.2","CARDAMOM","Model Period Mean (complement)","MeanState","global","scalar","W m-2","nan","15.0"
"RadiationandEnergyCycle","SurfaceUpwardSWRadiation","CERESed4.2","CARDAMOM","Spatial Distribution Score","MeanState","global","score","1","0.879831","15.0"
"RadiationandEnergyCycle","SurfaceUpwardSWRadiation","CERESed4.2","CARDAMOM","Phase Shift","MeanState","global","scalar","months","0.971219","15.0"
"RadiationandEnergyCycle","SurfaceUpwardSWRadiation","CERESed4.2","CARDAMOM","Seasonal Cycle Score","MeanState","global","score","1","0.887998","15.0"
"RadiationandEnergyCycle","SurfaceUpwardSWRadiation","CERESed4.2","CARDAMOM","Bias","MeanState","global","scalar","W m-2","36.2869","15.0"
"RadiationandEnergyCycle","SurfaceUpwardSWRadiation","CERESed4.2","CARDAMOM","Bias Score","MeanState","global","score","1","0.155657","15.0"
"RadiationandEnergyCycle","SurfaceUpwardSWRadiation","CERESed4.2","CARDAMOM","RMSE","MeanState","global","scalar","W m-2","42.8385","15.0"
"RadiationandEnergyCycle","SurfaceUpwardSWRadiation","CERESed4.2","CARDAMOM","RMSE Score","MeanState","global","score","1","0.336723","15.0"
"RadiationandEnergyCycle","SurfaceUpwardSWRadiation","CERESed4.2","CARDAMOM","Overall Score","MeanState","global","score","1","0.519387","15.0"
"RadiationandEnergyCycle","SurfaceUpwardLWRadiation","ERA5","CARDAMOM","Benchmark Period Mean (intersection)","MeanState","global","scalar","W m-2","395.013","15.0"
"RadiationandEnergyCycle","SurfaceUpwardLWRadiation","ERA5","CARDAMOM","Benchmark Period Mean (complement)","MeanState","global","scalar","W m-2","390.714","15.0"
"RadiationandEnergyCycle","SurfaceUpwardLWRadiation","ERA5","CARDAMOM","Period Mean (original grids)","MeanState","global","scalar","W m-2","396.496","15.0"
"RadiationandEnergyCycle","SurfaceUpwardLWRadiation","ERA5","CARDAMOM","Model Period Mean (intersection)","MeanState","global","scalar","W m-2","395.585","15.0"
"RadiationandEnergyCycle","SurfaceUpwardLWRadiation","ERA5","CARDAMOM","Model Period Mean (complement)","MeanState","global","scalar","W m-2","nan","15.0"
"RadiationandEnergyCycle","SurfaceUpwardLWRadiation","ERA5","CARDAMOM","Spatial Distribution Score","MeanState","global","score","1","0.999408","15.0"
"RadiationandEnergyCycle","SurfaceUpwardLWRadiation","ERA5","CARDAMOM","Phase Shift","MeanState","global","scalar","months","0.395329","15.0"
"RadiationandEnergyCycle","SurfaceUpwardLWRadiation","ERA5","CARDAMOM","Seasonal Cycle Score","MeanState","global","score","1","0.953795","15.0"
"RadiationandEnergyCycle","SurfaceUpwardLWRadiation","ERA5","CARDAMOM","Bias","MeanState","global","scalar","W m-2","0.542089","15.0"
"RadiationandEnergyCycle","SurfaceUpwardLWRadiation","ERA5","CARDAMOM","Bias Score","MeanState","global","score","1","0.721368","15.0"
"RadiationandEnergyCycle","SurfaceUpwardLWRadiation","ERA5","CARDAMOM","RMSE","MeanState","global","scalar","W m-2","12.2381","15.0"
"RadiationandEnergyCycle","SurfaceUpwardLWRadiation","ERA5","CARDAMOM","RMSE Score","MeanState","global","score","1","0.811072","15.0"
"RadiationandEnergyCycle","SurfaceUpwardLWRadiation","ERA5","CARDAMOM","Overall Score","MeanState","global","score","1","0.859343","15.0"
"RadiationandEnergyCycle","SurfaceUpwardLWRadiation","ERA5","ENSEMBLE-CMIP6","Benchmark Period Mean (intersection)","MeanState","global","scalar","W m-2","392.255","15.0"
"RadiationandEnergyCycle","SurfaceUpwardLWRadiation","ERA5","ENSEMBLE-CMIP6","Benchmark Period Mean (complement)","MeanState","global","scalar","W m-2","nan","15.0"
"RadiationandEnergyCycle","SurfaceUpwardLWRadiation","ERA5","ENSEMBLE-CMIP6","Period Mean (original grids)","MeanState","global","scalar","W m-2","397.534","15.0"
"RadiationandEnergyCycle","SurfaceUpwardLWRadiation","ERA5","ENSEMBLE-CMIP6","Model Period Mean (intersection)","MeanState","global","scalar","W m-2","396.841","15.0"
"RadiationandEnergyCycle","SurfaceUpwardLWRadiation","ERA5","ENSEMBLE-CMIP6","Model Period Mean (complement)","MeanState","global","scalar","W m-2","nan","15.0"
"RadiationandEnergyCycle","SurfaceUpwardLWRadiation","ERA5","ENSEMBLE-CMIP6","Spatial Distribution Score","MeanState","global","score","1","0.99952","15.0"
"RadiationandEnergyCycle","SurfaceUpwardLWRadiation","ERA5","ENSEMBLE-CMIP6","Phase Shift","MeanState","global","scalar","months","0.440832","15.0"
"RadiationandEnergyCycle","SurfaceUpwardLWRadiation","ERA5","ENSEMBLE-CMIP6","Seasonal Cycle Score","MeanState","global","score","1","0.953012","15.0"
"RadiationandEnergyCycle","SurfaceUpwardLWRadiation","ERA5","ENSEMBLE-CMIP6","Bias","MeanState","global","scalar","W m-2","4.66647","15.0"
"RadiationandEnergyCycle","SurfaceUpwardLWRadiation","ERA5","ENSEMBLE-CMIP6","Bias Score","MeanState","global","score","1","0.70042","15.0"
"RadiationandEnergyCycle","SurfaceUpwardLWRadiation","ERA5","ENSEMBLE-CMIP6","RMSE","MeanState","global","scalar","W m-2","11.9611","15.0"
"RadiationandEnergyCycle","SurfaceUpwardLWRadiation","ERA5","ENSEMBLE-CMIP6","RMSE Score","MeanState","global","score","1","0.777893","15.0"
"RadiationandEnergyCycle","SurfaceUpwardLWRadiation","ERA5","ENSEMBLE-CMIP6","Overall Score","MeanState","global","score","1","0.841748","15.0"
"RadiationandEnergyCycle","SurfaceUpwardLWRadiation","WRMC.BSRN","ENSEMBLE-CMIP6","Period Mean (original grids)","MeanState","global","scalar","Watt m-2","374.262","12.0"
"RadiationandEnergyCycle","SurfaceUpwardLWRadiation","WRMC.BSRN","ENSEMBLE-CMIP6","Bias","MeanState","global","scalar","Watt m-2","-1.3131","12.0"
"RadiationandEnergyCycle","SurfaceUpwardLWRadiation","WRMC.BSRN","ENSEMBLE-CMIP6","Bias Score","MeanState","global","score","1","0.846245","12.0"
"RadiationandEnergyCycle","SurfaceUpwardLWRadiation","WRMC.BSRN","ENSEMBLE-CMIP6","Phase Shift","MeanState","global","scalar","months","0.221429","12.0"
"RadiationandEnergyCycle","SurfaceUpwardLWRadiation","WRMC.BSRN","ENSEMBLE-CMIP6","Seasonal Cycle Score","MeanState","global","score","1","0.985103","12.0"
"RadiationandEnergyCycle","SurfaceUpwardLWRadiation","WRMC.BSRN","ENSEMBLE-CMIP6","RMSE","MeanState","global","scalar","Watt m-2","19.4681","12.0"
"RadiationandEnergyCycle","SurfaceUpwardLWRadiation","WRMC.BSRN","ENSEMBLE-CMIP6","RMSE Score","MeanState","global","score","1","0.779309","12.0"
"RadiationandEnergyCycle","SurfaceUpwardLWRadiation","WRMC.BSRN","ENSEMBLE-CMIP6","Overall Score","MeanState","global","score","1","0.847492","12.0"
"RadiationandEnergyCycle","SurfaceUpwardLWRadiation","WRMC.BSRN","CARDAMOM","Period Mean (original grids)","MeanState","global","scalar","Watt m-2","387.02","12.0"
"RadiationandEnergyCycle","SurfaceUpwardLWRadiation","WRMC.BSRN","CARDAMOM","Bias","MeanState","global","scalar","Watt m-2","-5.45554","12.0"
"RadiationandEnergyCycle","SurfaceUpwardLWRadiation","WRMC.BSRN","CARDAMOM","Bias Score","MeanState","global","score","1","0.849783","12.0"
"RadiationandEnergyCycle","SurfaceUpwardLWRadiation","WRMC.BSRN","CARDAMOM","Phase Shift","MeanState","global","scalar","months","0.0794872","12.0"
"RadiationandEnergyCycle","SurfaceUpwardLWRadiation","WRMC.BSRN","CARDAMOM","Seasonal Cycle Score","MeanState","global","score","1","0.994652","12.0"
"RadiationandEnergyCycle","SurfaceUpwardLWRadiation","WRMC.BSRN","CARDAMOM","RMSE","MeanState","global","scalar","Watt m-2","13.039","12.0"
"RadiationandEnergyCycle","SurfaceUpwardLWRadiation","WRMC.BSRN","CARDAMOM","RMSE Score","MeanState","global","score","1","0.865799","12.0"
"RadiationandEnergyCycle","SurfaceUpwardLWRadiation","WRMC.BSRN","CARDAMOM","Overall Score","MeanState","global","score","1","0.894009","12.0"
"RadiationandEnergyCycle","SurfaceUpwardLWRadiation","GEWEX.SRB","CARDAMOM","Benchmark Period Mean (intersection)","MeanState","global","scalar","Watt m-2","401.252","15.0"
"RadiationandEnergyCycle","SurfaceUpwardLWRadiation","GEWEX.SRB","CARDAMOM","Benchmark Period Mean (complement)","MeanState","global","scalar","Watt m-2","391.617","15.0"
"RadiationandEnergyCycle","SurfaceUpwardLWRadiation","GEWEX.SRB","CARDAMOM","Period Mean (original grids)","MeanState","global","scalar","Watt m-2","395.485","15.0"
"RadiationandEnergyCycle","SurfaceUpwardLWRadiation","GEWEX.SRB","CARDAMOM","Model Period Mean (intersection)","MeanState","global","scalar","Watt m-2","394.764","15.0"
"RadiationandEnergyCycle","SurfaceUpwardLWRadiation","GEWEX.SRB","CARDAMOM","Model Period Mean (complement)","MeanState","global","scalar","Watt m-2","nan","15.0"
"RadiationandEnergyCycle","SurfaceUpwardLWRadiation","GEWEX.SRB","CARDAMOM","Spatial Distribution Score","MeanState","global","score","1","0.990958","15.0"
"RadiationandEnergyCycle","SurfaceUpwardLWRadiation","GEWEX.SRB","CARDAMOM","Phase Shift","MeanState","global","scalar","months","0.55246","15.0"
"RadiationandEnergyCycle","SurfaceUpwardLWRadiation","GEWEX.SRB","CARDAMOM","Seasonal Cycle Score","MeanState","global","score","1","0.933871","15.0"
"RadiationandEnergyCycle","SurfaceUpwardLWRadiation","GEWEX.SRB","CARDAMOM","Bias","MeanState","global","scalar","Watt m-2","-6.48823","15.0"
"RadiationandEnergyCycle","SurfaceUpwardLWRadiation","GEWEX.SRB","CARDAMOM","Bias Score","MeanState","global","score","1","0.704019","15.0"
"RadiationandEnergyCycle","SurfaceUpwardLWRadiation","GEWEX.SRB","CARDAMOM","RMSE","MeanState","global","scalar","Watt m-2","16.3321","15.0"
"RadiationandEnergyCycle","SurfaceUpwardLWRadiation","GEWEX.SRB","CARDAMOM","RMSE Score","MeanState","global","score","1","0.748745","15.0"
"RadiationandEnergyCycle","SurfaceUpwardLWRadiation","GEWEX.SRB","CARDAMOM","Overall Score","MeanState","global","score","1","0.825268","15.0"
"RadiationandEnergyCycle","SurfaceUpwardLWRadiation","GEWEX.SRB","ENSEMBLE-CMIP6","Benchmark Period Mean (intersection)","MeanState","global","scalar","Watt m-2","397.345","15.0"
"RadiationandEnergyCycle","SurfaceUpwardLWRadiation","GEWEX.SRB","ENSEMBLE-CMIP6","Benchmark Period Mean (complement)","MeanState","global","scalar","Watt m-2","nan","15.0"
"RadiationandEnergyCycle","SurfaceUpwardLWRadiation","GEWEX.SRB","ENSEMBLE-CMIP6","Period Mean (original grids)","MeanState","global","scalar","Watt m-2","397.226","15.0"
"RadiationandEnergyCycle","SurfaceUpwardLWRadiation","GEWEX.SRB","ENSEMBLE-CMIP6","Model Period Mean (intersection)","MeanState","global","scalar","Watt m-2","396.82","15.0"
"RadiationandEnergyCycle","SurfaceUpwardLWRadiation","GEWEX.SRB","ENSEMBLE-CMIP6","Model Period Mean (complement)","MeanState","global","scalar","Watt m-2","nan","15.0"
"RadiationandEnergyCycle","SurfaceUpwardLWRadiation","GEWEX.SRB","ENSEMBLE-CMIP6","Spatial Distribution Score","MeanState","global","score","1","0.99503","15.0"
"RadiationandEnergyCycle","SurfaceUpwardLWRadiation","GEWEX.SRB","ENSEMBLE-CMIP6","Phase Shift","MeanState","global","scalar","months","0.533639","15.0"
"RadiationandEnergyCycle","SurfaceUpwardLWRadiation","GEWEX.SRB","ENSEMBLE-CMIP6","Seasonal Cycle Score","MeanState","global","score","1","0.940424","15.0"
"RadiationandEnergyCycle","SurfaceUpwardLWRadiation","GEWEX.SRB","ENSEMBLE-CMIP6","Bias","MeanState","global","scalar","Watt m-2","-0.525663","15.0"
"RadiationandEnergyCycle","SurfaceUpwardLWRadiation","GEWEX.SRB","ENSEMBLE-CMIP6","Bias Score","MeanState","global","score","1","0.718797","15.0"
"RadiationandEnergyCycle","SurfaceUpwardLWRadiation","GEWEX.SRB","ENSEMBLE-CMIP6","RMSE","MeanState","global","scalar","Watt m-2","14.3306","15.0"
"RadiationandEnergyCycle","SurfaceUpwardLWRadiation","GEWEX.SRB","ENSEMBLE-CMIP6","RMSE Score","MeanState","global","score","1","0.755557","15.0"
"RadiationandEnergyCycle","SurfaceUpwardLWRadiation","GEWEX.SRB","ENSEMBLE-CMIP6","Overall Score","MeanState","global","score","1","0.833073","15.0"
"RadiationandEnergyCycle","SurfaceUpwardLWRadiation","CERESed4.2","ENSEMBLE-CMIP6","Benchmark Period Mean (intersection)","MeanState","global","scalar","W m-2","394.963","15.0"
"RadiationandEnergyCycle","SurfaceUpwardLWRadiation","CERESed4.2","ENSEMBLE-CMIP6","Benchmark Period Mean (complement)","MeanState","global","scalar","W m-2","nan","15.0"
"RadiationandEnergyCycle","SurfaceUpwardLWRadiation","CERESed4.2","ENSEMBLE-CMIP6","Period Mean (original grids)","MeanState","global","scalar","W m-2","400.136","15.0"
"RadiationandEnergyCycle","SurfaceUpwardLWRadiation","CERESed4.2","ENSEMBLE-CMIP6","Model Period Mean (intersection)","MeanState","global","scalar","W m-2","399.721","15.0"
"RadiationandEnergyCycle","SurfaceUpwardLWRadiation","CERESed4.2","ENSEMBLE-CMIP6","Model Period Mean (complement)","MeanState","global","scalar","W m-2","nan","15.0"
"RadiationandEnergyCycle","SurfaceUpwardLWRadiation","CERESed4.2","ENSEMBLE-CMIP6","Spatial Distribution Score","MeanState","global","score","1","0.999659","15.0"
"RadiationandEnergyCycle","SurfaceUpwardLWRadiation","CERESed4.2","ENSEMBLE-CMIP6","Phase Shift","MeanState","global","scalar","months","0.451553","15.0"
"RadiationandEnergyCycle","SurfaceUpwardLWRadiation","CERESed4.2","ENSEMBLE-CMIP6","Seasonal Cycle Score","MeanState","global","score","1","0.951335","15.0"
"RadiationandEnergyCycle","SurfaceUpwardLWRadiation","CERESed4.2","ENSEMBLE-CMIP6","Bias","MeanState","global","scalar","W m-2","4.77943","15.0"
"RadiationandEnergyCycle","SurfaceUpwardLWRadiation","CERESed4.2","ENSEMBLE-CMIP6","Bias Score","MeanState","global","score","1","0.697041","15.0"
"RadiationandEnergyCycle","SurfaceUpwardLWRadiation","CERESed4.2","ENSEMBLE-CMIP6","RMSE","MeanState","global","scalar","W m-2","12.4385","15.0"
"RadiationandEnergyCycle","SurfaceUpwardLWRadiation","CERESed4.2","ENSEMBLE-CMIP6","RMSE Score","MeanState","global","score","1","0.77423","15.0"
"RadiationandEnergyCycle","SurfaceUpwardLWRadiation","CERESed4.2","ENSEMBLE-CMIP6","Overall Score","MeanState","global","score","1","0.839299","15.0"
"RadiationandEnergyCycle","SurfaceUpwardLWRadiation","CERESed4.2","CARDAMOM","Benchmark Period Mean (intersection)","MeanState","global","scalar","W m-2","395.901","15.0"
"RadiationandEnergyCycle","SurfaceUpwardLWRadiation","CERESed4.2","CARDAMOM","Benchmark Period Mean (complement)","MeanState","global","scalar","W m-2","391.61","15.0"
"RadiationandEnergyCycle","SurfaceUpwardLWRadiation","CERESed4.2","CARDAMOM","Period Mean (original grids)","MeanState","global","scalar","W m-2","396.496","15.0"
"RadiationandEnergyCycle","SurfaceUpwardLWRadiation","CERESed4.2","CARDAMOM","Model Period Mean (intersection)","MeanState","global","scalar","W m-2","395.779","15.0"
"RadiationandEnergyCycle","SurfaceUpwardLWRadiation","CERESed4.2","CARDAMOM","Model Period Mean (complement)","MeanState","global","scalar","W m-2","nan","15.0"
"RadiationandEnergyCycle","SurfaceUpwardLWRadiation","CERESed4.2","CARDAMOM","Spatial Distribution Score","MeanState","global","score","1","0.999588","15.0"
"RadiationandEnergyCycle","SurfaceUpwardLWRadiation","CERESed4.2","CARDAMOM","Phase Shift","MeanState","global","scalar","months","0.444888","15.0"
"RadiationandEnergyCycle","SurfaceUpwardLWRadiation","CERESed4.2","CARDAMOM","Seasonal Cycle Score","MeanState","global","score","1","0.94863","15.0"
"RadiationandEnergyCycle","SurfaceUpwardLWRadiation","CERESed4.2","CARDAMOM","Bias","MeanState","global","scalar","W m-2","-0.124438","15.0"
"RadiationandEnergyCycle","SurfaceUpwardLWRadiation","CERESed4.2","CARDAMOM","Bias Score","MeanState","global","score","1","0.719198","15.0"
"RadiationandEnergyCycle","SurfaceUpwardLWRadiation","CERESed4.2","CARDAMOM","RMSE","MeanState","global","scalar","W m-2","12.4866","15.0"
"RadiationandEnergyCycle","SurfaceUpwardLWRadiation","CERESed4.2","CARDAMOM","RMSE Score","MeanState","global","score","1","0.780344","15.0"
"RadiationandEnergyCycle","SurfaceUpwardLWRadiation","CERESed4.2","CARDAMOM","Overall Score","MeanState","global","score","1","0.845621","15.0"
"RadiationandEnergyCycle","GroundHeatFlux","CLASS","ENSEMBLE-CMIP6","Benchmark Period Mean (intersection)","MeanState","global","scalar","W m-2","1.0798","1.0"
"RadiationandEnergyCycle","GroundHeatFlux","CLASS","ENSEMBLE-CMIP6","Benchmark Period Mean (complement)","MeanState","global","scalar","W m-2","nan","1.0"
"RadiationandEnergyCycle","GroundHeatFlux","CLASS","ENSEMBLE-CMIP6","Period Mean (original grids)","MeanState","global","scalar","W m-2","2.53495","1.0"
"RadiationandEnergyCycle","GroundHeatFlux","CLASS","ENSEMBLE-CMIP6","Model Period Mean (intersection)","MeanState","global","scalar","W m-2","2.33869","1.0"
"RadiationandEnergyCycle","GroundHeatFlux","CLASS","ENSEMBLE-CMIP6","Model Period Mean (complement)","MeanState","global","scalar","W m-2","2.53454","1.0"
"RadiationandEnergyCycle","GroundHeatFlux","CLASS","ENSEMBLE-CMIP6","Spatial Distribution Score","MeanState","global","score","1","0.311198","1.0"
"RadiationandEnergyCycle","GroundHeatFlux","CLASS","ENSEMBLE-CMIP6","Phase Shift","MeanState","global","scalar","months","1.21251","1.0"
"RadiationandEnergyCycle","GroundHeatFlux","CLASS","ENSEMBLE-CMIP6","Seasonal Cycle Score","MeanState","global","score","1","0.848918","1.0"
"RadiationandEnergyCycle","GroundHeatFlux","CLASS","ENSEMBLE-CMIP6","Bias","MeanState","global","scalar","W m-2","1.27117","1.0"
"RadiationandEnergyCycle","GroundHeatFlux","CLASS","ENSEMBLE-CMIP6","Bias Score","MeanState","global","score","1","0.520639","1.0"
"RadiationandEnergyCycle","GroundHeatFlux","CLASS","ENSEMBLE-CMIP6","RMSE","MeanState","global","scalar","W m-2","8.44346","1.0"
"RadiationandEnergyCycle","GroundHeatFlux","CLASS","ENSEMBLE-CMIP6","RMSE Score","MeanState","global","score","1","0.283358","1.0"
"RadiationandEnergyCycle","GroundHeatFlux","CLASS","ENSEMBLE-CMIP6","Overall Score","MeanState","global","score","1","0.449494","1.0"
"RadiationandEnergyCycle","GroundHeatFlux","CLASS","CARDAMOM","Benchmark Period Mean (intersection)","MeanState","global","scalar","W m-2","1.1116","1.0"
"RadiationandEnergyCycle","GroundHeatFlux","CLASS","CARDAMOM","Benchmark Period Mean (complement)","MeanState","global","scalar","W m-2","-0.124384","1.0"
"RadiationandEnergyCycle","GroundHeatFlux","CLASS","CARDAMOM","Period Mean (original grids)","MeanState","global","scalar","W m-2","0.260734","1.0"
"RadiationandEnergyCycle","GroundHeatFlux","CLASS","CARDAMOM","Model Period Mean (intersection)","MeanState","global","scalar","W m-2","0.268336","1.0"
"RadiationandEnergyCycle","GroundHeatFlux","CLASS","CARDAMOM","Model Period Mean (complement)","MeanState","global","scalar","W m-2","0.219712","1.0"
"RadiationandEnergyCycle","GroundHeatFlux","CLASS","CARDAMOM","Spatial Distribution Score","MeanState","global","score","1","0.0820858","1.0"
"RadiationandEnergyCycle","GroundHeatFlux","CLASS","CARDAMOM","Phase Shift","MeanState","global","scalar","months","1.25775","1.0"
"RadiationandEnergyCycle","GroundHeatFlux","CLASS","CARDAMOM","Seasonal Cycle Score","MeanState","global","score","1","0.838554","1.0"
"RadiationandEnergyCycle","GroundHeatFlux","CLASS","CARDAMOM","Bias","MeanState","global","scalar","W m-2","-0.842746","1.0"
"RadiationandEnergyCycle","GroundHeatFlux","CLASS","CARDAMOM","Bias Score","MeanState","global","score","1","0.695391","1.0"
"RadiationandEnergyCycle","GroundHeatFlux","CLASS","CARDAMOM","RMSE","MeanState","global","scalar","W m-2","2.96733","1.0"
"RadiationandEnergyCycle","GroundHeatFlux","CLASS","CARDAMOM","RMSE Score","MeanState","global","score","1","0.554696","1.0"
"RadiationandEnergyCycle","GroundHeatFlux","CLASS","CARDAMOM","Overall Score","MeanState","global","score","1","0.545084","1.0"
"RadiationandEnergyCycle","SurfaceNetRadiation","WRMC.BSRN","ENSEMBLE-CMIP6","Period Mean (original grids)","MeanState","global","scalar","Watt m-2","77.1921","24.0"
"RadiationandEnergyCycle","SurfaceNetRadiation","WRMC.BSRN","ENSEMBLE-CMIP6","Bias","MeanState","global","scalar","Watt m-2","21.3461","24.0"
"RadiationandEnergyCycle","SurfaceNetRadiation","WRMC.BSRN","ENSEMBLE-CMIP6","Bias Score","MeanState","global","score","1","0.737989","24.0"
"RadiationandEnergyCycle","SurfaceNetRadiation","WRMC.BSRN","ENSEMBLE-CMIP6","Phase Shift","MeanState","global","scalar","months","0.391026","24.0"
"RadiationandEnergyCycle","SurfaceNetRadiation","WRMC.BSRN","ENSEMBLE-CMIP6","Seasonal Cycle Score","MeanState","global","score","1","0.974098","24.0"
"RadiationandEnergyCycle","SurfaceNetRadiation","WRMC.BSRN","ENSEMBLE-CMIP6","RMSE","MeanState","global","scalar","Watt m-2","42.7648","24.0"
"RadiationandEnergyCycle","SurfaceNetRadiation","WRMC.BSRN","ENSEMBLE-CMIP6","RMSE Score","MeanState","global","score","1","0.73402","24.0"
"RadiationandEnergyCycle","SurfaceNetRadiation","WRMC.BSRN","ENSEMBLE-CMIP6","Overall Score","MeanState","global","score","1","0.795032","24.0"
"RadiationandEnergyCycle","SurfaceNetRadiation","WRMC.BSRN","CARDAMOM","Period Mean (original grids)","MeanState","global","scalar","Watt m-2","46.2943","24.0"
"RadiationandEnergyCycle","SurfaceNetRadiation","WRMC.BSRN","CARDAMOM","Bias","MeanState","global","scalar","Watt m-2","-27.0789","24.0"
"RadiationandEnergyCycle","SurfaceNetRadiation","WRMC.BSRN","CARDAMOM","Bias Score","MeanState","global","score","1","0.622968","24.0"
"RadiationandEnergyCycle","SurfaceNetRadiation","WRMC.BSRN","CARDAMOM","Phase Shift","MeanState","global","scalar","months","0.423611","24.0"
"RadiationandEnergyCycle","SurfaceNetRadiation","WRMC.BSRN","CARDAMOM","Seasonal Cycle Score","MeanState","global","score","1","0.962226","24.0"
"RadiationandEnergyCycle","SurfaceNetRadiation","WRMC.BSRN","CARDAMOM","RMSE","MeanState","global","scalar","Watt m-2","36.4717","24.0"
"RadiationandEnergyCycle","SurfaceNetRadiation","WRMC.BSRN","CARDAMOM","RMSE Score","MeanState","global","score","1","0.654914","24.0"
"RadiationandEnergyCycle","SurfaceNetRadiation","WRMC.BSRN","CARDAMOM","Overall Score","MeanState","global","score","1","0.723756","24.0"
"RadiationandEnergyCycle","SurfaceNetRadiation","GEWEX.SRB","CARDAMOM","Benchmark Period Mean (intersection)","MeanState","global","scalar","Watt m-2","80.7398","30.0"
"RadiationandEnergyCycle","SurfaceNetRadiation","GEWEX.SRB","CARDAMOM","Benchmark Period Mean (complement)","MeanState","global","scalar","Watt m-2","96.3497","30.0"
"RadiationandEnergyCycle","SurfaceNetRadiation","GEWEX.SRB","CARDAMOM","Period Mean (original grids)","MeanState","global","scalar","Watt m-2","50.2418","30.0"
"RadiationandEnergyCycle","SurfaceNetRadiation","GEWEX.SRB","CARDAMOM","Model Period Mean (intersection)","MeanState","global","scalar","Watt m-2","49.8259","30.0"
"RadiationandEnergyCycle","SurfaceNetRadiation","GEWEX.SRB","CARDAMOM","Model Period Mean (complement)","MeanState","global","scalar","Watt m-2","nan","30.0"
"RadiationandEnergyCycle","SurfaceNetRadiation","GEWEX.SRB","CARDAMOM","Spatial Distribution Score","MeanState","global","score","1","0.924473","30.0"
"RadiationandEnergyCycle","SurfaceNetRadiation","GEWEX.SRB","CARDAMOM","Phase Shift","MeanState","global","scalar","months","0.836044","30.0"
"RadiationandEnergyCycle","SurfaceNetRadiation","GEWEX.SRB","CARDAMOM","Seasonal Cycle Score","MeanState","global","score","1","0.900683","30.0"
"RadiationandEnergyCycle","SurfaceNetRadiation","GEWEX.SRB","CARDAMOM","Bias","MeanState","global","scalar","Watt m-2","-30.9104","30.0"
"RadiationandEnergyCycle","SurfaceNetRadiation","GEWEX.SRB","CARDAMOM","Bias Score","MeanState","global","score","1","0.435802","30.0"
"RadiationandEnergyCycle","SurfaceNetRadiation","GEWEX.SRB","CARDAMOM","RMSE","MeanState","global","scalar","Watt m-2","42.2934","30.0"
"RadiationandEnergyCycle","SurfaceNetRadiation","GEWEX.SRB","CARDAMOM","RMSE Score","MeanState","global","score","1","0.633093","30.0"
"RadiationandEnergyCycle","SurfaceNetRadiation","GEWEX.SRB","CARDAMOM","Overall Score","MeanState","global","score","1","0.705429","30.0"
"RadiationandEnergyCycle","SurfaceNetRadiation","GEWEX.SRB","ENSEMBLE-CMIP6","Benchmark Period Mean (intersection)","MeanState","global","scalar","Watt m-2","85.8163","30.0"
"RadiationandEnergyCycle","SurfaceNetRadiation","GEWEX.SRB","ENSEMBLE-CMIP6","Benchmark Period Mean (complement)","MeanState","global","scalar","Watt m-2","nan","30.0"
"RadiationandEnergyCycle","SurfaceNetRadiation","GEWEX.SRB","ENSEMBLE-CMIP6","Period Mean (original grids)","MeanState","global","scalar","Watt m-2","90.0819","30.0"
"RadiationandEnergyCycle","SurfaceNetRadiation","GEWEX.SRB","ENSEMBLE-CMIP6","Model Period Mean (intersection)","MeanState","global","scalar","Watt m-2","89.8952","30.0"
"RadiationandEnergyCycle","SurfaceNetRadiation","GEWEX.SRB","ENSEMBLE-CMIP6","Model Period Mean (complement)","MeanState","global","scalar","Watt m-2","nan","30.0"
"RadiationandEnergyCycle","SurfaceNetRadiation","GEWEX.SRB","ENSEMBLE-CMIP6","Spatial Distribution Score","MeanState","global","score","1","0.954536","30.0"
"RadiationandEnergyCycle","SurfaceNetRadiation","GEWEX.SRB","ENSEMBLE-CMIP6","Phase Shift","MeanState","global","scalar","months","0.716549","30.0"
"RadiationandEnergyCycle","SurfaceNetRadiation","GEWEX.SRB","ENSEMBLE-CMIP6","Seasonal Cycle Score","MeanState","global","score","1","0.918047","30.0"
"RadiationandEnergyCycle","SurfaceNetRadiation","GEWEX.SRB","ENSEMBLE-CMIP6","Bias","MeanState","global","scalar","Watt m-2","4.10018","30.0"
"RadiationandEnergyCycle","SurfaceNetRadiation","GEWEX.SRB","ENSEMBLE-CMIP6","Bias Score","MeanState","global","score","1","0.663402","30.0"
"RadiationandEnergyCycle","SurfaceNetRadiation","GEWEX.SRB","ENSEMBLE-CMIP6","RMSE","MeanState","global","scalar","Watt m-2","19.5874","30.0"
"RadiationandEnergyCycle","SurfaceNetRadiation","GEWEX.SRB","ENSEMBLE-CMIP6","RMSE Score","MeanState","global","score","1","0.728447","30.0"
"RadiationandEnergyCycle","SurfaceNetRadiation","GEWEX.SRB","ENSEMBLE-CMIP6","Overall Score","MeanState","global","score","1","0.798576","30.0"
"RadiationandEnergyCycle","SurfaceNetRadiation","CLASS","ENSEMBLE-CMIP6","Benchmark Period Mean (intersection)","MeanState","global","scalar","W m-2","72.3146","50.0"
"RadiationandEnergyCycle","SurfaceNetRadiation","CLASS","ENSEMBLE-CMIP6","Benchmark Period Mean (complement)","MeanState","global","scalar","W m-2","nan","50.0"
"RadiationandEnergyCycle","SurfaceNetRadiation","CLASS","ENSEMBLE-CMIP6","Period Mean (original grids)","MeanState","global","scalar","W m-2","90.4919","50.0"
"RadiationandEnergyCycle","SurfaceNetRadiation","CLASS","ENSEMBLE-CMIP6","Model Period Mean (intersection)","MeanState","global","scalar","W m-2","88.4825","50.0"
"RadiationandEnergyCycle","SurfaceNetRadiation","CLASS","ENSEMBLE-CMIP6","Model Period Mean (complement)","MeanState","global","scalar","W m-2","96.3882","50.0"
"RadiationandEnergyCycle","SurfaceNetRadiation","CLASS","ENSEMBLE-CMIP6","Spatial Distribution Score","MeanState","global","score","1","0.980714","50.0"
"RadiationandEnergyCycle","SurfaceNetRadiation","CLASS","ENSEMBLE-CMIP6","Phase Shift","MeanState","global","scalar","months","0.910626","50.0"
"RadiationandEnergyCycle","SurfaceNetRadiation","CLASS","ENSEMBLE-CMIP6","Seasonal Cycle Score","MeanState","global","score","1","0.886433","50.0"
"RadiationandEnergyCycle","SurfaceNetRadiation","CLASS","ENSEMBLE-CMIP6","Bias","MeanState","global","scalar","W m-2","16.2031","50.0"
"RadiationandEnergyCycle","SurfaceNetRadiation","CLASS","ENSEMBLE-CMIP6","Bias Score","MeanState","global","score","1","0.596739","50.0"
"RadiationandEnergyCycle","SurfaceNetRadiation","CLASS","ENSEMBLE-CMIP6","RMSE","MeanState","global","scalar","W m-2","21.4794","50.0"
"RadiationandEnergyCycle","SurfaceNetRadiation","CLASS","ENSEMBLE-CMIP6","RMSE Score","MeanState","global","score","1","0.681577","50.0"
"RadiationandEnergyCycle","SurfaceNetRadiation","CLASS","ENSEMBLE-CMIP6","Overall Score","MeanState","global","score","1","0.765408","50.0"
"RadiationandEnergyCycle","SurfaceNetRadiation","CLASS","CARDAMOM","Benchmark Period Mean (intersection)","MeanState","global","scalar","W m-2","72.283","50.0"
"RadiationandEnergyCycle","SurfaceNetRadiation","CLASS","CARDAMOM","Benchmark Period Mean (complement)","MeanState","global","scalar","W m-2","72.5586","50.0"
"RadiationandEnergyCycle","SurfaceNetRadiation","CLASS","CARDAMOM","Period Mean (original grids)","MeanState","global","scalar","W m-2","50.0827","50.0"
"RadiationandEnergyCycle","SurfaceNetRadiation","CLASS","CARDAMOM","Model Period Mean (intersection)","MeanState","global","scalar","W m-2","50.2742","50.0"
"RadiationandEnergyCycle","SurfaceNetRadiation","CLASS","CARDAMOM","Model Period Mean (complement)","MeanState","global","scalar","W m-2","46.5896","50.0"
"RadiationandEnergyCycle","SurfaceNetRadiation","CLASS","CARDAMOM","Spatial Distribution Score","MeanState","global","score","1","0.967822","50.0"
"RadiationandEnergyCycle","SurfaceNetRadiation","CLASS","CARDAMOM","Phase Shift","MeanState","global","scalar","months","0.985604","50.0"
"RadiationandEnergyCycle","SurfaceNetRadiation","CLASS","CARDAMOM","Seasonal Cycle Score","MeanState","global","score","1","0.877425","50.0"
"RadiationandEnergyCycle","SurfaceNetRadiation","CLASS","CARDAMOM","Bias","MeanState","global","scalar","W m-2","-22.0098","50.0"
"RadiationandEnergyCycle","SurfaceNetRadiation","CLASS","CARDAMOM","Bias Score","MeanState","global","score","1","0.523259","50.0"
"RadiationandEnergyCycle","SurfaceNetRadiation","CLASS","CARDAMOM","RMSE","MeanState","global","scalar","W m-2","29.3811","50.0"
"RadiationandEnergyCycle","SurfaceNetRadiation","CLASS","CARDAMOM","RMSE Score","MeanState","global","score","1","0.647595","50.0"
"RadiationandEnergyCycle","SurfaceNetRadiation","CLASS","CARDAMOM","Overall Score","MeanState","global","score","1","0.732739","50.0"
"RadiationandEnergyCycle","SurfaceNetRadiation","CERESed4.2","ENSEMBLE-CMIP6","Benchmark Period Mean (intersection)","MeanState","global","scalar","W m-2","90.2071","30.0"
"RadiationandEnergyCycle","SurfaceNetRadiation","CERESed4.2","ENSEMBLE-CMIP6","Benchmark Period Mean (complement)","MeanState","global","scalar","W m-2","nan","30.0"
"RadiationandEnergyCycle","SurfaceNetRadiation","CERESed4.2","ENSEMBLE-CMIP6","Period Mean (original grids)","MeanState","global","scalar","W m-2","90.8831","30.0"
"RadiationandEnergyCycle","SurfaceNetRadiation","CERESed4.2","ENSEMBLE-CMIP6","Model Period Mean (intersection)","MeanState","global","scalar","W m-2","90.6912","30.0"
"RadiationandEnergyCycle","SurfaceNetRadiation","CERESed4.2","ENSEMBLE-CMIP6","Model Period Mean (complement)","MeanState","global","scalar","W m-2","nan","30.0"
"RadiationandEnergyCycle","SurfaceNetRadiation","CERESed4.2","ENSEMBLE-CMIP6","Spatial Distribution Score","MeanState","global","score","1","0.994316","30.0"
"RadiationandEnergyCycle","SurfaceNetRadiation","CERESed4.2","ENSEMBLE-CMIP6","Phase Shift","MeanState","global","scalar","months","0.665809","30.0"
"RadiationandEnergyCycle","SurfaceNetRadiation","CERESed4.2","ENSEMBLE-CMIP6","Seasonal Cycle Score","MeanState","global","score","1","0.924235","30.0"
"RadiationandEnergyCycle","SurfaceNetRadiation","CERESed4.2","ENSEMBLE-CMIP6","Bias","MeanState","global","scalar","W m-2","0.56127","30.0"
"RadiationandEnergyCycle","SurfaceNetRadiation","CERESed4.2","ENSEMBLE-CMIP6","Bias Score","MeanState","global","score","1","0.778157","30.0"
"RadiationandEnergyCycle","SurfaceNetRadiation","CERESed4.2","ENSEMBLE-CMIP6","RMSE","MeanState","global","scalar","W m-2","12.4507","30.0"
"RadiationandEnergyCycle","SurfaceNetRadiation","CERESed4.2","ENSEMBLE-CMIP6","RMSE Score","MeanState","global","score","1","0.780707","30.0"
"RadiationandEnergyCycle","SurfaceNetRadiation","CERESed4.2","ENSEMBLE-CMIP6","Overall Score","MeanState","global","score","1","0.851624","30.0"
"RadiationandEnergyCycle","SurfaceNetRadiation","CERESed4.2","CARDAMOM","Benchmark Period Mean (intersection)","MeanState","global","scalar","W m-2","88.9368","30.0"
"RadiationandEnergyCycle","SurfaceNetRadiation","CERESed4.2","CARDAMOM","Benchmark Period Mean (complement)","MeanState","global","scalar","W m-2","97.107","30.0"
"RadiationandEnergyCycle","SurfaceNetRadiation","CERESed4.2","CARDAMOM","Period Mean (original grids)","MeanState","global","scalar","W m-2","50.1955","30.0"
"RadiationandEnergyCycle","SurfaceNetRadiation","CERESed4.2","CARDAMOM","Model Period Mean (intersection)","MeanState","global","scalar","W m-2","49.7803","30.0"
"RadiationandEnergyCycle","SurfaceNetRadiation","CERESed4.2","CARDAMOM","Model Period Mean (complement)","MeanState","global","scalar","W m-2","nan","30.0"
"RadiationandEnergyCycle","SurfaceNetRadiation","CERESed4.2","CARDAMOM","Spatial Distribution Score","MeanState","global","score","1","0.915467","30.0"
"RadiationandEnergyCycle","SurfaceNetRadiation","CERESed4.2","CARDAMOM","Phase Shift","MeanState","global","scalar","months","0.711568","30.0"
"RadiationandEnergyCycle","SurfaceNetRadiation","CERESed4.2","CARDAMOM","Seasonal Cycle Score","MeanState","global","score","1","0.917386","30.0"
"RadiationandEnergyCycle","SurfaceNetRadiation","CERESed4.2","CARDAMOM","Bias","MeanState","global","scalar","W m-2","-39.1259","30.0"
"RadiationandEnergyCycle","SurfaceNetRadiation","CERESed4.2","CARDAMOM","Bias Score","MeanState","global","score","1","0.397854","30.0"
"RadiationandEnergyCycle","SurfaceNetRadiation","CERESed4.2","CARDAMOM","RMSE","MeanState","global","scalar","W m-2","47.1052","30.0"
"RadiationandEnergyCycle","SurfaceNetRadiation","CERESed4.2","CARDAMOM","RMSE Score","MeanState","global","score","1","0.656248","30.0"
"RadiationandEnergyCycle","SurfaceNetRadiation","CERESed4.2","CARDAMOM","Overall Score","MeanState","global","score","1","0.708641","30.0"
"RadiationandEnergyCycle","SurfaceNetLWRadiation","WRMC.BSRN","ENSEMBLE-CMIP6","Period Mean (original grids)","MeanState","global","scalar","Watt m-2","-64.3659","12.0"
"RadiationandEnergyCycle","SurfaceNetLWRadiation","WRMC.BSRN","ENSEMBLE-CMIP6","Bias","MeanState","global","scalar","Watt m-2","-2.77325","12.0"
"RadiationandEnergyCycle","SurfaceNetLWRadiation","WRMC.BSRN","ENSEMBLE-CMIP6","Bias Score","MeanState","global","score","1","0.66255","12.0"
"RadiationandEnergyCycle","SurfaceNetLWRadiation","WRMC.BSRN","ENSEMBLE-CMIP6","Phase Shift","MeanState","global","scalar","months","0.79881","12.0"
"RadiationandEnergyCycle","SurfaceNetLWRadiation","WRMC.BSRN","ENSEMBLE-CMIP6","Seasonal Cycle Score","MeanState","global","score","1","0.882782","12.0"
"RadiationandEnergyCycle","SurfaceNetLWRadiation","WRMC.BSRN","ENSEMBLE-CMIP6","RMSE","MeanState","global","scalar","Watt m-2","14.9428","12.0"
"RadiationandEnergyCycle","SurfaceNetLWRadiation","WRMC.BSRN","ENSEMBLE-CMIP6","RMSE Score","MeanState","global","score","1","0.452621","12.0"
"RadiationandEnergyCycle","SurfaceNetLWRadiation","WRMC.BSRN","ENSEMBLE-CMIP6","Overall Score","MeanState","global","score","1","0.612644","12.0"
"RadiationandEnergyCycle","SurfaceNetLWRadiation","WRMC.BSRN","CARDAMOM","Period Mean (original grids)","MeanState","global","scalar","Watt m-2","-69.8688","12.0"
"RadiationandEnergyCycle","SurfaceNetLWRadiation","WRMC.BSRN","CARDAMOM","Bias","MeanState","global","scalar","Watt m-2","-5.14575","12.0"
"RadiationandEnergyCycle","SurfaceNetLWRadiation","WRMC.BSRN","CARDAMOM","Bias Score","MeanState","global","score","1","0.640091","12.0"
"RadiationandEnergyCycle","SurfaceNetLWRadiation","WRMC.BSRN","CARDAMOM","Phase Shift","MeanState","global","scalar","months","1.0141","12.0"
"RadiationandEnergyCycle","SurfaceNetLWRadiation","WRMC.BSRN","CARDAMOM","Seasonal Cycle Score","MeanState","global","score","1","0.860323","12.0"
"RadiationandEnergyCycle","SurfaceNetLWRadiation","WRMC.BSRN","CARDAMOM","RMSE","MeanState","global","scalar","Watt m-2","10.9692","12.0"
"RadiationandEnergyCycle","SurfaceNetLWRadiation","WRMC.BSRN","CARDAMOM","RMSE Score","MeanState","global","score","1","0.564447","12.0"
"RadiationandEnergyCycle","SurfaceNetLWRadiation","WRMC.BSRN","CARDAMOM","Overall Score","MeanState","global","score","1","0.657327","12.0"
"RadiationandEnergyCycle","SurfaceNetLWRadiation","GEWEX.SRB","CARDAMOM","Benchmark Period Mean (intersection)","MeanState","global","scalar","Watt m-2","-72.8399","15.0"
"RadiationandEnergyCycle","SurfaceNetLWRadiation","GEWEX.SRB","CARDAMOM","Benchmark Period Mean (complement)","MeanState","global","scalar","Watt m-2","-57.3316","15.0"
"RadiationandEnergyCycle","SurfaceNetLWRadiation","GEWEX.SRB","CARDAMOM","Period Mean (original grids)","MeanState","global","scalar","Watt m-2","-70.8199","15.0"
"RadiationandEnergyCycle","SurfaceNetLWRadiation","GEWEX.SRB","CARDAMOM","Model Period Mean (intersection)","MeanState","global","scalar","Watt m-2","-71.179","15.0"
"RadiationandEnergyCycle","SurfaceNetLWRadiation","GEWEX.SRB","CARDAMOM","Model Period Mean (complement)","MeanState","global","scalar","Watt m-2","nan","15.0"
"RadiationandEnergyCycle","SurfaceNetLWRadiation","GEWEX.SRB","CARDAMOM","Spatial Distribution Score","MeanState","global","score","1","0.954672","15.0"
"RadiationandEnergyCycle","SurfaceNetLWRadiation","GEWEX.SRB","CARDAMOM","Phase Shift","MeanState","global","scalar","months","1.01251","15.0"
"RadiationandEnergyCycle","SurfaceNetLWRadiation","GEWEX.SRB","CARDAMOM","Seasonal Cycle Score","MeanState","global","score","1","0.865315","15.0"
"RadiationandEnergyCycle","SurfaceNetLWRadiation","GEWEX.SRB","CARDAMOM","Bias","MeanState","global","scalar","Watt m-2","1.66159","15.0"
"RadiationandEnergyCycle","SurfaceNetLWRadiation","GEWEX.SRB","CARDAMOM","Bias Score","MeanState","global","score","1","0.637811","15.0"
"RadiationandEnergyCycle","SurfaceNetLWRadiation","GEWEX.SRB","CARDAMOM","RMSE","MeanState","global","scalar","Watt m-2","14.2278","15.0"
"RadiationandEnergyCycle","SurfaceNetLWRadiation","GEWEX.SRB","CARDAMOM","RMSE Score","MeanState","global","score","1","0.643912","15.0"
"RadiationandEnergyCycle","SurfaceNetLWRadiation","GEWEX.SRB","CARDAMOM","Overall Score","MeanState","global","score","1","0.749124","15.0"
"RadiationandEnergyCycle","SurfaceNetLWRadiation","GEWEX.SRB","ENSEMBLE-CMIP6","Benchmark Period Mean (intersection)","MeanState","global","scalar","Watt m-2","-68.3706","15.0"
"RadiationandEnergyCycle","SurfaceNetLWRadiation","GEWEX.SRB","ENSEMBLE-CMIP6","Benchmark Period Mean (complement)","MeanState","global","scalar","Watt m-2","nan","15.0"
"RadiationandEnergyCycle","SurfaceNetLWRadiation","GEWEX.SRB","ENSEMBLE-CMIP6","Period Mean (original grids)","MeanState","global","scalar","Watt m-2","-68.5293","15.0"
"RadiationandEnergyCycle","SurfaceNetLWRadiation","GEWEX.SRB","ENSEMBLE-CMIP6","Model Period Mean (intersection)","MeanState","global","scalar","Watt m-2","-68.4571","15.0"
"RadiationandEnergyCycle","SurfaceNetLWRadiation","GEWEX.SRB","ENSEMBLE-CMIP6","Model Period Mean (complement)","MeanState","global","scalar","Watt m-2","nan","15.0"
"RadiationandEnergyCycle","SurfaceNetLWRadiation","GEWEX.SRB","ENSEMBLE-CMIP6","Spatial Distribution Score","MeanState","global","score","1","0.962648","15.0"
"RadiationandEnergyCycle","SurfaceNetLWRadiation","GEWEX.SRB","ENSEMBLE-CMIP6","Phase Shift","MeanState","global","scalar","months","1.0136","15.0"
"RadiationandEnergyCycle","SurfaceNetLWRadiation","GEWEX.SRB","ENSEMBLE-CMIP6","Seasonal Cycle Score","MeanState","global","score","1","0.86245","15.0"
"RadiationandEnergyCycle","SurfaceNetLWRadiation","GEWEX.SRB","ENSEMBLE-CMIP6","Bias","MeanState","global","scalar","Watt m-2","-0.0800782","15.0"
"RadiationandEnergyCycle","SurfaceNetLWRadiation","GEWEX.SRB","ENSEMBLE-CMIP6","Bias Score","MeanState","global","score","1","0.662275","15.0"
"RadiationandEnergyCycle","SurfaceNetLWRadiation","GEWEX.SRB","ENSEMBLE-CMIP6","RMSE","MeanState","global","scalar","Watt m-2","11.9778","15.0"
"RadiationandEnergyCycle","SurfaceNetLWRadiation","GEWEX.SRB","ENSEMBLE-CMIP6","RMSE Score","MeanState","global","score","1","0.658369","15.0"
"RadiationandEnergyCycle","SurfaceNetLWRadiation","GEWEX.SRB","ENSEMBLE-CMIP6","Overall Score","MeanState","global","score","1","0.760822","15.0"
"RadiationandEnergyCycle","SurfaceNetLWRadiation","CERESed4.2","ENSEMBLE-CMIP6","Benchmark Period Mean (intersection)","MeanState","global","scalar","W m-2","-64.1114","15.0"
"RadiationandEnergyCycle","SurfaceNetLWRadiation","CERESed4.2","ENSEMBLE-CMIP6","Benchmark Period Mean (complement)","MeanState","global","scalar","W m-2","nan","15.0"
"RadiationandEnergyCycle","SurfaceNetLWRadiation","CERESed4.2","ENSEMBLE-CMIP6","Period Mean (original grids)","MeanState","global","scalar","W m-2","-68.2984","15.0"
"RadiationandEnergyCycle","SurfaceNetLWRadiation","CERESed4.2","ENSEMBLE-CMIP6","Model Period Mean (intersection)","MeanState","global","scalar","W m-2","-68.2209","15.0"
"RadiationandEnergyCycle","SurfaceNetLWRadiation","CERESed4.2","ENSEMBLE-CMIP6","Model Period Mean (complement)","MeanState","global","scalar","W m-2","nan","15.0"
"RadiationandEnergyCycle","SurfaceNetLWRadiation","CERESed4.2","ENSEMBLE-CMIP6","Spatial Distribution Score","MeanState","global","score","1","0.989327","15.0"
"RadiationandEnergyCycle","SurfaceNetLWRadiation","CERESed4.2","ENSEMBLE-CMIP6","Phase Shift","MeanState","global","scalar","months","1.40071","15.0"
"RadiationandEnergyCycle","SurfaceNetLWRadiation","CERESed4.2","ENSEMBLE-CMIP6","Seasonal Cycle Score","MeanState","global","score","1","0.804392","15.0"
"RadiationandEnergyCycle","SurfaceNetLWRadiation","CERESed4.2","ENSEMBLE-CMIP6","Bias","MeanState","global","scalar","W m-2","-4.08377","15.0"
"RadiationandEnergyCycle","SurfaceNetLWRadiation","CERESed4.2","ENSEMBLE-CMIP6","Bias Score","MeanState","global","score","1","0.574662","15.0"
"RadiationandEnergyCycle","SurfaceNetLWRadiation","CERESed4.2","ENSEMBLE-CMIP6","RMSE","MeanState","global","scalar","W m-2","11.6394","15.0"
"RadiationandEnergyCycle","SurfaceNetLWRadiation","CERESed4.2","ENSEMBLE-CMIP6","RMSE Score","MeanState","global","score","1","0.612022","15.0"
"RadiationandEnergyCycle","SurfaceNetLWRadiation","CERESed4.2","ENSEMBLE-CMIP6","Overall Score","MeanState","global","score","1","0.718485","15.0"
"RadiationandEnergyCycle","SurfaceNetLWRadiation","CERESed4.2","CARDAMOM","Benchmark Period Mean (intersection)","MeanState","global","scalar","W m-2","-65.4897","15.0"
"RadiationandEnergyCycle","SurfaceNetLWRadiation","CERESed4.2","CARDAMOM","Benchmark Period Mean (complement)","MeanState","global","scalar","W m-2","-54.1312","15.0"
"RadiationandEnergyCycle","SurfaceNetLWRadiation","CERESed4.2","CARDAMOM","Period Mean (original grids)","MeanState","global","scalar","W m-2","-70.793","15.0"
"RadiationandEnergyCycle","SurfaceNetLWRadiation","CERESed4.2","CARDAMOM","Model Period Mean (intersection)","MeanState","global","scalar","W m-2","-71.1682","15.0"
"RadiationandEnergyCycle","SurfaceNetLWRadiation","CERESed4.2","CARDAMOM","Model Period Mean (complement)","MeanState","global","scalar","W m-2","nan","15.0"
"RadiationandEnergyCycle","SurfaceNetLWRadiation","CERESed4.2","CARDAMOM","Spatial Distribution Score","MeanState","global","score","1","0.991768","15.0"
"RadiationandEnergyCycle","SurfaceNetLWRadiation","CERESed4.2","CARDAMOM","Phase Shift","MeanState","global","scalar","months","1.22846","15.0"
"RadiationandEnergyCycle","SurfaceNetLWRadiation","CERESed4.2","CARDAMOM","Seasonal Cycle Score","MeanState","global","score","1","0.829236","15.0"
"RadiationandEnergyCycle","SurfaceNetLWRadiation","CERESed4.2","CARDAMOM","Bias","MeanState","global","scalar","W m-2","-5.67338","15.0"
"RadiationandEnergyCycle","SurfaceNetLWRadiation","CERESed4.2","CARDAMOM","Bias Score","MeanState","global","score","1","0.585276","15.0"
"RadiationandEnergyCycle","SurfaceNetLWRadiation","CERESed4.2","CARDAMOM","RMSE","MeanState","global","scalar","W m-2","11.9252","15.0"
"RadiationandEnergyCycle","SurfaceNetLWRadiation","CERESed4.2","CARDAMOM","RMSE Score","MeanState","global","score","1","0.621216","15.0"
"RadiationandEnergyCycle","SurfaceNetLWRadiation","CERESed4.2","CARDAMOM","Overall Score","MeanState","global","score","1","0.729743","15.0"
"HydrologyCycle","TerrestrialWaterStorageAnomaly","GRACE","CARDAMOM","Anomaly Magnitude","MeanState","global","scalar","cm","6.09683","125.0"
"HydrologyCycle","TerrestrialWaterStorageAnomaly","GRACE","CARDAMOM","RMSE","MeanState","global","scalar","cm","3.51481","125.0"
"HydrologyCycle","TerrestrialWaterStorageAnomaly","GRACE","CARDAMOM","RMSE Score","MeanState","global","score","1","0.579564","125.0"
"HydrologyCycle","TerrestrialWaterStorageAnomaly","GRACE","CARDAMOM","Interannual Variability Score","MeanState","global","score","1","0.886451","125.0"
"HydrologyCycle","TerrestrialWaterStorageAnomaly","GRACE","CARDAMOM","Overall Score","MeanState","global","score","1","0.68186","125.0"
"HydrologyCycle","TerrestrialWaterStorageAnomaly","GRACE","ENSEMBLE-CMIP6","Anomaly Magnitude","MeanState","global","scalar","cm","8.6263","125.0"
"HydrologyCycle","TerrestrialWaterStorageAnomaly","GRACE","ENSEMBLE-CMIP6","RMSE","MeanState","global","scalar","cm","8.56166","125.0"
"HydrologyCycle","TerrestrialWaterStorageAnomaly","GRACE","ENSEMBLE-CMIP6","RMSE Score","MeanState","global","score","1","0.294755","125.0"
"HydrologyCycle","TerrestrialWaterStorageAnomaly","GRACE","ENSEMBLE-CMIP6","Interannual Variability Score","MeanState","global","score","1","0.783214","125.0"
"HydrologyCycle","TerrestrialWaterStorageAnomaly","GRACE","ENSEMBLE-CMIP6","Overall Score","MeanState","global","score","1","0.457575","125.0"
"HydrologyCycle","Runoff","Dai","ENSEMBLE-CMIP6","Period Mean","MeanState","global","scalar","mm d-1","0.940506","75.0"
"HydrologyCycle","Runoff","Dai","ENSEMBLE-CMIP6","Bias","MeanState","global","scalar","mm d-1","0.115098","75.0"
"HydrologyCycle","Runoff","Dai","ENSEMBLE-CMIP6","Bias Score","MeanState","global","score","1","0.789253","75.0"
"HydrologyCycle","Runoff","Dai","ENSEMBLE-CMIP6","Interannual Variability Score","MeanState","global","score","1","0.514328","75.0"
"HydrologyCycle","Runoff","Dai","ENSEMBLE-CMIP6","Spatial Distribution Score","MeanState","global","score","1","0.90263","75.0"
"HydrologyCycle","Runoff","Dai","ENSEMBLE-CMIP6","Overall Score","MeanState","global","score","1","0.735404","75.0"
"HydrologyCycle","Runoff","Dai","CARDAMOM","Period Mean","MeanState","global","scalar","mm d-1","0.81883","75.0"
"HydrologyCycle","Runoff","Dai","CARDAMOM","Bias","MeanState","global","scalar","mm d-1","0.00973061","75.0"
"HydrologyCycle","Runoff","Dai","CARDAMOM","Bias Score","MeanState","global","score","1","0.797623","75.0"
"HydrologyCycle","Runoff","Dai","CARDAMOM","Interannual Variability Score","MeanState","global","score","1","0.617136","75.0"
"HydrologyCycle","Runoff","Dai","CARDAMOM","Spatial Distribution Score","MeanState","global","score","1","0.663217","75.0"
"HydrologyCycle","Runoff","Dai","CARDAMOM","Overall Score","MeanState","global","score","1","0.692659","75.0"
"HydrologyCycle","Runoff","LORA","CARDAMOM","Benchmark Period Mean (intersection)","MeanState","global","scalar","mm d-1","0.828573","75.0"
"HydrologyCycle","Runoff","LORA","CARDAMOM","Benchmark Period Mean (complement)","MeanState","global","scalar","mm d-1","1.05504","75.0"
"HydrologyCycle","Runoff","LORA","CARDAMOM","Period Mean (original grids)","MeanState","global","scalar","mm d-1","0.975437","75.0"
"HydrologyCycle","Runoff","LORA","CARDAMOM","Model Period Mean (intersection)","MeanState","global","scalar","mm d-1","0.882339","75.0"
"HydrologyCycle","Runoff","LORA","CARDAMOM","Model Period Mean (complement)","MeanState","global","scalar","mm d-1","1.42049","75.0"
"HydrologyCycle","Runoff","LORA","CARDAMOM","Spatial Distribution Score","MeanState","global","score","1","0.909311","75.0"
"HydrologyCycle","Runoff","LORA","CARDAMOM","Phase Shift","MeanState","global","scalar","months","1.51549","75.0"
"HydrologyCycle","Runoff","LORA","CARDAMOM","Seasonal Cycle Score","MeanState","global","score","1","0.836756","75.0"
"HydrologyCycle","Runoff","LORA","CARDAMOM","Bias","MeanState","global","scalar","mm d-1","0.0538661","75.0"
"HydrologyCycle","Runoff","LORA","CARDAMOM","Bias Score","MeanState","global","score","1","0.622799","75.0"
"HydrologyCycle","Runoff","LORA","CARDAMOM","RMSE","MeanState","global","scalar","mm d-1","0.785712","75.0"
"HydrologyCycle","Runoff","LORA","CARDAMOM","RMSE Score","MeanState","global","score","1","0.5055","75.0"
"HydrologyCycle","Runoff","LORA","CARDAMOM","Overall Score","MeanState","global","score","1","0.675973","75.0"
"HydrologyCycle","Runoff","LORA","ENSEMBLE-CMIP6","Benchmark Period Mean (intersection)","MeanState","global","scalar","mm d-1","0.816945","75.0"
"HydrologyCycle","Runoff","LORA","ENSEMBLE-CMIP6","Benchmark Period Mean (complement)","MeanState","global","scalar","mm d-1","nan","75.0"
"HydrologyCycle","Runoff","LORA","ENSEMBLE-CMIP6","Period Mean (original grids)","MeanState","global","scalar","mm d-1","0.869823","75.0"
"HydrologyCycle","Runoff","LORA","ENSEMBLE-CMIP6","Model Period Mean (intersection)","MeanState","global","scalar","mm d-1","0.829236","75.0"
"HydrologyCycle","Runoff","LORA","ENSEMBLE-CMIP6","Model Period Mean (complement)","MeanState","global","scalar","mm d-1","0.99329","75.0"
"HydrologyCycle","Runoff","LORA","ENSEMBLE-CMIP6","Spatial Distribution Score","MeanState","global","score","1","0.852283","75.0"
"HydrologyCycle","Runoff","LORA","ENSEMBLE-CMIP6","Phase Shift","MeanState","global","scalar","months","1.17373","75.0"
"HydrologyCycle","Runoff","LORA","ENSEMBLE-CMIP6","Seasonal Cycle Score","MeanState","global","score","1","0.893967","75.0"
"HydrologyCycle","Runoff","LORA","ENSEMBLE-CMIP6","Bias","MeanState","global","scalar","mm d-1","0.01145","75.0"
"HydrologyCycle","Runoff","LORA","ENSEMBLE-CMIP6","Bias Score","MeanState","global","score","1","0.586152","75.0"
"HydrologyCycle","Runoff","LORA","ENSEMBLE-CMIP6","RMSE","MeanState","global","scalar","mm d-1","0.805938","75.0"
"HydrologyCycle","Runoff","LORA","ENSEMBLE-CMIP6","RMSE Score","MeanState","global","score","1","0.536706","75.0"
"HydrologyCycle","Runoff","LORA","ENSEMBLE-CMIP6","Overall Score","MeanState","global","score","1","0.681163","75.0"
"HydrologyCycle","Runoff","ERA5","CARDAMOM","Benchmark Period Mean (intersection)","MeanState","global","scalar","mm d-1","0.2786","125.0"
"HydrologyCycle","Runoff","ERA5","CARDAMOM","Benchmark Period Mean (complement)","MeanState","global","scalar","mm d-1","0.228311","125.0"
"HydrologyCycle","Runoff","ERA5","CARDAMOM","Period Mean (original grids)","MeanState","global","scalar","mm d-1","0.986306","125.0"
"HydrologyCycle","Runoff","ERA5","CARDAMOM","Model Period Mean (intersection)","MeanState","global","scalar","mm d-1","0.954231","125.0"
"HydrologyCycle","Runoff","ERA5","CARDAMOM","Model Period Mean (complement)","MeanState","global","scalar","mm d-1","nan","125.0"
"HydrologyCycle","Runoff","ERA5","CARDAMOM","Spatial Distribution Score","MeanState","global","score","1","0.602314","125.0"
"HydrologyCycle","Runoff","ERA5","CARDAMOM","Phase Shift","MeanState","global","scalar","months","1.58869","125.0"
"HydrologyCycle","Runoff","ERA5","CARDAMOM","Seasonal Cycle Score","MeanState","global","score","1","0.824862","125.0"
"HydrologyCycle","Runoff","ERA5","CARDAMOM","Bias","MeanState","global","scalar","mm d-1","0.676417","125.0"
"HydrologyCycle","Runoff","ERA5","CARDAMOM","Bias Score","MeanState","global","score","1","0.406186","125.0"
"HydrologyCycle","Runoff","ERA5","CARDAMOM","RMSE","MeanState","global","scalar","mm d-1","0.995276","125.0"
"HydrologyCycle","Runoff","ERA5","CARDAMOM","RMSE Score","MeanState","global","score","1","0.395962","125.0"
"HydrologyCycle","Runoff","ERA5","CARDAMOM","Overall Score","MeanState","global","score","1","0.525057","125.0"
"HydrologyCycle","Runoff","ERA5","ENSEMBLE-CMIP6","Benchmark Period Mean (intersection)","MeanState","global","scalar","mm d-1","0.277702","125.0"
"HydrologyCycle","Runoff","ERA5","ENSEMBLE-CMIP6","Benchmark Period Mean (complement)","MeanState","global","scalar","mm d-1","nan","125.0"
"HydrologyCycle","Runoff","ERA5","ENSEMBLE-CMIP6","Period Mean (original grids)","MeanState","global","scalar","mm d-1","0.870832","125.0"
"HydrologyCycle","Runoff","ERA5","ENSEMBLE-CMIP6","Model Period Mean (intersection)","MeanState","global","scalar","mm d-1","0.861994","125.0"
"HydrologyCycle","Runoff","ERA5","ENSEMBLE-CMIP6","Model Period Mean (complement)","MeanState","global","scalar","mm d-1","nan","125.0"
"HydrologyCycle","Runoff","ERA5","ENSEMBLE-CMIP6","Spatial Distribution Score","MeanState","global","score","1","0.676807","125.0"
"HydrologyCycle","Runoff","ERA5","ENSEMBLE-CMIP6","Phase Shift","MeanState","global","scalar","months","1.5371","125.0"
"HydrologyCycle","Runoff","ERA5","ENSEMBLE-CMIP6","Seasonal Cycle Score","MeanState","global","score","1","0.832923","125.0"
"HydrologyCycle","Runoff","ERA5","ENSEMBLE-CMIP6","Bias","MeanState","global","scalar","mm d-1","0.584083","125.0"
"HydrologyCycle","Runoff","ERA5","ENSEMBLE-CMIP6","Bias Score","MeanState","global","score","1","0.463607","125.0"
"HydrologyCycle","Runoff","ERA5","ENSEMBLE-CMIP6","RMSE","MeanState","global","scalar","mm d-1","0.879256","125.0"
"HydrologyCycle","Runoff","ERA5","ENSEMBLE-CMIP6","RMSE Score","MeanState","global","score","1","0.42858","125.0"
"HydrologyCycle","Runoff","ERA5","ENSEMBLE-CMIP6","Overall Score","MeanState","global","score","1","0.566099","125.0"
"HydrologyCycle","Runoff","CLASS","ENSEMBLE-CMIP6","Benchmark Period Mean (intersection)","MeanState","global","scalar","mm d-1","0.72399","125.0"
"HydrologyCycle","Runoff","CLASS","ENSEMBLE-CMIP6","Benchmark Period Mean (complement)","MeanState","global","scalar","mm d-1","nan","125.0"
"HydrologyCycle","Runoff","CLASS","ENSEMBLE-CMIP6","Period Mean (original grids)","MeanState","global","scalar","mm d-1","0.876993","125.0"
"HydrologyCycle","Runoff","CLASS","ENSEMBLE-CMIP6","Model Period Mean (intersection)","MeanState","global","scalar","mm d-1","0.829109","125.0"
"HydrologyCycle","Runoff","CLASS","ENSEMBLE-CMIP6","Model Period Mean (complement)","MeanState","global","scalar","mm d-1","0.992987","125.0"
"HydrologyCycle","Runoff","CLASS","ENSEMBLE-CMIP6","Spatial Distribution Score","MeanState","global","score","1","0.879192","125.0"
"HydrologyCycle","Runoff","CLASS","ENSEMBLE-CMIP6","Phase Shift","MeanState","global","scalar","months","1.51278","125.0"
"HydrologyCycle","Runoff","CLASS","ENSEMBLE-CMIP6","Seasonal Cycle Score","MeanState","global","score","1","0.841191","125.0"
"HydrologyCycle","Runoff","CLASS","ENSEMBLE-CMIP6","Bias","MeanState","global","scalar","mm d-1","0.10461","125.0"
"HydrologyCycle","Runoff","CLASS","ENSEMBLE-CMIP6","Bias Score","MeanState","global","score","1","0.570657","125.0"
"HydrologyCycle","Runoff","CLASS","ENSEMBLE-CMIP6","RMSE","MeanState","global","scalar","mm d-1","0.783997","125.0"
"HydrologyCycle","Runoff","CLASS","ENSEMBLE-CMIP6","RMSE Score","MeanState","global","score","1","0.467248","125.0"
"HydrologyCycle","Runoff","CLASS","ENSEMBLE-CMIP6","Overall Score","MeanState","global","score","1","0.645107","125.0"
"HydrologyCycle","Runoff","CLASS","CARDAMOM","Benchmark Period Mean (intersection)","MeanState","global","scalar","mm d-1","0.724619","125.0"
"HydrologyCycle","Runoff","CLASS","CARDAMOM","Benchmark Period Mean (complement)","MeanState","global","scalar","mm d-1","0.713235","125.0"
"HydrologyCycle","Runoff","CLASS","CARDAMOM","Period Mean (original grids)","MeanState","global","scalar","mm d-1","0.963635","125.0"
"HydrologyCycle","Runoff","CLASS","CARDAMOM","Model Period Mean (intersection)","MeanState","global","scalar","mm d-1","0.859786","125.0"
"HydrologyCycle","Runoff","CLASS","CARDAMOM","Model Period Mean (complement)","MeanState","global","scalar","mm d-1","1.3246","125.0"
"HydrologyCycle","Runoff","CLASS","CARDAMOM","Spatial Distribution Score","MeanState","global","score","1","0.932832","125.0"
"HydrologyCycle","Runoff","CLASS","CARDAMOM","Phase Shift","MeanState","global","scalar","months","1.59913","125.0"
"HydrologyCycle","Runoff","CLASS","CARDAMOM","Seasonal Cycle Score","MeanState","global","score","1","0.819728","125.0"
"HydrologyCycle","Runoff","CLASS","CARDAMOM","Bias","MeanState","global","scalar","mm d-1","0.135251","125.0"
"HydrologyCycle","Runoff","CLASS","CARDAMOM","Bias Score","MeanState","global","score","1","0.633053","125.0"
"HydrologyCycle","Runoff","CLASS","CARDAMOM","RMSE","MeanState","global","scalar","mm d-1","0.681773","125.0"
"HydrologyCycle","Runoff","CLASS","CARDAMOM","RMSE Score","MeanState","global","score","1","0.495167","125.0"
"HydrologyCycle","Runoff","CLASS","CARDAMOM","Overall Score","MeanState","global","score","1","0.67519","125.0"
"HydrologyCycle","EvaporativeFraction","WECANN","ENSEMBLE-CMIP6","Benchmark Period Mean (intersection)","MeanState","global","scalar","1","0.477724","45.0"
"HydrologyCycle","EvaporativeFraction","WECANN","ENSEMBLE-CMIP6","Benchmark Period Mean (complement)","MeanState","global","scalar","1","0.465709","45.0"
"HydrologyCycle","EvaporativeFraction","WECANN","ENSEMBLE-CMIP6","Period Mean (original grids)","MeanState","global","scalar","1","0.572631","45.0"
"HydrologyCycle","EvaporativeFraction","WECANN","ENSEMBLE-CMIP6","Model Period Mean (intersection)","MeanState","global","scalar","1","0.540648","45.0"
"HydrologyCycle","EvaporativeFraction","WECANN","ENSEMBLE-CMIP6","Model Period Mean (complement)","MeanState","global","scalar","1","0.7375","45.0"
"HydrologyCycle","EvaporativeFraction","WECANN","ENSEMBLE-CMIP6","Spatial Distribution Score","MeanState","global","score","1","0.980724","45.0"
"HydrologyCycle","EvaporativeFraction","WECANN","ENSEMBLE-CMIP6","Phase Shift","MeanState","global","scalar","months","1.71343","45.0"
"HydrologyCycle","EvaporativeFraction","WECANN","ENSEMBLE-CMIP6","Seasonal Cycle Score","MeanState","global","score","1","0.761664","45.0"
"HydrologyCycle","EvaporativeFraction","WECANN","ENSEMBLE-CMIP6","Bias","MeanState","global","scalar","1","0.0648934","45.0"
"HydrologyCycle","EvaporativeFraction","WECANN","ENSEMBLE-CMIP6","Bias Score","MeanState","global","score","1","0.537823","45.0"
"HydrologyCycle","EvaporativeFraction","WECANN","ENSEMBLE-CMIP6","Overall Score","MeanState","global","score","1","0.76007","45.0"
"HydrologyCycle","EvaporativeFraction","FLUXCOM","ENSEMBLE-CMIP6","Benchmark Period Mean (intersection)","MeanState","global","scalar","1","0.520842","45.0"
"HydrologyCycle","EvaporativeFraction","FLUXCOM","ENSEMBLE-CMIP6","Benchmark Period Mean (complement)","MeanState","global","scalar","1","0.421581","45.0"
"HydrologyCycle","EvaporativeFraction","FLUXCOM","ENSEMBLE-CMIP6","Period Mean (original grids)","MeanState","global","scalar","1","0.570533","45.0"
"HydrologyCycle","EvaporativeFraction","FLUXCOM","ENSEMBLE-CMIP6","Model Period Mean (intersection)","MeanState","global","scalar","1","0.585557","45.0"
"HydrologyCycle","EvaporativeFraction","FLUXCOM","ENSEMBLE-CMIP6","Model Period Mean (complement)","MeanState","global","scalar","1","0.525191","45.0"
"HydrologyCycle","EvaporativeFraction","FLUXCOM","ENSEMBLE-CMIP6","Spatial Distribution Score","MeanState","global","score","1","0.965024","45.0"
"HydrologyCycle","EvaporativeFraction","FLUXCOM","ENSEMBLE-CMIP6","Phase Shift","MeanState","global","scalar","months","1.83317","45.0"
"HydrologyCycle","EvaporativeFraction","FLUXCOM","ENSEMBLE-CMIP6","Seasonal Cycle Score","MeanState","global","score","1","0.711327","45.0"
"HydrologyCycle","EvaporativeFraction","FLUXCOM","ENSEMBLE-CMIP6","Bias","MeanState","global","scalar","1","0.0650098","45.0"
"HydrologyCycle","EvaporativeFraction","FLUXCOM","ENSEMBLE-CMIP6","Bias Score","MeanState","global","score","1","0.478562","45.0"
"HydrologyCycle","EvaporativeFraction","FLUXCOM","ENSEMBLE-CMIP6","Overall Score","MeanState","global","score","1","0.718304","45.0"
"HydrologyCycle","EvaporativeFraction","ERA5","ENSEMBLE-CMIP6","Benchmark Period Mean (intersection)","MeanState","global","scalar","1","0.573152","125.0"
"HydrologyCycle","EvaporativeFraction","ERA5","ENSEMBLE-CMIP6","Benchmark Period Mean (complement)","MeanState","global","scalar","1","0.522267","125.0"
"HydrologyCycle","EvaporativeFraction","ERA5","ENSEMBLE-CMIP6","Period Mean (original grids)","MeanState","global","scalar","1","0.570455","125.0"
"HydrologyCycle","EvaporativeFraction","ERA5","ENSEMBLE-CMIP6","Model Period Mean (intersection)","MeanState","global","scalar","1","0.569101","125.0"
"HydrologyCycle","EvaporativeFraction","ERA5","ENSEMBLE-CMIP6","Model Period Mean (complement)","MeanState","global","scalar","1","0.641425","125.0"
"HydrologyCycle","EvaporativeFraction","ERA5","ENSEMBLE-CMIP6","Spatial Distribution Score","MeanState","global","score","1","0.97712","125.0"
"HydrologyCycle","EvaporativeFraction","ERA5","ENSEMBLE-CMIP6","Phase Shift","MeanState","global","scalar","months","1.75196","125.0"
"HydrologyCycle","EvaporativeFraction","ERA5","ENSEMBLE-CMIP6","Seasonal Cycle Score","MeanState","global","score","1","0.70498","125.0"
"HydrologyCycle","EvaporativeFraction","ERA5","ENSEMBLE-CMIP6","Bias","MeanState","global","scalar","1","-0.00432698","125.0"
"HydrologyCycle","EvaporativeFraction","ERA5","ENSEMBLE-CMIP6","Bias Score","MeanState","global","score","1","0.518242","125.0"
"HydrologyCycle","EvaporativeFraction","ERA5","ENSEMBLE-CMIP6","Overall Score","MeanState","global","score","1","0.733447","125.0"
"HydrologyCycle","EvaporativeFraction","CLASS","ENSEMBLE-CMIP6","Benchmark Period Mean (intersection)","MeanState","global","scalar","1","0.486458","125.0"
"HydrologyCycle","EvaporativeFraction","CLASS","ENSEMBLE-CMIP6","Benchmark Period Mean (complement)","MeanState","global","scalar","1","0.321923","125.0"
"HydrologyCycle","EvaporativeFraction","CLASS","ENSEMBLE-CMIP6","Period Mean (original grids)","MeanState","global","scalar","1","0.571673","125.0"
"HydrologyCycle","EvaporativeFraction","CLASS","ENSEMBLE-CMIP6","Model Period Mean (intersection)","MeanState","global","scalar","1","0.527527","125.0"
"HydrologyCycle","EvaporativeFraction","CLASS","ENSEMBLE-CMIP6","Model Period Mean (complement)","MeanState","global","scalar","1","0.719624","125.0"
"HydrologyCycle","EvaporativeFraction","CLASS","ENSEMBLE-CMIP6","Spatial Distribution Score","MeanState","global","score","1","0.97555","125.0"
"HydrologyCycle","EvaporativeFraction","CLASS","ENSEMBLE-CMIP6","Phase Shift","MeanState","global","scalar","months","1.68983","125.0"
"HydrologyCycle","EvaporativeFraction","CLASS","ENSEMBLE-CMIP6","Seasonal Cycle Score","MeanState","global","score","1","0.757262","125.0"
"HydrologyCycle","EvaporativeFraction","CLASS","ENSEMBLE-CMIP6","Bias","MeanState","global","scalar","1","0.0415045","125.0"
"HydrologyCycle","EvaporativeFraction","CLASS","ENSEMBLE-CMIP6","Bias Score","MeanState","global","score","1","0.665388","125.0"
"HydrologyCycle","EvaporativeFraction","CLASS","ENSEMBLE-CMIP6","Overall Score","MeanState","global","score","1","0.7994","125.0"
"HydrologyCycle","SurfaceSoilMoisture","WangMao","CARDAMOM","Benchmark Period Mean (intersection)","MeanState","global","scalar","kg m-2","23.8971","45.0"
"HydrologyCycle","SurfaceSoilMoisture","WangMao","CARDAMOM","Benchmark Period Mean (complement)","MeanState","global","scalar","kg m-2","19.9224","45.0"
"HydrologyCycle","SurfaceSoilMoisture","WangMao","CARDAMOM","Period Mean (original grids)","MeanState","global","scalar","kg m-2","33.2179","45.0"
"HydrologyCycle","SurfaceSoilMoisture","WangMao","CARDAMOM","Model Period Mean (intersection)","MeanState","global","scalar","kg m-2","33.0532","45.0"
"HydrologyCycle","SurfaceSoilMoisture","WangMao","CARDAMOM","Model Period Mean (complement)","MeanState","global","scalar","kg m-2","35.1049","45.0"
"HydrologyCycle","SurfaceSoilMoisture","WangMao","CARDAMOM","Spatial Distribution Score","MeanState","global","score","1","0.584704","45.0"
"HydrologyCycle","SurfaceSoilMoisture","WangMao","CARDAMOM","Phase Shift","MeanState","global","scalar","months","1.90508","45.0"
"HydrologyCycle","SurfaceSoilMoisture","WangMao","CARDAMOM","Seasonal Cycle Score","MeanState","global","score","1","0.739715","45.0"
"HydrologyCycle","SurfaceSoilMoisture","WangMao","CARDAMOM","Bias","MeanState","global","scalar","kg m-2","9.15821","45.0"
"HydrologyCycle","SurfaceSoilMoisture","WangMao","CARDAMOM","Bias Score","MeanState","global","score","1","0.115396","45.0"
"HydrologyCycle","SurfaceSoilMoisture","WangMao","CARDAMOM","RMSE","MeanState","global","scalar","kg m-2","17.0157","45.0"
"HydrologyCycle","SurfaceSoilMoisture","WangMao","CARDAMOM","RMSE Score","MeanState","global","score","1","0.349146","45.0"
"HydrologyCycle","SurfaceSoilMoisture","WangMao","CARDAMOM","Overall Score","MeanState","global","score","1","0.427622","45.0"
"HydrologyCycle","SurfaceSoilMoisture","WangMao","ENSEMBLE-CMIP6","Benchmark Period Mean (intersection)","MeanState","global","scalar","kg m-2","23.8966","45.0"
"HydrologyCycle","SurfaceSoilMoisture","WangMao","ENSEMBLE-CMIP6","Benchmark Period Mean (complement)","MeanState","global","scalar","kg m-2","nan","45.0"
"HydrologyCycle","SurfaceSoilMoisture","WangMao","ENSEMBLE-CMIP6","Period Mean (original grids)","MeanState","global","scalar","kg m-2","22.4724","45.0"
"HydrologyCycle","SurfaceSoilMoisture","WangMao","ENSEMBLE-CMIP6","Model Period Mean (intersection)","MeanState","global","scalar","kg m-2","22.4374","45.0"
"HydrologyCycle","SurfaceSoilMoisture","WangMao","ENSEMBLE-CMIP6","Model Period Mean (complement)","MeanState","global","scalar","kg m-2","21.7261","45.0"
"HydrologyCycle","SurfaceSoilMoisture","WangMao","ENSEMBLE-CMIP6","Spatial Distribution Score","MeanState","global","score","1","0.988344","45.0"
"HydrologyCycle","SurfaceSoilMoisture","WangMao","ENSEMBLE-CMIP6","Phase Shift","MeanState","global","scalar","months","0.922349","45.0"
"HydrologyCycle","SurfaceSoilMoisture","WangMao","ENSEMBLE-CMIP6","Seasonal Cycle Score","MeanState","global","score","1","0.878064","45.0"
"HydrologyCycle","SurfaceSoilMoisture","WangMao","ENSEMBLE-CMIP6","Bias","MeanState","global","scalar","kg m-2","-1.47214","45.0"
"HydrologyCycle","SurfaceSoilMoisture","WangMao","ENSEMBLE-CMIP6","Bias Score","MeanState","global","score","1","0.447633","45.0"
"HydrologyCycle","SurfaceSoilMoisture","WangMao","ENSEMBLE-CMIP6","RMSE","MeanState","global","scalar","kg m-2","4.13748","45.0"
"HydrologyCycle","SurfaceSoilMoisture","WangMao","ENSEMBLE-CMIP6","RMSE Score","MeanState","global","score","1","0.601151","45.0"
"HydrologyCycle","SurfaceSoilMoisture","WangMao","ENSEMBLE-CMIP6","Overall Score","MeanState","global","score","1","0.703269","45.0"
"HydrologyCycle","SnowWaterEquivalent","CanSISE","CARDAMOM","Benchmark Period Mean (intersection)","MeanState","global","scalar","cm","1.60496","125.0"
"HydrologyCycle","SnowWaterEquivalent","CanSISE","CARDAMOM","Benchmark Period Mean (complement)","MeanState","global","scalar","cm","0.820704","125.0"
"HydrologyCycle","SnowWaterEquivalent","CanSISE","CARDAMOM","Period Mean (original grids)","MeanState","global","scalar","cm","2.39184","125.0"
"HydrologyCycle","SnowWaterEquivalent","CanSISE","CARDAMOM","Model Period Mean (intersection)","MeanState","global","scalar","cm","2.69431","125.0"
"HydrologyCycle","SnowWaterEquivalent","CanSISE","CARDAMOM","Model Period Mean (complement)","MeanState","global","scalar","cm","1.707","125.0"
"HydrologyCycle","SnowWaterEquivalent","CanSISE","CARDAMOM","Spatial Distribution Score","MeanState","global","score","1","0.489219","125.0"
"HydrologyCycle","SnowWaterEquivalent","CanSISE","CARDAMOM","Phase Shift","MeanState","global","scalar","months","1.4338","125.0"
"HydrologyCycle","SnowWaterEquivalent","CanSISE","CARDAMOM","Seasonal Cycle Score","MeanState","global","score","1","0.825145","125.0"
"HydrologyCycle","SnowWaterEquivalent","CanSISE","CARDAMOM","Bias","MeanState","global","scalar","cm","1.09303","125.0"
"HydrologyCycle","SnowWaterEquivalent","CanSISE","CARDAMOM","Bias Score","MeanState","global","score","1","0.515914","125.0"
"HydrologyCycle","SnowWaterEquivalent","CanSISE","CARDAMOM","RMSE","MeanState","global","scalar","cm","2.35059","125.0"
"HydrologyCycle","SnowWaterEquivalent","CanSISE","CARDAMOM","RMSE Score","MeanState","global","score","1","0.341957","125.0"
"HydrologyCycle","SnowWaterEquivalent","CanSISE","CARDAMOM","Overall Score","MeanState","global","score","1","0.502838","125.0"
"HydrologyCycle","LatentHeat","WECANN","ENSEMBLE-CMIP6","Benchmark Period Mean (intersection)","MeanState","global","scalar","W m-2","39.828","45.0"
"HydrologyCycle","LatentHeat","WECANN","ENSEMBLE-CMIP6","Benchmark Period Mean (complement)","MeanState","global","scalar","W m-2","nan","45.0"
"HydrologyCycle","LatentHeat","WECANN","ENSEMBLE-CMIP6","Period Mean (original grids)","MeanState","global","scalar","W m-2","54.0023","45.0"
"HydrologyCycle","LatentHeat","WECANN","ENSEMBLE-CMIP6","Model Period Mean (intersection)","MeanState","global","scalar","W m-2","49.631","45.0"
"HydrologyCycle","LatentHeat","WECANN","ENSEMBLE-CMIP6","Model Period Mean (complement)","MeanState","global","scalar","W m-2","77.2342","45.0"
"HydrologyCycle","LatentHeat","WECANN","ENSEMBLE-CMIP6","Spatial Distribution Score","MeanState","global","score","1","0.932202","45.0"
"HydrologyCycle","LatentHeat","WECANN","ENSEMBLE-CMIP6","Phase Shift","MeanState","global","scalar","months","1.1896","45.0"
"HydrologyCycle","LatentHeat","WECANN","ENSEMBLE-CMIP6","Seasonal Cycle Score","MeanState","global","score","1","0.799763","45.0"
"HydrologyCycle","LatentHeat","WECANN","ENSEMBLE-CMIP6","Bias","MeanState","global","scalar","W m-2","10.1288","45.0"
"HydrologyCycle","LatentHeat","WECANN","ENSEMBLE-CMIP6","Bias Score","MeanState","global","score","1","0.565621","45.0"
"HydrologyCycle","LatentHeat","WECANN","ENSEMBLE-CMIP6","RMSE","MeanState","global","scalar","W m-2","14.9711","45.0"
"HydrologyCycle","LatentHeat","WECANN","ENSEMBLE-CMIP6","RMSE Score","MeanState","global","score","1","0.615461","45.0"
"HydrologyCycle","LatentHeat","WECANN","ENSEMBLE-CMIP6","Overall Score","MeanState","global","score","1","0.705702","45.0"
"HydrologyCycle","LatentHeat","DOLCE","ENSEMBLE-CMIP6","Benchmark Period Mean (intersection)","MeanState","global","scalar","W m-2","35.155","75.0"
"HydrologyCycle","LatentHeat","DOLCE","ENSEMBLE-CMIP6","Benchmark Period Mean (complement)","MeanState","global","scalar","W m-2","nan","75.0"
"HydrologyCycle","LatentHeat","DOLCE","ENSEMBLE-CMIP6","Period Mean (original grids)","MeanState","global","scalar","W m-2","53.8669","75.0"
"HydrologyCycle","LatentHeat","DOLCE","ENSEMBLE-CMIP6","Model Period Mean (intersection)","MeanState","global","scalar","W m-2","48.048","75.0"
"HydrologyCycle","LatentHeat","DOLCE","ENSEMBLE-CMIP6","Model Period Mean (complement)","MeanState","global","scalar","W m-2","79.7875","75.0"
"HydrologyCycle","LatentHeat","DOLCE","ENSEMBLE-CMIP6","Spatial Distribution Score","MeanState","global","score","1","0.950834","75.0"
"HydrologyCycle","LatentHeat","DOLCE","ENSEMBLE-CMIP6","Phase Shift","MeanState","global","scalar","months","0.988598","75.0"
"HydrologyCycle","LatentHeat","DOLCE","ENSEMBLE-CMIP6","Seasonal Cycle Score","MeanState","global","score","1","0.83662","75.0"
"HydrologyCycle","LatentHeat","DOLCE","ENSEMBLE-CMIP6","Bias","MeanState","global","scalar","W m-2","12.9526","75.0"
"HydrologyCycle","LatentHeat","DOLCE","ENSEMBLE-CMIP6","Bias Score","MeanState","global","score","1","0.447702","75.0"
"HydrologyCycle","LatentHeat","DOLCE","ENSEMBLE-CMIP6","RMSE","MeanState","global","scalar","W m-2","16.2511","75.0"
"HydrologyCycle","LatentHeat","DOLCE","ENSEMBLE-CMIP6","RMSE Score","MeanState","global","score","1","0.561312","75.0"
"HydrologyCycle","LatentHeat","DOLCE","ENSEMBLE-CMIP6","Overall Score","MeanState","global","score","1","0.671556","75.0"
"HydrologyCycle","LatentHeat","FLUXCOM","ENSEMBLE-CMIP6","Benchmark Period Mean (intersection)","MeanState","global","scalar","watt/m2","48.9706","45.0"
"HydrologyCycle","LatentHeat","FLUXCOM","ENSEMBLE-CMIP6","Benchmark Period Mean (complement)","MeanState","global","scalar","watt/m2","nan","45.0"
"HydrologyCycle","LatentHeat","FLUXCOM","ENSEMBLE-CMIP6","Period Mean (original grids)","MeanState","global","scalar","watt/m2","53.5834","45.0"
"HydrologyCycle","LatentHeat","FLUXCOM","ENSEMBLE-CMIP6","Model Period Mean (intersection)","MeanState","global","scalar","watt/m2","54.034","45.0"
"HydrologyCycle","LatentHeat","FLUXCOM","ENSEMBLE-CMIP6","Model Period Mean (complement)","MeanState","global","scalar","watt/m2","52.6629","45.0"
"HydrologyCycle","LatentHeat","FLUXCOM","ENSEMBLE-CMIP6","Spatial Distribution Score","MeanState","global","score","1","0.969969","45.0"
"HydrologyCycle","LatentHeat","FLUXCOM","ENSEMBLE-CMIP6","Phase Shift","MeanState","global","scalar","months","1.06579","45.0"
"HydrologyCycle","LatentHeat","FLUXCOM","ENSEMBLE-CMIP6","Seasonal Cycle Score","MeanState","global","score","1","0.80752","45.0"
"HydrologyCycle","LatentHeat","FLUXCOM","ENSEMBLE-CMIP6","Bias","MeanState","global","scalar","watt/m2","5.12732","45.0"
"HydrologyCycle","LatentHeat","FLUXCOM","ENSEMBLE-CMIP6","Bias Score","MeanState","global","score","1","0.661281","45.0"
"HydrologyCycle","LatentHeat","FLUXCOM","ENSEMBLE-CMIP6","RMSE","MeanState","global","scalar","watt/m2","14.9758","45.0"
"HydrologyCycle","LatentHeat","FLUXCOM","ENSEMBLE-CMIP6","RMSE Score","MeanState","global","score","1","0.610706","45.0"
"HydrologyCycle","LatentHeat","FLUXCOM","ENSEMBLE-CMIP6","Overall Score","MeanState","global","score","1","0.732036","45.0"
"HydrologyCycle","LatentHeat","ERA5","ENSEMBLE-CMIP6","Benchmark Period Mean (intersection)","MeanState","global","scalar","W m-2","51.5007","125.0"
"HydrologyCycle","LatentHeat","ERA5","ENSEMBLE-CMIP6","Benchmark Period Mean (complement)","MeanState","global","scalar","W m-2","nan","125.0"
"HydrologyCycle","LatentHeat","ERA5","ENSEMBLE-CMIP6","Period Mean (original grids)","MeanState","global","scalar","W m-2","53.5769","125.0"
"HydrologyCycle","LatentHeat","ERA5","ENSEMBLE-CMIP6","Model Period Mean (intersection)","MeanState","global","scalar","W m-2","53.5057","125.0"
"HydrologyCycle","LatentHeat","ERA5","ENSEMBLE-CMIP6","Model Period Mean (complement)","MeanState","global","scalar","W m-2","nan","125.0"
"HydrologyCycle","LatentHeat","ERA5","ENSEMBLE-CMIP6","Spatial Distribution Score","MeanState","global","score","1","0.974924","125.0"
"HydrologyCycle","LatentHeat","ERA5","ENSEMBLE-CMIP6","Phase Shift","MeanState","global","scalar","months","1.1571","125.0"
"HydrologyCycle","LatentHeat","ERA5","ENSEMBLE-CMIP6","Seasonal Cycle Score","MeanState","global","score","1","0.804942","125.0"
"HydrologyCycle","LatentHeat","ERA5","ENSEMBLE-CMIP6","Bias","MeanState","global","scalar","W m-2","2.06696","125.0"
"HydrologyCycle","LatentHeat","ERA5","ENSEMBLE-CMIP6","Bias Score","MeanState","global","score","1","0.637572","125.0"
"HydrologyCycle","LatentHeat","ERA5","ENSEMBLE-CMIP6","RMSE","MeanState","global","scalar","W m-2","14.8597","125.0"
"HydrologyCycle","LatentHeat","ERA5","ENSEMBLE-CMIP6","RMSE Score","MeanState","global","score","1","0.630625","125.0"
"HydrologyCycle","LatentHeat","ERA5","ENSEMBLE-CMIP6","Overall Score","MeanState","global","score","1","0.735738","125.0"
"HydrologyCycle","LatentHeat","CLASS","ENSEMBLE-CMIP6","Benchmark Period Mean (intersection)","MeanState","global","scalar","W m-2","36.368","125.0"
"HydrologyCycle","LatentHeat","CLASS","ENSEMBLE-CMIP6","Benchmark Period Mean (complement)","MeanState","global","scalar","W m-2","nan","125.0"
"HydrologyCycle","LatentHeat","CLASS","ENSEMBLE-CMIP6","Period Mean (original grids)","MeanState","global","scalar","W m-2","53.8774","125.0"
"HydrologyCycle","LatentHeat","CLASS","ENSEMBLE-CMIP6","Model Period Mean (intersection)","MeanState","global","scalar","W m-2","48.2608","125.0"
"HydrologyCycle","LatentHeat","CLASS","ENSEMBLE-CMIP6","Model Period Mean (complement)","MeanState","global","scalar","W m-2","73.1891","125.0"
"HydrologyCycle","LatentHeat","CLASS","ENSEMBLE-CMIP6","Spatial Distribution Score","MeanState","global","score","1","0.972322","125.0"
"HydrologyCycle","LatentHeat","CLASS","ENSEMBLE-CMIP6","Phase Shift","MeanState","global","scalar","months","1.16928","125.0"
"HydrologyCycle","LatentHeat","CLASS","ENSEMBLE-CMIP6","Seasonal Cycle Score","MeanState","global","score","1","0.808783","125.0"
"HydrologyCycle","LatentHeat","CLASS","ENSEMBLE-CMIP6","Bias","MeanState","global","scalar","W m-2","11.9585","125.0"
"HydrologyCycle","LatentHeat","CLASS","ENSEMBLE-CMIP6","Bias Score","MeanState","global","score","1","0.590006","125.0"
"HydrologyCycle","LatentHeat","CLASS","ENSEMBLE-CMIP6","RMSE","MeanState","global","scalar","W m-2","17.1294","125.0"
"HydrologyCycle","LatentHeat","CLASS","ENSEMBLE-CMIP6","RMSE Score","MeanState","global","score","1","0.602345","125.0"
"HydrologyCycle","LatentHeat","CLASS","ENSEMBLE-CMIP6","Overall Score","MeanState","global","score","1","0.71516","125.0"
"HydrologyCycle","SensibleHeat","WECANN","ENSEMBLE-CMIP6","Benchmark Period Mean (intersection)","MeanState","global","scalar","W m-2","38.9971","30.0"
"HydrologyCycle","SensibleHeat","WECANN","ENSEMBLE-CMIP6","Benchmark Period Mean (complement)","MeanState","global","scalar","W m-2","nan","30.0"
"HydrologyCycle","SensibleHeat","WECANN","ENSEMBLE-CMIP6","Period Mean (original grids)","MeanState","global","scalar","W m-2","34.0682","30.0"
"HydrologyCycle","SensibleHeat","WECANN","ENSEMBLE-CMIP6","Model Period Mean (intersection)","MeanState","global","scalar","W m-2","36.7778","30.0"
"HydrologyCycle","SensibleHeat","WECANN","ENSEMBLE-CMIP6","Model Period Mean (complement)","MeanState","global","scalar","W m-2","19.1193","30.0"
"HydrologyCycle","SensibleHeat","WECANN","ENSEMBLE-CMIP6","Spatial Distribution Score","MeanState","global","score","1","0.921922","30.0"
"HydrologyCycle","SensibleHeat","WECANN","ENSEMBLE-CMIP6","Phase Shift","MeanState","global","scalar","months","0.943249","30.0"
"HydrologyCycle","SensibleHeat","WECANN","ENSEMBLE-CMIP6","Seasonal Cycle Score","MeanState","global","score","1","0.895884","30.0"
"HydrologyCycle","SensibleHeat","WECANN","ENSEMBLE-CMIP6","Bias","MeanState","global","scalar","W m-2","-2.37814","30.0"
"HydrologyCycle","SensibleHeat","WECANN","ENSEMBLE-CMIP6","Bias Score","MeanState","global","score","1","0.660462","30.0"
"HydrologyCycle","SensibleHeat","WECANN","ENSEMBLE-CMIP6","RMSE","MeanState","global","scalar","W m-2","12.5607","30.0"
"HydrologyCycle","SensibleHeat","WECANN","ENSEMBLE-CMIP6","RMSE Score","MeanState","global","score","1","0.632966","30.0"
"HydrologyCycle","SensibleHeat","WECANN","ENSEMBLE-CMIP6","Overall Score","MeanState","global","score","1","0.74884","30.0"
"HydrologyCycle","SensibleHeat","FLUXCOM","ENSEMBLE-CMIP6","Benchmark Period Mean (intersection)","MeanState","global","scalar","watt/m2","40.6607","30.0"
"HydrologyCycle","SensibleHeat","FLUXCOM","ENSEMBLE-CMIP6","Benchmark Period Mean (complement)","MeanState","global","scalar","watt/m2","nan","30.0"
"HydrologyCycle","SensibleHeat","FLUXCOM","ENSEMBLE-CMIP6","Period Mean (original grids)","MeanState","global","scalar","watt/m2","34.0339","30.0"
"HydrologyCycle","SensibleHeat","FLUXCOM","ENSEMBLE-CMIP6","Model Period Mean (intersection)","MeanState","global","scalar","watt/m2","35.0792","30.0"
"HydrologyCycle","SensibleHeat","FLUXCOM","ENSEMBLE-CMIP6","Model Period Mean (complement)","MeanState","global","scalar","watt/m2","29.9288","30.0"
"HydrologyCycle","SensibleHeat","FLUXCOM","ENSEMBLE-CMIP6","Spatial Distribution Score","MeanState","global","score","1","0.914151","30.0"
"HydrologyCycle","SensibleHeat","FLUXCOM","ENSEMBLE-CMIP6","Phase Shift","MeanState","global","scalar","months","1.00675","30.0"
"HydrologyCycle","SensibleHeat","FLUXCOM","ENSEMBLE-CMIP6","Seasonal Cycle Score","MeanState","global","score","1","0.894045","30.0"
"HydrologyCycle","SensibleHeat","FLUXCOM","ENSEMBLE-CMIP6","Bias","MeanState","global","scalar","watt/m2","-5.61555","30.0"
"HydrologyCycle","SensibleHeat","FLUXCOM","ENSEMBLE-CMIP6","Bias Score","MeanState","global","score","1","0.630651","30.0"
"HydrologyCycle","SensibleHeat","FLUXCOM","ENSEMBLE-CMIP6","RMSE","MeanState","global","scalar","watt/m2","15.8717","30.0"
"HydrologyCycle","SensibleHeat","FLUXCOM","ENSEMBLE-CMIP6","RMSE Score","MeanState","global","score","1","0.583659","30.0"
"HydrologyCycle","SensibleHeat","FLUXCOM","ENSEMBLE-CMIP6","Overall Score","MeanState","global","score","1","0.721233","30.0"
"HydrologyCycle","SensibleHeat","ERA5","ENSEMBLE-CMIP6","Benchmark Period Mean (intersection)","MeanState","global","scalar","W m-2","30.5098","50.0"
"HydrologyCycle","SensibleHeat","ERA5","ENSEMBLE-CMIP6","Benchmark Period Mean (complement)","MeanState","global","scalar","W m-2","nan","50.0"
"HydrologyCycle","SensibleHeat","ERA5","ENSEMBLE-CMIP6","Period Mean (original grids)","MeanState","global","scalar","W m-2","34.036","50.0"
"HydrologyCycle","SensibleHeat","ERA5","ENSEMBLE-CMIP6","Model Period Mean (intersection)","MeanState","global","scalar","W m-2","33.8944","50.0"
"HydrologyCycle","SensibleHeat","ERA5","ENSEMBLE-CMIP6","Model Period Mean (complement)","MeanState","global","scalar","W m-2","nan","50.0"
"HydrologyCycle","SensibleHeat","ERA5","ENSEMBLE-CMIP6","Spatial Distribution Score","MeanState","global","score","1","0.961473","50.0"
"HydrologyCycle","SensibleHeat","ERA5","ENSEMBLE-CMIP6","Phase Shift","MeanState","global","scalar","months","1.10334","50.0"
"HydrologyCycle","SensibleHeat","ERA5","ENSEMBLE-CMIP6","Seasonal Cycle Score","MeanState","global","score","1","0.89281","50.0"
"HydrologyCycle","SensibleHeat","ERA5","ENSEMBLE-CMIP6","Bias","MeanState","global","scalar","W m-2","3.37294","50.0"
"HydrologyCycle","SensibleHeat","ERA5","ENSEMBLE-CMIP6","Bias Score","MeanState","global","score","1","0.642227","50.0"
"HydrologyCycle","SensibleHeat","ERA5","ENSEMBLE-CMIP6","RMSE","MeanState","global","scalar","W m-2","13.0784","50.0"
"HydrologyCycle","SensibleHeat","ERA5","ENSEMBLE-CMIP6","RMSE Score","MeanState","global","score","1","0.671344","50.0"
"HydrologyCycle","SensibleHeat","ERA5","ENSEMBLE-CMIP6","Overall Score","MeanState","global","score","1","0.767839","50.0"
"HydrologyCycle","SensibleHeat","CLASS","ENSEMBLE-CMIP6","Benchmark Period Mean (intersection)","MeanState","global","scalar","W m-2","34.8668","50.0"
"HydrologyCycle","SensibleHeat","CLASS","ENSEMBLE-CMIP6","Benchmark Period Mean (complement)","MeanState","global","scalar","W m-2","nan","50.0"
"HydrologyCycle","SensibleHeat","CLASS","ENSEMBLE-CMIP6","Period Mean (original grids)","MeanState","global","scalar","W m-2","34.0795","50.0"
"HydrologyCycle","SensibleHeat","CLASS","ENSEMBLE-CMIP6","Model Period Mean (intersection)","MeanState","global","scalar","W m-2","37.883","50.0"
"HydrologyCycle","SensibleHeat","CLASS","ENSEMBLE-CMIP6","Model Period Mean (complement)","MeanState","global","scalar","W m-2","20.6645","50.0"
"HydrologyCycle","SensibleHeat","CLASS","ENSEMBLE-CMIP6","Spatial Distribution Score","MeanState","global","score","1","0.97571","50.0"
"HydrologyCycle","SensibleHeat","CLASS","ENSEMBLE-CMIP6","Phase Shift","MeanState","global","scalar","months","1.06309","50.0"
"HydrologyCycle","SensibleHeat","CLASS","ENSEMBLE-CMIP6","Seasonal Cycle Score","MeanState","global","score","1","0.88173","50.0"
"HydrologyCycle","SensibleHeat","CLASS","ENSEMBLE-CMIP6","Bias","MeanState","global","scalar","W m-2","2.97351","50.0"
"HydrologyCycle","SensibleHeat","CLASS","ENSEMBLE-CMIP6","Bias Score","MeanState","global","score","1","0.710972","50.0"
"HydrologyCycle","SensibleHeat","CLASS","ENSEMBLE-CMIP6","RMSE","MeanState","global","scalar","W m-2","12.8292","50.0"
"HydrologyCycle","SensibleHeat","CLASS","ENSEMBLE-CMIP6","RMSE Score","MeanState","global","score","1","0.62904","50.0"
"HydrologyCycle","SensibleHeat","CLASS","ENSEMBLE-CMIP6","Overall Score","MeanState","global","score","1","0.765298","50.0"
"HydrologyCycle","Evapotranspiration","GLEAMv3.3a","ENSEMBLE-CMIP6","Benchmark Period Mean (intersection)","MeanState","global","scalar","mm d-1","1.48888","75.0"
"HydrologyCycle","Evapotranspiration","GLEAMv3.3a","ENSEMBLE-CMIP6","Benchmark Period Mean (complement)","MeanState","global","scalar","mm d-1","nan","75.0"
"HydrologyCycle","Evapotranspiration","GLEAMv3.3a","ENSEMBLE-CMIP6","Period Mean (original grids)","MeanState","global","scalar","mm d-1","1.8524","75.0"
"HydrologyCycle","Evapotranspiration","GLEAMv3.3a","ENSEMBLE-CMIP6","Model Period Mean (intersection)","MeanState","global","scalar","mm d-1","1.71704","75.0"
"HydrologyCycle","Evapotranspiration","GLEAMv3.3a","ENSEMBLE-CMIP6","Model Period Mean (complement)","MeanState","global","scalar","mm d-1","2.89278","75.0"
"HydrologyCycle","Evapotranspiration","GLEAMv3.3a","ENSEMBLE-CMIP6","Spatial Distribution Score","MeanState","global","score","1","0.973387","75.0"
"HydrologyCycle","Evapotranspiration","GLEAMv3.3a","ENSEMBLE-CMIP6","Phase Shift","MeanState","global","scalar","months","1.13785","75.0"
"HydrologyCycle","Evapotranspiration","GLEAMv3.3a","ENSEMBLE-CMIP6","Seasonal Cycle Score","MeanState","global","score","1","0.794217","75.0"
"HydrologyCycle","Evapotranspiration","GLEAMv3.3a","ENSEMBLE-CMIP6","Bias","MeanState","global","scalar","mm d-1","0.22975","75.0"
"HydrologyCycle","Evapotranspiration","GLEAMv3.3a","ENSEMBLE-CMIP6","Bias Score","MeanState","global","score","1","0.640908","75.0"
"HydrologyCycle","Evapotranspiration","GLEAMv3.3a","ENSEMBLE-CMIP6","RMSE","MeanState","global","scalar","mm d-1","0.58538","75.0"
"HydrologyCycle","Evapotranspiration","GLEAMv3.3a","ENSEMBLE-CMIP6","RMSE Score","MeanState","global","score","1","0.608958","75.0"
"HydrologyCycle","Evapotranspiration","GLEAMv3.3a","ENSEMBLE-CMIP6","Overall Score","MeanState","global","score","1","0.725286","75.0"
"HydrologyCycle","Evapotranspiration","GLEAMv3.3a","ENSEMBLE-CMIP6","Precipitation|GPCPv2.3 Hellinger Distance","Relationships","global","scalar","1","0.742054","75.0"
"HydrologyCycle","Evapotranspiration","GLEAMv3.3a","ENSEMBLE-CMIP6","Precipitation|GPCPv2.3 Score","Relationships","global","score","1","0.908867","75.0"
"HydrologyCycle","Evapotranspiration","GLEAMv3.3a","ENSEMBLE-CMIP6","SurfaceAirTemperature|CRU4.02 Hellinger Distance","Relationships","global","scalar","1","0.754691","75.0"
"HydrologyCycle","Evapotranspiration","GLEAMv3.3a","ENSEMBLE-CMIP6","SurfaceAirTemperature|CRU4.02 Score","Relationships","global","score","1","0.750216","75.0"
"HydrologyCycle","Evapotranspiration","GLEAMv3.3a","ENSEMBLE-CMIP6","Overall Score","Relationships","global","score","1","0.829542","75.0"
"HydrologyCycle","Evapotranspiration","GLEAMv3.3a","CARDAMOM","Benchmark Period Mean (intersection)","MeanState","global","scalar","mm d-1","1.50874","75.0"
"HydrologyCycle","Evapotranspiration","GLEAMv3.3a","CARDAMOM","Benchmark Period Mean (complement)","MeanState","global","scalar","mm d-1","1.61068","75.0"
"HydrologyCycle","Evapotranspiration","GLEAMv3.3a","CARDAMOM","Period Mean (original grids)","MeanState","global","scalar","mm d-1","1.51691","75.0"
"HydrologyCycle","Evapotranspiration","GLEAMv3.3a","CARDAMOM","Model Period Mean (intersection)","MeanState","global","scalar","mm d-1","1.4957","75.0"
"HydrologyCycle","Evapotranspiration","GLEAMv3.3a","CARDAMOM","Model Period Mean (complement)","MeanState","global","scalar","mm d-1","1.61145","75.0"
"HydrologyCycle","Evapotranspiration","GLEAMv3.3a","CARDAMOM","Spatial Distribution Score","MeanState","global","score","1","0.960607","75.0"
"HydrologyCycle","Evapotranspiration","GLEAMv3.3a","CARDAMOM","Phase Shift","MeanState","global","scalar","months","1.22157","75.0"
"HydrologyCycle","Evapotranspiration","GLEAMv3.3a","CARDAMOM","Seasonal Cycle Score","MeanState","global","score","1","0.75498","75.0"
"HydrologyCycle","Evapotranspiration","GLEAMv3.3a","CARDAMOM","Bias","MeanState","global","scalar","mm d-1","-0.0130091","75.0"
"HydrologyCycle","Evapotranspiration","GLEAMv3.3a","CARDAMOM","Bias Score","MeanState","global","score","1","0.576517","75.0"
"HydrologyCycle","Evapotranspiration","GLEAMv3.3a","CARDAMOM","RMSE","MeanState","global","scalar","mm d-1","0.637909","75.0"
"HydrologyCycle","Evapotranspiration","GLEAMv3.3a","CARDAMOM","RMSE Score","MeanState","global","score","1","0.57658","75.0"
"HydrologyCycle","Evapotranspiration","GLEAMv3.3a","CARDAMOM","Overall Score","MeanState","global","score","1","0.689053","75.0"
"HydrologyCycle","Evapotranspiration","GLEAMv3.3a","CARDAMOM","Precipitation|GPCPv2.3 Hellinger Distance","Relationships","global","scalar","1","0.775231","75.0"
"HydrologyCycle","Evapotranspiration","GLEAMv3.3a","CARDAMOM","Precipitation|GPCPv2.3 Score","Relationships","global","score","1","0.895918","75.0"
"HydrologyCycle","Evapotranspiration","GLEAMv3.3a","CARDAMOM","SurfaceAirTemperature|CRU4.02 Hellinger Distance","Relationships","global","scalar","1","0.776706","75.0"
"HydrologyCycle","Evapotranspiration","GLEAMv3.3a","CARDAMOM","SurfaceAirTemperature|CRU4.02 Score","Relationships","global","score","1","0.869697","75.0"
"HydrologyCycle","Evapotranspiration","GLEAMv3.3a","CARDAMOM","Overall Score","Relationships","global","score","1","0.882807","75.0"
"HydrologyCycle","Evapotranspiration","MOD16A2","CARDAMOM","Benchmark Period Mean (intersection)","MeanState","global","scalar","mm d-1","1.53342","75.0"
"HydrologyCycle","Evapotranspiration","MOD16A2","CARDAMOM","Benchmark Period Mean (complement)","MeanState","global","scalar","mm d-1","2.2464","75.0"
"HydrologyCycle","Evapotranspiration","MOD16A2","CARDAMOM","Period Mean (original grids)","MeanState","global","scalar","mm d-1","1.51621","75.0"
"HydrologyCycle","Evapotranspiration","MOD16A2","CARDAMOM","Model Period Mean (intersection)","MeanState","global","scalar","mm d-1","1.68854","75.0"
"HydrologyCycle","Evapotranspiration","MOD16A2","CARDAMOM","Model Period Mean (complement)","MeanState","global","scalar","mm d-1","0.84766","75.0"
"HydrologyCycle","Evapotranspiration","MOD16A2","CARDAMOM","Spatial Distribution Score","MeanState","global","score","1","0.967515","75.0"
"HydrologyCycle","Evapotranspiration","MOD16A2","CARDAMOM","Phase Shift","MeanState","global","scalar","months","1.48026","75.0"
"HydrologyCycle","Evapotranspiration","MOD16A2","CARDAMOM","Seasonal Cycle Score","MeanState","global","score","1","0.76612","75.0"
"HydrologyCycle","Evapotranspiration","MOD16A2","CARDAMOM","Bias","MeanState","global","scalar","mm d-1","0.155297","75.0"
"HydrologyCycle","Evapotranspiration","MOD16A2","CARDAMOM","Bias Score","MeanState","global","score","1","0.525346","75.0"
"HydrologyCycle","Evapotranspiration","MOD16A2","CARDAMOM","RMSE","MeanState","global","scalar","mm d-1","0.757637","75.0"
"HydrologyCycle","Evapotranspiration","MOD16A2","CARDAMOM","RMSE Score","MeanState","global","score","1","0.500537","75.0"
"HydrologyCycle","Evapotranspiration","MOD16A2","CARDAMOM","Overall Score","MeanState","global","score","1","0.652011","75.0"
"HydrologyCycle","Evapotranspiration","MOD16A2","CARDAMOM","Precipitation|GPCPv2.3 Hellinger Distance","Relationships","global","scalar","1","0.728818","75.0"
"HydrologyCycle","Evapotranspiration","MOD16A2","CARDAMOM","Precipitation|GPCPv2.3 Score","Relationships","global","score","1","0.883545","75.0"
"HydrologyCycle","Evapotranspiration","MOD16A2","CARDAMOM","SurfaceAirTemperature|CRU4.02 Hellinger Distance","Relationships","global","scalar","1","0.727982","75.0"
"HydrologyCycle","Evapotranspiration","MOD16A2","CARDAMOM","SurfaceAirTemperature|CRU4.02 Score","Relationships","global","score","1","0.815894","75.0"
"HydrologyCycle","Evapotranspiration","MOD16A2","CARDAMOM","Overall Score","Relationships","global","score","1","0.84972","75.0"
"HydrologyCycle","Evapotranspiration","MOD16A2","ENSEMBLE-CMIP6","Benchmark Period Mean (intersection)","MeanState","global","scalar","mm d-1","1.55972","75.0"
"HydrologyCycle","Evapotranspiration","MOD16A2","ENSEMBLE-CMIP6","Benchmark Period Mean (complement)","MeanState","global","scalar","mm d-1","nan","75.0"
"HydrologyCycle","Evapotranspiration","MOD16A2","ENSEMBLE-CMIP6","Period Mean (original grids)","MeanState","global","scalar","mm d-1","1.86122","75.0"
"HydrologyCycle","Evapotranspiration","MOD16A2","ENSEMBLE-CMIP6","Model Period Mean (intersection)","MeanState","global","scalar","mm d-1","1.92998","75.0"
"HydrologyCycle","Evapotranspiration","MOD16A2","ENSEMBLE-CMIP6","Model Period Mean (complement)","MeanState","global","scalar","mm d-1","1.68816","75.0"
"HydrologyCycle","Evapotranspiration","MOD16A2","ENSEMBLE-CMIP6","Spatial Distribution Score","MeanState","global","score","1","0.96776","75.0"
"HydrologyCycle","Evapotranspiration","MOD16A2","ENSEMBLE-CMIP6","Phase Shift","MeanState","global","scalar","months","1.3457","75.0"
"HydrologyCycle","Evapotranspiration","MOD16A2","ENSEMBLE-CMIP6","Seasonal Cycle Score","MeanState","global","score","1","0.769109","75.0"
"HydrologyCycle","Evapotranspiration","MOD16A2","ENSEMBLE-CMIP6","Bias","MeanState","global","scalar","mm d-1","0.372254","75.0"
"HydrologyCycle","Evapotranspiration","MOD16A2","ENSEMBLE-CMIP6","Bias Score","MeanState","global","score","1","0.56581","75.0"
"HydrologyCycle","Evapotranspiration","MOD16A2","ENSEMBLE-CMIP6","RMSE","MeanState","global","scalar","mm d-1","0.718793","75.0"
"HydrologyCycle","Evapotranspiration","MOD16A2","ENSEMBLE-CMIP6","RMSE Score","MeanState","global","score","1","0.531474","75.0"
"HydrologyCycle","Evapotranspiration","MOD16A2","ENSEMBLE-CMIP6","Overall Score","MeanState","global","score","1","0.673126","75.0"
"HydrologyCycle","Evapotranspiration","MOD16A2","ENSEMBLE-CMIP6","Precipitation|GPCPv2.3 Hellinger Distance","Relationships","global","scalar","1","0.710719","75.0"
"HydrologyCycle","Evapotranspiration","MOD16A2","ENSEMBLE-CMIP6","Precipitation|GPCPv2.3 Score","Relationships","global","score","1","0.87125","75.0"
"HydrologyCycle","Evapotranspiration","MOD16A2","ENSEMBLE-CMIP6","SurfaceAirTemperature|CRU4.02 Hellinger Distance","Relationships","global","scalar","1","0.712877","75.0"
"HydrologyCycle","Evapotranspiration","MOD16A2","ENSEMBLE-CMIP6","SurfaceAirTemperature|CRU4.02 Score","Relationships","global","score","1","0.744235","75.0"
"HydrologyCycle","Evapotranspiration","MOD16A2","ENSEMBLE-CMIP6","Overall Score","Relationships","global","score","1","0.807742","75.0"
"HydrologyCycle","Evapotranspiration","ERA5","CARDAMOM","Benchmark Period Mean (intersection)","MeanState","global","scalar","mm d-1","1.7246","75.0"
"HydrologyCycle","Evapotranspiration","ERA5","CARDAMOM","Benchmark Period Mean (complement)","MeanState","global","scalar","mm d-1","2.29128","75.0"
"HydrologyCycle","Evapotranspiration","ERA5","CARDAMOM","Period Mean (original grids)","MeanState","global","scalar","mm d-1","1.51647","75.0"
"HydrologyCycle","Evapotranspiration","ERA5","CARDAMOM","Model Period Mean (intersection)","MeanState","global","scalar","mm d-1","1.50175","75.0"
"HydrologyCycle","Evapotranspiration","ERA5","CARDAMOM","Model Period Mean (complement)","MeanState","global","scalar","mm d-1","nan","75.0"
"HydrologyCycle","Evapotranspiration","ERA5","CARDAMOM","Spatial Distribution Score","MeanState","global","score","1","0.925374","75.0"
"HydrologyCycle","Evapotranspiration","ERA5","CARDAMOM","Phase Shift","MeanState","global","scalar","months","1.36073","75.0"
"HydrologyCycle","Evapotranspiration","ERA5","CARDAMOM","Seasonal Cycle Score","MeanState","global","score","1","0.755583","75.0"
"HydrologyCycle","Evapotranspiration","ERA5","CARDAMOM","Bias","MeanState","global","scalar","mm d-1","-0.225275","75.0"
"HydrologyCycle","Evapotranspiration","ERA5","CARDAMOM","Bias Score","MeanState","global","score","1","0.517693","75.0"
"HydrologyCycle","Evapotranspiration","ERA5","CARDAMOM","RMSE","MeanState","global","scalar","mm d-1","0.763182","75.0"
"HydrologyCycle","Evapotranspiration","ERA5","CARDAMOM","RMSE Score","MeanState","global","score","1","0.558362","75.0"
"HydrologyCycle","Evapotranspiration","ERA5","CARDAMOM","Overall Score","MeanState","global","score","1","0.663075","75.0"
"HydrologyCycle","Evapotranspiration","ERA5","CARDAMOM","Precipitation|GPCPv2.3 Hellinger Distance","Relationships","global","scalar","1","0.786309","75.0"
"HydrologyCycle","Evapotranspiration","ERA5","CARDAMOM","Precipitation|GPCPv2.3 Score","Relationships","global","score","1","0.869287","75.0"
"HydrologyCycle","Evapotranspiration","ERA5","CARDAMOM","SurfaceAirTemperature|CRU4.02 Hellinger Distance","Relationships","global","scalar","1","0.751561","75.0"
"HydrologyCycle","Evapotranspiration","ERA5","CARDAMOM","SurfaceAirTemperature|CRU4.02 Score","Relationships","global","score","1","0.858212","75.0"
"HydrologyCycle","Evapotranspiration","ERA5","CARDAMOM","Precipitation|ERA5 Hellinger Distance","Relationships","global","scalar","1","0.785049","75.0"
"HydrologyCycle","Evapotranspiration","ERA5","CARDAMOM","Precipitation|ERA5 Score","Relationships","global","score","1","0.838323","75.0"
"HydrologyCycle","Evapotranspiration","ERA5","CARDAMOM","Overall Score","Relationships","global","score","1","0.855274","75.0"
"HydrologyCycle","Evapotranspiration","ERA5","ENSEMBLE-CMIP6","Benchmark Period Mean (intersection)","MeanState","global","scalar","mm d-1","1.7791","75.0"
"HydrologyCycle","Evapotranspiration","ERA5","ENSEMBLE-CMIP6","Benchmark Period Mean (complement)","MeanState","global","scalar","mm d-1","nan","75.0"
"HydrologyCycle","Evapotranspiration","ERA5","ENSEMBLE-CMIP6","Period Mean (original grids)","MeanState","global","scalar","mm d-1","1.8522","75.0"
"HydrologyCycle","Evapotranspiration","ERA5","ENSEMBLE-CMIP6","Model Period Mean (intersection)","MeanState","global","scalar","mm d-1","1.84862","75.0"
"HydrologyCycle","Evapotranspiration","ERA5","ENSEMBLE-CMIP6","Model Period Mean (complement)","MeanState","global","scalar","mm d-1","nan","75.0"
"HydrologyCycle","Evapotranspiration","ERA5","ENSEMBLE-CMIP6","Spatial Distribution Score","MeanState","global","score","1","0.974772","75.0"
"HydrologyCycle","Evapotranspiration","ERA5","ENSEMBLE-CMIP6","Phase Shift","MeanState","global","scalar","months","1.18231","75.0"
"HydrologyCycle","Evapotranspiration","ERA5","ENSEMBLE-CMIP6","Seasonal Cycle Score","MeanState","global","score","1","0.79769","75.0"
"HydrologyCycle","Evapotranspiration","ERA5","ENSEMBLE-CMIP6","Bias","MeanState","global","scalar","mm d-1","0.0712111","75.0"
"HydrologyCycle","Evapotranspiration","ERA5","ENSEMBLE-CMIP6","Bias Score","MeanState","global","score","1","0.634194","75.0"
"HydrologyCycle","Evapotranspiration","ERA5","ENSEMBLE-CMIP6","RMSE","MeanState","global","scalar","mm d-1","0.529422","75.0"
"HydrologyCycle","Evapotranspiration","ERA5","ENSEMBLE-CMIP6","RMSE Score","MeanState","global","score","1","0.620141","75.0"
"HydrologyCycle","Evapotranspiration","ERA5","ENSEMBLE-CMIP6","Overall Score","MeanState","global","score","1","0.729387","75.0"
"HydrologyCycle","Evapotranspiration","ERA5","ENSEMBLE-CMIP6","Precipitation|GPCPv2.3 Hellinger Distance","Relationships","global","scalar","1","0.775153","75.0"
"HydrologyCycle","Evapotranspiration","ERA5","ENSEMBLE-CMIP6","Precipitation|GPCPv2.3 Score","Relationships","global","score","1","0.924827","75.0"
"HydrologyCycle","Evapotranspiration","ERA5","ENSEMBLE-CMIP6","SurfaceAirTemperature|CRU4.02 Hellinger Distance","Relationships","global","scalar","1","0.816537","75.0"
"HydrologyCycle","Evapotranspiration","ERA5","ENSEMBLE-CMIP6","SurfaceAirTemperature|CRU4.02 Score","Relationships","global","score","1","0.887935","75.0"
"HydrologyCycle","Evapotranspiration","ERA5","ENSEMBLE-CMIP6","Precipitation|ERA5 Hellinger Distance","Relationships","global","scalar","1","0.812725","75.0"
"HydrologyCycle","Evapotranspiration","ERA5","ENSEMBLE-CMIP6","Precipitation|ERA5 Score","Relationships","global","score","1","0.898769","75.0"
"HydrologyCycle","Evapotranspiration","ERA5","ENSEMBLE-CMIP6","Overall Score","Relationships","global","score","1","0.903844","75.0"
"HydrologyCycle","Evapotranspiration","MODIS","CARDAMOM","Benchmark Period Mean (intersection)","MeanState","global","scalar","mm d-1","1.53352","75.0"
"HydrologyCycle","Evapotranspiration","MODIS","CARDAMOM","Benchmark Period Mean (complement)","MeanState","global","scalar","mm d-1","2.24426","75.0"
"HydrologyCycle","Evapotranspiration","MODIS","CARDAMOM","Period Mean (original grids)","MeanState","global","scalar","mm d-1","1.51688","75.0"
"HydrologyCycle","Evapotranspiration","MODIS","CARDAMOM","Model Period Mean (intersection)","MeanState","global","scalar","mm d-1","1.68936","75.0"
"HydrologyCycle","Evapotranspiration","MODIS","CARDAMOM","Model Period Mean (complement)","MeanState","global","scalar","mm d-1","0.848264","75.0"
"HydrologyCycle","Evapotranspiration","MODIS","CARDAMOM","Spatial Distribution Score","MeanState","global","score","1","0.967512","75.0"
"HydrologyCycle","Evapotranspiration","MODIS","CARDAMOM","Phase Shift","MeanState","global","scalar","months","1.48032","75.0"
"HydrologyCycle","Evapotranspiration","MODIS","CARDAMOM","Seasonal Cycle Score","MeanState","global","score","1","0.766935","75.0"
"HydrologyCycle","Evapotranspiration","MODIS","CARDAMOM","Bias","MeanState","global","scalar","mm d-1","0.156011","75.0"
"HydrologyCycle","Evapotranspiration","MODIS","CARDAMOM","Bias Score","MeanState","global","score","1","0.525445","75.0"
"HydrologyCycle","Evapotranspiration","MODIS","CARDAMOM","RMSE","MeanState","global","scalar","mm d-1","0.757533","75.0"
"HydrologyCycle","Evapotranspiration","MODIS","CARDAMOM","RMSE Score","MeanState","global","score","1","0.500961","75.0"
"HydrologyCycle","Evapotranspiration","MODIS","CARDAMOM","Overall Score","MeanState","global","score","1","0.652363","75.0"
"HydrologyCycle","Evapotranspiration","MODIS","CARDAMOM","Precipitation|GPCPv2.3 Hellinger Distance","Relationships","global","scalar","1","0.732841","75.0"
"HydrologyCycle","Evapotranspiration","MODIS","CARDAMOM","Precipitation|GPCPv2.3 Score","Relationships","global","score","1","0.883448","75.0"
"HydrologyCycle","Evapotranspiration","MODIS","CARDAMOM","SurfaceAirTemperature|CRU4.02 Hellinger Distance","Relationships","global","scalar","1","0.726528","75.0"
"HydrologyCycle","Evapotranspiration","MODIS","CARDAMOM","SurfaceAirTemperature|CRU4.02 Score","Relationships","global","score","1","0.81584","75.0"
"HydrologyCycle","Evapotranspiration","MODIS","CARDAMOM","Overall Score","Relationships","global","score","1","0.849644","75.0"
"HydrologyCycle","Evapotranspiration","MODIS","ENSEMBLE-CMIP6","Benchmark Period Mean (intersection)","MeanState","global","scalar","mm d-1","1.55939","75.0"
"HydrologyCycle","Evapotranspiration","MODIS","ENSEMBLE-CMIP6","Benchmark Period Mean (complement)","MeanState","global","scalar","mm d-1","nan","75.0"
"HydrologyCycle","Evapotranspiration","MODIS","ENSEMBLE-CMIP6","Period Mean (original grids)","MeanState","global","scalar","mm d-1","1.86051","75.0"
"HydrologyCycle","Evapotranspiration","MODIS","ENSEMBLE-CMIP6","Model Period Mean (intersection)","MeanState","global","scalar","mm d-1","1.92918","75.0"
"HydrologyCycle","Evapotranspiration","MODIS","ENSEMBLE-CMIP6","Model Period Mean (complement)","MeanState","global","scalar","mm d-1","1.68767","75.0"
"HydrologyCycle","Evapotranspiration","MODIS","ENSEMBLE-CMIP6","Spatial Distribution Score","MeanState","global","score","1","0.967532","75.0"
"HydrologyCycle","Evapotranspiration","MODIS","ENSEMBLE-CMIP6","Phase Shift","MeanState","global","scalar","months","1.34705","75.0"
"HydrologyCycle","Evapotranspiration","MODIS","ENSEMBLE-CMIP6","Seasonal Cycle Score","MeanState","global","score","1","0.769951","75.0"
"HydrologyCycle","Evapotranspiration","MODIS","ENSEMBLE-CMIP6","Bias","MeanState","global","scalar","mm d-1","0.371778","75.0"
"HydrologyCycle","Evapotranspiration","MODIS","ENSEMBLE-CMIP6","Bias Score","MeanState","global","score","1","0.56591","75.0"
"HydrologyCycle","Evapotranspiration","MODIS","ENSEMBLE-CMIP6","RMSE","MeanState","global","scalar","mm d-1","0.717997","75.0"
"HydrologyCycle","Evapotranspiration","MODIS","ENSEMBLE-CMIP6","RMSE Score","MeanState","global","score","1","0.532034","75.0"
"HydrologyCycle","Evapotranspiration","MODIS","ENSEMBLE-CMIP6","Overall Score","MeanState","global","score","1","0.673492","75.0"
"HydrologyCycle","Evapotranspiration","MODIS","ENSEMBLE-CMIP6","Precipitation|GPCPv2.3 Hellinger Distance","Relationships","global","scalar","1","0.710606","75.0"
"HydrologyCycle","Evapotranspiration","MODIS","ENSEMBLE-CMIP6","Precipitation|GPCPv2.3 Score","Relationships","global","score","1","0.870535","75.0"
"HydrologyCycle","Evapotranspiration","MODIS","ENSEMBLE-CMIP6","SurfaceAirTemperature|CRU4.02 Hellinger Distance","Relationships","global","scalar","1","0.715151","75.0"
"HydrologyCycle","Evapotranspiration","MODIS","ENSEMBLE-CMIP6","SurfaceAirTemperature|CRU4.02 Score","Relationships","global","score","1","0.744351","75.0"
"HydrologyCycle","Evapotranspiration","MODIS","ENSEMBLE-CMIP6","Overall Score","Relationships","global","score","1","0.807443","75.0"