"Section","Variable","Source","Model","ScalarName","AnalysisType","Region","ScalarType","Units","Data","Weight"
"Forcings","Precipitation","CARDAMOM","CESM2","Benchmark Period Mean (intersection)","MeanState","global","scalar","mm d-1","2.43446","30.0"
"Forcings","Precipitation","CARDAMOM","CESM2","Benchmark Period Mean (complement)","MeanState","global","scalar","mm d-1","nan","30.0"
"Forcings","Precipitation","CARDAMOM","CESM2","Period Mean (original grids)","MeanState","global","scalar","mm d-1","2.6335","30.0"
"Forcings","Precipitation","CARDAMOM","CESM2","Model Period Mean (intersection)","MeanState","global","scalar","mm d-1","2.44765","30.0"
"Forcings","Precipitation","CARDAMOM","CESM2","Model Period Mean (complement)","MeanState","global","scalar","mm d-1","3.60982","30.0"
"Forcings","Precipitation","CARDAMOM","CESM2","Spatial Distribution Score","MeanState","global","score","1","0.968782","30.0"
"Forcings","Precipitation","CARDAMOM","CESM2","Phase Shift","MeanState","global","scalar","months","1.38903","30.0"
"Forcings","Precipitation","CARDAMOM","CESM2","Seasonal Cycle Score","MeanState","global","score","1","0.835003","30.0"
"Forcings","Precipitation","CARDAMOM","CESM2","Bias","MeanState","global","scalar","mm d-1","0.0176031","30.0"
"Forcings","Precipitation","CARDAMOM","CESM2","Bias Score","MeanState","global","score","1","0.691012","30.0"
"Forcings","Precipitation","CARDAMOM","CESM2","RMSE","MeanState","global","scalar","mm d-1","1.13815","30.0"
"Forcings","Precipitation","CARDAMOM","CESM2","RMSE Score","MeanState","global","score","1","0.57315","30.0"
"Forcings","Precipitation","CARDAMOM","CESM2","Overall Score","MeanState","global","score","1","0.728219","30.0"
"Forcings","Precipitation","CARDAMOM","GFDL_ESM4","Benchmark Period Mean (intersection)","MeanState","global","scalar","mm d-1","2.44729","30.0"
"Forcings","Precipitation","CARDAMOM","GFDL_ESM4","Benchmark Period Mean (complement)","MeanState","global","scalar","mm d-1","nan","30.0"
"Forcings","Precipitation","CARDAMOM","GFDL_ESM4","Period Mean (original grids)","MeanState","global","scalar","mm d-1","2.68982","30.0"
"Forcings","Precipitation","CARDAMOM","GFDL_ESM4","Model Period Mean (intersection)","MeanState","global","scalar","mm d-1","2.48015","30.0"
"Forcings","Precipitation","CARDAMOM","GFDL_ESM4","Model Period Mean (complement)","MeanState","global","scalar","mm d-1","3.45941","30.0"
"Forcings","Precipitation","CARDAMOM","GFDL_ESM4","Spatial Distribution Score","MeanState","global","score","1","0.961804","30.0"
"Forcings","Precipitation","CARDAMOM","GFDL_ESM4","Phase Shift","MeanState","global","scalar","months","1.39639","30.0"
"Forcings","Precipitation","CARDAMOM","GFDL_ESM4","Seasonal Cycle Score","MeanState","global","score","1","0.832095","30.0"
"Forcings","Precipitation","CARDAMOM","GFDL_ESM4","Bias","MeanState","global","scalar","mm d-1","0.0305112","30.0"
"Forcings","Precipitation","CARDAMOM","GFDL_ESM4","Bias Score","MeanState","global","score","1","0.682878","30.0"
"Forcings","Precipitation","CARDAMOM","GFDL_ESM4","RMSE","MeanState","global","scalar","mm d-1","1.18614","30.0"
"Forcings","Precipitation","CARDAMOM","GFDL_ESM4","RMSE Score","MeanState","global","score","1","0.571426","30.0"
"Forcings","Precipitation","CARDAMOM","GFDL_ESM4","Overall Score","MeanState","global","score","1","0.723926","30.0"
"Forcings","Precipitation","CARDAMOM","CNRM-ESM2-1","Benchmark Period Mean (intersection)","MeanState","global","scalar","mm d-1","2.44362","30.0"
"Forcings","Precipitation","CARDAMOM","CNRM-ESM2-1","Benchmark Period Mean (complement)","MeanState","global","scalar","mm d-1","nan","30.0"
"Forcings","Precipitation","CARDAMOM","CNRM-ESM2-1","Period Mean (original grids)","MeanState","global","scalar","mm d-1","2.41982","30.0"
"Forcings","Precipitation","CARDAMOM","CNRM-ESM2-1","Model Period Mean (intersection)","MeanState","global","scalar","mm d-1","2.31489","30.0"
"Forcings","Precipitation","CARDAMOM","CNRM-ESM2-1","Model Period Mean (complement)","MeanState","global","scalar","mm d-1","3.45412","30.0"
"Forcings","Precipitation","CARDAMOM","CNRM-ESM2-1","Spatial Distribution Score","MeanState","global","score","1","0.930606","30.0"
"Forcings","Precipitation","CARDAMOM","CNRM-ESM2-1","Phase Shift","MeanState","global","scalar","months","1.5158","30.0"
"Forcings","Precipitation","CARDAMOM","CNRM-ESM2-1","Seasonal Cycle Score","MeanState","global","score","1","0.811498","30.0"
"Forcings","Precipitation","CARDAMOM","CNRM-ESM2-1","Bias","MeanState","global","scalar","mm d-1","-0.118174","30.0"
"Forcings","Precipitation","CARDAMOM","CNRM-ESM2-1","Bias Score","MeanState","global","score","1","0.603441","30.0"
"Forcings","Precipitation","CARDAMOM","CNRM-ESM2-1","RMSE","MeanState","global","scalar","mm d-1","1.45595","30.0"
"Forcings","Precipitation","CARDAMOM","CNRM-ESM2-1","RMSE Score","MeanState","global","score","1","0.541698","30.0"
"Forcings","Precipitation","CARDAMOM","CNRM-ESM2-1","Overall Score","MeanState","global","score","1","0.685788","30.0"
"Forcings","Precipitation","CARDAMOM","UKESM1-0-LL","Benchmark Period Mean (intersection)","MeanState","global","scalar","mm d-1","2.44355","30.0"
"Forcings","Precipitation","CARDAMOM","UKESM1-0-LL","Benchmark Period Mean (complement)","MeanState","global","scalar","mm d-1","nan","30.0"
"Forcings","Precipitation","CARDAMOM","UKESM1-0-LL","Period Mean (original grids)","MeanState","global","scalar","mm d-1","2.63153","30.0"
"Forcings","Precipitation","CARDAMOM","UKESM1-0-LL","Model Period Mean (intersection)","MeanState","global","scalar","mm d-1","2.42189","30.0"
"Forcings","Precipitation","CARDAMOM","UKESM1-0-LL","Model Period Mean (complement)","MeanState","global","scalar","mm d-1","3.5252","30.0"
"Forcings","Precipitation","CARDAMOM","UKESM1-0-LL","Spatial Distribution Score","MeanState","global","score","1","0.961598","30.0"
"Forcings","Precipitation","CARDAMOM","UKESM1-0-LL","Phase Shift","MeanState","global","scalar","months","1.37161","30.0"
"Forcings","Precipitation","CARDAMOM","UKESM1-0-LL","Seasonal Cycle Score","MeanState","global","score","1","0.821412","30.0"
"Forcings","Precipitation","CARDAMOM","UKESM1-0-LL","Bias","MeanState","global","scalar","mm d-1","-0.0196213","30.0"
"Forcings","Precipitation","CARDAMOM","UKESM1-0-LL","Bias Score","MeanState","global","score","1","0.684493","30.0"
"Forcings","Precipitation","CARDAMOM","UKESM1-0-LL","RMSE","MeanState","global","scalar","mm d-1","1.15732","30.0"
"Forcings","Precipitation","CARDAMOM","UKESM1-0-LL","RMSE Score","MeanState","global","score","1","0.581204","30.0"
"Forcings","Precipitation","CARDAMOM","UKESM1-0-LL","Overall Score","MeanState","global","score","1","0.725982","30.0"
"Forcings","Precipitation","CARDAMOM","GISS-E2-1-G","Benchmark Period Mean (intersection)","MeanState","global","scalar","mm d-1","2.44366","30.0"
"Forcings","Precipitation","CARDAMOM","GISS-E2-1-G","Benchmark Period Mean (complement)","MeanState","global","scalar","mm d-1","nan","30.0"
"Forcings","Precipitation","CARDAMOM","GISS-E2-1-G","Period Mean (original grids)","MeanState","global","scalar","mm d-1","2.43327","30.0"
"Forcings","Precipitation","CARDAMOM","GISS-E2-1-G","Model Period Mean (intersection)","MeanState","global","scalar","mm d-1","2.25359","30.0"
"Forcings","Precipitation","CARDAMOM","GISS-E2-1-G","Model Period Mean (complement)","MeanState","global","scalar","mm d-1","3.20097","30.0"
"Forcings","Precipitation","CARDAMOM","GISS-E2-1-G","Spatial Distribution Score","MeanState","global","score","1","0.923377","30.0"
"Forcings","Precipitation","CARDAMOM","GISS-E2-1-G","Phase Shift","MeanState","global","scalar","months","1.62047","30.0"
"Forcings","Precipitation","CARDAMOM","GISS-E2-1-G","Seasonal Cycle Score","MeanState","global","score","1","0.795446","30.0"
"Forcings","Precipitation","CARDAMOM","GISS-E2-1-G","Bias","MeanState","global","scalar","mm d-1","-0.190496","30.0"
"Forcings","Precipitation","CARDAMOM","GISS-E2-1-G","Bias Score","MeanState","global","score","1","0.590806","30.0"
"Forcings","Precipitation","CARDAMOM","GISS-E2-1-G","RMSE","MeanState","global","scalar","mm d-1","1.47108","30.0"
"Forcings","Precipitation","CARDAMOM","GISS-E2-1-G","RMSE Score","MeanState","global","score","1","0.539288","30.0"
"Forcings","Precipitation","CARDAMOM","GISS-E2-1-G","Overall Score","MeanState","global","score","1","0.677641","30.0"
"Forcings","Precipitation","CARDAMOM","NorESM2-LM","Benchmark Period Mean (intersection)","MeanState","global","scalar","mm d-1","2.44625","30.0"
"Forcings","Precipitation","CARDAMOM","NorESM2-LM","Benchmark Period Mean (complement)","MeanState","global","scalar","mm d-1","nan","30.0"
"Forcings","Precipitation","CARDAMOM","NorESM2-LM","Period Mean (original grids)","MeanState","global","scalar","mm d-1","2.51132","30.0"
"Forcings","Precipitation","CARDAMOM","NorESM2-LM","Model Period Mean (intersection)","MeanState","global","scalar","mm d-1","2.32378","30.0"
"Forcings","Precipitation","CARDAMOM","NorESM2-LM","Model Period Mean (complement)","MeanState","global","scalar","mm d-1","3.50184","30.0"
"Forcings","Precipitation","CARDAMOM","NorESM2-LM","Spatial Distribution Score","MeanState","global","score","1","0.9529","30.0"
"Forcings","Precipitation","CARDAMOM","NorESM2-LM","Phase Shift","MeanState","global","scalar","months","1.421","30.0"
"Forcings","Precipitation","CARDAMOM","NorESM2-LM","Seasonal Cycle Score","MeanState","global","score","1","0.823757","30.0"
"Forcings","Precipitation","CARDAMOM","NorESM2-LM","Bias","MeanState","global","scalar","mm d-1","-0.141775","30.0"
"Forcings","Precipitation","CARDAMOM","NorESM2-LM","Bias Score","MeanState","global","score","1","0.674868","30.0"
"Forcings","Precipitation","CARDAMOM","NorESM2-LM","RMSE","MeanState","global","scalar","mm d-1","1.18691","30.0"
"Forcings","Precipitation","CARDAMOM","NorESM2-LM","RMSE Score","MeanState","global","score","1","0.572756","30.0"
"Forcings","Precipitation","CARDAMOM","NorESM2-LM","Overall Score","MeanState","global","score","1","0.719407","30.0"
"Forcings","Precipitation","CARDAMOM","MPI-ESM1-2-LR","Benchmark Period Mean (intersection)","MeanState","global","scalar","mm d-1","2.43279","30.0"
"Forcings","Precipitation","CARDAMOM","MPI-ESM1-2-LR","Benchmark Period Mean (complement)","MeanState","global","scalar","mm d-1","nan","30.0"
"Forcings","Precipitation","CARDAMOM","MPI-ESM1-2-LR","Period Mean (original grids)","MeanState","global","scalar","mm d-1","2.41334","30.0"
"Forcings","Precipitation","CARDAMOM","MPI-ESM1-2-LR","Model Period Mean (intersection)","MeanState","global","scalar","mm d-1","2.23146","30.0"
"Forcings","Precipitation","CARDAMOM","MPI-ESM1-2-LR","Model Period Mean (complement)","MeanState","global","scalar","mm d-1","3.49218","30.0"
"Forcings","Precipitation","CARDAMOM","MPI-ESM1-2-LR","Spatial Distribution Score","MeanState","global","score","1","0.935985","30.0"
"Forcings","Precipitation","CARDAMOM","MPI-ESM1-2-LR","Phase Shift","MeanState","global","scalar","months","1.38686","30.0"
"Forcings","Precipitation","CARDAMOM","MPI-ESM1-2-LR","Seasonal Cycle Score","MeanState","global","score","1","0.801723","30.0"
"Forcings","Precipitation","CARDAMOM","MPI-ESM1-2-LR","Bias","MeanState","global","scalar","mm d-1","-0.214356","30.0"
"Forcings","Precipitation","CARDAMOM","MPI-ESM1-2-LR","Bias Score","MeanState","global","score","1","0.63428","30.0"
"Forcings","Precipitation","CARDAMOM","MPI-ESM1-2-LR","RMSE","MeanState","global","scalar","mm d-1","1.22609","30.0"
"Forcings","Precipitation","CARDAMOM","MPI-ESM1-2-LR","RMSE Score","MeanState","global","score","1","0.575635","30.0"
"Forcings","Precipitation","CARDAMOM","MPI-ESM1-2-LR","Overall Score","MeanState","global","score","1","0.704651","30.0"
"Forcings","Precipitation","CARDAMOM","CanESM5","Benchmark Period Mean (intersection)","MeanState","global","scalar","mm d-1","2.45585","30.0"
"Forcings","Precipitation","CARDAMOM","CanESM5","Benchmark Period Mean (complement)","MeanState","global","scalar","mm d-1","nan","30.0"
"Forcings","Precipitation","CARDAMOM","CanESM5","Period Mean (original grids)","MeanState","global","scalar","mm d-1","2.72744","30.0"
"Forcings","Precipitation","CARDAMOM","CanESM5","Model Period Mean (intersection)","MeanState","global","scalar","mm d-1","2.49654","30.0"
"Forcings","Precipitation","CARDAMOM","CanESM5","Model Period Mean (complement)","MeanState","global","scalar","mm d-1","3.59209","30.0"
"Forcings","Precipitation","CARDAMOM","CanESM5","Spatial Distribution Score","MeanState","global","score","1","0.921281","30.0"
"Forcings","Precipitation","CARDAMOM","CanESM5","Phase Shift","MeanState","global","scalar","months","1.53549","30.0"
"Forcings","Precipitation","CARDAMOM","CanESM5","Seasonal Cycle Score","MeanState","global","score","1","0.814251","30.0"
"Forcings","Precipitation","CARDAMOM","CanESM5","Bias","MeanState","global","scalar","mm d-1","0.0530462","30.0"
"Forcings","Precipitation","CARDAMOM","CanESM5","Bias Score","MeanState","global","score","1","0.604009","30.0"
"Forcings","Precipitation","CARDAMOM","CanESM5","RMSE","MeanState","global","scalar","mm d-1","1.53963","30.0"
"Forcings","Precipitation","CARDAMOM","CanESM5","RMSE Score","MeanState","global","score","1","0.511163","30.0"
"Forcings","Precipitation","CARDAMOM","CanESM5","Overall Score","MeanState","global","score","1","0.672373","30.0"
"Forcings","Precipitation","CARDAMOM","ACCESS-ESM1-5","Benchmark Period Mean (intersection)","MeanState","global","scalar","mm d-1","2.44046","30.0"
"Forcings","Precipitation","CARDAMOM","ACCESS-ESM1-5","Benchmark Period Mean (complement)","MeanState","global","scalar","mm d-1","nan","30.0"
"Forcings","Precipitation","CARDAMOM","ACCESS-ESM1-5","Period Mean (original grids)","MeanState","global","scalar","mm d-1","2.95787","30.0"
"Forcings","Precipitation","CARDAMOM","ACCESS-ESM1-5","Model Period Mean (intersection)","MeanState","global","scalar","mm d-1","2.77347","30.0"
"Forcings","Precipitation","CARDAMOM","ACCESS-ESM1-5","Model Period Mean (complement)","MeanState","global","scalar","mm d-1","3.49681","30.0"
"Forcings","Precipitation","CARDAMOM","ACCESS-ESM1-5","Spatial Distribution Score","MeanState","global","score","1","0.93289","30.0"
"Forcings","Precipitation","CARDAMOM","ACCESS-ESM1-5","Phase Shift","MeanState","global","scalar","months","1.51785","30.0"
"Forcings","Precipitation","CARDAMOM","ACCESS-ESM1-5","Seasonal Cycle Score","MeanState","global","score","1","0.817518","30.0"
"Forcings","Precipitation","CARDAMOM","ACCESS-ESM1-5","Bias","MeanState","global","scalar","mm d-1","0.335284","30.0"
"Forcings","Precipitation","CARDAMOM","ACCESS-ESM1-5","Bias Score","MeanState","global","score","1","0.619531","30.0"
"Forcings","Precipitation","CARDAMOM","ACCESS-ESM1-5","RMSE","MeanState","global","scalar","mm d-1","1.4613","30.0"
"Forcings","Precipitation","CARDAMOM","ACCESS-ESM1-5","RMSE Score","MeanState","global","score","1","0.503803","30.0"
"Forcings","Precipitation","CARDAMOM","ACCESS-ESM1-5","Overall Score","MeanState","global","score","1","0.675509","30.0"
"Forcings","Precipitation","CARDAMOM","MIROC-ES2L","Benchmark Period Mean (intersection)","MeanState","global","scalar","mm d-1","2.45585","30.0"
"Forcings","Precipitation","CARDAMOM","MIROC-ES2L","Benchmark Period Mean (complement)","MeanState","global","scalar","mm d-1","nan","30.0"
"Forcings","Precipitation","CARDAMOM","MIROC-ES2L","Period Mean (original grids)","MeanState","global","scalar","mm d-1","3.01338","30.0"
"Forcings","Precipitation","CARDAMOM","MIROC-ES2L","Model Period Mean (intersection)","MeanState","global","scalar","mm d-1","2.77519","30.0"
"Forcings","Precipitation","CARDAMOM","MIROC-ES2L","Model Period Mean (complement)","MeanState","global","scalar","mm d-1","3.59667","30.0"
"Forcings","Precipitation","CARDAMOM","MIROC-ES2L","Spatial Distribution Score","MeanState","global","score","1","0.954806","30.0"
"Forcings","Precipitation","CARDAMOM","MIROC-ES2L","Phase Shift","MeanState","global","scalar","months","1.48928","30.0"
"Forcings","Precipitation","CARDAMOM","MIROC-ES2L","Seasonal Cycle Score","MeanState","global","score","1","0.806443","30.0"
"Forcings","Precipitation","CARDAMOM","MIROC-ES2L","Bias","MeanState","global","scalar","mm d-1","0.328001","30.0"
"Forcings","Precipitation","CARDAMOM","MIROC-ES2L","Bias Score","MeanState","global","score","1","0.619045","30.0"
"Forcings","Precipitation","CARDAMOM","MIROC-ES2L","RMSE","MeanState","global","scalar","mm d-1","1.39302","30.0"
"Forcings","Precipitation","CARDAMOM","MIROC-ES2L","RMSE Score","MeanState","global","score","1","0.54819","30.0"
"Forcings","Precipitation","CARDAMOM","MIROC-ES2L","Overall Score","MeanState","global","score","1","0.695335","30.0"
"Forcings","Precipitation","CARDAMOM","IPSL-CM6A-LR","Benchmark Period Mean (intersection)","MeanState","global","scalar","mm d-1","2.4465","30.0"
"Forcings","Precipitation","CARDAMOM","IPSL-CM6A-LR","Benchmark Period Mean (complement)","MeanState","global","scalar","mm d-1","nan","30.0"
"Forcings","Precipitation","CARDAMOM","IPSL-CM6A-LR","Period Mean (original grids)","MeanState","global","scalar","mm d-1","2.84353","30.0"
"Forcings","Precipitation","CARDAMOM","IPSL-CM6A-LR","Model Period Mean (intersection)","MeanState","global","scalar","mm d-1","2.74506","30.0"
"Forcings","Precipitation","CARDAMOM","IPSL-CM6A-LR","Model Period Mean (complement)","MeanState","global","scalar","mm d-1","3.79306","30.0"
"Forcings","Precipitation","CARDAMOM","IPSL-CM6A-LR","Spatial Distribution Score","MeanState","global","score","1","0.825741","30.0"
"Forcings","Precipitation","CARDAMOM","IPSL-CM6A-LR","Phase Shift","MeanState","global","scalar","months","1.42205","30.0"
"Forcings","Precipitation","CARDAMOM","IPSL-CM6A-LR","Seasonal Cycle Score","MeanState","global","score","1","0.824266","30.0"
"Forcings","Precipitation","CARDAMOM","IPSL-CM6A-LR","Bias","MeanState","global","scalar","mm d-1","0.299854","30.0"
"Forcings","Precipitation","CARDAMOM","IPSL-CM6A-LR","Bias Score","MeanState","global","score","1","0.624913","30.0"
"Forcings","Precipitation","CARDAMOM","IPSL-CM6A-LR","RMSE","MeanState","global","scalar","mm d-1","1.43657","30.0"
"Forcings","Precipitation","CARDAMOM","IPSL-CM6A-LR","RMSE Score","MeanState","global","score","1","0.554445","30.0"
"Forcings","Precipitation","CARDAMOM","IPSL-CM6A-LR","Overall Score","MeanState","global","score","1","0.676762","30.0"
"Forcings","Precipitation","CARDAMOM","ENSEMBLE-CMIP6","Benchmark Period Mean (intersection)","MeanState","global","scalar","mm d-1","2.44309","30.0"
"Forcings","Precipitation","CARDAMOM","ENSEMBLE-CMIP6","Benchmark Period Mean (complement)","MeanState","global","scalar","mm d-1","nan","30.0"
"Forcings","Precipitation","CARDAMOM","ENSEMBLE-CMIP6","Period Mean (original grids)","MeanState","global","scalar","mm d-1","2.59957","30.0"
"Forcings","Precipitation","CARDAMOM","ENSEMBLE-CMIP6","Model Period Mean (intersection)","MeanState","global","scalar","mm d-1","2.49637","30.0"
"Forcings","Precipitation","CARDAMOM","ENSEMBLE-CMIP6","Model Period Mean (complement)","MeanState","global","scalar","mm d-1","3.60171","30.0"
"Forcings","Precipitation","CARDAMOM","ENSEMBLE-CMIP6","Spatial Distribution Score","MeanState","global","score","1","0.967503","30.0"
"Forcings","Precipitation","CARDAMOM","ENSEMBLE-CMIP6","Phase Shift","MeanState","global","scalar","months","1.20826","30.0"
"Forcings","Precipitation","CARDAMOM","ENSEMBLE-CMIP6","Seasonal Cycle Score","MeanState","global","score","1","0.859094","30.0"
"Forcings","Precipitation","CARDAMOM","ENSEMBLE-CMIP6","Bias","MeanState","global","scalar","mm d-1","0.037744","30.0"
"Forcings","Precipitation","CARDAMOM","ENSEMBLE-CMIP6","Bias Score","MeanState","global","score","1","0.713986","30.0"
"Forcings","Precipitation","CARDAMOM","ENSEMBLE-CMIP6","RMSE","MeanState","global","scalar","mm d-1","0.911698","30.0"
"Forcings","Precipitation","CARDAMOM","ENSEMBLE-CMIP6","RMSE Score","MeanState","global","score","1","0.659284","30.0"
"Forcings","Precipitation","CARDAMOM","ENSEMBLE-CMIP6","Overall Score","MeanState","global","score","1","0.77183","30.0"
"Forcings","SurfaceAirTemperature","CARDAMOM","CESM2","Benchmark Period Mean (intersection)","MeanState","global","scalar","K","287.268","50.0"
"Forcings","SurfaceAirTemperature","CARDAMOM","CESM2","Benchmark Period Mean (complement)","MeanState","global","scalar","K","nan","50.0"
"Forcings","SurfaceAirTemperature","CARDAMOM","CESM2","Period Mean (original grids)","MeanState","global","scalar","K","290.402","50.0"
"Forcings","SurfaceAirTemperature","CARDAMOM","CESM2","Model Period Mean (intersection)","MeanState","global","scalar","K","288.668","50.0"
"Forcings","SurfaceAirTemperature","CARDAMOM","CESM2","Model Period Mean (complement)","MeanState","global","scalar","K","286.252","50.0"
"Forcings","SurfaceAirTemperature","CARDAMOM","CESM2","Spatial Distribution Score","MeanState","global","score","1","0.999853","50.0"
"Forcings","SurfaceAirTemperature","CARDAMOM","CESM2","Phase Shift","MeanState","global","scalar","months","0.650412","50.0"
"Forcings","SurfaceAirTemperature","CARDAMOM","CESM2","Seasonal Cycle Score","MeanState","global","score","1","0.929896","50.0"
"Forcings","SurfaceAirTemperature","CARDAMOM","CESM2","Bias","MeanState","global","scalar","K","1.43753","50.0"
"Forcings","SurfaceAirTemperature","CARDAMOM","CESM2","Bias Score","MeanState","global","score","1","0.680798","50.0"
"Forcings","SurfaceAirTemperature","CARDAMOM","CESM2","RMSE","MeanState","global","scalar","K","2.59948","50.0"
"Forcings","SurfaceAirTemperature","CARDAMOM","CESM2","RMSE Score","MeanState","global","score","1","0.73054","50.0"
"Forcings","SurfaceAirTemperature","CARDAMOM","CESM2","Overall Score","MeanState","global","score","1","0.814325","50.0"
"Forcings","SurfaceAirTemperature","CARDAMOM","GFDL_ESM4","Benchmark Period Mean (intersection)","MeanState","global","scalar","K","287.295","50.0"
"Forcings","SurfaceAirTemperature","CARDAMOM","GFDL_ESM4","Benchmark Period Mean (complement)","MeanState","global","scalar","K","nan","50.0"
"Forcings","SurfaceAirTemperature","CARDAMOM","GFDL_ESM4","Period Mean (original grids)","MeanState","global","scalar","K","288.826","50.0"
"Forcings","SurfaceAirTemperature","CARDAMOM","GFDL_ESM4","Model Period Mean (intersection)","MeanState","global","scalar","K","286.855","50.0"
"Forcings","SurfaceAirTemperature","CARDAMOM","GFDL_ESM4","Model Period Mean (complement)","MeanState","global","scalar","K","284.499","50.0"
"Forcings","SurfaceAirTemperature","CARDAMOM","GFDL_ESM4","Spatial Distribution Score","MeanState","global","score","1","0.999938","50.0"
"Forcings","SurfaceAirTemperature","CARDAMOM","GFDL_ESM4","Phase Shift","MeanState","global","scalar","months","0.52836","50.0"
"Forcings","SurfaceAirTemperature","CARDAMOM","GFDL_ESM4","Seasonal Cycle Score","MeanState","global","score","1","0.943676","50.0"
"Forcings","SurfaceAirTemperature","CARDAMOM","GFDL_ESM4","Bias","MeanState","global","scalar","K","-0.463888","50.0"
"Forcings","SurfaceAirTemperature","CARDAMOM","GFDL_ESM4","Bias Score","MeanState","global","score","1","0.700453","50.0"
"Forcings","SurfaceAirTemperature","CARDAMOM","GFDL_ESM4","RMSE","MeanState","global","scalar","K","2.44958","50.0"
"Forcings","SurfaceAirTemperature","CARDAMOM","GFDL_ESM4","RMSE Score","MeanState","global","score","1","0.721121","50.0"
"Forcings","SurfaceAirTemperature","CARDAMOM","GFDL_ESM4","Overall Score","MeanState","global","score","1","0.817262","50.0"
"Forcings","SurfaceAirTemperature","CARDAMOM","CNRM-ESM2-1","Benchmark Period Mean (intersection)","MeanState","global","scalar","K","287.263","50.0"
"Forcings","SurfaceAirTemperature","CARDAMOM","CNRM-ESM2-1","Benchmark Period Mean (complement)","MeanState","global","scalar","K","nan","50.0"
"Forcings","SurfaceAirTemperature","CARDAMOM","CNRM-ESM2-1","Period Mean (original grids)","MeanState","global","scalar","K","287.221","50.0"
"Forcings","SurfaceAirTemperature","CARDAMOM","CNRM-ESM2-1","Model Period Mean (intersection)","MeanState","global","scalar","K","287.445","50.0"
"Forcings","SurfaceAirTemperature","CARDAMOM","CNRM-ESM2-1","Model Period Mean (complement)","MeanState","global","scalar","K","284.722","50.0"
"Forcings","SurfaceAirTemperature","CARDAMOM","CNRM-ESM2-1","Spatial Distribution Score","MeanState","global","score","1","0.999748","50.0"
"Forcings","SurfaceAirTemperature","CARDAMOM","CNRM-ESM2-1","Phase Shift","MeanState","global","scalar","months","0.580516","50.0"
"Forcings","SurfaceAirTemperature","CARDAMOM","CNRM-ESM2-1","Seasonal Cycle Score","MeanState","global","score","1","0.938717","50.0"
"Forcings","SurfaceAirTemperature","CARDAMOM","CNRM-ESM2-1","Bias","MeanState","global","scalar","K","0.246862","50.0"
"Forcings","SurfaceAirTemperature","CARDAMOM","CNRM-ESM2-1","Bias Score","MeanState","global","score","1","0.686074","50.0"
"Forcings","SurfaceAirTemperature","CARDAMOM","CNRM-ESM2-1","RMSE","MeanState","global","scalar","K","2.6029","50.0"
"Forcings","SurfaceAirTemperature","CARDAMOM","CNRM-ESM2-1","RMSE Score","MeanState","global","score","1","0.733188","50.0"
"Forcings","SurfaceAirTemperature","CARDAMOM","CNRM-ESM2-1","Overall Score","MeanState","global","score","1","0.818183","50.0"
"Forcings","SurfaceAirTemperature","CARDAMOM","UKESM1-0-LL","Benchmark Period Mean (intersection)","MeanState","global","scalar","K","287.242","50.0"
"Forcings","SurfaceAirTemperature","CARDAMOM","UKESM1-0-LL","Benchmark Period Mean (complement)","MeanState","global","scalar","K","nan","50.0"
"Forcings","SurfaceAirTemperature","CARDAMOM","UKESM1-0-LL","Period Mean (original grids)","MeanState","global","scalar","K","288.919","50.0"
"Forcings","SurfaceAirTemperature","CARDAMOM","UKESM1-0-LL","Model Period Mean (intersection)","MeanState","global","scalar","K","286.868","50.0"
"Forcings","SurfaceAirTemperature","CARDAMOM","UKESM1-0-LL","Model Period Mean (complement)","MeanState","global","scalar","K","284.455","50.0"
"Forcings","SurfaceAirTemperature","CARDAMOM","UKESM1-0-LL","Spatial Distribution Score","MeanState","global","score","1","0.988194","50.0"
"Forcings","SurfaceAirTemperature","CARDAMOM","UKESM1-0-LL","Phase Shift","MeanState","global","scalar","months","0.627823","50.0"
"Forcings","SurfaceAirTemperature","CARDAMOM","UKESM1-0-LL","Seasonal Cycle Score","MeanState","global","score","1","0.928183","50.0"
"Forcings","SurfaceAirTemperature","CARDAMOM","UKESM1-0-LL","Bias","MeanState","global","scalar","K","-0.393902","50.0"
"Forcings","SurfaceAirTemperature","CARDAMOM","UKESM1-0-LL","Bias Score","MeanState","global","score","1","0.68335","50.0"
"Forcings","SurfaceAirTemperature","CARDAMOM","UKESM1-0-LL","RMSE","MeanState","global","scalar","K","2.67301","50.0"
"Forcings","SurfaceAirTemperature","CARDAMOM","UKESM1-0-LL","RMSE Score","MeanState","global","score","1","0.710374","50.0"
"Forcings","SurfaceAirTemperature","CARDAMOM","UKESM1-0-LL","Overall Score","MeanState","global","score","1","0.804095","50.0"
"Forcings","SurfaceAirTemperature","CARDAMOM","NorESM2-LM","Benchmark Period Mean (intersection)","MeanState","global","scalar","K","287.333","50.0"
"Forcings","SurfaceAirTemperature","CARDAMOM","NorESM2-LM","Benchmark Period Mean (complement)","MeanState","global","scalar","K","nan","50.0"
"Forcings","SurfaceAirTemperature","CARDAMOM","NorESM2-LM","Period Mean (original grids)","MeanState","global","scalar","K","290.183","50.0"
"Forcings","SurfaceAirTemperature","CARDAMOM","NorESM2-LM","Model Period Mean (intersection)","MeanState","global","scalar","K","288.572","50.0"
"Forcings","SurfaceAirTemperature","CARDAMOM","NorESM2-LM","Model Period Mean (complement)","MeanState","global","scalar","K","285.092","50.0"
"Forcings","SurfaceAirTemperature","CARDAMOM","NorESM2-LM","Spatial Distribution Score","MeanState","global","score","1","0.99987","50.0"
"Forcings","SurfaceAirTemperature","CARDAMOM","NorESM2-LM","Phase Shift","MeanState","global","scalar","months","0.73492","50.0"
"Forcings","SurfaceAirTemperature","CARDAMOM","NorESM2-LM","Seasonal Cycle Score","MeanState","global","score","1","0.921215","50.0"
"Forcings","SurfaceAirTemperature","CARDAMOM","NorESM2-LM","Bias","MeanState","global","scalar","K","1.29083","50.0"
"Forcings","SurfaceAirTemperature","CARDAMOM","NorESM2-LM","Bias Score","MeanState","global","score","1","0.67602","50.0"
"Forcings","SurfaceAirTemperature","CARDAMOM","NorESM2-LM","RMSE","MeanState","global","scalar","K","2.65756","50.0"
"Forcings","SurfaceAirTemperature","CARDAMOM","NorESM2-LM","RMSE Score","MeanState","global","score","1","0.715522","50.0"
"Forcings","SurfaceAirTemperature","CARDAMOM","NorESM2-LM","Overall Score","MeanState","global","score","1","0.80563","50.0"
"Forcings","SurfaceAirTemperature","CARDAMOM","MPI-ESM1-2-LR","Benchmark Period Mean (intersection)","MeanState","global","scalar","K","287.279","50.0"
"Forcings","SurfaceAirTemperature","CARDAMOM","MPI-ESM1-2-LR","Benchmark Period Mean (complement)","MeanState","global","scalar","K","nan","50.0"
"Forcings","SurfaceAirTemperature","CARDAMOM","MPI-ESM1-2-LR","Period Mean (original grids)","MeanState","global","scalar","K","289.749","50.0"
"Forcings","SurfaceAirTemperature","CARDAMOM","MPI-ESM1-2-LR","Model Period Mean (intersection)","MeanState","global","scalar","K","287.317","50.0"
"Forcings","SurfaceAirTemperature","CARDAMOM","MPI-ESM1-2-LR","Model Period Mean (complement)","MeanState","global","scalar","K","284.993","50.0"
"Forcings","SurfaceAirTemperature","CARDAMOM","MPI-ESM1-2-LR","Spatial Distribution Score","MeanState","global","score","1","0.999904","50.0"
"Forcings","SurfaceAirTemperature","CARDAMOM","MPI-ESM1-2-LR","Phase Shift","MeanState","global","scalar","months","0.559551","50.0"
"Forcings","SurfaceAirTemperature","CARDAMOM","MPI-ESM1-2-LR","Seasonal Cycle Score","MeanState","global","score","1","0.940501","50.0"
"Forcings","SurfaceAirTemperature","CARDAMOM","MPI-ESM1-2-LR","Bias","MeanState","global","scalar","K","-0.0353662","50.0"
"Forcings","SurfaceAirTemperature","CARDAMOM","MPI-ESM1-2-LR","Bias Score","MeanState","global","score","1","0.67869","50.0"
"Forcings","SurfaceAirTemperature","CARDAMOM","MPI-ESM1-2-LR","RMSE","MeanState","global","scalar","K","2.39906","50.0"
"Forcings","SurfaceAirTemperature","CARDAMOM","MPI-ESM1-2-LR","RMSE Score","MeanState","global","score","1","0.72596","50.0"
"Forcings","SurfaceAirTemperature","CARDAMOM","MPI-ESM1-2-LR","Overall Score","MeanState","global","score","1","0.814203","50.0"
"Forcings","SurfaceAirTemperature","CARDAMOM","CanESM5","Benchmark Period Mean (intersection)","MeanState","global","scalar","K","287.262","50.0"
"Forcings","SurfaceAirTemperature","CARDAMOM","CanESM5","Benchmark Period Mean (complement)","MeanState","global","scalar","K","nan","50.0"
"Forcings","SurfaceAirTemperature","CARDAMOM","CanESM5","Period Mean (original grids)","MeanState","global","scalar","K","289.852","50.0"
"Forcings","SurfaceAirTemperature","CARDAMOM","CanESM5","Model Period Mean (intersection)","MeanState","global","scalar","K","287.78","50.0"
"Forcings","SurfaceAirTemperature","CARDAMOM","CanESM5","Model Period Mean (complement)","MeanState","global","scalar","K","285.798","50.0"
"Forcings","SurfaceAirTemperature","CARDAMOM","CanESM5","Spatial Distribution Score","MeanState","global","score","1","0.999724","50.0"
"Forcings","SurfaceAirTemperature","CARDAMOM","CanESM5","Phase Shift","MeanState","global","scalar","months","0.688627","50.0"
"Forcings","SurfaceAirTemperature","CARDAMOM","CanESM5","Seasonal Cycle Score","MeanState","global","score","1","0.918064","50.0"
"Forcings","SurfaceAirTemperature","CARDAMOM","CanESM5","Bias","MeanState","global","scalar","K","0.422218","50.0"
"Forcings","SurfaceAirTemperature","CARDAMOM","CanESM5","Bias Score","MeanState","global","score","1","0.658042","50.0"
"Forcings","SurfaceAirTemperature","CARDAMOM","CanESM5","RMSE","MeanState","global","scalar","K","2.83159","50.0"
"Forcings","SurfaceAirTemperature","CARDAMOM","CanESM5","RMSE Score","MeanState","global","score","1","0.683715","50.0"
"Forcings","SurfaceAirTemperature","CARDAMOM","CanESM5","Overall Score","MeanState","global","score","1","0.788652","50.0"
"Forcings","SurfaceAirTemperature","CARDAMOM","ACCESS-ESM1-5","Benchmark Period Mean (intersection)","MeanState","global","scalar","K","287.264","50.0"
"Forcings","SurfaceAirTemperature","CARDAMOM","ACCESS-ESM1-5","Benchmark Period Mean (complement)","MeanState","global","scalar","K","nan","50.0"
"Forcings","SurfaceAirTemperature","CARDAMOM","ACCESS-ESM1-5","Period Mean (original grids)","MeanState","global","scalar","K","290.709","50.0"
"Forcings","SurfaceAirTemperature","CARDAMOM","ACCESS-ESM1-5","Model Period Mean (intersection)","MeanState","global","scalar","K","288.395","50.0"
"Forcings","SurfaceAirTemperature","CARDAMOM","ACCESS-ESM1-5","Model Period Mean (complement)","MeanState","global","scalar","K","286.012","50.0"
"Forcings","SurfaceAirTemperature","CARDAMOM","ACCESS-ESM1-5","Spatial Distribution Score","MeanState","global","score","1","0.999895","50.0"
"Forcings","SurfaceAirTemperature","CARDAMOM","ACCESS-ESM1-5","Phase Shift","MeanState","global","scalar","months","0.602563","50.0"
"Forcings","SurfaceAirTemperature","CARDAMOM","ACCESS-ESM1-5","Seasonal Cycle Score","MeanState","global","score","1","0.932008","50.0"
"Forcings","SurfaceAirTemperature","CARDAMOM","ACCESS-ESM1-5","Bias","MeanState","global","scalar","K","1.13863","50.0"
"Forcings","SurfaceAirTemperature","CARDAMOM","ACCESS-ESM1-5","Bias Score","MeanState","global","score","1","0.672771","50.0"
"Forcings","SurfaceAirTemperature","CARDAMOM","ACCESS-ESM1-5","RMSE","MeanState","global","scalar","K","2.67228","50.0"
"Forcings","SurfaceAirTemperature","CARDAMOM","ACCESS-ESM1-5","RMSE Score","MeanState","global","score","1","0.709095","50.0"
"Forcings","SurfaceAirTemperature","CARDAMOM","ACCESS-ESM1-5","Overall Score","MeanState","global","score","1","0.804573","50.0"
"Forcings","SurfaceAirTemperature","CARDAMOM","MIROC-ES2L","Benchmark Period Mean (intersection)","MeanState","global","scalar","K","287.262","50.0"
"Forcings","SurfaceAirTemperature","CARDAMOM","MIROC-ES2L","Benchmark Period Mean (complement)","MeanState","global","scalar","K","nan","50.0"
"Forcings","SurfaceAirTemperature","CARDAMOM","MIROC-ES2L","Period Mean (original grids)","MeanState","global","scalar","K","290.939","50.0"
"Forcings","SurfaceAirTemperature","CARDAMOM","MIROC-ES2L","Model Period Mean (intersection)","MeanState","global","scalar","K","288.77","50.0"
"Forcings","SurfaceAirTemperature","CARDAMOM","MIROC-ES2L","Model Period Mean (complement)","MeanState","global","scalar","K","286.475","50.0"
"Forcings","SurfaceAirTemperature","CARDAMOM","MIROC-ES2L","Spatial Distribution Score","MeanState","global","score","1","0.999934","50.0"
"Forcings","SurfaceAirTemperature","CARDAMOM","MIROC-ES2L","Phase Shift","MeanState","global","scalar","months","0.560349","50.0"
"Forcings","SurfaceAirTemperature","CARDAMOM","MIROC-ES2L","Seasonal Cycle Score","MeanState","global","score","1","0.936311","50.0"
"Forcings","SurfaceAirTemperature","CARDAMOM","MIROC-ES2L","Bias","MeanState","global","scalar","K","1.42212","50.0"
"Forcings","SurfaceAirTemperature","CARDAMOM","MIROC-ES2L","Bias Score","MeanState","global","score","1","0.637573","50.0"
"Forcings","SurfaceAirTemperature","CARDAMOM","MIROC-ES2L","RMSE","MeanState","global","scalar","K","2.93249","50.0"
"Forcings","SurfaceAirTemperature","CARDAMOM","MIROC-ES2L","RMSE Score","MeanState","global","score","1","0.733646","50.0"
"Forcings","SurfaceAirTemperature","CARDAMOM","MIROC-ES2L","Overall Score","MeanState","global","score","1","0.808222","50.0"
"Forcings","SurfaceAirTemperature","CARDAMOM","IPSL-CM6A-LR","Benchmark Period Mean (intersection)","MeanState","global","scalar","K","287.3","50.0"
"Forcings","SurfaceAirTemperature","CARDAMOM","IPSL-CM6A-LR","Benchmark Period Mean (complement)","MeanState","global","scalar","K","nan","50.0"
"Forcings","SurfaceAirTemperature","CARDAMOM","IPSL-CM6A-LR","Period Mean (original grids)","MeanState","global","scalar","K","286.375","50.0"
"Forcings","SurfaceAirTemperature","CARDAMOM","IPSL-CM6A-LR","Model Period Mean (intersection)","MeanState","global","scalar","K","286.584","50.0"
"Forcings","SurfaceAirTemperature","CARDAMOM","IPSL-CM6A-LR","Model Period Mean (complement)","MeanState","global","scalar","K","284.467","50.0"
"Forcings","SurfaceAirTemperature","CARDAMOM","IPSL-CM6A-LR","Spatial Distribution Score","MeanState","global","score","1","0.999442","50.0"
"Forcings","SurfaceAirTemperature","CARDAMOM","IPSL-CM6A-LR","Phase Shift","MeanState","global","scalar","months","0.722537","50.0"
"Forcings","SurfaceAirTemperature","CARDAMOM","IPSL-CM6A-LR","Seasonal Cycle Score","MeanState","global","score","1","0.91659","50.0"
"Forcings","SurfaceAirTemperature","CARDAMOM","IPSL-CM6A-LR","Bias","MeanState","global","scalar","K","-0.687279","50.0"
"Forcings","SurfaceAirTemperature","CARDAMOM","IPSL-CM6A-LR","Bias Score","MeanState","global","score","1","0.678892","50.0"
"Forcings","SurfaceAirTemperature","CARDAMOM","IPSL-CM6A-LR","RMSE","MeanState","global","scalar","K","2.75978","50.0"
"Forcings","SurfaceAirTemperature","CARDAMOM","IPSL-CM6A-LR","RMSE Score","MeanState","global","score","1","0.736939","50.0"
"Forcings","SurfaceAirTemperature","CARDAMOM","IPSL-CM6A-LR","Overall Score","MeanState","global","score","1","0.81376","50.0"
"Forcings","SurfaceAirTemperature","CARDAMOM","ENSEMBLE-CMIP6","Benchmark Period Mean (intersection)","MeanState","global","scalar","K","287.366","50.0"
"Forcings","SurfaceAirTemperature","CARDAMOM","ENSEMBLE-CMIP6","Benchmark Period Mean (complement)","MeanState","global","scalar","K","nan","50.0"
"Forcings","SurfaceAirTemperature","CARDAMOM","ENSEMBLE-CMIP6","Period Mean (original grids)","MeanState","global","scalar","K","287.571","50.0"
"Forcings","SurfaceAirTemperature","CARDAMOM","ENSEMBLE-CMIP6","Model Period Mean (intersection)","MeanState","global","scalar","K","287.83","50.0"
"Forcings","SurfaceAirTemperature","CARDAMOM","ENSEMBLE-CMIP6","Model Period Mean (complement)","MeanState","global","scalar","K","285.224","50.0"
"Forcings","SurfaceAirTemperature","CARDAMOM","ENSEMBLE-CMIP6","Spatial Distribution Score","MeanState","global","score","1","0.999915","50.0"
"Forcings","SurfaceAirTemperature","CARDAMOM","ENSEMBLE-CMIP6","Phase Shift","MeanState","global","scalar","months","0.527667","50.0"
"Forcings","SurfaceAirTemperature","CARDAMOM","ENSEMBLE-CMIP6","Seasonal Cycle Score","MeanState","global","score","1","0.942688","50.0"
"Forcings","SurfaceAirTemperature","CARDAMOM","ENSEMBLE-CMIP6","Bias","MeanState","global","scalar","K","0.485675","50.0"
"Forcings","SurfaceAirTemperature","CARDAMOM","ENSEMBLE-CMIP6","Bias Score","MeanState","global","score","1","0.724861","50.0"
"Forcings","SurfaceAirTemperature","CARDAMOM","ENSEMBLE-CMIP6","RMSE","MeanState","global","scalar","K","1.95117","50.0"
"Forcings","SurfaceAirTemperature","CARDAMOM","ENSEMBLE-CMIP6","RMSE Score","MeanState","global","score","1","0.769074","50.0"
"Forcings","SurfaceAirTemperature","CARDAMOM","ENSEMBLE-CMIP6","Overall Score","MeanState","global","score","1","0.841122","50.0"
"Forcings","SurfaceDownwardLWRadiation","CARDAMOM","CESM2","Benchmark Period Mean (intersection)","MeanState","global","scalar","W m-2","323.708","15.0"
"Forcings","SurfaceDownwardLWRadiation","CARDAMOM","CESM2","Benchmark Period Mean (complement)","MeanState","global","scalar","W m-2","nan","15.0"
"Forcings","SurfaceDownwardLWRadiation","CARDAMOM","CESM2","Period Mean (original grids)","MeanState","global","scalar","W m-2","343.273","15.0"
"Forcings","SurfaceDownwardLWRadiation","CARDAMOM","CESM2","Model Period Mean (intersection)","MeanState","global","scalar","W m-2","335.951","15.0"
"Forcings","SurfaceDownwardLWRadiation","CARDAMOM","CESM2","Model Period Mean (complement)","MeanState","global","scalar","W m-2","344.686","15.0"
"Forcings","SurfaceDownwardLWRadiation","CARDAMOM","CESM2","Spatial Distribution Score","MeanState","global","score","1","0.999028","15.0"
"Forcings","SurfaceDownwardLWRadiation","CARDAMOM","CESM2","Phase Shift","MeanState","global","scalar","months","0.551155","15.0"
"Forcings","SurfaceDownwardLWRadiation","CARDAMOM","CESM2","Seasonal Cycle Score","MeanState","global","score","1","0.941096","15.0"
"Forcings","SurfaceDownwardLWRadiation","CARDAMOM","CESM2","Bias","MeanState","global","scalar","W m-2","12.4404","15.0"
"Forcings","SurfaceDownwardLWRadiation","CARDAMOM","CESM2","Bias Score","MeanState","global","score","1","0.639206","15.0"
"Forcings","SurfaceDownwardLWRadiation","CARDAMOM","CESM2","RMSE","MeanState","global","scalar","W m-2","17.1498","15.0"
"Forcings","SurfaceDownwardLWRadiation","CARDAMOM","CESM2","RMSE Score","MeanState","global","score","1","0.736525","15.0"
"Forcings","SurfaceDownwardLWRadiation","CARDAMOM","CESM2","Overall Score","MeanState","global","score","1","0.810476","15.0"
"Forcings","SurfaceDownwardLWRadiation","CARDAMOM","GFDL_ESM4","Benchmark Period Mean (intersection)","MeanState","global","scalar","W m-2","323.922","15.0"
"Forcings","SurfaceDownwardLWRadiation","CARDAMOM","GFDL_ESM4","Benchmark Period Mean (complement)","MeanState","global","scalar","W m-2","nan","15.0"
"Forcings","SurfaceDownwardLWRadiation","CARDAMOM","GFDL_ESM4","Period Mean (original grids)","MeanState","global","scalar","W m-2","337.446","15.0"
"Forcings","SurfaceDownwardLWRadiation","CARDAMOM","GFDL_ESM4","Model Period Mean (intersection)","MeanState","global","scalar","W m-2","329.35","15.0"
"Forcings","SurfaceDownwardLWRadiation","CARDAMOM","GFDL_ESM4","Model Period Mean (complement)","MeanState","global","scalar","W m-2","333.616","15.0"
"Forcings","SurfaceDownwardLWRadiation","CARDAMOM","GFDL_ESM4","Spatial Distribution Score","MeanState","global","score","1","0.998871","15.0"
"Forcings","SurfaceDownwardLWRadiation","CARDAMOM","GFDL_ESM4","Phase Shift","MeanState","global","scalar","months","0.607762","15.0"
"Forcings","SurfaceDownwardLWRadiation","CARDAMOM","GFDL_ESM4","Seasonal Cycle Score","MeanState","global","score","1","0.930279","15.0"
"Forcings","SurfaceDownwardLWRadiation","CARDAMOM","GFDL_ESM4","Bias","MeanState","global","scalar","W m-2","5.32128","15.0"
"Forcings","SurfaceDownwardLWRadiation","CARDAMOM","GFDL_ESM4","Bias Score","MeanState","global","score","1","0.725242","15.0"
"Forcings","SurfaceDownwardLWRadiation","CARDAMOM","GFDL_ESM4","RMSE","MeanState","global","scalar","W m-2","13.8263","15.0"
"Forcings","SurfaceDownwardLWRadiation","CARDAMOM","GFDL_ESM4","RMSE Score","MeanState","global","score","1","0.744541","15.0"
"Forcings","SurfaceDownwardLWRadiation","CARDAMOM","GFDL_ESM4","Overall Score","MeanState","global","score","1","0.828695","15.0"
"Forcings","SurfaceDownwardLWRadiation","CARDAMOM","UKESM1-0-LL","Benchmark Period Mean (intersection)","MeanState","global","scalar","W m-2","323.612","15.0"
"Forcings","SurfaceDownwardLWRadiation","CARDAMOM","UKESM1-0-LL","Benchmark Period Mean (complement)","MeanState","global","scalar","W m-2","nan","15.0"
"Forcings","SurfaceDownwardLWRadiation","CARDAMOM","UKESM1-0-LL","Period Mean (original grids)","MeanState","global","scalar","W m-2","333.687","15.0"
"Forcings","SurfaceDownwardLWRadiation","CARDAMOM","UKESM1-0-LL","Model Period Mean (intersection)","MeanState","global","scalar","W m-2","325.043","15.0"
"Forcings","SurfaceDownwardLWRadiation","CARDAMOM","UKESM1-0-LL","Model Period Mean (complement)","MeanState","global","scalar","W m-2","332.005","15.0"
"Forcings","SurfaceDownwardLWRadiation","CARDAMOM","UKESM1-0-LL","Spatial Distribution Score","MeanState","global","score","1","0.998562","15.0"
"Forcings","SurfaceDownwardLWRadiation","CARDAMOM","UKESM1-0-LL","Phase Shift","MeanState","global","scalar","months","0.595751","15.0"
"Forcings","SurfaceDownwardLWRadiation","CARDAMOM","UKESM1-0-LL","Seasonal Cycle Score","MeanState","global","score","1","0.937439","15.0"
"Forcings","SurfaceDownwardLWRadiation","CARDAMOM","UKESM1-0-LL","Bias","MeanState","global","scalar","W m-2","1.36813","15.0"
"Forcings","SurfaceDownwardLWRadiation","CARDAMOM","UKESM1-0-LL","Bias Score","MeanState","global","score","1","0.740239","15.0"
"Forcings","SurfaceDownwardLWRadiation","CARDAMOM","UKESM1-0-LL","RMSE","MeanState","global","scalar","W m-2","12.4394","15.0"
"Forcings","SurfaceDownwardLWRadiation","CARDAMOM","UKESM1-0-LL","RMSE Score","MeanState","global","score","1","0.760071","15.0"
"Forcings","SurfaceDownwardLWRadiation","CARDAMOM","UKESM1-0-LL","Overall Score","MeanState","global","score","1","0.839276","15.0"
"Forcings","SurfaceDownwardLWRadiation","CARDAMOM","GISS-E2-1-G","Benchmark Period Mean (intersection)","MeanState","global","scalar","W m-2","323.512","15.0"
"Forcings","SurfaceDownwardLWRadiation","CARDAMOM","GISS-E2-1-G","Benchmark Period Mean (complement)","MeanState","global","scalar","W m-2","nan","15.0"
"Forcings","SurfaceDownwardLWRadiation","CARDAMOM","GISS-E2-1-G","Period Mean (original grids)","MeanState","global","scalar","W m-2","348.331","15.0"
"Forcings","SurfaceDownwardLWRadiation","CARDAMOM","GISS-E2-1-G","Model Period Mean (intersection)","MeanState","global","scalar","W m-2","339.353","15.0"
"Forcings","SurfaceDownwardLWRadiation","CARDAMOM","GISS-E2-1-G","Model Period Mean (complement)","MeanState","global","scalar","W m-2","338.136","15.0"
"Forcings","SurfaceDownwardLWRadiation","CARDAMOM","GISS-E2-1-G","Spatial Distribution Score","MeanState","global","score","1","0.9771","15.0"
"Forcings","SurfaceDownwardLWRadiation","CARDAMOM","GISS-E2-1-G","Phase Shift","MeanState","global","scalar","months","0.715188","15.0"
"Forcings","SurfaceDownwardLWRadiation","CARDAMOM","GISS-E2-1-G","Seasonal Cycle Score","MeanState","global","score","1","0.920029","15.0"
"Forcings","SurfaceDownwardLWRadiation","CARDAMOM","GISS-E2-1-G","Bias","MeanState","global","scalar","W m-2","15.7904","15.0"
"Forcings","SurfaceDownwardLWRadiation","CARDAMOM","GISS-E2-1-G","Bias Score","MeanState","global","score","1","0.571387","15.0"
"Forcings","SurfaceDownwardLWRadiation","CARDAMOM","GISS-E2-1-G","RMSE","MeanState","global","scalar","W m-2","22.3345","15.0"
"Forcings","SurfaceDownwardLWRadiation","CARDAMOM","GISS-E2-1-G","RMSE Score","MeanState","global","score","1","0.726167","15.0"
"Forcings","SurfaceDownwardLWRadiation","CARDAMOM","GISS-E2-1-G","Overall Score","MeanState","global","score","1","0.78417","15.0"
"Forcings","SurfaceDownwardLWRadiation","CARDAMOM","BCC-CSM2-MR","Benchmark Period Mean (intersection)","MeanState","global","scalar","W m-2","323.747","15.0"
"Forcings","SurfaceDownwardLWRadiation","CARDAMOM","BCC-CSM2-MR","Benchmark Period Mean (complement)","MeanState","global","scalar","W m-2","nan","15.0"
"Forcings","SurfaceDownwardLWRadiation","CARDAMOM","BCC-CSM2-MR","Period Mean (original grids)","MeanState","global","scalar","W m-2","334.65","15.0"
"Forcings","SurfaceDownwardLWRadiation","CARDAMOM","BCC-CSM2-MR","Model Period Mean (intersection)","MeanState","global","scalar","W m-2","326.649","15.0"
"Forcings","SurfaceDownwardLWRadiation","CARDAMOM","BCC-CSM2-MR","Model Period Mean (complement)","MeanState","global","scalar","W m-2","334.397","15.0"
"Forcings","SurfaceDownwardLWRadiation","CARDAMOM","BCC-CSM2-MR","Spatial Distribution Score","MeanState","global","score","1","0.998849","15.0"
"Forcings","SurfaceDownwardLWRadiation","CARDAMOM","BCC-CSM2-MR","Phase Shift","MeanState","global","scalar","months","0.584345","15.0"
"Forcings","SurfaceDownwardLWRadiation","CARDAMOM","BCC-CSM2-MR","Seasonal Cycle Score","MeanState","global","score","1","0.928747","15.0"
"Forcings","SurfaceDownwardLWRadiation","CARDAMOM","BCC-CSM2-MR","Bias","MeanState","global","scalar","W m-2","3.02027","15.0"
"Forcings","SurfaceDownwardLWRadiation","CARDAMOM","BCC-CSM2-MR","Bias Score","MeanState","global","score","1","0.74622","15.0"
"Forcings","SurfaceDownwardLWRadiation","CARDAMOM","BCC-CSM2-MR","RMSE","MeanState","global","scalar","W m-2","12.8244","15.0"
"Forcings","SurfaceDownwardLWRadiation","CARDAMOM","BCC-CSM2-MR","RMSE Score","MeanState","global","score","1","0.746817","15.0"
"Forcings","SurfaceDownwardLWRadiation","CARDAMOM","BCC-CSM2-MR","Overall Score","MeanState","global","score","1","0.83349","15.0"
"Forcings","SurfaceDownwardLWRadiation","CARDAMOM","NorESM2-LM","Benchmark Period Mean (intersection)","MeanState","global","scalar","W m-2","324.131","15.0"
"Forcings","SurfaceDownwardLWRadiation","CARDAMOM","NorESM2-LM","Benchmark Period Mean (complement)","MeanState","global","scalar","W m-2","nan","15.0"
"Forcings","SurfaceDownwardLWRadiation","CARDAMOM","NorESM2-LM","Period Mean (original grids)","MeanState","global","scalar","W m-2","341.173","15.0"
"Forcings","SurfaceDownwardLWRadiation","CARDAMOM","NorESM2-LM","Model Period Mean (intersection)","MeanState","global","scalar","W m-2","334.744","15.0"
"Forcings","SurfaceDownwardLWRadiation","CARDAMOM","NorESM2-LM","Model Period Mean (complement)","MeanState","global","scalar","W m-2","340.363","15.0"
"Forcings","SurfaceDownwardLWRadiation","CARDAMOM","NorESM2-LM","Spatial Distribution Score","MeanState","global","score","1","0.997015","15.0"
"Forcings","SurfaceDownwardLWRadiation","CARDAMOM","NorESM2-LM","Phase Shift","MeanState","global","scalar","months","0.706217","15.0"
"Forcings","SurfaceDownwardLWRadiation","CARDAMOM","NorESM2-LM","Seasonal Cycle Score","MeanState","global","score","1","0.91185","15.0"
"Forcings","SurfaceDownwardLWRadiation","CARDAMOM","NorESM2-LM","Bias","MeanState","global","scalar","W m-2","10.7949","15.0"
"Forcings","SurfaceDownwardLWRadiation","CARDAMOM","NorESM2-LM","Bias Score","MeanState","global","score","1","0.64395","15.0"
"Forcings","SurfaceDownwardLWRadiation","CARDAMOM","NorESM2-LM","RMSE","MeanState","global","scalar","W m-2","17.0786","15.0"
"Forcings","SurfaceDownwardLWRadiation","CARDAMOM","NorESM2-LM","RMSE Score","MeanState","global","score","1","0.72772","15.0"
"Forcings","SurfaceDownwardLWRadiation","CARDAMOM","NorESM2-LM","Overall Score","MeanState","global","score","1","0.801651","15.0"
"Forcings","SurfaceDownwardLWRadiation","CARDAMOM","MPI-ESM1-2-LR","Benchmark Period Mean (intersection)","MeanState","global","scalar","W m-2","323.786","15.0"
"Forcings","SurfaceDownwardLWRadiation","CARDAMOM","MPI-ESM1-2-LR","Benchmark Period Mean (complement)","MeanState","global","scalar","W m-2","nan","15.0"
"Forcings","SurfaceDownwardLWRadiation","CARDAMOM","MPI-ESM1-2-LR","Period Mean (original grids)","MeanState","global","scalar","W m-2","339.409","15.0"
"Forcings","SurfaceDownwardLWRadiation","CARDAMOM","MPI-ESM1-2-LR","Model Period Mean (intersection)","MeanState","global","scalar","W m-2","330.594","15.0"
"Forcings","SurfaceDownwardLWRadiation","CARDAMOM","MPI-ESM1-2-LR","Model Period Mean (complement)","MeanState","global","scalar","W m-2","336.449","15.0"
"Forcings","SurfaceDownwardLWRadiation","CARDAMOM","MPI-ESM1-2-LR","Spatial Distribution Score","MeanState","global","score","1","0.990006","15.0"
"Forcings","SurfaceDownwardLWRadiation","CARDAMOM","MPI-ESM1-2-LR","Phase Shift","MeanState","global","scalar","months","0.728852","15.0"
"Forcings","SurfaceDownwardLWRadiation","CARDAMOM","MPI-ESM1-2-LR","Seasonal Cycle Score","MeanState","global","score","1","0.90511","15.0"
"Forcings","SurfaceDownwardLWRadiation","CARDAMOM","MPI-ESM1-2-LR","Bias","MeanState","global","scalar","W m-2","6.39742","15.0"
"Forcings","SurfaceDownwardLWRadiation","CARDAMOM","MPI-ESM1-2-LR","Bias Score","MeanState","global","score","1","0.69379","15.0"
"Forcings","SurfaceDownwardLWRadiation","CARDAMOM","MPI-ESM1-2-LR","RMSE","MeanState","global","scalar","W m-2","14.675","15.0"
"Forcings","SurfaceDownwardLWRadiation","CARDAMOM","MPI-ESM1-2-LR","RMSE Score","MeanState","global","score","1","0.742818","15.0"
"Forcings","SurfaceDownwardLWRadiation","CARDAMOM","MPI-ESM1-2-LR","Overall Score","MeanState","global","score","1","0.814909","15.0"
"Forcings","SurfaceDownwardLWRadiation","CARDAMOM","CanESM5","Benchmark Period Mean (intersection)","MeanState","global","scalar","W m-2","323.821","15.0"
"Forcings","SurfaceDownwardLWRadiation","CARDAMOM","CanESM5","Benchmark Period Mean (complement)","MeanState","global","scalar","W m-2","nan","15.0"
"Forcings","SurfaceDownwardLWRadiation","CARDAMOM","CanESM5","Period Mean (original grids)","MeanState","global","scalar","W m-2","333.866","15.0"
"Forcings","SurfaceDownwardLWRadiation","CARDAMOM","CanESM5","Model Period Mean (intersection)","MeanState","global","scalar","W m-2","324.605","15.0"
"Forcings","SurfaceDownwardLWRadiation","CARDAMOM","CanESM5","Model Period Mean (complement)","MeanState","global","scalar","W m-2","334.466","15.0"
"Forcings","SurfaceDownwardLWRadiation","CARDAMOM","CanESM5","Spatial Distribution Score","MeanState","global","score","1","0.998686","15.0"
"Forcings","SurfaceDownwardLWRadiation","CARDAMOM","CanESM5","Phase Shift","MeanState","global","scalar","months","0.767957","15.0"
"Forcings","SurfaceDownwardLWRadiation","CARDAMOM","CanESM5","Seasonal Cycle Score","MeanState","global","score","1","0.907489","15.0"
"Forcings","SurfaceDownwardLWRadiation","CARDAMOM","CanESM5","Bias","MeanState","global","scalar","W m-2","0.37915","15.0"
"Forcings","SurfaceDownwardLWRadiation","CARDAMOM","CanESM5","Bias Score","MeanState","global","score","1","0.679529","15.0"
"Forcings","SurfaceDownwardLWRadiation","CARDAMOM","CanESM5","RMSE","MeanState","global","scalar","W m-2","15.9453","15.0"
"Forcings","SurfaceDownwardLWRadiation","CARDAMOM","CanESM5","RMSE Score","MeanState","global","score","1","0.698959","15.0"
"Forcings","SurfaceDownwardLWRadiation","CARDAMOM","CanESM5","Overall Score","MeanState","global","score","1","0.796724","15.0"
"Forcings","SurfaceDownwardLWRadiation","CARDAMOM","ACCESS-ESM1-5","Benchmark Period Mean (intersection)","MeanState","global","scalar","W m-2","323.777","15.0"
"Forcings","SurfaceDownwardLWRadiation","CARDAMOM","ACCESS-ESM1-5","Benchmark Period Mean (complement)","MeanState","global","scalar","W m-2","nan","15.0"
"Forcings","SurfaceDownwardLWRadiation","CARDAMOM","ACCESS-ESM1-5","Period Mean (original grids)","MeanState","global","scalar","W m-2","341.989","15.0"
"Forcings","SurfaceDownwardLWRadiation","CARDAMOM","ACCESS-ESM1-5","Model Period Mean (intersection)","MeanState","global","scalar","W m-2","332.678","15.0"
"Forcings","SurfaceDownwardLWRadiation","CARDAMOM","ACCESS-ESM1-5","Model Period Mean (complement)","MeanState","global","scalar","W m-2","337.023","15.0"
"Forcings","SurfaceDownwardLWRadiation","CARDAMOM","ACCESS-ESM1-5","Spatial Distribution Score","MeanState","global","score","1","0.998518","15.0"
"Forcings","SurfaceDownwardLWRadiation","CARDAMOM","ACCESS-ESM1-5","Phase Shift","MeanState","global","scalar","months","0.659534","15.0"
"Forcings","SurfaceDownwardLWRadiation","CARDAMOM","ACCESS-ESM1-5","Seasonal Cycle Score","MeanState","global","score","1","0.92091","15.0"
"Forcings","SurfaceDownwardLWRadiation","CARDAMOM","ACCESS-ESM1-5","Bias","MeanState","global","scalar","W m-2","8.97882","15.0"
"Forcings","SurfaceDownwardLWRadiation","CARDAMOM","ACCESS-ESM1-5","Bias Score","MeanState","global","score","1","0.672656","15.0"
"Forcings","SurfaceDownwardLWRadiation","CARDAMOM","ACCESS-ESM1-5","RMSE","MeanState","global","scalar","W m-2","15.6418","15.0"
"Forcings","SurfaceDownwardLWRadiation","CARDAMOM","ACCESS-ESM1-5","RMSE Score","MeanState","global","score","1","0.755029","15.0"
"Forcings","SurfaceDownwardLWRadiation","CARDAMOM","ACCESS-ESM1-5","Overall Score","MeanState","global","score","1","0.820429","15.0"
"Forcings","SurfaceDownwardLWRadiation","CARDAMOM","MIROC-ES2L","Benchmark Period Mean (intersection)","MeanState","global","scalar","W m-2","323.821","15.0"
"Forcings","SurfaceDownwardLWRadiation","CARDAMOM","MIROC-ES2L","Benchmark Period Mean (complement)","MeanState","global","scalar","W m-2","nan","15.0"
"Forcings","SurfaceDownwardLWRadiation","CARDAMOM","MIROC-ES2L","Period Mean (original grids)","MeanState","global","scalar","W m-2","343.443","15.0"
"Forcings","SurfaceDownwardLWRadiation","CARDAMOM","MIROC-ES2L","Model Period Mean (intersection)","MeanState","global","scalar","W m-2","334.078","15.0"
"Forcings","SurfaceDownwardLWRadiation","CARDAMOM","MIROC-ES2L","Model Period Mean (complement)","MeanState","global","scalar","W m-2","340.568","15.0"
"Forcings","SurfaceDownwardLWRadiation","CARDAMOM","MIROC-ES2L","Spatial Distribution Score","MeanState","global","score","1","0.999036","15.0"
"Forcings","SurfaceDownwardLWRadiation","CARDAMOM","MIROC-ES2L","Phase Shift","MeanState","global","scalar","months","0.645141","15.0"
"Forcings","SurfaceDownwardLWRadiation","CARDAMOM","MIROC-ES2L","Seasonal Cycle Score","MeanState","global","score","1","0.919953","15.0"
"Forcings","SurfaceDownwardLWRadiation","CARDAMOM","MIROC-ES2L","Bias","MeanState","global","scalar","W m-2","9.89713","15.0"
"Forcings","SurfaceDownwardLWRadiation","CARDAMOM","MIROC-ES2L","Bias Score","MeanState","global","score","1","0.644561","15.0"
"Forcings","SurfaceDownwardLWRadiation","CARDAMOM","MIROC-ES2L","RMSE","MeanState","global","scalar","W m-2","16.7367","15.0"
"Forcings","SurfaceDownwardLWRadiation","CARDAMOM","MIROC-ES2L","RMSE Score","MeanState","global","score","1","0.741201","15.0"
"Forcings","SurfaceDownwardLWRadiation","CARDAMOM","MIROC-ES2L","Overall Score","MeanState","global","score","1","0.80919","15.0"
"Forcings","SurfaceDownwardLWRadiation","CARDAMOM","ENSEMBLE-CMIP6","Benchmark Period Mean (intersection)","MeanState","global","scalar","W m-2","324.258","15.0"
"Forcings","SurfaceDownwardLWRadiation","CARDAMOM","ENSEMBLE-CMIP6","Benchmark Period Mean (complement)","MeanState","global","scalar","W m-2","nan","15.0"
"Forcings","SurfaceDownwardLWRadiation","CARDAMOM","ENSEMBLE-CMIP6","Period Mean (original grids)","MeanState","global","scalar","W m-2","331.445","15.0"
"Forcings","SurfaceDownwardLWRadiation","CARDAMOM","ENSEMBLE-CMIP6","Model Period Mean (intersection)","MeanState","global","scalar","W m-2","331.135","15.0"
"Forcings","SurfaceDownwardLWRadiation","CARDAMOM","ENSEMBLE-CMIP6","Model Period Mean (complement)","MeanState","global","scalar","W m-2","336.374","15.0"
"Forcings","SurfaceDownwardLWRadiation","CARDAMOM","ENSEMBLE-CMIP6","Spatial Distribution Score","MeanState","global","score","1","0.999265","15.0"
"Forcings","SurfaceDownwardLWRadiation","CARDAMOM","ENSEMBLE-CMIP6","Phase Shift","MeanState","global","scalar","months","0.479334","15.0"
"Forcings","SurfaceDownwardLWRadiation","CARDAMOM","ENSEMBLE-CMIP6","Seasonal Cycle Score","MeanState","global","score","1","0.947136","15.0"
"Forcings","SurfaceDownwardLWRadiation","CARDAMOM","ENSEMBLE-CMIP6","Bias","MeanState","global","scalar","W m-2","6.948","15.0"
"Forcings","SurfaceDownwardLWRadiation","CARDAMOM","ENSEMBLE-CMIP6","Bias Score","MeanState","global","score","1","0.712395","15.0"
"Forcings","SurfaceDownwardLWRadiation","CARDAMOM","ENSEMBLE-CMIP6","RMSE","MeanState","global","scalar","W m-2","12.0149","15.0"
"Forcings","SurfaceDownwardLWRadiation","CARDAMOM","ENSEMBLE-CMIP6","RMSE Score","MeanState","global","score","1","0.799532","15.0"
"Forcings","SurfaceDownwardLWRadiation","CARDAMOM","ENSEMBLE-CMIP6","Overall Score","MeanState","global","score","1","0.851572","15.0"
"Forcings","SurfaceDownwardSWRadiation","CARDAMOM","CESM2","Benchmark Period Mean (intersection)","MeanState","global","scalar","W m-2","195.09","30.0"
"Forcings","SurfaceDownwardSWRadiation","CARDAMOM","CESM2","Benchmark Period Mean (complement)","MeanState","global","scalar","W m-2","nan","30.0"
"Forcings","SurfaceDownwardSWRadiation","CARDAMOM","CESM2","Period Mean (original grids)","MeanState","global","scalar","W m-2","204.356","30.0"
"Forcings","SurfaceDownwardSWRadiation","CARDAMOM","CESM2","Model Period Mean (intersection)","MeanState","global","scalar","W m-2","195.483","30.0"
"Forcings","SurfaceDownwardSWRadiation","CARDAMOM","CESM2","Model Period Mean (complement)","MeanState","global","scalar","W m-2","180.027","30.0"
"Forcings","SurfaceDownwardSWRadiation","CARDAMOM","CESM2","Spatial Distribution Score","MeanState","global","score","1","0.994859","30.0"
"Forcings","SurfaceDownwardSWRadiation","CARDAMOM","CESM2","Phase Shift","MeanState","global","scalar","months","0.671888","30.0"
"Forcings","SurfaceDownwardSWRadiation","CARDAMOM","CESM2","Seasonal Cycle Score","MeanState","global","score","1","0.933119","30.0"
"Forcings","SurfaceDownwardSWRadiation","CARDAMOM","CESM2","Bias","MeanState","global","scalar","W m-2","0.400077","30.0"
"Forcings","SurfaceDownwardSWRadiation","CARDAMOM","CESM2","Bias Score","MeanState","global","score","1","0.78582","30.0"
"Forcings","SurfaceDownwardSWRadiation","CARDAMOM","CESM2","RMSE","MeanState","global","scalar","W m-2","18.2114","30.0"
"Forcings","SurfaceDownwardSWRadiation","CARDAMOM","CESM2","RMSE Score","MeanState","global","score","1","0.745729","30.0"
"Forcings","SurfaceDownwardSWRadiation","CARDAMOM","CESM2","Overall Score","MeanState","global","score","1","0.841051","30.0"
"Forcings","SurfaceDownwardSWRadiation","CARDAMOM","GFDL_ESM4","Benchmark Period Mean (intersection)","MeanState","global","scalar","W m-2","195.143","30.0"
"Forcings","SurfaceDownwardSWRadiation","CARDAMOM","GFDL_ESM4","Benchmark Period Mean (complement)","MeanState","global","scalar","W m-2","nan","30.0"
"Forcings","SurfaceDownwardSWRadiation","CARDAMOM","GFDL_ESM4","Period Mean (original grids)","MeanState","global","scalar","W m-2","199.872","30.0"
"Forcings","SurfaceDownwardSWRadiation","CARDAMOM","GFDL_ESM4","Model Period Mean (intersection)","MeanState","global","scalar","W m-2","192.381","30.0"
"Forcings","SurfaceDownwardSWRadiation","CARDAMOM","GFDL_ESM4","Model Period Mean (complement)","MeanState","global","scalar","W m-2","177.271","30.0"
"Forcings","SurfaceDownwardSWRadiation","CARDAMOM","GFDL_ESM4","Spatial Distribution Score","MeanState","global","score","1","0.99305","30.0"
"Forcings","SurfaceDownwardSWRadiation","CARDAMOM","GFDL_ESM4","Phase Shift","MeanState","global","scalar","months","0.70354","30.0"
"Forcings","SurfaceDownwardSWRadiation","CARDAMOM","GFDL_ESM4","Seasonal Cycle Score","MeanState","global","score","1","0.929998","30.0"
"Forcings","SurfaceDownwardSWRadiation","CARDAMOM","GFDL_ESM4","Bias","MeanState","global","scalar","W m-2","-2.80197","30.0"
"Forcings","SurfaceDownwardSWRadiation","CARDAMOM","GFDL_ESM4","Bias Score","MeanState","global","score","1","0.787123","30.0"
"Forcings","SurfaceDownwardSWRadiation","CARDAMOM","GFDL_ESM4","RMSE","MeanState","global","scalar","W m-2","19.1453","30.0"
"Forcings","SurfaceDownwardSWRadiation","CARDAMOM","GFDL_ESM4","RMSE Score","MeanState","global","score","1","0.730031","30.0"
"Forcings","SurfaceDownwardSWRadiation","CARDAMOM","GFDL_ESM4","Overall Score","MeanState","global","score","1","0.834047","30.0"
"Forcings","SurfaceDownwardSWRadiation","CARDAMOM","CNRM-ESM2-1","Benchmark Period Mean (intersection)","MeanState","global","scalar","W m-2","195.055","30.0"
"Forcings","SurfaceDownwardSWRadiation","CARDAMOM","CNRM-ESM2-1","Benchmark Period Mean (complement)","MeanState","global","scalar","W m-2","nan","30.0"
"Forcings","SurfaceDownwardSWRadiation","CARDAMOM","CNRM-ESM2-1","Period Mean (original grids)","MeanState","global","scalar","W m-2","199.042","30.0"
"Forcings","SurfaceDownwardSWRadiation","CARDAMOM","CNRM-ESM2-1","Model Period Mean (intersection)","MeanState","global","scalar","W m-2","200.233","30.0"
"Forcings","SurfaceDownwardSWRadiation","CARDAMOM","CNRM-ESM2-1","Model Period Mean (complement)","MeanState","global","scalar","W m-2","185.939","30.0"
"Forcings","SurfaceDownwardSWRadiation","CARDAMOM","CNRM-ESM2-1","Spatial Distribution Score","MeanState","global","score","1","0.990845","30.0"
"Forcings","SurfaceDownwardSWRadiation","CARDAMOM","CNRM-ESM2-1","Phase Shift","MeanState","global","scalar","months","0.663415","30.0"
"Forcings","SurfaceDownwardSWRadiation","CARDAMOM","CNRM-ESM2-1","Seasonal Cycle Score","MeanState","global","score","1","0.934501","30.0"
"Forcings","SurfaceDownwardSWRadiation","CARDAMOM","CNRM-ESM2-1","Bias","MeanState","global","scalar","W m-2","5.14671","30.0"
"Forcings","SurfaceDownwardSWRadiation","CARDAMOM","CNRM-ESM2-1","Bias Score","MeanState","global","score","1","0.774778","30.0"
"Forcings","SurfaceDownwardSWRadiation","CARDAMOM","CNRM-ESM2-1","RMSE","MeanState","global","scalar","W m-2","19.5687","30.0"
"Forcings","SurfaceDownwardSWRadiation","CARDAMOM","CNRM-ESM2-1","RMSE Score","MeanState","global","score","1","0.734576","30.0"
"Forcings","SurfaceDownwardSWRadiation","CARDAMOM","CNRM-ESM2-1","Overall Score","MeanState","global","score","1","0.833855","30.0"
"Forcings","SurfaceDownwardSWRadiation","CARDAMOM","UKESM1-0-LL","Benchmark Period Mean (intersection)","MeanState","global","scalar","W m-2","195.006","30.0"
"Forcings","SurfaceDownwardSWRadiation","CARDAMOM","UKESM1-0-LL","Benchmark Period Mean (complement)","MeanState","global","scalar","W m-2","nan","30.0"
"Forcings","SurfaceDownwardSWRadiation","CARDAMOM","UKESM1-0-LL","Period Mean (original grids)","MeanState","global","scalar","W m-2","211.053","30.0"
"Forcings","SurfaceDownwardSWRadiation","CARDAMOM","UKESM1-0-LL","Model Period Mean (intersection)","MeanState","global","scalar","W m-2","204.586","30.0"
"Forcings","SurfaceDownwardSWRadiation","CARDAMOM","UKESM1-0-LL","Model Period Mean (complement)","MeanState","global","scalar","W m-2","185.832","30.0"
"Forcings","SurfaceDownwardSWRadiation","CARDAMOM","UKESM1-0-LL","Spatial Distribution Score","MeanState","global","score","1","0.990874","30.0"
"Forcings","SurfaceDownwardSWRadiation","CARDAMOM","UKESM1-0-LL","Phase Shift","MeanState","global","scalar","months","0.717754","30.0"
"Forcings","SurfaceDownwardSWRadiation","CARDAMOM","UKESM1-0-LL","Seasonal Cycle Score","MeanState","global","score","1","0.926245","30.0"
"Forcings","SurfaceDownwardSWRadiation","CARDAMOM","UKESM1-0-LL","Bias","MeanState","global","scalar","W m-2","9.55069","30.0"
"Forcings","SurfaceDownwardSWRadiation","CARDAMOM","UKESM1-0-LL","Bias Score","MeanState","global","score","1","0.730594","30.0"
"Forcings","SurfaceDownwardSWRadiation","CARDAMOM","UKESM1-0-LL","RMSE","MeanState","global","scalar","W m-2","21.0059","30.0"
"Forcings","SurfaceDownwardSWRadiation","CARDAMOM","UKESM1-0-LL","RMSE Score","MeanState","global","score","1","0.74263","30.0"
"Forcings","SurfaceDownwardSWRadiation","CARDAMOM","UKESM1-0-LL","Overall Score","MeanState","global","score","1","0.826594","30.0"
"Forcings","SurfaceDownwardSWRadiation","CARDAMOM","GISS-E2-1-G","Benchmark Period Mean (intersection)","MeanState","global","scalar","W m-2","194.818","30.0"
"Forcings","SurfaceDownwardSWRadiation","CARDAMOM","GISS-E2-1-G","Benchmark Period Mean (complement)","MeanState","global","scalar","W m-2","nan","30.0"
"Forcings","SurfaceDownwardSWRadiation","CARDAMOM","GISS-E2-1-G","Period Mean (original grids)","MeanState","global","scalar","W m-2","190.133","30.0"
"Forcings","SurfaceDownwardSWRadiation","CARDAMOM","GISS-E2-1-G","Model Period Mean (intersection)","MeanState","global","scalar","W m-2","183.253","30.0"
"Forcings","SurfaceDownwardSWRadiation","CARDAMOM","GISS-E2-1-G","Model Period Mean (complement)","MeanState","global","scalar","W m-2","175.281","30.0"
"Forcings","SurfaceDownwardSWRadiation","CARDAMOM","GISS-E2-1-G","Spatial Distribution Score","MeanState","global","score","1","0.996632","30.0"
"Forcings","SurfaceDownwardSWRadiation","CARDAMOM","GISS-E2-1-G","Phase Shift","MeanState","global","scalar","months","0.678527","30.0"
"Forcings","SurfaceDownwardSWRadiation","CARDAMOM","GISS-E2-1-G","Seasonal Cycle Score","MeanState","global","score","1","0.930787","30.0"
"Forcings","SurfaceDownwardSWRadiation","CARDAMOM","GISS-E2-1-G","Bias","MeanState","global","scalar","W m-2","-11.6082","30.0"
"Forcings","SurfaceDownwardSWRadiation","CARDAMOM","GISS-E2-1-G","Bias Score","MeanState","global","score","1","0.734926","30.0"
"Forcings","SurfaceDownwardSWRadiation","CARDAMOM","GISS-E2-1-G","RMSE","MeanState","global","scalar","W m-2","23.2718","30.0"
"Forcings","SurfaceDownwardSWRadiation","CARDAMOM","GISS-E2-1-G","RMSE Score","MeanState","global","score","1","0.719082","30.0"
"Forcings","SurfaceDownwardSWRadiation","CARDAMOM","GISS-E2-1-G","Overall Score","MeanState","global","score","1","0.820102","30.0"
"Forcings","SurfaceDownwardSWRadiation","CARDAMOM","BCC-CSM2-MR","Benchmark Period Mean (intersection)","MeanState","global","scalar","W m-2","195.135","30.0"
"Forcings","SurfaceDownwardSWRadiation","CARDAMOM","BCC-CSM2-MR","Benchmark Period Mean (complement)","MeanState","global","scalar","W m-2","nan","30.0"
"Forcings","SurfaceDownwardSWRadiation","CARDAMOM","BCC-CSM2-MR","Period Mean (original grids)","MeanState","global","scalar","W m-2","205.251","30.0"
"Forcings","SurfaceDownwardSWRadiation","CARDAMOM","BCC-CSM2-MR","Model Period Mean (intersection)","MeanState","global","scalar","W m-2","194.668","30.0"
"Forcings","SurfaceDownwardSWRadiation","CARDAMOM","BCC-CSM2-MR","Model Period Mean (complement)","MeanState","global","scalar","W m-2","179.102","30.0"
"Forcings","SurfaceDownwardSWRadiation","CARDAMOM","BCC-CSM2-MR","Spatial Distribution Score","MeanState","global","score","1","0.973202","30.0"
"Forcings","SurfaceDownwardSWRadiation","CARDAMOM","BCC-CSM2-MR","Phase Shift","MeanState","global","scalar","months","0.754044","30.0"
"Forcings","SurfaceDownwardSWRadiation","CARDAMOM","BCC-CSM2-MR","Seasonal Cycle Score","MeanState","global","score","1","0.921491","30.0"
"Forcings","SurfaceDownwardSWRadiation","CARDAMOM","BCC-CSM2-MR","Bias","MeanState","global","scalar","W m-2","-0.347447","30.0"
"Forcings","SurfaceDownwardSWRadiation","CARDAMOM","BCC-CSM2-MR","Bias Score","MeanState","global","score","1","0.715644","30.0"
"Forcings","SurfaceDownwardSWRadiation","CARDAMOM","BCC-CSM2-MR","RMSE","MeanState","global","scalar","W m-2","25.1923","30.0"
"Forcings","SurfaceDownwardSWRadiation","CARDAMOM","BCC-CSM2-MR","RMSE Score","MeanState","global","score","1","0.709127","30.0"
"Forcings","SurfaceDownwardSWRadiation","CARDAMOM","BCC-CSM2-MR","Overall Score","MeanState","global","score","1","0.805718","30.0"
"Forcings","SurfaceDownwardSWRadiation","CARDAMOM","NorESM2-LM","Benchmark Period Mean (intersection)","MeanState","global","scalar","W m-2","195.276","30.0"
"Forcings","SurfaceDownwardSWRadiation","CARDAMOM","NorESM2-LM","Benchmark Period Mean (complement)","MeanState","global","scalar","W m-2","nan","30.0"
"Forcings","SurfaceDownwardSWRadiation","CARDAMOM","NorESM2-LM","Period Mean (original grids)","MeanState","global","scalar","W m-2","205.235","30.0"
"Forcings","SurfaceDownwardSWRadiation","CARDAMOM","NorESM2-LM","Model Period Mean (intersection)","MeanState","global","scalar","W m-2","196.222","30.0"
"Forcings","SurfaceDownwardSWRadiation","CARDAMOM","NorESM2-LM","Model Period Mean (complement)","MeanState","global","scalar","W m-2","175.467","30.0"
"Forcings","SurfaceDownwardSWRadiation","CARDAMOM","NorESM2-LM","Spatial Distribution Score","MeanState","global","score","1","0.987857","30.0"
"Forcings","SurfaceDownwardSWRadiation","CARDAMOM","NorESM2-LM","Phase Shift","MeanState","global","scalar","months","0.736246","30.0"
"Forcings","SurfaceDownwardSWRadiation","CARDAMOM","NorESM2-LM","Seasonal Cycle Score","MeanState","global","score","1","0.924823","30.0"
"Forcings","SurfaceDownwardSWRadiation","CARDAMOM","NorESM2-LM","Bias","MeanState","global","scalar","W m-2","0.931616","30.0"
"Forcings","SurfaceDownwardSWRadiation","CARDAMOM","NorESM2-LM","Bias Score","MeanState","global","score","1","0.765041","30.0"
"Forcings","SurfaceDownwardSWRadiation","CARDAMOM","NorESM2-LM","RMSE","MeanState","global","scalar","W m-2","20.3477","30.0"
"Forcings","SurfaceDownwardSWRadiation","CARDAMOM","NorESM2-LM","RMSE Score","MeanState","global","score","1","0.728377","30.0"
"Forcings","SurfaceDownwardSWRadiation","CARDAMOM","NorESM2-LM","Overall Score","MeanState","global","score","1","0.826895","30.0"
"Forcings","SurfaceDownwardSWRadiation","CARDAMOM","MPI-ESM1-2-LR","Benchmark Period Mean (intersection)","MeanState","global","scalar","W m-2","195.125","30.0"
"Forcings","SurfaceDownwardSWRadiation","CARDAMOM","MPI-ESM1-2-LR","Benchmark Period Mean (complement)","MeanState","global","scalar","W m-2","nan","30.0"
"Forcings","SurfaceDownwardSWRadiation","CARDAMOM","MPI-ESM1-2-LR","Period Mean (original grids)","MeanState","global","scalar","W m-2","208.447","30.0"
"Forcings","SurfaceDownwardSWRadiation","CARDAMOM","MPI-ESM1-2-LR","Model Period Mean (intersection)","MeanState","global","scalar","W m-2","196.701","30.0"
"Forcings","SurfaceDownwardSWRadiation","CARDAMOM","MPI-ESM1-2-LR","Model Period Mean (complement)","MeanState","global","scalar","W m-2","185.187","30.0"
"Forcings","SurfaceDownwardSWRadiation","CARDAMOM","MPI-ESM1-2-LR","Spatial Distribution Score","MeanState","global","score","1","0.973619","30.0"
"Forcings","SurfaceDownwardSWRadiation","CARDAMOM","MPI-ESM1-2-LR","Phase Shift","MeanState","global","scalar","months","0.721055","30.0"
"Forcings","SurfaceDownwardSWRadiation","CARDAMOM","MPI-ESM1-2-LR","Seasonal Cycle Score","MeanState","global","score","1","0.921417","30.0"
"Forcings","SurfaceDownwardSWRadiation","CARDAMOM","MPI-ESM1-2-LR","Bias","MeanState","global","scalar","W m-2","1.54114","30.0"
"Forcings","SurfaceDownwardSWRadiation","CARDAMOM","MPI-ESM1-2-LR","Bias Score","MeanState","global","score","1","0.740553","30.0"
"Forcings","SurfaceDownwardSWRadiation","CARDAMOM","MPI-ESM1-2-LR","RMSE","MeanState","global","scalar","W m-2","22.3728","30.0"
"Forcings","SurfaceDownwardSWRadiation","CARDAMOM","MPI-ESM1-2-LR","RMSE Score","MeanState","global","score","1","0.717525","30.0"
"Forcings","SurfaceDownwardSWRadiation","CARDAMOM","MPI-ESM1-2-LR","Overall Score","MeanState","global","score","1","0.814128","30.0"
"Forcings","SurfaceDownwardSWRadiation","CARDAMOM","CanESM5","Benchmark Period Mean (intersection)","MeanState","global","scalar","W m-2","194.927","30.0"
"Forcings","SurfaceDownwardSWRadiation","CARDAMOM","CanESM5","Benchmark Period Mean (complement)","MeanState","global","scalar","W m-2","nan","30.0"
"Forcings","SurfaceDownwardSWRadiation","CARDAMOM","CanESM5","Period Mean (original grids)","MeanState","global","scalar","W m-2","210.592","30.0"
"Forcings","SurfaceDownwardSWRadiation","CARDAMOM","CanESM5","Model Period Mean (intersection)","MeanState","global","scalar","W m-2","201.726","30.0"
"Forcings","SurfaceDownwardSWRadiation","CARDAMOM","CanESM5","Model Period Mean (complement)","MeanState","global","scalar","W m-2","181.448","30.0"
"Forcings","SurfaceDownwardSWRadiation","CARDAMOM","CanESM5","Spatial Distribution Score","MeanState","global","score","1","0.995329","30.0"
"Forcings","SurfaceDownwardSWRadiation","CARDAMOM","CanESM5","Phase Shift","MeanState","global","scalar","months","0.805295","30.0"
"Forcings","SurfaceDownwardSWRadiation","CARDAMOM","CanESM5","Seasonal Cycle Score","MeanState","global","score","1","0.912867","30.0"
"Forcings","SurfaceDownwardSWRadiation","CARDAMOM","CanESM5","Bias","MeanState","global","scalar","W m-2","6.57882","30.0"
"Forcings","SurfaceDownwardSWRadiation","CARDAMOM","CanESM5","Bias Score","MeanState","global","score","1","0.747729","30.0"
"Forcings","SurfaceDownwardSWRadiation","CARDAMOM","CanESM5","RMSE","MeanState","global","scalar","W m-2","21.8377","30.0"
"Forcings","SurfaceDownwardSWRadiation","CARDAMOM","CanESM5","RMSE Score","MeanState","global","score","1","0.711001","30.0"
"Forcings","SurfaceDownwardSWRadiation","CARDAMOM","CanESM5","Overall Score","MeanState","global","score","1","0.815586","30.0"
"Forcings","SurfaceDownwardSWRadiation","CARDAMOM","ACCESS-ESM1-5","Benchmark Period Mean (intersection)","MeanState","global","scalar","W m-2","195.011","30.0"
"Forcings","SurfaceDownwardSWRadiation","CARDAMOM","ACCESS-ESM1-5","Benchmark Period Mean (complement)","MeanState","global","scalar","W m-2","nan","30.0"
"Forcings","SurfaceDownwardSWRadiation","CARDAMOM","ACCESS-ESM1-5","Period Mean (original grids)","MeanState","global","scalar","W m-2","214.151","30.0"
"Forcings","SurfaceDownwardSWRadiation","CARDAMOM","ACCESS-ESM1-5","Model Period Mean (intersection)","MeanState","global","scalar","W m-2","204.136","30.0"
"Forcings","SurfaceDownwardSWRadiation","CARDAMOM","ACCESS-ESM1-5","Model Period Mean (complement)","MeanState","global","scalar","W m-2","187.614","30.0"
"Forcings","SurfaceDownwardSWRadiation","CARDAMOM","ACCESS-ESM1-5","Spatial Distribution Score","MeanState","global","score","1","0.97805","30.0"
"Forcings","SurfaceDownwardSWRadiation","CARDAMOM","ACCESS-ESM1-5","Phase Shift","MeanState","global","scalar","months","0.714022","30.0"
"Forcings","SurfaceDownwardSWRadiation","CARDAMOM","ACCESS-ESM1-5","Seasonal Cycle Score","MeanState","global","score","1","0.930386","30.0"
"Forcings","SurfaceDownwardSWRadiation","CARDAMOM","ACCESS-ESM1-5","Bias","MeanState","global","scalar","W m-2","8.97948","30.0"
"Forcings","SurfaceDownwardSWRadiation","CARDAMOM","ACCESS-ESM1-5","Bias Score","MeanState","global","score","1","0.699789","30.0"
"Forcings","SurfaceDownwardSWRadiation","CARDAMOM","ACCESS-ESM1-5","RMSE","MeanState","global","scalar","W m-2","24.7237","30.0"
"Forcings","SurfaceDownwardSWRadiation","CARDAMOM","ACCESS-ESM1-5","RMSE Score","MeanState","global","score","1","0.717183","30.0"
"Forcings","SurfaceDownwardSWRadiation","CARDAMOM","ACCESS-ESM1-5","Overall Score","MeanState","global","score","1","0.808518","30.0"
"Forcings","SurfaceDownwardSWRadiation","CARDAMOM","MIROC-ES2L","Benchmark Period Mean (intersection)","MeanState","global","scalar","W m-2","194.927","30.0"
"Forcings","SurfaceDownwardSWRadiation","CARDAMOM","MIROC-ES2L","Benchmark Period Mean (complement)","MeanState","global","scalar","W m-2","nan","30.0"
"Forcings","SurfaceDownwardSWRadiation","CARDAMOM","MIROC-ES2L","Period Mean (original grids)","MeanState","global","scalar","W m-2","202.228","30.0"
"Forcings","SurfaceDownwardSWRadiation","CARDAMOM","MIROC-ES2L","Model Period Mean (intersection)","MeanState","global","scalar","W m-2","193.502","30.0"
"Forcings","SurfaceDownwardSWRadiation","CARDAMOM","MIROC-ES2L","Model Period Mean (complement)","MeanState","global","scalar","W m-2","175.214","30.0"
"Forcings","SurfaceDownwardSWRadiation","CARDAMOM","MIROC-ES2L","Spatial Distribution Score","MeanState","global","score","1","0.996571","30.0"
"Forcings","SurfaceDownwardSWRadiation","CARDAMOM","MIROC-ES2L","Phase Shift","MeanState","global","scalar","months","0.77254","30.0"
"Forcings","SurfaceDownwardSWRadiation","CARDAMOM","MIROC-ES2L","Seasonal Cycle Score","MeanState","global","score","1","0.912184","30.0"
"Forcings","SurfaceDownwardSWRadiation","CARDAMOM","MIROC-ES2L","Bias","MeanState","global","scalar","W m-2","-1.64467","30.0"
"Forcings","SurfaceDownwardSWRadiation","CARDAMOM","MIROC-ES2L","Bias Score","MeanState","global","score","1","0.784809","30.0"
"Forcings","SurfaceDownwardSWRadiation","CARDAMOM","MIROC-ES2L","RMSE","MeanState","global","scalar","W m-2","18.9055","30.0"
"Forcings","SurfaceDownwardSWRadiation","CARDAMOM","MIROC-ES2L","RMSE Score","MeanState","global","score","1","0.728451","30.0"
"Forcings","SurfaceDownwardSWRadiation","CARDAMOM","MIROC-ES2L","Overall Score","MeanState","global","score","1","0.830093","30.0"
"Forcings","SurfaceDownwardSWRadiation","CARDAMOM","IPSL-CM6A-LR","Benchmark Period Mean (intersection)","MeanState","global","scalar","W m-2","195.086","30.0"
"Forcings","SurfaceDownwardSWRadiation","CARDAMOM","IPSL-CM6A-LR","Benchmark Period Mean (complement)","MeanState","global","scalar","W m-2","nan","30.0"
"Forcings","SurfaceDownwardSWRadiation","CARDAMOM","IPSL-CM6A-LR","Period Mean (original grids)","MeanState","global","scalar","W m-2","197.226","30.0"
"Forcings","SurfaceDownwardSWRadiation","CARDAMOM","IPSL-CM6A-LR","Model Period Mean (intersection)","MeanState","global","scalar","W m-2","198.999","30.0"
"Forcings","SurfaceDownwardSWRadiation","CARDAMOM","IPSL-CM6A-LR","Model Period Mean (complement)","MeanState","global","scalar","W m-2","179.95","30.0"
"Forcings","SurfaceDownwardSWRadiation","CARDAMOM","IPSL-CM6A-LR","Spatial Distribution Score","MeanState","global","score","1","0.996071","30.0"
"Forcings","SurfaceDownwardSWRadiation","CARDAMOM","IPSL-CM6A-LR","Phase Shift","MeanState","global","scalar","months","0.801176","30.0"
"Forcings","SurfaceDownwardSWRadiation","CARDAMOM","IPSL-CM6A-LR","Seasonal Cycle Score","MeanState","global","score","1","0.9166","30.0"
"Forcings","SurfaceDownwardSWRadiation","CARDAMOM","IPSL-CM6A-LR","Bias","MeanState","global","scalar","W m-2","3.89971","30.0"
"Forcings","SurfaceDownwardSWRadiation","CARDAMOM","IPSL-CM6A-LR","Bias Score","MeanState","global","score","1","0.756936","30.0"
"Forcings","SurfaceDownwardSWRadiation","CARDAMOM","IPSL-CM6A-LR","RMSE","MeanState","global","scalar","W m-2","23.5143","30.0"
"Forcings","SurfaceDownwardSWRadiation","CARDAMOM","IPSL-CM6A-LR","RMSE Score","MeanState","global","score","1","0.688324","30.0"
"Forcings","SurfaceDownwardSWRadiation","CARDAMOM","IPSL-CM6A-LR","Overall Score","MeanState","global","score","1","0.809251","30.0"
"Forcings","SurfaceDownwardSWRadiation","CARDAMOM","ENSEMBLE-CMIP6","Benchmark Period Mean (intersection)","MeanState","global","scalar","W m-2","195.405","30.0"
"Forcings","SurfaceDownwardSWRadiation","CARDAMOM","ENSEMBLE-CMIP6","Benchmark Period Mean (complement)","MeanState","global","scalar","W m-2","nan","30.0"
"Forcings","SurfaceDownwardSWRadiation","CARDAMOM","ENSEMBLE-CMIP6","Period Mean (original grids)","MeanState","global","scalar","W m-2","196.782","30.0"
"Forcings","SurfaceDownwardSWRadiation","CARDAMOM","ENSEMBLE-CMIP6","Model Period Mean (intersection)","MeanState","global","scalar","W m-2","198.426","30.0"
"Forcings","SurfaceDownwardSWRadiation","CARDAMOM","ENSEMBLE-CMIP6","Model Period Mean (complement)","MeanState","global","scalar","W m-2","180.847","30.0"
"Forcings","SurfaceDownwardSWRadiation","CARDAMOM","ENSEMBLE-CMIP6","Spatial Distribution Score","MeanState","global","score","1","0.995649","30.0"
"Forcings","SurfaceDownwardSWRadiation","CARDAMOM","ENSEMBLE-CMIP6","Phase Shift","MeanState","global","scalar","months","0.558956","30.0"
"Forcings","SurfaceDownwardSWRadiation","CARDAMOM","ENSEMBLE-CMIP6","Seasonal Cycle Score","MeanState","global","score","1","0.946786","30.0"
"Forcings","SurfaceDownwardSWRadiation","CARDAMOM","ENSEMBLE-CMIP6","Bias","MeanState","global","scalar","W m-2","3.09308","30.0"
"Forcings","SurfaceDownwardSWRadiation","CARDAMOM","ENSEMBLE-CMIP6","Bias Score","MeanState","global","score","1","0.797733","30.0"
"Forcings","SurfaceDownwardSWRadiation","CARDAMOM","ENSEMBLE-CMIP6","RMSE","MeanState","global","scalar","W m-2","15.2979","30.0"
"Forcings","SurfaceDownwardSWRadiation","CARDAMOM","ENSEMBLE-CMIP6","RMSE Score","MeanState","global","score","1","0.790922","30.0"
"Forcings","SurfaceDownwardSWRadiation","CARDAMOM","ENSEMBLE-CMIP6","Overall Score","MeanState","global","score","1","0.864403","30.0"
"EcosystemandCarbonCycle","HeterotrophicRespiration","CARDAMOM","CESM2","Benchmark Period Mean (intersection)","MeanState","global","scalar","Pg yr-1","69.3287","16.0"
"EcosystemandCarbonCycle","HeterotrophicRespiration","CARDAMOM","CESM2","Benchmark Period Mean (complement)","MeanState","global","scalar","Pg yr-1","2.48855","16.0"
"EcosystemandCarbonCycle","HeterotrophicRespiration","CARDAMOM","CESM2","Period Mean (original grids)","MeanState","global","scalar","Pg yr-1","48.2152","16.0"
"EcosystemandCarbonCycle","HeterotrophicRespiration","CARDAMOM","CESM2","Model Period Mean (intersection)","MeanState","global","scalar","Pg yr-1","43.3751","16.0"
"EcosystemandCarbonCycle","HeterotrophicRespiration","CARDAMOM","CESM2","Model Period Mean (complement)","MeanState","global","scalar","Pg yr-1","4.80764","16.0"
"EcosystemandCarbonCycle","HeterotrophicRespiration","CARDAMOM","CESM2","Spatial Distribution Score","MeanState","global","score","1","0.585233","16.0"
"EcosystemandCarbonCycle","HeterotrophicRespiration","CARDAMOM","CESM2","Phase Shift","MeanState","global","scalar","months","2.06312","16.0"
"EcosystemandCarbonCycle","HeterotrophicRespiration","CARDAMOM","CESM2","Seasonal Cycle Score","MeanState","global","score","1","0.714517","16.0"
"EcosystemandCarbonCycle","HeterotrophicRespiration","CARDAMOM","CESM2","Interannual Variability Score","MeanState","global","score","1","0.571216","16.0"
"EcosystemandCarbonCycle","HeterotrophicRespiration","CARDAMOM","CESM2","Bias","MeanState","global","scalar","g m-2 d-1","-0.519127","16.0"
"EcosystemandCarbonCycle","HeterotrophicRespiration","CARDAMOM","CESM2","Bias Score","MeanState","global","score","1","0.208036","16.0"
"EcosystemandCarbonCycle","HeterotrophicRespiration","CARDAMOM","CESM2","RMSE","MeanState","global","scalar","g m-2 d-1","1.06597","16.0"
"EcosystemandCarbonCycle","HeterotrophicRespiration","CARDAMOM","CESM2","RMSE Score","MeanState","global","score","1","0.425124","16.0"
"EcosystemandCarbonCycle","HeterotrophicRespiration","CARDAMOM","CESM2","Overall Score","MeanState","global","score","1","0.488208","16.0"
"EcosystemandCarbonCycle","HeterotrophicRespiration","CARDAMOM","GFDL_ESM4","Benchmark Period Mean (intersection)","MeanState","global","scalar","Pg yr-1","73.0125","16.0"
"EcosystemandCarbonCycle","HeterotrophicRespiration","CARDAMOM","GFDL_ESM4","Benchmark Period Mean (complement)","MeanState","global","scalar","Pg yr-1","nan","16.0"
"EcosystemandCarbonCycle","HeterotrophicRespiration","CARDAMOM","GFDL_ESM4","Period Mean (original grids)","MeanState","global","scalar","Pg yr-1","53.352","16.0"
"EcosystemandCarbonCycle","HeterotrophicRespiration","CARDAMOM","GFDL_ESM4","Model Period Mean (intersection)","MeanState","global","scalar","Pg yr-1","47.9701","16.0"
"EcosystemandCarbonCycle","HeterotrophicRespiration","CARDAMOM","GFDL_ESM4","Model Period Mean (complement)","MeanState","global","scalar","Pg yr-1","6.57195","16.0"
"EcosystemandCarbonCycle","HeterotrophicRespiration","CARDAMOM","GFDL_ESM4","Spatial Distribution Score","MeanState","global","score","1","0.652904","16.0"
"EcosystemandCarbonCycle","HeterotrophicRespiration","CARDAMOM","GFDL_ESM4","Phase Shift","MeanState","global","scalar","months","1.6887","16.0"
"EcosystemandCarbonCycle","HeterotrophicRespiration","CARDAMOM","GFDL_ESM4","Seasonal Cycle Score","MeanState","global","score","1","0.671509","16.0"
"EcosystemandCarbonCycle","HeterotrophicRespiration","CARDAMOM","GFDL_ESM4","Interannual Variability Score","MeanState","global","score","1","0.534837","16.0"
"EcosystemandCarbonCycle","HeterotrophicRespiration","CARDAMOM","GFDL_ESM4","Bias","MeanState","global","scalar","g m-2 d-1","-0.489062","16.0"
"EcosystemandCarbonCycle","HeterotrophicRespiration","CARDAMOM","GFDL_ESM4","Bias Score","MeanState","global","score","1","0.217272","16.0"
"EcosystemandCarbonCycle","HeterotrophicRespiration","CARDAMOM","GFDL_ESM4","RMSE","MeanState","global","scalar","g m-2 d-1","0.981648","16.0"
"EcosystemandCarbonCycle","HeterotrophicRespiration","CARDAMOM","GFDL_ESM4","RMSE Score","MeanState","global","score","1","0.387507","16.0"
"EcosystemandCarbonCycle","HeterotrophicRespiration","CARDAMOM","GFDL_ESM4","Overall Score","MeanState","global","score","1","0.475256","16.0"
"EcosystemandCarbonCycle","HeterotrophicRespiration","CARDAMOM","CNRM-ESM2-1","Benchmark Period Mean (intersection)","MeanState","global","scalar","Pg yr-1","71.4871","16.0"
"EcosystemandCarbonCycle","HeterotrophicRespiration","CARDAMOM","CNRM-ESM2-1","Benchmark Period Mean (complement)","MeanState","global","scalar","Pg yr-1","1.08419","16.0"
"EcosystemandCarbonCycle","HeterotrophicRespiration","CARDAMOM","CNRM-ESM2-1","Period Mean (original grids)","MeanState","global","scalar","Pg yr-1","51.9046","16.0"
"EcosystemandCarbonCycle","HeterotrophicRespiration","CARDAMOM","CNRM-ESM2-1","Model Period Mean (intersection)","MeanState","global","scalar","Pg yr-1","46.3997","16.0"
"EcosystemandCarbonCycle","HeterotrophicRespiration","CARDAMOM","CNRM-ESM2-1","Model Period Mean (complement)","MeanState","global","scalar","Pg yr-1","5.50598","16.0"
"EcosystemandCarbonCycle","HeterotrophicRespiration","CARDAMOM","CNRM-ESM2-1","Spatial Distribution Score","MeanState","global","score","1","0.462608","16.0"
"EcosystemandCarbonCycle","HeterotrophicRespiration","CARDAMOM","CNRM-ESM2-1","Phase Shift","MeanState","global","scalar","months","2.13362","16.0"
"EcosystemandCarbonCycle","HeterotrophicRespiration","CARDAMOM","CNRM-ESM2-1","Seasonal Cycle Score","MeanState","global","score","1","0.677562","16.0"
"EcosystemandCarbonCycle","HeterotrophicRespiration","CARDAMOM","CNRM-ESM2-1","Interannual Variability Score","MeanState","global","score","1","0.566022","16.0"
"EcosystemandCarbonCycle","HeterotrophicRespiration","CARDAMOM","CNRM-ESM2-1","Bias","MeanState","global","scalar","g m-2 d-1","-0.485411","16.0"
"EcosystemandCarbonCycle","HeterotrophicRespiration","CARDAMOM","CNRM-ESM2-1","Bias Score","MeanState","global","score","1","0.214841","16.0"
"EcosystemandCarbonCycle","HeterotrophicRespiration","CARDAMOM","CNRM-ESM2-1","RMSE","MeanState","global","scalar","g m-2 d-1","1.09742","16.0"
"EcosystemandCarbonCycle","HeterotrophicRespiration","CARDAMOM","CNRM-ESM2-1","RMSE Score","MeanState","global","score","1","0.402252","16.0"
"EcosystemandCarbonCycle","HeterotrophicRespiration","CARDAMOM","CNRM-ESM2-1","Overall Score","MeanState","global","score","1","0.454256","16.0"
"EcosystemandCarbonCycle","HeterotrophicRespiration","CARDAMOM","UKESM1-0-LL","Benchmark Period Mean (intersection)","MeanState","global","scalar","Pg yr-1","70.5952","16.0"
"EcosystemandCarbonCycle","HeterotrophicRespiration","CARDAMOM","UKESM1-0-LL","Benchmark Period Mean (complement)","MeanState","global","scalar","Pg yr-1","1.80997","16.0"
"EcosystemandCarbonCycle","HeterotrophicRespiration","CARDAMOM","UKESM1-0-LL","Period Mean (original grids)","MeanState","global","scalar","Pg yr-1","76.1948","16.0"
"EcosystemandCarbonCycle","HeterotrophicRespiration","CARDAMOM","UKESM1-0-LL","Model Period Mean (intersection)","MeanState","global","scalar","Pg yr-1","68.4919","16.0"
"EcosystemandCarbonCycle","HeterotrophicRespiration","CARDAMOM","UKESM1-0-LL","Model Period Mean (complement)","MeanState","global","scalar","Pg yr-1","7.31394","16.0"
"EcosystemandCarbonCycle","HeterotrophicRespiration","CARDAMOM","UKESM1-0-LL","Spatial Distribution Score","MeanState","global","score","1","0.859831","16.0"
"EcosystemandCarbonCycle","HeterotrophicRespiration","CARDAMOM","UKESM1-0-LL","Phase Shift","MeanState","global","scalar","months","1.50048","16.0"
"EcosystemandCarbonCycle","HeterotrophicRespiration","CARDAMOM","UKESM1-0-LL","Seasonal Cycle Score","MeanState","global","score","1","0.695929","16.0"
"EcosystemandCarbonCycle","HeterotrophicRespiration","CARDAMOM","UKESM1-0-LL","Interannual Variability Score","MeanState","global","score","1","0.339347","16.0"
"EcosystemandCarbonCycle","HeterotrophicRespiration","CARDAMOM","UKESM1-0-LL","Bias","MeanState","global","scalar","g m-2 d-1","-0.0438452","16.0"
"EcosystemandCarbonCycle","HeterotrophicRespiration","CARDAMOM","UKESM1-0-LL","Bias Score","MeanState","global","score","1","0.276297","16.0"
"EcosystemandCarbonCycle","HeterotrophicRespiration","CARDAMOM","UKESM1-0-LL","RMSE","MeanState","global","scalar","g m-2 d-1","1.00555","16.0"
"EcosystemandCarbonCycle","HeterotrophicRespiration","CARDAMOM","UKESM1-0-LL","RMSE Score","MeanState","global","score","1","0.301355","16.0"
"EcosystemandCarbonCycle","HeterotrophicRespiration","CARDAMOM","UKESM1-0-LL","Overall Score","MeanState","global","score","1","0.462352","16.0"
"EcosystemandCarbonCycle","HeterotrophicRespiration","CARDAMOM","BCC-CSM2-MR","Benchmark Period Mean (intersection)","MeanState","global","scalar","Pg yr-1","69.6729","16.0"
"EcosystemandCarbonCycle","HeterotrophicRespiration","CARDAMOM","BCC-CSM2-MR","Benchmark Period Mean (complement)","MeanState","global","scalar","Pg yr-1","2.60782","16.0"
"EcosystemandCarbonCycle","HeterotrophicRespiration","CARDAMOM","BCC-CSM2-MR","Period Mean (original grids)","MeanState","global","scalar","Pg yr-1","58.5048","16.0"
"EcosystemandCarbonCycle","HeterotrophicRespiration","CARDAMOM","BCC-CSM2-MR","Model Period Mean (intersection)","MeanState","global","scalar","Pg yr-1","54.7615","16.0"
"EcosystemandCarbonCycle","HeterotrophicRespiration","CARDAMOM","BCC-CSM2-MR","Model Period Mean (complement)","MeanState","global","scalar","Pg yr-1","4.35421","16.0"
"EcosystemandCarbonCycle","HeterotrophicRespiration","CARDAMOM","BCC-CSM2-MR","Spatial Distribution Score","MeanState","global","score","1","0.733123","16.0"
"EcosystemandCarbonCycle","HeterotrophicRespiration","CARDAMOM","BCC-CSM2-MR","Phase Shift","MeanState","global","scalar","months","1.66235","16.0"
"EcosystemandCarbonCycle","HeterotrophicRespiration","CARDAMOM","BCC-CSM2-MR","Seasonal Cycle Score","MeanState","global","score","1","0.695123","16.0"
"EcosystemandCarbonCycle","HeterotrophicRespiration","CARDAMOM","BCC-CSM2-MR","Interannual Variability Score","MeanState","global","score","1","0.576098","16.0"
"EcosystemandCarbonCycle","HeterotrophicRespiration","CARDAMOM","BCC-CSM2-MR","Bias","MeanState","global","scalar","g m-2 d-1","-0.301152","16.0"
"EcosystemandCarbonCycle","HeterotrophicRespiration","CARDAMOM","BCC-CSM2-MR","Bias Score","MeanState","global","score","1","0.249202","16.0"
"EcosystemandCarbonCycle","HeterotrophicRespiration","CARDAMOM","BCC-CSM2-MR","RMSE","MeanState","global","scalar","g m-2 d-1","0.998361","16.0"
"EcosystemandCarbonCycle","HeterotrophicRespiration","CARDAMOM","BCC-CSM2-MR","RMSE Score","MeanState","global","score","1","0.457856","16.0"
"EcosystemandCarbonCycle","HeterotrophicRespiration","CARDAMOM","BCC-CSM2-MR","Overall Score","MeanState","global","score","1","0.52821","16.0"
"EcosystemandCarbonCycle","HeterotrophicRespiration","CARDAMOM","NorESM2-LM","Benchmark Period Mean (intersection)","MeanState","global","scalar","Pg yr-1","73.1359","16.0"
"EcosystemandCarbonCycle","HeterotrophicRespiration","CARDAMOM","NorESM2-LM","Benchmark Period Mean (complement)","MeanState","global","scalar","Pg yr-1","nan","16.0"
"EcosystemandCarbonCycle","HeterotrophicRespiration","CARDAMOM","NorESM2-LM","Period Mean (original grids)","MeanState","global","scalar","Pg yr-1","50.7207","16.0"
"EcosystemandCarbonCycle","HeterotrophicRespiration","CARDAMOM","NorESM2-LM","Model Period Mean (intersection)","MeanState","global","scalar","Pg yr-1","43.8219","16.0"
"EcosystemandCarbonCycle","HeterotrophicRespiration","CARDAMOM","NorESM2-LM","Model Period Mean (complement)","MeanState","global","scalar","Pg yr-1","6.03579","16.0"
"EcosystemandCarbonCycle","HeterotrophicRespiration","CARDAMOM","NorESM2-LM","Spatial Distribution Score","MeanState","global","score","1","0.557184","16.0"
"EcosystemandCarbonCycle","HeterotrophicRespiration","CARDAMOM","NorESM2-LM","Phase Shift","MeanState","global","scalar","months","2.0765","16.0"
"EcosystemandCarbonCycle","HeterotrophicRespiration","CARDAMOM","NorESM2-LM","Seasonal Cycle Score","MeanState","global","score","1","0.702658","16.0"
"EcosystemandCarbonCycle","HeterotrophicRespiration","CARDAMOM","NorESM2-LM","Interannual Variability Score","MeanState","global","score","1","0.578794","16.0"
"EcosystemandCarbonCycle","HeterotrophicRespiration","CARDAMOM","NorESM2-LM","Bias","MeanState","global","scalar","g m-2 d-1","-0.588847","16.0"
"EcosystemandCarbonCycle","HeterotrophicRespiration","CARDAMOM","NorESM2-LM","Bias Score","MeanState","global","score","1","0.199421","16.0"
"EcosystemandCarbonCycle","HeterotrophicRespiration","CARDAMOM","NorESM2-LM","RMSE","MeanState","global","scalar","g m-2 d-1","1.06183","16.0"
"EcosystemandCarbonCycle","HeterotrophicRespiration","CARDAMOM","NorESM2-LM","RMSE Score","MeanState","global","score","1","0.419949","16.0"
"EcosystemandCarbonCycle","HeterotrophicRespiration","CARDAMOM","NorESM2-LM","Overall Score","MeanState","global","score","1","0.479659","16.0"
"EcosystemandCarbonCycle","HeterotrophicRespiration","CARDAMOM","MPI-ESM1-2-LR","Benchmark Period Mean (intersection)","MeanState","global","scalar","Pg yr-1","62.5242","16.0"
"EcosystemandCarbonCycle","HeterotrophicRespiration","CARDAMOM","MPI-ESM1-2-LR","Benchmark Period Mean (complement)","MeanState","global","scalar","Pg yr-1","9.7127","16.0"
"EcosystemandCarbonCycle","HeterotrophicRespiration","CARDAMOM","MPI-ESM1-2-LR","Period Mean (original grids)","MeanState","global","scalar","Pg yr-1","65.7106","16.0"
"EcosystemandCarbonCycle","HeterotrophicRespiration","CARDAMOM","MPI-ESM1-2-LR","Model Period Mean (intersection)","MeanState","global","scalar","Pg yr-1","63.8804","16.0"
"EcosystemandCarbonCycle","HeterotrophicRespiration","CARDAMOM","MPI-ESM1-2-LR","Model Period Mean (complement)","MeanState","global","scalar","Pg yr-1","2.34604","16.0"
"EcosystemandCarbonCycle","HeterotrophicRespiration","CARDAMOM","MPI-ESM1-2-LR","Spatial Distribution Score","MeanState","global","score","1","0.876951","16.0"
"EcosystemandCarbonCycle","HeterotrophicRespiration","CARDAMOM","MPI-ESM1-2-LR","Phase Shift","MeanState","global","scalar","months","1.7328","16.0"
"EcosystemandCarbonCycle","HeterotrophicRespiration","CARDAMOM","MPI-ESM1-2-LR","Seasonal Cycle Score","MeanState","global","score","1","0.724036","16.0"
"EcosystemandCarbonCycle","HeterotrophicRespiration","CARDAMOM","MPI-ESM1-2-LR","Interannual Variability Score","MeanState","global","score","1","0.4904","16.0"
"EcosystemandCarbonCycle","HeterotrophicRespiration","CARDAMOM","MPI-ESM1-2-LR","Bias","MeanState","global","scalar","g m-2 d-1","0.0163895","16.0"
"EcosystemandCarbonCycle","HeterotrophicRespiration","CARDAMOM","MPI-ESM1-2-LR","Bias Score","MeanState","global","score","1","0.284284","16.0"
"EcosystemandCarbonCycle","HeterotrophicRespiration","CARDAMOM","MPI-ESM1-2-LR","RMSE","MeanState","global","scalar","g m-2 d-1","1.04911","16.0"
"EcosystemandCarbonCycle","HeterotrophicRespiration","CARDAMOM","MPI-ESM1-2-LR","RMSE Score","MeanState","global","score","1","0.32988","16.0"
"EcosystemandCarbonCycle","HeterotrophicRespiration","CARDAMOM","MPI-ESM1-2-LR","Overall Score","MeanState","global","score","1","0.505905","16.0"
"EcosystemandCarbonCycle","HeterotrophicRespiration","CARDAMOM","CanESM5","Benchmark Period Mean (intersection)","MeanState","global","scalar","Pg yr-1","73.4755","16.0"
"EcosystemandCarbonCycle","HeterotrophicRespiration","CARDAMOM","CanESM5","Benchmark Period Mean (complement)","MeanState","global","scalar","Pg yr-1","nan","16.0"
"EcosystemandCarbonCycle","HeterotrophicRespiration","CARDAMOM","CanESM5","Period Mean (original grids)","MeanState","global","scalar","Pg yr-1","99.3273","16.0"
"EcosystemandCarbonCycle","HeterotrophicRespiration","CARDAMOM","CanESM5","Model Period Mean (intersection)","MeanState","global","scalar","Pg yr-1","88.1491","16.0"
"EcosystemandCarbonCycle","HeterotrophicRespiration","CARDAMOM","CanESM5","Model Period Mean (complement)","MeanState","global","scalar","Pg yr-1","10.2325","16.0"
"EcosystemandCarbonCycle","HeterotrophicRespiration","CARDAMOM","CanESM5","Spatial Distribution Score","MeanState","global","score","1","0.868525","16.0"
"EcosystemandCarbonCycle","HeterotrophicRespiration","CARDAMOM","CanESM5","Phase Shift","MeanState","global","scalar","months","1.6029","16.0"
"EcosystemandCarbonCycle","HeterotrophicRespiration","CARDAMOM","CanESM5","Seasonal Cycle Score","MeanState","global","score","1","0.715462","16.0"
"EcosystemandCarbonCycle","HeterotrophicRespiration","CARDAMOM","CanESM5","Interannual Variability Score","MeanState","global","score","1","0.507009","16.0"
"EcosystemandCarbonCycle","HeterotrophicRespiration","CARDAMOM","CanESM5","Bias","MeanState","global","scalar","g m-2 d-1","0.269349","16.0"
"EcosystemandCarbonCycle","HeterotrophicRespiration","CARDAMOM","CanESM5","Bias Score","MeanState","global","score","1","0.264168","16.0"
"EcosystemandCarbonCycle","HeterotrophicRespiration","CARDAMOM","CanESM5","RMSE","MeanState","global","scalar","g m-2 d-1","1.12085","16.0"
"EcosystemandCarbonCycle","HeterotrophicRespiration","CARDAMOM","CanESM5","RMSE Score","MeanState","global","score","1","0.389392","16.0"
"EcosystemandCarbonCycle","HeterotrophicRespiration","CARDAMOM","CanESM5","Overall Score","MeanState","global","score","1","0.522325","16.0"
"EcosystemandCarbonCycle","HeterotrophicRespiration","CARDAMOM","ACCESS-ESM1-5","Benchmark Period Mean (intersection)","MeanState","global","scalar","Pg yr-1","70.7791","16.0"
"EcosystemandCarbonCycle","HeterotrophicRespiration","CARDAMOM","ACCESS-ESM1-5","Benchmark Period Mean (complement)","MeanState","global","scalar","Pg yr-1","1.65128","16.0"
"EcosystemandCarbonCycle","HeterotrophicRespiration","CARDAMOM","ACCESS-ESM1-5","Period Mean (original grids)","MeanState","global","scalar","Pg yr-1","50.8307","16.0"
"EcosystemandCarbonCycle","HeterotrophicRespiration","CARDAMOM","ACCESS-ESM1-5","Model Period Mean (intersection)","MeanState","global","scalar","Pg yr-1","48.9313","16.0"
"EcosystemandCarbonCycle","HeterotrophicRespiration","CARDAMOM","ACCESS-ESM1-5","Model Period Mean (complement)","MeanState","global","scalar","Pg yr-1","1.97161","16.0"
"EcosystemandCarbonCycle","HeterotrophicRespiration","CARDAMOM","ACCESS-ESM1-5","Spatial Distribution Score","MeanState","global","score","1","0.642239","16.0"
"EcosystemandCarbonCycle","HeterotrophicRespiration","CARDAMOM","ACCESS-ESM1-5","Phase Shift","MeanState","global","scalar","months","1.99014","16.0"
"EcosystemandCarbonCycle","HeterotrophicRespiration","CARDAMOM","ACCESS-ESM1-5","Seasonal Cycle Score","MeanState","global","score","1","0.590171","16.0"
"EcosystemandCarbonCycle","HeterotrophicRespiration","CARDAMOM","ACCESS-ESM1-5","Interannual Variability Score","MeanState","global","score","1","0.539093","16.0"
"EcosystemandCarbonCycle","HeterotrophicRespiration","CARDAMOM","ACCESS-ESM1-5","Bias","MeanState","global","scalar","g m-2 d-1","-0.422735","16.0"
"EcosystemandCarbonCycle","HeterotrophicRespiration","CARDAMOM","ACCESS-ESM1-5","Bias Score","MeanState","global","score","1","0.237692","16.0"
"EcosystemandCarbonCycle","HeterotrophicRespiration","CARDAMOM","ACCESS-ESM1-5","RMSE","MeanState","global","scalar","g m-2 d-1","0.970408","16.0"
"EcosystemandCarbonCycle","HeterotrophicRespiration","CARDAMOM","ACCESS-ESM1-5","RMSE Score","MeanState","global","score","1","0.47718","16.0"
"EcosystemandCarbonCycle","HeterotrophicRespiration","CARDAMOM","ACCESS-ESM1-5","Overall Score","MeanState","global","score","1","0.493926","16.0"
"EcosystemandCarbonCycle","HeterotrophicRespiration","CARDAMOM","MIROC-ES2L","Benchmark Period Mean (intersection)","MeanState","global","scalar","Pg yr-1","73.1927","16.0"
"EcosystemandCarbonCycle","HeterotrophicRespiration","CARDAMOM","MIROC-ES2L","Benchmark Period Mean (complement)","MeanState","global","scalar","Pg yr-1","0.28283","16.0"
"EcosystemandCarbonCycle","HeterotrophicRespiration","CARDAMOM","MIROC-ES2L","Period Mean (original grids)","MeanState","global","scalar","Pg yr-1","68.2174","16.0"
"EcosystemandCarbonCycle","HeterotrophicRespiration","CARDAMOM","MIROC-ES2L","Model Period Mean (intersection)","MeanState","global","scalar","Pg yr-1","60.8261","16.0"
"EcosystemandCarbonCycle","HeterotrophicRespiration","CARDAMOM","MIROC-ES2L","Model Period Mean (complement)","MeanState","global","scalar","Pg yr-1","7.14766","16.0"
"EcosystemandCarbonCycle","HeterotrophicRespiration","CARDAMOM","MIROC-ES2L","Spatial Distribution Score","MeanState","global","score","1","0.764763","16.0"
"EcosystemandCarbonCycle","HeterotrophicRespiration","CARDAMOM","MIROC-ES2L","Phase Shift","MeanState","global","scalar","months","2.29152","16.0"
"EcosystemandCarbonCycle","HeterotrophicRespiration","CARDAMOM","MIROC-ES2L","Seasonal Cycle Score","MeanState","global","score","1","0.62975","16.0"
"EcosystemandCarbonCycle","HeterotrophicRespiration","CARDAMOM","MIROC-ES2L","Interannual Variability Score","MeanState","global","score","1","0.570952","16.0"
"EcosystemandCarbonCycle","HeterotrophicRespiration","CARDAMOM","MIROC-ES2L","Bias","MeanState","global","scalar","g m-2 d-1","-0.232545","16.0"
"EcosystemandCarbonCycle","HeterotrophicRespiration","CARDAMOM","MIROC-ES2L","Bias Score","MeanState","global","score","1","0.22099","16.0"
"EcosystemandCarbonCycle","HeterotrophicRespiration","CARDAMOM","MIROC-ES2L","RMSE","MeanState","global","scalar","g m-2 d-1","1.00442","16.0"
"EcosystemandCarbonCycle","HeterotrophicRespiration","CARDAMOM","MIROC-ES2L","RMSE Score","MeanState","global","score","1","0.511708","16.0"
"EcosystemandCarbonCycle","HeterotrophicRespiration","CARDAMOM","MIROC-ES2L","Overall Score","MeanState","global","score","1","0.534979","16.0"
"EcosystemandCarbonCycle","HeterotrophicRespiration","CARDAMOM","IPSL-CM6A-LR","Benchmark Period Mean (intersection)","MeanState","global","scalar","Pg yr-1","70.6341","16.0"
"EcosystemandCarbonCycle","HeterotrophicRespiration","CARDAMOM","IPSL-CM6A-LR","Benchmark Period Mean (complement)","MeanState","global","scalar","Pg yr-1","2.48876","16.0"
"EcosystemandCarbonCycle","HeterotrophicRespiration","CARDAMOM","IPSL-CM6A-LR","Period Mean (original grids)","MeanState","global","scalar","Pg yr-1","51.5731","16.0"
"EcosystemandCarbonCycle","HeterotrophicRespiration","CARDAMOM","IPSL-CM6A-LR","Model Period Mean (intersection)","MeanState","global","scalar","Pg yr-1","47.0646","16.0"
"EcosystemandCarbonCycle","HeterotrophicRespiration","CARDAMOM","IPSL-CM6A-LR","Model Period Mean (complement)","MeanState","global","scalar","Pg yr-1","3.97913","16.0"
"EcosystemandCarbonCycle","HeterotrophicRespiration","CARDAMOM","IPSL-CM6A-LR","Spatial Distribution Score","MeanState","global","score","1","0.611472","16.0"
"EcosystemandCarbonCycle","HeterotrophicRespiration","CARDAMOM","IPSL-CM6A-LR","Phase Shift","MeanState","global","scalar","months","1.93958","16.0"
"EcosystemandCarbonCycle","HeterotrophicRespiration","CARDAMOM","IPSL-CM6A-LR","Seasonal Cycle Score","MeanState","global","score","1","0.607013","16.0"
"EcosystemandCarbonCycle","HeterotrophicRespiration","CARDAMOM","IPSL-CM6A-LR","Interannual Variability Score","MeanState","global","score","1","0.59513","16.0"
"EcosystemandCarbonCycle","HeterotrophicRespiration","CARDAMOM","IPSL-CM6A-LR","Bias","MeanState","global","scalar","g m-2 d-1","-0.458553","16.0"
"EcosystemandCarbonCycle","HeterotrophicRespiration","CARDAMOM","IPSL-CM6A-LR","Bias Score","MeanState","global","score","1","0.261181","16.0"
"EcosystemandCarbonCycle","HeterotrophicRespiration","CARDAMOM","IPSL-CM6A-LR","RMSE","MeanState","global","scalar","g m-2 d-1","0.897911","16.0"
"EcosystemandCarbonCycle","HeterotrophicRespiration","CARDAMOM","IPSL-CM6A-LR","RMSE Score","MeanState","global","score","1","0.479832","16.0"
"EcosystemandCarbonCycle","HeterotrophicRespiration","CARDAMOM","IPSL-CM6A-LR","Overall Score","MeanState","global","score","1","0.505743","16.0"
"EcosystemandCarbonCycle","HeterotrophicRespiration","CARDAMOM","ENSEMBLE-CMIP6","Benchmark Period Mean (intersection)","MeanState","global","scalar","Pg yr-1","73.1672","16.0"
"EcosystemandCarbonCycle","HeterotrophicRespiration","CARDAMOM","ENSEMBLE-CMIP6","Benchmark Period Mean (complement)","MeanState","global","scalar","Pg yr-1","nan","16.0"
"EcosystemandCarbonCycle","HeterotrophicRespiration","CARDAMOM","ENSEMBLE-CMIP6","Period Mean (original grids)","MeanState","global","scalar","Pg yr-1","64.0464","16.0"
"EcosystemandCarbonCycle","HeterotrophicRespiration","CARDAMOM","ENSEMBLE-CMIP6","Model Period Mean (intersection)","MeanState","global","scalar","Pg yr-1","57.155","16.0"
"EcosystemandCarbonCycle","HeterotrophicRespiration","CARDAMOM","ENSEMBLE-CMIP6","Model Period Mean (complement)","MeanState","global","scalar","Pg yr-1","6.58606","16.0"
"EcosystemandCarbonCycle","HeterotrophicRespiration","CARDAMOM","ENSEMBLE-CMIP6","Spatial Distribution Score","MeanState","global","score","1","0.611476","16.0"
"EcosystemandCarbonCycle","HeterotrophicRespiration","CARDAMOM","ENSEMBLE-CMIP6","Phase Shift","MeanState","global","scalar","months","1.46608","16.0"
"EcosystemandCarbonCycle","HeterotrophicRespiration","CARDAMOM","ENSEMBLE-CMIP6","Seasonal Cycle Score","MeanState","global","score","1","0.754261","16.0"
"EcosystemandCarbonCycle","HeterotrophicRespiration","CARDAMOM","ENSEMBLE-CMIP6","Interannual Variability Score","MeanState","global","score","1","0.578844","16.0"
"EcosystemandCarbonCycle","HeterotrophicRespiration","CARDAMOM","ENSEMBLE-CMIP6","Bias","MeanState","global","scalar","g m-2 d-1","-0.316618","16.0"
"EcosystemandCarbonCycle","HeterotrophicRespiration","CARDAMOM","ENSEMBLE-CMIP6","Bias Score","MeanState","global","score","1","0.265049","16.0"
"EcosystemandCarbonCycle","HeterotrophicRespiration","CARDAMOM","ENSEMBLE-CMIP6","RMSE","MeanState","global","scalar","g m-2 d-1","0.846857","16.0"
"EcosystemandCarbonCycle","HeterotrophicRespiration","CARDAMOM","ENSEMBLE-CMIP6","RMSE Score","MeanState","global","score","1","0.499861","16.0"
"EcosystemandCarbonCycle","HeterotrophicRespiration","CARDAMOM","ENSEMBLE-CMIP6","Overall Score","MeanState","global","score","1","0.534892","16.0"
"EcosystemandCarbonCycle","GrossPrimaryProductivity","CARDAMOM","CESM2","Benchmark Period Mean (intersection)","MeanState","global","scalar","Pg yr-1","133.364","75.0"
"EcosystemandCarbonCycle","GrossPrimaryProductivity","CARDAMOM","CESM2","Benchmark Period Mean (complement)","MeanState","global","scalar","Pg yr-1","4.45553","75.0"
"EcosystemandCarbonCycle","GrossPrimaryProductivity","CARDAMOM","CESM2","Period Mean (original grids)","MeanState","global","scalar","Pg yr-1","133.378","75.0"
"EcosystemandCarbonCycle","GrossPrimaryProductivity","CARDAMOM","CESM2","Model Period Mean (intersection)","MeanState","global","scalar","Pg yr-1","119.794","75.0"
"EcosystemandCarbonCycle","GrossPrimaryProductivity","CARDAMOM","CESM2","Model Period Mean (complement)","MeanState","global","scalar","Pg yr-1","13.4789","75.0"
"EcosystemandCarbonCycle","GrossPrimaryProductivity","CARDAMOM","CESM2","Spatial Distribution Score","MeanState","global","score","1","0.935047","75.0"
"EcosystemandCarbonCycle","GrossPrimaryProductivity","CARDAMOM","CESM2","Phase Shift","MeanState","global","scalar","months","1.71609","75.0"
"EcosystemandCarbonCycle","GrossPrimaryProductivity","CARDAMOM","CESM2","Seasonal Cycle Score","MeanState","global","score","1","0.736328","75.0"
"EcosystemandCarbonCycle","GrossPrimaryProductivity","CARDAMOM","CESM2","Interannual Variability Score","MeanState","global","score","1","0.394688","75.0"
"EcosystemandCarbonCycle","GrossPrimaryProductivity","CARDAMOM","CESM2","Bias","MeanState","global","scalar","g m-2 d-1","-0.268667","75.0"
"EcosystemandCarbonCycle","GrossPrimaryProductivity","CARDAMOM","CESM2","Bias Score","MeanState","global","score","1","0.420207","75.0"
"EcosystemandCarbonCycle","GrossPrimaryProductivity","CARDAMOM","CESM2","RMSE","MeanState","global","scalar","g m-2 d-1","1.57424","75.0"
"EcosystemandCarbonCycle","GrossPrimaryProductivity","CARDAMOM","CESM2","RMSE Score","MeanState","global","score","1","0.424728","75.0"
"EcosystemandCarbonCycle","GrossPrimaryProductivity","CARDAMOM","CESM2","Overall Score","MeanState","global","score","1","0.555954","75.0"
"EcosystemandCarbonCycle","GrossPrimaryProductivity","CARDAMOM","CESM2","Precipitation|CARDAMOM Hellinger Distance","Relationships","global","scalar","1","0.750461","75.0"
"EcosystemandCarbonCycle","GrossPrimaryProductivity","CARDAMOM","CESM2","Precipitation|CARDAMOM Score","Relationships","global","score","1","0.834424","75.0"
"EcosystemandCarbonCycle","GrossPrimaryProductivity","CARDAMOM","CESM2","SurfaceDownwardSWRadiation|CARDAMOM Hellinger Distance","Relationships","global","scalar","1","0.671725","75.0"
"EcosystemandCarbonCycle","GrossPrimaryProductivity","CARDAMOM","CESM2","SurfaceDownwardSWRadiation|CARDAMOM Score","Relationships","global","score","1","0.815682","75.0"
"EcosystemandCarbonCycle","GrossPrimaryProductivity","CARDAMOM","CESM2","SurfaceAirTemperature|CARDAMOM Hellinger Distance","Relationships","global","scalar","1","0.685801","75.0"
"EcosystemandCarbonCycle","GrossPrimaryProductivity","CARDAMOM","CESM2","SurfaceAirTemperature|CARDAMOM Score","Relationships","global","score","1","0.792754","75.0"
"EcosystemandCarbonCycle","GrossPrimaryProductivity","CARDAMOM","CESM2","Overall Score","Relationships","global","score","1","0.814287","75.0"
"EcosystemandCarbonCycle","GrossPrimaryProductivity","CARDAMOM","GFDL_ESM4","Benchmark Period Mean (intersection)","MeanState","global","scalar","Pg yr-1","140.023","75.0"
"EcosystemandCarbonCycle","GrossPrimaryProductivity","CARDAMOM","GFDL_ESM4","Benchmark Period Mean (complement)","MeanState","global","scalar","Pg yr-1","nan","75.0"
"EcosystemandCarbonCycle","GrossPrimaryProductivity","CARDAMOM","GFDL_ESM4","Period Mean (original grids)","MeanState","global","scalar","Pg yr-1","129.258","75.0"
"EcosystemandCarbonCycle","GrossPrimaryProductivity","CARDAMOM","GFDL_ESM4","Model Period Mean (intersection)","MeanState","global","scalar","Pg yr-1","116.4","75.0"
"EcosystemandCarbonCycle","GrossPrimaryProductivity","CARDAMOM","GFDL_ESM4","Model Period Mean (complement)","MeanState","global","scalar","Pg yr-1","15.1826","75.0"
"EcosystemandCarbonCycle","GrossPrimaryProductivity","CARDAMOM","GFDL_ESM4","Spatial Distribution Score","MeanState","global","score","1","0.922472","75.0"
"EcosystemandCarbonCycle","GrossPrimaryProductivity","CARDAMOM","GFDL_ESM4","Phase Shift","MeanState","global","scalar","months","1.42427","75.0"
"EcosystemandCarbonCycle","GrossPrimaryProductivity","CARDAMOM","GFDL_ESM4","Seasonal Cycle Score","MeanState","global","score","1","0.744527","75.0"
"EcosystemandCarbonCycle","GrossPrimaryProductivity","CARDAMOM","GFDL_ESM4","Interannual Variability Score","MeanState","global","score","1","0.339628","75.0"
"EcosystemandCarbonCycle","GrossPrimaryProductivity","CARDAMOM","GFDL_ESM4","Bias","MeanState","global","scalar","g m-2 d-1","-0.461405","75.0"
"EcosystemandCarbonCycle","GrossPrimaryProductivity","CARDAMOM","GFDL_ESM4","Bias Score","MeanState","global","score","1","0.431418","75.0"
"EcosystemandCarbonCycle","GrossPrimaryProductivity","CARDAMOM","GFDL_ESM4","RMSE","MeanState","global","scalar","g m-2 d-1","1.47172","75.0"
"EcosystemandCarbonCycle","GrossPrimaryProductivity","CARDAMOM","GFDL_ESM4","RMSE Score","MeanState","global","score","1","0.413272","75.0"
"EcosystemandCarbonCycle","GrossPrimaryProductivity","CARDAMOM","GFDL_ESM4","Overall Score","MeanState","global","score","1","0.544098","75.0"
"EcosystemandCarbonCycle","GrossPrimaryProductivity","CARDAMOM","GFDL_ESM4","Precipitation|CARDAMOM Hellinger Distance","Relationships","global","scalar","1","0.730816","75.0"
"EcosystemandCarbonCycle","GrossPrimaryProductivity","CARDAMOM","GFDL_ESM4","Precipitation|CARDAMOM Score","Relationships","global","score","1","0.805265","75.0"
"EcosystemandCarbonCycle","GrossPrimaryProductivity","CARDAMOM","GFDL_ESM4","SurfaceDownwardSWRadiation|CARDAMOM Hellinger Distance","Relationships","global","scalar","1","0.693664","75.0"
"EcosystemandCarbonCycle","GrossPrimaryProductivity","CARDAMOM","GFDL_ESM4","SurfaceDownwardSWRadiation|CARDAMOM Score","Relationships","global","score","1","0.770394","75.0"
"EcosystemandCarbonCycle","GrossPrimaryProductivity","CARDAMOM","GFDL_ESM4","SurfaceAirTemperature|CARDAMOM Hellinger Distance","Relationships","global","scalar","1","0.737686","75.0"
"EcosystemandCarbonCycle","GrossPrimaryProductivity","CARDAMOM","GFDL_ESM4","SurfaceAirTemperature|CARDAMOM Score","Relationships","global","score","1","0.780044","75.0"
"EcosystemandCarbonCycle","GrossPrimaryProductivity","CARDAMOM","GFDL_ESM4","Overall Score","Relationships","global","score","1","0.785235","75.0"
"EcosystemandCarbonCycle","GrossPrimaryProductivity","CARDAMOM","CNRM-ESM2-1","Benchmark Period Mean (intersection)","MeanState","global","scalar","Pg yr-1","137.299","75.0"
"EcosystemandCarbonCycle","GrossPrimaryProductivity","CARDAMOM","CNRM-ESM2-1","Benchmark Period Mean (complement)","MeanState","global","scalar","Pg yr-1","1.90442","75.0"
"EcosystemandCarbonCycle","GrossPrimaryProductivity","CARDAMOM","CNRM-ESM2-1","Period Mean (original grids)","MeanState","global","scalar","Pg yr-1","132.537","75.0"
"EcosystemandCarbonCycle","GrossPrimaryProductivity","CARDAMOM","CNRM-ESM2-1","Model Period Mean (intersection)","MeanState","global","scalar","Pg yr-1","116.38","75.0"
"EcosystemandCarbonCycle","GrossPrimaryProductivity","CARDAMOM","CNRM-ESM2-1","Model Period Mean (complement)","MeanState","global","scalar","Pg yr-1","16.1777","75.0"
"EcosystemandCarbonCycle","GrossPrimaryProductivity","CARDAMOM","CNRM-ESM2-1","Spatial Distribution Score","MeanState","global","score","1","0.924336","75.0"
"EcosystemandCarbonCycle","GrossPrimaryProductivity","CARDAMOM","CNRM-ESM2-1","Phase Shift","MeanState","global","scalar","months","1.56494","75.0"
"EcosystemandCarbonCycle","GrossPrimaryProductivity","CARDAMOM","CNRM-ESM2-1","Seasonal Cycle Score","MeanState","global","score","1","0.685413","75.0"
"EcosystemandCarbonCycle","GrossPrimaryProductivity","CARDAMOM","CNRM-ESM2-1","Interannual Variability Score","MeanState","global","score","1","0.223889","75.0"
"EcosystemandCarbonCycle","GrossPrimaryProductivity","CARDAMOM","CNRM-ESM2-1","Bias","MeanState","global","scalar","g m-2 d-1","-0.397513","75.0"
"EcosystemandCarbonCycle","GrossPrimaryProductivity","CARDAMOM","CNRM-ESM2-1","Bias Score","MeanState","global","score","1","0.453436","75.0"
"EcosystemandCarbonCycle","GrossPrimaryProductivity","CARDAMOM","CNRM-ESM2-1","RMSE","MeanState","global","scalar","g m-2 d-1","1.44622","75.0"
"EcosystemandCarbonCycle","GrossPrimaryProductivity","CARDAMOM","CNRM-ESM2-1","RMSE Score","MeanState","global","score","1","0.396827","75.0"
"EcosystemandCarbonCycle","GrossPrimaryProductivity","CARDAMOM","CNRM-ESM2-1","Overall Score","MeanState","global","score","1","0.513455","75.0"
"EcosystemandCarbonCycle","GrossPrimaryProductivity","CARDAMOM","CNRM-ESM2-1","Precipitation|CARDAMOM Hellinger Distance","Relationships","global","scalar","1","0.777473","75.0"
"EcosystemandCarbonCycle","GrossPrimaryProductivity","CARDAMOM","CNRM-ESM2-1","Precipitation|CARDAMOM Score","Relationships","global","score","1","0.782778","75.0"
"EcosystemandCarbonCycle","GrossPrimaryProductivity","CARDAMOM","CNRM-ESM2-1","SurfaceDownwardSWRadiation|CARDAMOM Hellinger Distance","Relationships","global","scalar","1","0.719778","75.0"
"EcosystemandCarbonCycle","GrossPrimaryProductivity","CARDAMOM","CNRM-ESM2-1","SurfaceDownwardSWRadiation|CARDAMOM Score","Relationships","global","score","1","0.789924","75.0"
"EcosystemandCarbonCycle","GrossPrimaryProductivity","CARDAMOM","CNRM-ESM2-1","SurfaceAirTemperature|CARDAMOM Hellinger Distance","Relationships","global","scalar","1","0.760442","75.0"
"EcosystemandCarbonCycle","GrossPrimaryProductivity","CARDAMOM","CNRM-ESM2-1","SurfaceAirTemperature|CARDAMOM Score","Relationships","global","score","1","0.816535","75.0"
"EcosystemandCarbonCycle","GrossPrimaryProductivity","CARDAMOM","CNRM-ESM2-1","Overall Score","Relationships","global","score","1","0.796413","75.0"
"EcosystemandCarbonCycle","GrossPrimaryProductivity","CARDAMOM","UKESM1-0-LL","Benchmark Period Mean (intersection)","MeanState","global","scalar","Pg yr-1","135.699","75.0"
"EcosystemandCarbonCycle","GrossPrimaryProductivity","CARDAMOM","UKESM1-0-LL","Benchmark Period Mean (complement)","MeanState","global","scalar","Pg yr-1","3.34765","75.0"
"EcosystemandCarbonCycle","GrossPrimaryProductivity","CARDAMOM","UKESM1-0-LL","Period Mean (original grids)","MeanState","global","scalar","Pg yr-1","160.5","75.0"
"EcosystemandCarbonCycle","GrossPrimaryProductivity","CARDAMOM","UKESM1-0-LL","Model Period Mean (intersection)","MeanState","global","scalar","Pg yr-1","143.507","75.0"
"EcosystemandCarbonCycle","GrossPrimaryProductivity","CARDAMOM","UKESM1-0-LL","Model Period Mean (complement)","MeanState","global","scalar","Pg yr-1","16.1413","75.0"
"EcosystemandCarbonCycle","GrossPrimaryProductivity","CARDAMOM","UKESM1-0-LL","Spatial Distribution Score","MeanState","global","score","1","0.931455","75.0"
"EcosystemandCarbonCycle","GrossPrimaryProductivity","CARDAMOM","UKESM1-0-LL","Phase Shift","MeanState","global","scalar","months","1.40354","75.0"
"EcosystemandCarbonCycle","GrossPrimaryProductivity","CARDAMOM","UKESM1-0-LL","Seasonal Cycle Score","MeanState","global","score","1","0.787153","75.0"
"EcosystemandCarbonCycle","GrossPrimaryProductivity","CARDAMOM","UKESM1-0-LL","Interannual Variability Score","MeanState","global","score","1","0.219331","75.0"
"EcosystemandCarbonCycle","GrossPrimaryProductivity","CARDAMOM","UKESM1-0-LL","Bias","MeanState","global","scalar","g m-2 d-1","0.153643","75.0"
"EcosystemandCarbonCycle","GrossPrimaryProductivity","CARDAMOM","UKESM1-0-LL","Bias Score","MeanState","global","score","1","0.420182","75.0"
"EcosystemandCarbonCycle","GrossPrimaryProductivity","CARDAMOM","UKESM1-0-LL","RMSE","MeanState","global","scalar","g m-2 d-1","1.64295","75.0"
"EcosystemandCarbonCycle","GrossPrimaryProductivity","CARDAMOM","UKESM1-0-LL","RMSE Score","MeanState","global","score","1","0.387177","75.0"
"EcosystemandCarbonCycle","GrossPrimaryProductivity","CARDAMOM","UKESM1-0-LL","Overall Score","MeanState","global","score","1","0.522079","75.0"
"EcosystemandCarbonCycle","GrossPrimaryProductivity","CARDAMOM","UKESM1-0-LL","Precipitation|CARDAMOM Hellinger Distance","Relationships","global","scalar","1","0.806148","75.0"
"EcosystemandCarbonCycle","GrossPrimaryProductivity","CARDAMOM","UKESM1-0-LL","Precipitation|CARDAMOM Score","Relationships","global","score","1","0.825948","75.0"
"EcosystemandCarbonCycle","GrossPrimaryProductivity","CARDAMOM","UKESM1-0-LL","SurfaceDownwardSWRadiation|CARDAMOM Hellinger Distance","Relationships","global","scalar","1","0.730366","75.0"
"EcosystemandCarbonCycle","GrossPrimaryProductivity","CARDAMOM","UKESM1-0-LL","SurfaceDownwardSWRadiation|CARDAMOM Score","Relationships","global","score","1","0.628739","75.0"
"EcosystemandCarbonCycle","GrossPrimaryProductivity","CARDAMOM","UKESM1-0-LL","SurfaceAirTemperature|CARDAMOM Hellinger Distance","Relationships","global","scalar","1","0.717404","75.0"
"EcosystemandCarbonCycle","GrossPrimaryProductivity","CARDAMOM","UKESM1-0-LL","SurfaceAirTemperature|CARDAMOM Score","Relationships","global","score","1","0.766841","75.0"
"EcosystemandCarbonCycle","GrossPrimaryProductivity","CARDAMOM","UKESM1-0-LL","Overall Score","Relationships","global","score","1","0.740509","75.0"
"EcosystemandCarbonCycle","GrossPrimaryProductivity","CARDAMOM","GISS-E2-1-G","Benchmark Period Mean (intersection)","MeanState","global","scalar","Pg yr-1","134.999","75.0"
"EcosystemandCarbonCycle","GrossPrimaryProductivity","CARDAMOM","GISS-E2-1-G","Benchmark Period Mean (complement)","MeanState","global","scalar","Pg yr-1","2.96261","75.0"
"EcosystemandCarbonCycle","GrossPrimaryProductivity","CARDAMOM","GISS-E2-1-G","Period Mean (original grids)","MeanState","global","scalar","Pg yr-1","138.053","75.0"
"EcosystemandCarbonCycle","GrossPrimaryProductivity","CARDAMOM","GISS-E2-1-G","Model Period Mean (intersection)","MeanState","global","scalar","Pg yr-1","125.61","75.0"
"EcosystemandCarbonCycle","GrossPrimaryProductivity","CARDAMOM","GISS-E2-1-G","Model Period Mean (complement)","MeanState","global","scalar","Pg yr-1","12.748","75.0"
"EcosystemandCarbonCycle","GrossPrimaryProductivity","CARDAMOM","GISS-E2-1-G","Spatial Distribution Score","MeanState","global","score","1","0.932429","75.0"
"EcosystemandCarbonCycle","GrossPrimaryProductivity","CARDAMOM","GISS-E2-1-G","Phase Shift","MeanState","global","scalar","months","1.2574","75.0"
"EcosystemandCarbonCycle","GrossPrimaryProductivity","CARDAMOM","GISS-E2-1-G","Seasonal Cycle Score","MeanState","global","score","1","0.788987","75.0"
"EcosystemandCarbonCycle","GrossPrimaryProductivity","CARDAMOM","GISS-E2-1-G","Interannual Variability Score","MeanState","global","score","1","0.368957","75.0"
"EcosystemandCarbonCycle","GrossPrimaryProductivity","CARDAMOM","GISS-E2-1-G","Bias","MeanState","global","scalar","g m-2 d-1","-0.187827","75.0"
"EcosystemandCarbonCycle","GrossPrimaryProductivity","CARDAMOM","GISS-E2-1-G","Bias Score","MeanState","global","score","1","0.420699","75.0"
"EcosystemandCarbonCycle","GrossPrimaryProductivity","CARDAMOM","GISS-E2-1-G","RMSE","MeanState","global","scalar","g m-2 d-1","1.371","75.0"
"EcosystemandCarbonCycle","GrossPrimaryProductivity","CARDAMOM","GISS-E2-1-G","RMSE Score","MeanState","global","score","1","0.435328","75.0"
"EcosystemandCarbonCycle","GrossPrimaryProductivity","CARDAMOM","GISS-E2-1-G","Overall Score","MeanState","global","score","1","0.563621","75.0"
"EcosystemandCarbonCycle","GrossPrimaryProductivity","CARDAMOM","GISS-E2-1-G","Precipitation|CARDAMOM Hellinger Distance","Relationships","global","scalar","1","0.746154","75.0"
"EcosystemandCarbonCycle","GrossPrimaryProductivity","CARDAMOM","GISS-E2-1-G","Precipitation|CARDAMOM Score","Relationships","global","score","1","0.862427","75.0"
"EcosystemandCarbonCycle","GrossPrimaryProductivity","CARDAMOM","GISS-E2-1-G","SurfaceDownwardSWRadiation|CARDAMOM Hellinger Distance","Relationships","global","scalar","1","0.69199","75.0"
"EcosystemandCarbonCycle","GrossPrimaryProductivity","CARDAMOM","GISS-E2-1-G","SurfaceDownwardSWRadiation|CARDAMOM Score","Relationships","global","score","1","0.811161","75.0"
"EcosystemandCarbonCycle","GrossPrimaryProductivity","CARDAMOM","GISS-E2-1-G","Overall Score","Relationships","global","score","1","0.836794","75.0"
"EcosystemandCarbonCycle","GrossPrimaryProductivity","CARDAMOM","BCC-CSM2-MR","Benchmark Period Mean (intersection)","MeanState","global","scalar","Pg yr-1","133.859","75.0"
"EcosystemandCarbonCycle","GrossPrimaryProductivity","CARDAMOM","BCC-CSM2-MR","Benchmark Period Mean (complement)","MeanState","global","scalar","Pg yr-1","4.79182","75.0"
"EcosystemandCarbonCycle","GrossPrimaryProductivity","CARDAMOM","BCC-CSM2-MR","Period Mean (original grids)","MeanState","global","scalar","Pg yr-1","129.807","75.0"
"EcosystemandCarbonCycle","GrossPrimaryProductivity","CARDAMOM","BCC-CSM2-MR","Model Period Mean (intersection)","MeanState","global","scalar","Pg yr-1","120.586","75.0"
"EcosystemandCarbonCycle","GrossPrimaryProductivity","CARDAMOM","BCC-CSM2-MR","Model Period Mean (complement)","MeanState","global","scalar","Pg yr-1","9.88914","75.0"
"EcosystemandCarbonCycle","GrossPrimaryProductivity","CARDAMOM","BCC-CSM2-MR","Spatial Distribution Score","MeanState","global","score","1","0.936818","75.0"
"EcosystemandCarbonCycle","GrossPrimaryProductivity","CARDAMOM","BCC-CSM2-MR","Phase Shift","MeanState","global","scalar","months","1.50332","75.0"
"EcosystemandCarbonCycle","GrossPrimaryProductivity","CARDAMOM","BCC-CSM2-MR","Seasonal Cycle Score","MeanState","global","score","1","0.769591","75.0"
"EcosystemandCarbonCycle","GrossPrimaryProductivity","CARDAMOM","BCC-CSM2-MR","Interannual Variability Score","MeanState","global","score","1","0.242541","75.0"
"EcosystemandCarbonCycle","GrossPrimaryProductivity","CARDAMOM","BCC-CSM2-MR","Bias","MeanState","global","scalar","g m-2 d-1","-0.270413","75.0"
"EcosystemandCarbonCycle","GrossPrimaryProductivity","CARDAMOM","BCC-CSM2-MR","Bias Score","MeanState","global","score","1","0.433808","75.0"
"EcosystemandCarbonCycle","GrossPrimaryProductivity","CARDAMOM","BCC-CSM2-MR","RMSE","MeanState","global","scalar","g m-2 d-1","1.55656","75.0"
"EcosystemandCarbonCycle","GrossPrimaryProductivity","CARDAMOM","BCC-CSM2-MR","RMSE Score","MeanState","global","score","1","0.401623","75.0"
"EcosystemandCarbonCycle","GrossPrimaryProductivity","CARDAMOM","BCC-CSM2-MR","Overall Score","MeanState","global","score","1","0.531001","75.0"
"EcosystemandCarbonCycle","GrossPrimaryProductivity","CARDAMOM","BCC-CSM2-MR","SurfaceDownwardSWRadiation|CARDAMOM Hellinger Distance","Relationships","global","scalar","1","0.688204","75.0"
"EcosystemandCarbonCycle","GrossPrimaryProductivity","CARDAMOM","BCC-CSM2-MR","SurfaceDownwardSWRadiation|CARDAMOM Score","Relationships","global","score","1","0.737823","75.0"
"EcosystemandCarbonCycle","GrossPrimaryProductivity","CARDAMOM","BCC-CSM2-MR","Overall Score","Relationships","global","score","1","0.737823","75.0"
"EcosystemandCarbonCycle","GrossPrimaryProductivity","CARDAMOM","NorESM2-LM","Benchmark Period Mean (intersection)","MeanState","global","scalar","Pg yr-1","140.318","75.0"
"EcosystemandCarbonCycle","GrossPrimaryProductivity","CARDAMOM","NorESM2-LM","Benchmark Period Mean (complement)","MeanState","global","scalar","Pg yr-1","nan","75.0"
"EcosystemandCarbonCycle","GrossPrimaryProductivity","CARDAMOM","NorESM2-LM","Period Mean (original grids)","MeanState","global","scalar","Pg yr-1","142.53","75.0"
"EcosystemandCarbonCycle","GrossPrimaryProductivity","CARDAMOM","NorESM2-LM","Model Period Mean (intersection)","MeanState","global","scalar","Pg yr-1","122.802","75.0"
"EcosystemandCarbonCycle","GrossPrimaryProductivity","CARDAMOM","NorESM2-LM","Model Period Mean (complement)","MeanState","global","scalar","Pg yr-1","17.09","75.0"
"EcosystemandCarbonCycle","GrossPrimaryProductivity","CARDAMOM","NorESM2-LM","Spatial Distribution Score","MeanState","global","score","1","0.926236","75.0"
"EcosystemandCarbonCycle","GrossPrimaryProductivity","CARDAMOM","NorESM2-LM","Phase Shift","MeanState","global","scalar","months","1.76191","75.0"
"EcosystemandCarbonCycle","GrossPrimaryProductivity","CARDAMOM","NorESM2-LM","Seasonal Cycle Score","MeanState","global","score","1","0.732446","75.0"
"EcosystemandCarbonCycle","GrossPrimaryProductivity","CARDAMOM","NorESM2-LM","Interannual Variability Score","MeanState","global","score","1","0.409815","75.0"
"EcosystemandCarbonCycle","GrossPrimaryProductivity","CARDAMOM","NorESM2-LM","Bias","MeanState","global","scalar","g m-2 d-1","-0.374911","75.0"
"EcosystemandCarbonCycle","GrossPrimaryProductivity","CARDAMOM","NorESM2-LM","Bias Score","MeanState","global","score","1","0.418323","75.0"
"EcosystemandCarbonCycle","GrossPrimaryProductivity","CARDAMOM","NorESM2-LM","RMSE","MeanState","global","scalar","g m-2 d-1","1.54645","75.0"
"EcosystemandCarbonCycle","GrossPrimaryProductivity","CARDAMOM","NorESM2-LM","RMSE Score","MeanState","global","score","1","0.432133","75.0"
"EcosystemandCarbonCycle","GrossPrimaryProductivity","CARDAMOM","NorESM2-LM","Overall Score","MeanState","global","score","1","0.558514","75.0"
"EcosystemandCarbonCycle","GrossPrimaryProductivity","CARDAMOM","NorESM2-LM","Precipitation|CARDAMOM Hellinger Distance","Relationships","global","scalar","1","0.77405","75.0"
"EcosystemandCarbonCycle","GrossPrimaryProductivity","CARDAMOM","NorESM2-LM","Precipitation|CARDAMOM Score","Relationships","global","score","1","0.857575","75.0"
"EcosystemandCarbonCycle","GrossPrimaryProductivity","CARDAMOM","NorESM2-LM","SurfaceDownwardSWRadiation|CARDAMOM Hellinger Distance","Relationships","global","scalar","1","0.675649","75.0"
"EcosystemandCarbonCycle","GrossPrimaryProductivity","CARDAMOM","NorESM2-LM","SurfaceDownwardSWRadiation|CARDAMOM Score","Relationships","global","score","1","0.820618","75.0"
"EcosystemandCarbonCycle","GrossPrimaryProductivity","CARDAMOM","NorESM2-LM","SurfaceAirTemperature|CARDAMOM Hellinger Distance","Relationships","global","scalar","1","0.707324","75.0"
"EcosystemandCarbonCycle","GrossPrimaryProductivity","CARDAMOM","NorESM2-LM","SurfaceAirTemperature|CARDAMOM Score","Relationships","global","score","1","0.797718","75.0"
"EcosystemandCarbonCycle","GrossPrimaryProductivity","CARDAMOM","NorESM2-LM","Overall Score","Relationships","global","score","1","0.825303","75.0"
"EcosystemandCarbonCycle","GrossPrimaryProductivity","CARDAMOM","MPI-ESM1-2-LR","Benchmark Period Mean (intersection)","MeanState","global","scalar","Pg yr-1","121.262","75.0"
"EcosystemandCarbonCycle","GrossPrimaryProductivity","CARDAMOM","MPI-ESM1-2-LR","Benchmark Period Mean (complement)","MeanState","global","scalar","Pg yr-1","17.333","75.0"
"EcosystemandCarbonCycle","GrossPrimaryProductivity","CARDAMOM","MPI-ESM1-2-LR","Period Mean (original grids)","MeanState","global","scalar","Pg yr-1","148.701","75.0"
"EcosystemandCarbonCycle","GrossPrimaryProductivity","CARDAMOM","MPI-ESM1-2-LR","Model Period Mean (intersection)","MeanState","global","scalar","Pg yr-1","144.074","75.0"
"EcosystemandCarbonCycle","GrossPrimaryProductivity","CARDAMOM","MPI-ESM1-2-LR","Model Period Mean (complement)","MeanState","global","scalar","Pg yr-1","5.57558","75.0"
"EcosystemandCarbonCycle","GrossPrimaryProductivity","CARDAMOM","MPI-ESM1-2-LR","Spatial Distribution Score","MeanState","global","score","1","0.935016","75.0"
"EcosystemandCarbonCycle","GrossPrimaryProductivity","CARDAMOM","MPI-ESM1-2-LR","Phase Shift","MeanState","global","scalar","months","1.34176","75.0"
"EcosystemandCarbonCycle","GrossPrimaryProductivity","CARDAMOM","MPI-ESM1-2-LR","Seasonal Cycle Score","MeanState","global","score","1","0.777995","75.0"
"EcosystemandCarbonCycle","GrossPrimaryProductivity","CARDAMOM","MPI-ESM1-2-LR","Interannual Variability Score","MeanState","global","score","1","0.219512","75.0"
"EcosystemandCarbonCycle","GrossPrimaryProductivity","CARDAMOM","MPI-ESM1-2-LR","Bias","MeanState","global","scalar","g m-2 d-1","0.46784","75.0"
"EcosystemandCarbonCycle","GrossPrimaryProductivity","CARDAMOM","MPI-ESM1-2-LR","Bias Score","MeanState","global","score","1","0.41416","75.0"
"EcosystemandCarbonCycle","GrossPrimaryProductivity","CARDAMOM","MPI-ESM1-2-LR","RMSE","MeanState","global","scalar","g m-2 d-1","1.74155","75.0"
"EcosystemandCarbonCycle","GrossPrimaryProductivity","CARDAMOM","MPI-ESM1-2-LR","RMSE Score","MeanState","global","score","1","0.397633","75.0"
"EcosystemandCarbonCycle","GrossPrimaryProductivity","CARDAMOM","MPI-ESM1-2-LR","Overall Score","MeanState","global","score","1","0.523658","75.0"
"EcosystemandCarbonCycle","GrossPrimaryProductivity","CARDAMOM","MPI-ESM1-2-LR","Precipitation|CARDAMOM Hellinger Distance","Relationships","global","scalar","1","0.734502","75.0"
"EcosystemandCarbonCycle","GrossPrimaryProductivity","CARDAMOM","MPI-ESM1-2-LR","Precipitation|CARDAMOM Score","Relationships","global","score","1","0.750354","75.0"
"EcosystemandCarbonCycle","GrossPrimaryProductivity","CARDAMOM","MPI-ESM1-2-LR","SurfaceDownwardSWRadiation|CARDAMOM Hellinger Distance","Relationships","global","scalar","1","0.69362","75.0"
"EcosystemandCarbonCycle","GrossPrimaryProductivity","CARDAMOM","MPI-ESM1-2-LR","SurfaceDownwardSWRadiation|CARDAMOM Score","Relationships","global","score","1","0.697296","75.0"
"EcosystemandCarbonCycle","GrossPrimaryProductivity","CARDAMOM","MPI-ESM1-2-LR","SurfaceAirTemperature|CARDAMOM Hellinger Distance","Relationships","global","scalar","1","0.736899","75.0"
"EcosystemandCarbonCycle","GrossPrimaryProductivity","CARDAMOM","MPI-ESM1-2-LR","SurfaceAirTemperature|CARDAMOM Score","Relationships","global","score","1","0.702759","75.0"
"EcosystemandCarbonCycle","GrossPrimaryProductivity","CARDAMOM","MPI-ESM1-2-LR","Overall Score","Relationships","global","score","1","0.716803","75.0"
"EcosystemandCarbonCycle","GrossPrimaryProductivity","CARDAMOM","CanESM5","Benchmark Period Mean (intersection)","MeanState","global","scalar","Pg yr-1","140.522","75.0"
"EcosystemandCarbonCycle","GrossPrimaryProductivity","CARDAMOM","CanESM5","Benchmark Period Mean (complement)","MeanState","global","scalar","Pg yr-1","nan","75.0"
"EcosystemandCarbonCycle","GrossPrimaryProductivity","CARDAMOM","CanESM5","Period Mean (original grids)","MeanState","global","scalar","Pg yr-1","187.595","75.0"
"EcosystemandCarbonCycle","GrossPrimaryProductivity","CARDAMOM","CanESM5","Model Period Mean (intersection)","MeanState","global","scalar","Pg yr-1","164.395","75.0"
"EcosystemandCarbonCycle","GrossPrimaryProductivity","CARDAMOM","CanESM5","Model Period Mean (complement)","MeanState","global","scalar","Pg yr-1","21.2669","75.0"
"EcosystemandCarbonCycle","GrossPrimaryProductivity","CARDAMOM","CanESM5","Spatial Distribution Score","MeanState","global","score","1","0.944459","75.0"
"EcosystemandCarbonCycle","GrossPrimaryProductivity","CARDAMOM","CanESM5","Phase Shift","MeanState","global","scalar","months","1.60784","75.0"
"EcosystemandCarbonCycle","GrossPrimaryProductivity","CARDAMOM","CanESM5","Seasonal Cycle Score","MeanState","global","score","1","0.743584","75.0"
"EcosystemandCarbonCycle","GrossPrimaryProductivity","CARDAMOM","CanESM5","Interannual Variability Score","MeanState","global","score","1","0.313732","75.0"
"EcosystemandCarbonCycle","GrossPrimaryProductivity","CARDAMOM","CanESM5","Bias","MeanState","global","scalar","g m-2 d-1","0.423942","75.0"
"EcosystemandCarbonCycle","GrossPrimaryProductivity","CARDAMOM","CanESM5","Bias Score","MeanState","global","score","1","0.45377","75.0"
"EcosystemandCarbonCycle","GrossPrimaryProductivity","CARDAMOM","CanESM5","RMSE","MeanState","global","scalar","g m-2 d-1","1.54353","75.0"
"EcosystemandCarbonCycle","GrossPrimaryProductivity","CARDAMOM","CanESM5","RMSE Score","MeanState","global","score","1","0.443849","75.0"
"EcosystemandCarbonCycle","GrossPrimaryProductivity","CARDAMOM","CanESM5","Overall Score","MeanState","global","score","1","0.557207","75.0"
"EcosystemandCarbonCycle","GrossPrimaryProductivity","CARDAMOM","CanESM5","Precipitation|CARDAMOM Hellinger Distance","Relationships","global","scalar","1","0.788815","75.0"
"EcosystemandCarbonCycle","GrossPrimaryProductivity","CARDAMOM","CanESM5","Precipitation|CARDAMOM Score","Relationships","global","score","1","0.856438","75.0"
"EcosystemandCarbonCycle","GrossPrimaryProductivity","CARDAMOM","CanESM5","SurfaceDownwardSWRadiation|CARDAMOM Hellinger Distance","Relationships","global","scalar","1","0.695247","75.0"
"EcosystemandCarbonCycle","GrossPrimaryProductivity","CARDAMOM","CanESM5","SurfaceDownwardSWRadiation|CARDAMOM Score","Relationships","global","score","1","0.620901","75.0"
"EcosystemandCarbonCycle","GrossPrimaryProductivity","CARDAMOM","CanESM5","SurfaceAirTemperature|CARDAMOM Hellinger Distance","Relationships","global","scalar","1","0.722926","75.0"
"EcosystemandCarbonCycle","GrossPrimaryProductivity","CARDAMOM","CanESM5","SurfaceAirTemperature|CARDAMOM Score","Relationships","global","score","1","0.665326","75.0"
"EcosystemandCarbonCycle","GrossPrimaryProductivity","CARDAMOM","CanESM5","Overall Score","Relationships","global","score","1","0.714222","75.0"
"EcosystemandCarbonCycle","GrossPrimaryProductivity","CARDAMOM","ACCESS-ESM1-5","Benchmark Period Mean (intersection)","MeanState","global","scalar","Pg yr-1","136.026","75.0"
"EcosystemandCarbonCycle","GrossPrimaryProductivity","CARDAMOM","ACCESS-ESM1-5","Benchmark Period Mean (complement)","MeanState","global","scalar","Pg yr-1","2.84225","75.0"
"EcosystemandCarbonCycle","GrossPrimaryProductivity","CARDAMOM","ACCESS-ESM1-5","Period Mean (original grids)","MeanState","global","scalar","Pg yr-1","125.408","75.0"
"EcosystemandCarbonCycle","GrossPrimaryProductivity","CARDAMOM","ACCESS-ESM1-5","Model Period Mean (intersection)","MeanState","global","scalar","Pg yr-1","119.97","75.0"
"EcosystemandCarbonCycle","GrossPrimaryProductivity","CARDAMOM","ACCESS-ESM1-5","Model Period Mean (complement)","MeanState","global","scalar","Pg yr-1","5.52002","75.0"
"EcosystemandCarbonCycle","GrossPrimaryProductivity","CARDAMOM","ACCESS-ESM1-5","Spatial Distribution Score","MeanState","global","score","1","0.93797","75.0"
"EcosystemandCarbonCycle","GrossPrimaryProductivity","CARDAMOM","ACCESS-ESM1-5","Phase Shift","MeanState","global","scalar","months","1.37371","75.0"
"EcosystemandCarbonCycle","GrossPrimaryProductivity","CARDAMOM","ACCESS-ESM1-5","Seasonal Cycle Score","MeanState","global","score","1","0.79078","75.0"
"EcosystemandCarbonCycle","GrossPrimaryProductivity","CARDAMOM","ACCESS-ESM1-5","Interannual Variability Score","MeanState","global","score","1","0.47396","75.0"
"EcosystemandCarbonCycle","GrossPrimaryProductivity","CARDAMOM","ACCESS-ESM1-5","Bias","MeanState","global","scalar","g m-2 d-1","-0.304219","75.0"
"EcosystemandCarbonCycle","GrossPrimaryProductivity","CARDAMOM","ACCESS-ESM1-5","Bias Score","MeanState","global","score","1","0.439327","75.0"
"EcosystemandCarbonCycle","GrossPrimaryProductivity","CARDAMOM","ACCESS-ESM1-5","RMSE","MeanState","global","scalar","g m-2 d-1","1.4578","75.0"
"EcosystemandCarbonCycle","GrossPrimaryProductivity","CARDAMOM","ACCESS-ESM1-5","RMSE Score","MeanState","global","score","1","0.4847","75.0"
"EcosystemandCarbonCycle","GrossPrimaryProductivity","CARDAMOM","ACCESS-ESM1-5","Overall Score","MeanState","global","score","1","0.601906","75.0"
"EcosystemandCarbonCycle","GrossPrimaryProductivity","CARDAMOM","ACCESS-ESM1-5","Precipitation|CARDAMOM Hellinger Distance","Relationships","global","scalar","1","0.705025","75.0"
"EcosystemandCarbonCycle","GrossPrimaryProductivity","CARDAMOM","ACCESS-ESM1-5","Precipitation|CARDAMOM Score","Relationships","global","score","1","0.76187","75.0"
"EcosystemandCarbonCycle","GrossPrimaryProductivity","CARDAMOM","ACCESS-ESM1-5","SurfaceDownwardSWRadiation|CARDAMOM Hellinger Distance","Relationships","global","scalar","1","0.698105","75.0"
"EcosystemandCarbonCycle","GrossPrimaryProductivity","CARDAMOM","ACCESS-ESM1-5","SurfaceDownwardSWRadiation|CARDAMOM Score","Relationships","global","score","1","0.619309","75.0"
"EcosystemandCarbonCycle","GrossPrimaryProductivity","CARDAMOM","ACCESS-ESM1-5","SurfaceAirTemperature|CARDAMOM Hellinger Distance","Relationships","global","scalar","1","0.712227","75.0"
"EcosystemandCarbonCycle","GrossPrimaryProductivity","CARDAMOM","ACCESS-ESM1-5","SurfaceAirTemperature|CARDAMOM Score","Relationships","global","score","1","0.725384","75.0"
"EcosystemandCarbonCycle","GrossPrimaryProductivity","CARDAMOM","ACCESS-ESM1-5","Overall Score","Relationships","global","score","1","0.702188","75.0"
"EcosystemandCarbonCycle","GrossPrimaryProductivity","CARDAMOM","MIROC-ES2L","Benchmark Period Mean (intersection)","MeanState","global","scalar","Pg yr-1","140.09","75.0"
"EcosystemandCarbonCycle","GrossPrimaryProductivity","CARDAMOM","MIROC-ES2L","Benchmark Period Mean (complement)","MeanState","global","scalar","Pg yr-1","0.432293","75.0"
"EcosystemandCarbonCycle","GrossPrimaryProductivity","CARDAMOM","MIROC-ES2L","Period Mean (original grids)","MeanState","global","scalar","Pg yr-1","143.376","75.0"
"EcosystemandCarbonCycle","GrossPrimaryProductivity","CARDAMOM","MIROC-ES2L","Model Period Mean (intersection)","MeanState","global","scalar","Pg yr-1","127.059","75.0"
"EcosystemandCarbonCycle","GrossPrimaryProductivity","CARDAMOM","MIROC-ES2L","Model Period Mean (complement)","MeanState","global","scalar","Pg yr-1","15.5795","75.0"
"EcosystemandCarbonCycle","GrossPrimaryProductivity","CARDAMOM","MIROC-ES2L","Spatial Distribution Score","MeanState","global","score","1","0.924656","75.0"
"EcosystemandCarbonCycle","GrossPrimaryProductivity","CARDAMOM","MIROC-ES2L","Phase Shift","MeanState","global","scalar","months","2.0981","75.0"
"EcosystemandCarbonCycle","GrossPrimaryProductivity","CARDAMOM","MIROC-ES2L","Seasonal Cycle Score","MeanState","global","score","1","0.661279","75.0"
"EcosystemandCarbonCycle","GrossPrimaryProductivity","CARDAMOM","MIROC-ES2L","Interannual Variability Score","MeanState","global","score","1","0.358157","75.0"
"EcosystemandCarbonCycle","GrossPrimaryProductivity","CARDAMOM","MIROC-ES2L","Bias","MeanState","global","scalar","g m-2 d-1","-0.256088","75.0"
"EcosystemandCarbonCycle","GrossPrimaryProductivity","CARDAMOM","MIROC-ES2L","Bias Score","MeanState","global","score","1","0.386639","75.0"
"EcosystemandCarbonCycle","GrossPrimaryProductivity","CARDAMOM","MIROC-ES2L","RMSE","MeanState","global","scalar","g m-2 d-1","1.70916","75.0"
"EcosystemandCarbonCycle","GrossPrimaryProductivity","CARDAMOM","MIROC-ES2L","RMSE Score","MeanState","global","score","1","0.387989","75.0"
"EcosystemandCarbonCycle","GrossPrimaryProductivity","CARDAMOM","MIROC-ES2L","Overall Score","MeanState","global","score","1","0.517785","75.0"
"EcosystemandCarbonCycle","GrossPrimaryProductivity","CARDAMOM","MIROC-ES2L","Precipitation|CARDAMOM Hellinger Distance","Relationships","global","scalar","1","0.750193","75.0"
"EcosystemandCarbonCycle","GrossPrimaryProductivity","CARDAMOM","MIROC-ES2L","Precipitation|CARDAMOM Score","Relationships","global","score","1","0.772055","75.0"
"EcosystemandCarbonCycle","GrossPrimaryProductivity","CARDAMOM","MIROC-ES2L","SurfaceDownwardSWRadiation|CARDAMOM Hellinger Distance","Relationships","global","scalar","1","0.726684","75.0"
"EcosystemandCarbonCycle","GrossPrimaryProductivity","CARDAMOM","MIROC-ES2L","SurfaceDownwardSWRadiation|CARDAMOM Score","Relationships","global","score","1","0.78577","75.0"
"EcosystemandCarbonCycle","GrossPrimaryProductivity","CARDAMOM","MIROC-ES2L","SurfaceAirTemperature|CARDAMOM Hellinger Distance","Relationships","global","scalar","1","0.71445","75.0"
"EcosystemandCarbonCycle","GrossPrimaryProductivity","CARDAMOM","MIROC-ES2L","SurfaceAirTemperature|CARDAMOM Score","Relationships","global","score","1","0.792584","75.0"
"EcosystemandCarbonCycle","GrossPrimaryProductivity","CARDAMOM","MIROC-ES2L","Overall Score","Relationships","global","score","1","0.78347","75.0"
"EcosystemandCarbonCycle","GrossPrimaryProductivity","CARDAMOM","IPSL-CM6A-LR","Benchmark Period Mean (intersection)","MeanState","global","scalar","Pg yr-1","135.679","75.0"
"EcosystemandCarbonCycle","GrossPrimaryProductivity","CARDAMOM","IPSL-CM6A-LR","Benchmark Period Mean (complement)","MeanState","global","scalar","Pg yr-1","4.62199","75.0"
"EcosystemandCarbonCycle","GrossPrimaryProductivity","CARDAMOM","IPSL-CM6A-LR","Period Mean (original grids)","MeanState","global","scalar","Pg yr-1","141.557","75.0"
"EcosystemandCarbonCycle","GrossPrimaryProductivity","CARDAMOM","IPSL-CM6A-LR","Model Period Mean (intersection)","MeanState","global","scalar","Pg yr-1","127.885","75.0"
"EcosystemandCarbonCycle","GrossPrimaryProductivity","CARDAMOM","IPSL-CM6A-LR","Model Period Mean (complement)","MeanState","global","scalar","Pg yr-1","12.0851","75.0"
"EcosystemandCarbonCycle","GrossPrimaryProductivity","CARDAMOM","IPSL-CM6A-LR","Spatial Distribution Score","MeanState","global","score","1","0.955644","75.0"
"EcosystemandCarbonCycle","GrossPrimaryProductivity","CARDAMOM","IPSL-CM6A-LR","Phase Shift","MeanState","global","scalar","months","1.22396","75.0"
"EcosystemandCarbonCycle","GrossPrimaryProductivity","CARDAMOM","IPSL-CM6A-LR","Seasonal Cycle Score","MeanState","global","score","1","0.78532","75.0"
"EcosystemandCarbonCycle","GrossPrimaryProductivity","CARDAMOM","IPSL-CM6A-LR","Interannual Variability Score","MeanState","global","score","1","0.327695","75.0"
"EcosystemandCarbonCycle","GrossPrimaryProductivity","CARDAMOM","IPSL-CM6A-LR","Bias","MeanState","global","scalar","g m-2 d-1","-0.139077","75.0"
"EcosystemandCarbonCycle","GrossPrimaryProductivity","CARDAMOM","IPSL-CM6A-LR","Bias Score","MeanState","global","score","1","0.511893","75.0"
"EcosystemandCarbonCycle","GrossPrimaryProductivity","CARDAMOM","IPSL-CM6A-LR","RMSE","MeanState","global","scalar","g m-2 d-1","1.28577","75.0"
"EcosystemandCarbonCycle","GrossPrimaryProductivity","CARDAMOM","IPSL-CM6A-LR","RMSE Score","MeanState","global","score","1","0.47217","75.0"
"EcosystemandCarbonCycle","GrossPrimaryProductivity","CARDAMOM","IPSL-CM6A-LR","Overall Score","MeanState","global","score","1","0.587482","75.0"
"EcosystemandCarbonCycle","GrossPrimaryProductivity","CARDAMOM","IPSL-CM6A-LR","Precipitation|CARDAMOM Hellinger Distance","Relationships","global","scalar","1","0.797122","75.0"
"EcosystemandCarbonCycle","GrossPrimaryProductivity","CARDAMOM","IPSL-CM6A-LR","Precipitation|CARDAMOM Score","Relationships","global","score","1","0.816183","75.0"
"EcosystemandCarbonCycle","GrossPrimaryProductivity","CARDAMOM","IPSL-CM6A-LR","SurfaceDownwardSWRadiation|CARDAMOM Hellinger Distance","Relationships","global","scalar","1","0.741206","75.0"
"EcosystemandCarbonCycle","GrossPrimaryProductivity","CARDAMOM","IPSL-CM6A-LR","SurfaceDownwardSWRadiation|CARDAMOM Score","Relationships","global","score","1","0.676022","75.0"
"EcosystemandCarbonCycle","GrossPrimaryProductivity","CARDAMOM","IPSL-CM6A-LR","SurfaceAirTemperature|CARDAMOM Hellinger Distance","Relationships","global","scalar","1","0.773565","75.0"
"EcosystemandCarbonCycle","GrossPrimaryProductivity","CARDAMOM","IPSL-CM6A-LR","SurfaceAirTemperature|CARDAMOM Score","Relationships","global","score","1","0.827513","75.0"
"EcosystemandCarbonCycle","GrossPrimaryProductivity","CARDAMOM","IPSL-CM6A-LR","Overall Score","Relationships","global","score","1","0.773239","75.0"
"EcosystemandCarbonCycle","GrossPrimaryProductivity","CARDAMOM","ENSEMBLE-CMIP6","Benchmark Period Mean (intersection)","MeanState","global","scalar","Pg yr-1","140.341","75.0"
"EcosystemandCarbonCycle","GrossPrimaryProductivity","CARDAMOM","ENSEMBLE-CMIP6","Benchmark Period Mean (complement)","MeanState","global","scalar","Pg yr-1","nan","75.0"
"EcosystemandCarbonCycle","GrossPrimaryProductivity","CARDAMOM","ENSEMBLE-CMIP6","Period Mean (original grids)","MeanState","global","scalar","Pg yr-1","148.577","75.0"
"EcosystemandCarbonCycle","GrossPrimaryProductivity","CARDAMOM","ENSEMBLE-CMIP6","Model Period Mean (intersection)","MeanState","global","scalar","Pg yr-1","131.837","75.0"
"EcosystemandCarbonCycle","GrossPrimaryProductivity","CARDAMOM","ENSEMBLE-CMIP6","Model Period Mean (complement)","MeanState","global","scalar","Pg yr-1","15.9379","75.0"
"EcosystemandCarbonCycle","GrossPrimaryProductivity","CARDAMOM","ENSEMBLE-CMIP6","Spatial Distribution Score","MeanState","global","score","1","0.95033","75.0"
"EcosystemandCarbonCycle","GrossPrimaryProductivity","CARDAMOM","ENSEMBLE-CMIP6","Phase Shift","MeanState","global","scalar","months","1.12206","75.0"
"EcosystemandCarbonCycle","GrossPrimaryProductivity","CARDAMOM","ENSEMBLE-CMIP6","Seasonal Cycle Score","MeanState","global","score","1","0.818883","75.0"
"EcosystemandCarbonCycle","GrossPrimaryProductivity","CARDAMOM","ENSEMBLE-CMIP6","Interannual Variability Score","MeanState","global","score","1","0.68004","75.0"
"EcosystemandCarbonCycle","GrossPrimaryProductivity","CARDAMOM","ENSEMBLE-CMIP6","Bias","MeanState","global","scalar","g m-2 d-1","-0.185771","75.0"
"EcosystemandCarbonCycle","GrossPrimaryProductivity","CARDAMOM","ENSEMBLE-CMIP6","Bias Score","MeanState","global","score","1","0.524748","75.0"
"EcosystemandCarbonCycle","GrossPrimaryProductivity","CARDAMOM","ENSEMBLE-CMIP6","RMSE","MeanState","global","scalar","g m-2 d-1","0.980716","75.0"
"EcosystemandCarbonCycle","GrossPrimaryProductivity","CARDAMOM","ENSEMBLE-CMIP6","RMSE Score","MeanState","global","score","1","0.536507","75.0"
"EcosystemandCarbonCycle","GrossPrimaryProductivity","CARDAMOM","ENSEMBLE-CMIP6","Overall Score","MeanState","global","score","1","0.674502","75.0"
"EcosystemandCarbonCycle","GrossPrimaryProductivity","CARDAMOM","ENSEMBLE-CMIP6","Precipitation|CARDAMOM Hellinger Distance","Relationships","global","scalar","1","0.774237","75.0"
"EcosystemandCarbonCycle","GrossPrimaryProductivity","CARDAMOM","ENSEMBLE-CMIP6","Precipitation|CARDAMOM Score","Relationships","global","score","1","0.862111","75.0"
"EcosystemandCarbonCycle","GrossPrimaryProductivity","CARDAMOM","ENSEMBLE-CMIP6","SurfaceDownwardSWRadiation|CARDAMOM Hellinger Distance","Relationships","global","scalar","1","0.749271","75.0"
"EcosystemandCarbonCycle","GrossPrimaryProductivity","CARDAMOM","ENSEMBLE-CMIP6","SurfaceDownwardSWRadiation|CARDAMOM Score","Relationships","global","score","1","0.736523","75.0"
"EcosystemandCarbonCycle","GrossPrimaryProductivity","CARDAMOM","ENSEMBLE-CMIP6","SurfaceAirTemperature|CARDAMOM Hellinger Distance","Relationships","global","scalar","1","0.76931","75.0"
"EcosystemandCarbonCycle","GrossPrimaryProductivity","CARDAMOM","ENSEMBLE-CMIP6","SurfaceAirTemperature|CARDAMOM Score","Relationships","global","score","1","0.844579","75.0"
"EcosystemandCarbonCycle","GrossPrimaryProductivity","CARDAMOM","ENSEMBLE-CMIP6","Overall Score","Relationships","global","score","1","0.814404","75.0"
"EcosystemandCarbonCycle","SoilCarbon","CARDAMOM","CESM2","Benchmark Period Mean (intersection)","MeanState","global","scalar","Pg","1389.22","75.0"
"EcosystemandCarbonCycle","SoilCarbon","CARDAMOM","CESM2","Benchmark Period Mean (complement)","MeanState","global","scalar","Pg","37.7874","75.0"
"EcosystemandCarbonCycle","SoilCarbon","CARDAMOM","CESM2","Period Mean (original grids)","MeanState","global","scalar","Pg","2163.91","75.0"
"EcosystemandCarbonCycle","SoilCarbon","CARDAMOM","CESM2","Model Period Mean (intersection)","MeanState","global","scalar","Pg","1985.57","75.0"
"EcosystemandCarbonCycle","SoilCarbon","CARDAMOM","CESM2","Model Period Mean (complement)","MeanState","global","scalar","Pg","235.039","75.0"
"EcosystemandCarbonCycle","SoilCarbon","CARDAMOM","CESM2","Spatial Distribution Score","MeanState","global","score","1","0.0402599","75.0"
"EcosystemandCarbonCycle","SoilCarbon","CARDAMOM","CESM2","Phase Shift","MeanState","global","scalar","months","2.84045","75.0"
"EcosystemandCarbonCycle","SoilCarbon","CARDAMOM","CESM2","Seasonal Cycle Score","MeanState","global","score","1","0.49155","75.0"
"EcosystemandCarbonCycle","SoilCarbon","CARDAMOM","CESM2","Bias","MeanState","global","scalar","kg m-2","4.45328","75.0"
"EcosystemandCarbonCycle","SoilCarbon","CARDAMOM","CESM2","Bias Score","MeanState","global","score","1","0.00619051","75.0"
"EcosystemandCarbonCycle","SoilCarbon","CARDAMOM","CESM2","Overall Score","MeanState","global","score","1","0.179333","75.0"
"EcosystemandCarbonCycle","SoilCarbon","CARDAMOM","GFDL_ESM4","Benchmark Period Mean (intersection)","MeanState","global","scalar","Pg","1447.81","75.0"
"EcosystemandCarbonCycle","SoilCarbon","CARDAMOM","GFDL_ESM4","Benchmark Period Mean (complement)","MeanState","global","scalar","Pg","nan","75.0"
"EcosystemandCarbonCycle","SoilCarbon","CARDAMOM","GFDL_ESM4","Period Mean (original grids)","MeanState","global","scalar","Pg","326.239","75.0"
"EcosystemandCarbonCycle","SoilCarbon","CARDAMOM","GFDL_ESM4","Model Period Mean (intersection)","MeanState","global","scalar","Pg","334.075","75.0"
"EcosystemandCarbonCycle","SoilCarbon","CARDAMOM","GFDL_ESM4","Model Period Mean (complement)","MeanState","global","scalar","Pg","31.5475","75.0"
"EcosystemandCarbonCycle","SoilCarbon","CARDAMOM","GFDL_ESM4","Spatial Distribution Score","MeanState","global","score","1","0.227479","75.0"
"EcosystemandCarbonCycle","SoilCarbon","CARDAMOM","GFDL_ESM4","Phase Shift","MeanState","global","scalar","months","3.39739","75.0"
"EcosystemandCarbonCycle","SoilCarbon","CARDAMOM","GFDL_ESM4","Seasonal Cycle Score","MeanState","global","score","1","0.419581","75.0"
"EcosystemandCarbonCycle","SoilCarbon","CARDAMOM","GFDL_ESM4","Bias","MeanState","global","scalar","kg m-2","-7.86727","75.0"
"EcosystemandCarbonCycle","SoilCarbon","CARDAMOM","GFDL_ESM4","Bias Score","MeanState","global","score","1","0.000949184","75.0"
"EcosystemandCarbonCycle","SoilCarbon","CARDAMOM","GFDL_ESM4","Overall Score","MeanState","global","score","1","0.216003","75.0"
"EcosystemandCarbonCycle","SoilCarbon","CARDAMOM","UKESM1-0-LL","Benchmark Period Mean (intersection)","MeanState","global","scalar","Pg","1408.71","75.0"
"EcosystemandCarbonCycle","SoilCarbon","CARDAMOM","UKESM1-0-LL","Benchmark Period Mean (complement)","MeanState","global","scalar","Pg","33.5903","75.0"
"EcosystemandCarbonCycle","SoilCarbon","CARDAMOM","UKESM1-0-LL","Period Mean (original grids)","MeanState","global","scalar","Pg","2032.28","75.0"
"EcosystemandCarbonCycle","SoilCarbon","CARDAMOM","UKESM1-0-LL","Model Period Mean (intersection)","MeanState","global","scalar","Pg","1889.52","75.0"
"EcosystemandCarbonCycle","SoilCarbon","CARDAMOM","UKESM1-0-LL","Model Period Mean (complement)","MeanState","global","scalar","Pg","148.289","75.0"
"EcosystemandCarbonCycle","SoilCarbon","CARDAMOM","UKESM1-0-LL","Spatial Distribution Score","MeanState","global","score","1","0.789339","75.0"
"EcosystemandCarbonCycle","SoilCarbon","CARDAMOM","UKESM1-0-LL","Phase Shift","MeanState","global","scalar","months","2.74493","75.0"
"EcosystemandCarbonCycle","SoilCarbon","CARDAMOM","UKESM1-0-LL","Seasonal Cycle Score","MeanState","global","score","1","0.536082","75.0"
"EcosystemandCarbonCycle","SoilCarbon","CARDAMOM","UKESM1-0-LL","Bias","MeanState","global","scalar","kg m-2","3.4843","75.0"
"EcosystemandCarbonCycle","SoilCarbon","CARDAMOM","UKESM1-0-LL","Bias Score","MeanState","global","score","1","0.00623258","75.0"
"EcosystemandCarbonCycle","SoilCarbon","CARDAMOM","UKESM1-0-LL","Overall Score","MeanState","global","score","1","0.443885","75.0"
"EcosystemandCarbonCycle","SoilCarbon","CARDAMOM","GISS-E2-1-G","Benchmark Period Mean (intersection)","MeanState","global","scalar","Pg","1401.68","75.0"
"EcosystemandCarbonCycle","SoilCarbon","CARDAMOM","GISS-E2-1-G","Benchmark Period Mean (complement)","MeanState","global","scalar","Pg","33.7888","75.0"
"EcosystemandCarbonCycle","SoilCarbon","CARDAMOM","GISS-E2-1-G","Period Mean (original grids)","MeanState","global","scalar","Pg","1548.75","75.0"
"EcosystemandCarbonCycle","SoilCarbon","CARDAMOM","GISS-E2-1-G","Model Period Mean (intersection)","MeanState","global","scalar","Pg","1713.07","75.0"
"EcosystemandCarbonCycle","SoilCarbon","CARDAMOM","GISS-E2-1-G","Model Period Mean (complement)","MeanState","global","scalar","Pg","108.026","75.0"
"EcosystemandCarbonCycle","SoilCarbon","CARDAMOM","GISS-E2-1-G","Spatial Distribution Score","MeanState","global","score","1","0.781783","75.0"
"EcosystemandCarbonCycle","SoilCarbon","CARDAMOM","GISS-E2-1-G","Phase Shift","MeanState","global","scalar","months","2.71559","75.0"
"EcosystemandCarbonCycle","SoilCarbon","CARDAMOM","GISS-E2-1-G","Seasonal Cycle Score","MeanState","global","score","1","0.608036","75.0"
"EcosystemandCarbonCycle","SoilCarbon","CARDAMOM","GISS-E2-1-G","Bias","MeanState","global","scalar","kg m-2","2.28965","75.0"
"EcosystemandCarbonCycle","SoilCarbon","CARDAMOM","GISS-E2-1-G","Bias Score","MeanState","global","score","1","0.00803928","75.0"
"EcosystemandCarbonCycle","SoilCarbon","CARDAMOM","GISS-E2-1-G","Overall Score","MeanState","global","score","1","0.465953","75.0"
"EcosystemandCarbonCycle","SoilCarbon","CARDAMOM","BCC-CSM2-MR","Benchmark Period Mean (intersection)","MeanState","global","scalar","Pg","1393.69","75.0"
"EcosystemandCarbonCycle","SoilCarbon","CARDAMOM","BCC-CSM2-MR","Benchmark Period Mean (complement)","MeanState","global","scalar","Pg","42.8871","75.0"
"EcosystemandCarbonCycle","SoilCarbon","CARDAMOM","BCC-CSM2-MR","Period Mean (original grids)","MeanState","global","scalar","Pg","1371.27","75.0"
"EcosystemandCarbonCycle","SoilCarbon","CARDAMOM","BCC-CSM2-MR","Model Period Mean (intersection)","MeanState","global","scalar","Pg","1540.82","75.0"
"EcosystemandCarbonCycle","SoilCarbon","CARDAMOM","BCC-CSM2-MR","Model Period Mean (complement)","MeanState","global","scalar","Pg","69.0501","75.0"
"EcosystemandCarbonCycle","SoilCarbon","CARDAMOM","BCC-CSM2-MR","Spatial Distribution Score","MeanState","global","score","1","0.68228","75.0"
"EcosystemandCarbonCycle","SoilCarbon","CARDAMOM","BCC-CSM2-MR","Phase Shift","MeanState","global","scalar","months","2.7575","75.0"
"EcosystemandCarbonCycle","SoilCarbon","CARDAMOM","BCC-CSM2-MR","Seasonal Cycle Score","MeanState","global","score","1","0.520787","75.0"
"EcosystemandCarbonCycle","SoilCarbon","CARDAMOM","BCC-CSM2-MR","Bias","MeanState","global","scalar","kg m-2","1.12264","75.0"
"EcosystemandCarbonCycle","SoilCarbon","CARDAMOM","BCC-CSM2-MR","Bias Score","MeanState","global","score","1","0.00706416","75.0"
"EcosystemandCarbonCycle","SoilCarbon","CARDAMOM","BCC-CSM2-MR","Overall Score","MeanState","global","score","1","0.403377","75.0"
"EcosystemandCarbonCycle","SoilCarbon","CARDAMOM","NorESM2-LM","Benchmark Period Mean (intersection)","MeanState","global","scalar","Pg","1445.12","75.0"
"EcosystemandCarbonCycle","SoilCarbon","CARDAMOM","NorESM2-LM","Benchmark Period Mean (complement)","MeanState","global","scalar","Pg","nan","75.0"
"EcosystemandCarbonCycle","SoilCarbon","CARDAMOM","NorESM2-LM","Period Mean (original grids)","MeanState","global","scalar","Pg","2446.96","75.0"
"EcosystemandCarbonCycle","SoilCarbon","CARDAMOM","NorESM2-LM","Model Period Mean (intersection)","MeanState","global","scalar","Pg","2346.67","75.0"
"EcosystemandCarbonCycle","SoilCarbon","CARDAMOM","NorESM2-LM","Model Period Mean (complement)","MeanState","global","scalar","Pg","366.534","75.0"
"EcosystemandCarbonCycle","SoilCarbon","CARDAMOM","NorESM2-LM","Spatial Distribution Score","MeanState","global","score","1","0.0419254","75.0"
"EcosystemandCarbonCycle","SoilCarbon","CARDAMOM","NorESM2-LM","Phase Shift","MeanState","global","scalar","months","2.87148","75.0"
"EcosystemandCarbonCycle","SoilCarbon","CARDAMOM","NorESM2-LM","Seasonal Cycle Score","MeanState","global","score","1","0.481988","75.0"
"EcosystemandCarbonCycle","SoilCarbon","CARDAMOM","NorESM2-LM","Bias","MeanState","global","scalar","kg m-2","6.23922","75.0"
"EcosystemandCarbonCycle","SoilCarbon","CARDAMOM","NorESM2-LM","Bias Score","MeanState","global","score","1","0.00639689","75.0"
"EcosystemandCarbonCycle","SoilCarbon","CARDAMOM","NorESM2-LM","Overall Score","MeanState","global","score","1","0.17677","75.0"
"EcosystemandCarbonCycle","SoilCarbon","CARDAMOM","MPI-ESM1-2-LR","Benchmark Period Mean (intersection)","MeanState","global","scalar","Pg","1272.27","75.0"
"EcosystemandCarbonCycle","SoilCarbon","CARDAMOM","MPI-ESM1-2-LR","Benchmark Period Mean (complement)","MeanState","global","scalar","Pg","163.076","75.0"
"EcosystemandCarbonCycle","SoilCarbon","CARDAMOM","MPI-ESM1-2-LR","Period Mean (original grids)","MeanState","global","scalar","Pg","687.922","75.0"
"EcosystemandCarbonCycle","SoilCarbon","CARDAMOM","MPI-ESM1-2-LR","Model Period Mean (intersection)","MeanState","global","scalar","Pg","688.78","75.0"
"EcosystemandCarbonCycle","SoilCarbon","CARDAMOM","MPI-ESM1-2-LR","Model Period Mean (complement)","MeanState","global","scalar","Pg","21.5112","75.0"
"EcosystemandCarbonCycle","SoilCarbon","CARDAMOM","MPI-ESM1-2-LR","Spatial Distribution Score","MeanState","global","score","1","0.255338","75.0"
"EcosystemandCarbonCycle","SoilCarbon","CARDAMOM","MPI-ESM1-2-LR","Phase Shift","MeanState","global","scalar","months","2.74565","75.0"
"EcosystemandCarbonCycle","SoilCarbon","CARDAMOM","MPI-ESM1-2-LR","Seasonal Cycle Score","MeanState","global","score","1","0.523341","75.0"
"EcosystemandCarbonCycle","SoilCarbon","CARDAMOM","MPI-ESM1-2-LR","Bias","MeanState","global","scalar","kg m-2","-4.64463","75.0"
"EcosystemandCarbonCycle","SoilCarbon","CARDAMOM","MPI-ESM1-2-LR","Bias Score","MeanState","global","score","1","0.00820042","75.0"
"EcosystemandCarbonCycle","SoilCarbon","CARDAMOM","MPI-ESM1-2-LR","Overall Score","MeanState","global","score","1","0.262293","75.0"
"EcosystemandCarbonCycle","SoilCarbon","CARDAMOM","CanESM5","Benchmark Period Mean (intersection)","MeanState","global","scalar","Pg","1454.38","75.0"
"EcosystemandCarbonCycle","SoilCarbon","CARDAMOM","CanESM5","Benchmark Period Mean (complement)","MeanState","global","scalar","Pg","nan","75.0"
"EcosystemandCarbonCycle","SoilCarbon","CARDAMOM","CanESM5","Period Mean (original grids)","MeanState","global","scalar","Pg","1539.72","75.0"
"EcosystemandCarbonCycle","SoilCarbon","CARDAMOM","CanESM5","Model Period Mean (intersection)","MeanState","global","scalar","Pg","1483.3","75.0"
"EcosystemandCarbonCycle","SoilCarbon","CARDAMOM","CanESM5","Model Period Mean (complement)","MeanState","global","scalar","Pg","132.684","75.0"
"EcosystemandCarbonCycle","SoilCarbon","CARDAMOM","CanESM5","Spatial Distribution Score","MeanState","global","score","1","0.619176","75.0"
"EcosystemandCarbonCycle","SoilCarbon","CARDAMOM","CanESM5","Phase Shift","MeanState","global","scalar","months","3.00336","75.0"
"EcosystemandCarbonCycle","SoilCarbon","CARDAMOM","CanESM5","Seasonal Cycle Score","MeanState","global","score","1","0.494459","75.0"
"EcosystemandCarbonCycle","SoilCarbon","CARDAMOM","CanESM5","Bias","MeanState","global","scalar","kg m-2","0.145704","75.0"
"EcosystemandCarbonCycle","SoilCarbon","CARDAMOM","CanESM5","Bias Score","MeanState","global","score","1","0.00784682","75.0"
"EcosystemandCarbonCycle","SoilCarbon","CARDAMOM","CanESM5","Overall Score","MeanState","global","score","1","0.373827","75.0"
"EcosystemandCarbonCycle","SoilCarbon","CARDAMOM","ACCESS-ESM1-5","Benchmark Period Mean (intersection)","MeanState","global","scalar","Pg","1410.6","75.0"
"EcosystemandCarbonCycle","SoilCarbon","CARDAMOM","ACCESS-ESM1-5","Benchmark Period Mean (complement)","MeanState","global","scalar","Pg","27.9748","75.0"
"EcosystemandCarbonCycle","SoilCarbon","CARDAMOM","ACCESS-ESM1-5","Period Mean (original grids)","MeanState","global","scalar","Pg","875.896","75.0"
"EcosystemandCarbonCycle","SoilCarbon","CARDAMOM","ACCESS-ESM1-5","Model Period Mean (intersection)","MeanState","global","scalar","Pg","869.24","75.0"
"EcosystemandCarbonCycle","SoilCarbon","CARDAMOM","ACCESS-ESM1-5","Model Period Mean (complement)","MeanState","global","scalar","Pg","27.5387","75.0"
"EcosystemandCarbonCycle","SoilCarbon","CARDAMOM","ACCESS-ESM1-5","Spatial Distribution Score","MeanState","global","score","1","0.44472","75.0"
"EcosystemandCarbonCycle","SoilCarbon","CARDAMOM","ACCESS-ESM1-5","Phase Shift","MeanState","global","scalar","months","2.51803","75.0"
"EcosystemandCarbonCycle","SoilCarbon","CARDAMOM","ACCESS-ESM1-5","Seasonal Cycle Score","MeanState","global","score","1","0.557171","75.0"
"EcosystemandCarbonCycle","SoilCarbon","CARDAMOM","ACCESS-ESM1-5","Bias","MeanState","global","scalar","kg m-2","-3.91071","75.0"
"EcosystemandCarbonCycle","SoilCarbon","CARDAMOM","ACCESS-ESM1-5","Bias Score","MeanState","global","score","1","0.00728642","75.0"
"EcosystemandCarbonCycle","SoilCarbon","CARDAMOM","ACCESS-ESM1-5","Overall Score","MeanState","global","score","1","0.336392","75.0"
"EcosystemandCarbonCycle","SoilCarbon","CARDAMOM","MIROC-ES2L","Benchmark Period Mean (intersection)","MeanState","global","scalar","Pg","1450.7","75.0"
"EcosystemandCarbonCycle","SoilCarbon","CARDAMOM","MIROC-ES2L","Benchmark Period Mean (complement)","MeanState","global","scalar","Pg","3.67323","75.0"
"EcosystemandCarbonCycle","SoilCarbon","CARDAMOM","MIROC-ES2L","Period Mean (original grids)","MeanState","global","scalar","Pg","1250.38","75.0"
"EcosystemandCarbonCycle","SoilCarbon","CARDAMOM","MIROC-ES2L","Model Period Mean (intersection)","MeanState","global","scalar","Pg","1207.75","75.0"
"EcosystemandCarbonCycle","SoilCarbon","CARDAMOM","MIROC-ES2L","Model Period Mean (complement)","MeanState","global","scalar","Pg","84.4436","75.0"
"EcosystemandCarbonCycle","SoilCarbon","CARDAMOM","MIROC-ES2L","Spatial Distribution Score","MeanState","global","score","1","0.79923","75.0"
"EcosystemandCarbonCycle","SoilCarbon","CARDAMOM","MIROC-ES2L","Phase Shift","MeanState","global","scalar","months","2.85694","75.0"
"EcosystemandCarbonCycle","SoilCarbon","CARDAMOM","MIROC-ES2L","Seasonal Cycle Score","MeanState","global","score","1","0.484653","75.0"
"EcosystemandCarbonCycle","SoilCarbon","CARDAMOM","MIROC-ES2L","Bias","MeanState","global","scalar","kg m-2","-1.64444","75.0"
"EcosystemandCarbonCycle","SoilCarbon","CARDAMOM","MIROC-ES2L","Bias Score","MeanState","global","score","1","0.0079156","75.0"
"EcosystemandCarbonCycle","SoilCarbon","CARDAMOM","MIROC-ES2L","Overall Score","MeanState","global","score","1","0.4306","75.0"
"EcosystemandCarbonCycle","SoilCarbon","CARDAMOM","IPSL-CM6A-LR","Benchmark Period Mean (intersection)","MeanState","global","scalar","Pg","1407.47","75.0"
"EcosystemandCarbonCycle","SoilCarbon","CARDAMOM","IPSL-CM6A-LR","Benchmark Period Mean (complement)","MeanState","global","scalar","Pg","40.74","75.0"
"EcosystemandCarbonCycle","SoilCarbon","CARDAMOM","IPSL-CM6A-LR","Period Mean (original grids)","MeanState","global","scalar","Pg","616.297","75.0"
"EcosystemandCarbonCycle","SoilCarbon","CARDAMOM","IPSL-CM6A-LR","Model Period Mean (intersection)","MeanState","global","scalar","Pg","569.201","75.0"
"EcosystemandCarbonCycle","SoilCarbon","CARDAMOM","IPSL-CM6A-LR","Model Period Mean (complement)","MeanState","global","scalar","Pg","41.0235","75.0"
"EcosystemandCarbonCycle","SoilCarbon","CARDAMOM","IPSL-CM6A-LR","Spatial Distribution Score","MeanState","global","score","1","0.148751","75.0"
"EcosystemandCarbonCycle","SoilCarbon","CARDAMOM","IPSL-CM6A-LR","Phase Shift","MeanState","global","scalar","months","2.95414","75.0"
"EcosystemandCarbonCycle","SoilCarbon","CARDAMOM","IPSL-CM6A-LR","Seasonal Cycle Score","MeanState","global","score","1","0.480812","75.0"
"EcosystemandCarbonCycle","SoilCarbon","CARDAMOM","IPSL-CM6A-LR","Bias","MeanState","global","scalar","kg m-2","-6.12437","75.0"
"EcosystemandCarbonCycle","SoilCarbon","CARDAMOM","IPSL-CM6A-LR","Bias Score","MeanState","global","score","1","0.00514727","75.0"
"EcosystemandCarbonCycle","SoilCarbon","CARDAMOM","IPSL-CM6A-LR","Overall Score","MeanState","global","score","1","0.21157","75.0"
"EcosystemandCarbonCycle","SoilCarbon","CARDAMOM","ENSEMBLE-CMIP6","Benchmark Period Mean (intersection)","MeanState","global","scalar","Pg","1444.09","75.0"
"EcosystemandCarbonCycle","SoilCarbon","CARDAMOM","ENSEMBLE-CMIP6","Benchmark Period Mean (complement)","MeanState","global","scalar","Pg","nan","75.0"
"EcosystemandCarbonCycle","SoilCarbon","CARDAMOM","ENSEMBLE-CMIP6","Period Mean (original grids)","MeanState","global","scalar","Pg","1428.63","75.0"
"EcosystemandCarbonCycle","SoilCarbon","CARDAMOM","ENSEMBLE-CMIP6","Model Period Mean (intersection)","MeanState","global","scalar","Pg","1291.17","75.0"
"EcosystemandCarbonCycle","SoilCarbon","CARDAMOM","ENSEMBLE-CMIP6","Model Period Mean (complement)","MeanState","global","scalar","Pg","126.845","75.0"
"EcosystemandCarbonCycle","SoilCarbon","CARDAMOM","ENSEMBLE-CMIP6","Spatial Distribution Score","MeanState","global","score","1","0.734011","75.0"
"EcosystemandCarbonCycle","SoilCarbon","CARDAMOM","ENSEMBLE-CMIP6","Phase Shift","MeanState","global","scalar","months","2.96173","75.0"
"EcosystemandCarbonCycle","SoilCarbon","CARDAMOM","ENSEMBLE-CMIP6","Seasonal Cycle Score","MeanState","global","score","1","0.506643","75.0"
"EcosystemandCarbonCycle","SoilCarbon","CARDAMOM","ENSEMBLE-CMIP6","Bias","MeanState","global","scalar","kg m-2","-1.13302","75.0"
"EcosystemandCarbonCycle","SoilCarbon","CARDAMOM","ENSEMBLE-CMIP6","Bias Score","MeanState","global","score","1","0.00950466","75.0"
"EcosystemandCarbonCycle","SoilCarbon","CARDAMOM","ENSEMBLE-CMIP6","Overall Score","MeanState","global","score","1","0.416719","75.0"
"EcosystemandCarbonCycle","Biomass","CARDAMOM","CESM2","Benchmark Period Mean (intersection)","MeanState","global","scalar","Pg","388.041","40.0"
"EcosystemandCarbonCycle","Biomass","CARDAMOM","CESM2","Benchmark Period Mean (complement)","MeanState","global","scalar","Pg","11.1776","40.0"
"EcosystemandCarbonCycle","Biomass","CARDAMOM","CESM2","Period Mean (original grids)","MeanState","global","scalar","Pg","573.755","40.0"
"EcosystemandCarbonCycle","Biomass","CARDAMOM","CESM2","Model Period Mean (intersection)","MeanState","global","scalar","Pg","508.17","40.0"
"EcosystemandCarbonCycle","Biomass","CARDAMOM","CESM2","Model Period Mean (complement)","MeanState","global","scalar","Pg","65.2621","40.0"
"EcosystemandCarbonCycle","Biomass","CARDAMOM","CESM2","Spatial Distribution Score","MeanState","global","score","1","0.659419","40.0"
"EcosystemandCarbonCycle","Biomass","CARDAMOM","CESM2","Phase Shift","MeanState","global","scalar","months","1.94133","40.0"
"EcosystemandCarbonCycle","Biomass","CARDAMOM","CESM2","Seasonal Cycle Score","MeanState","global","score","1","0.743017","40.0"
"EcosystemandCarbonCycle","Biomass","CARDAMOM","CESM2","Bias","MeanState","global","scalar","kg m-2","0.877076","40.0"
"EcosystemandCarbonCycle","Biomass","CARDAMOM","CESM2","Bias Score","MeanState","global","score","1","0.014839","40.0"
"EcosystemandCarbonCycle","Biomass","CARDAMOM","CESM2","Overall Score","MeanState","global","score","1","0.472425","40.0"
"EcosystemandCarbonCycle","Biomass","CARDAMOM","GFDL_ESM4","Benchmark Period Mean (intersection)","MeanState","global","scalar","Pg","405.49","40.0"
"EcosystemandCarbonCycle","Biomass","CARDAMOM","GFDL_ESM4","Benchmark Period Mean (complement)","MeanState","global","scalar","Pg","nan","40.0"
"EcosystemandCarbonCycle","Biomass","CARDAMOM","GFDL_ESM4","Period Mean (original grids)","MeanState","global","scalar","Pg","379.927","40.0"
"EcosystemandCarbonCycle","Biomass","CARDAMOM","GFDL_ESM4","Model Period Mean (intersection)","MeanState","global","scalar","Pg","362.22","40.0"
"EcosystemandCarbonCycle","Biomass","CARDAMOM","GFDL_ESM4","Model Period Mean (complement)","MeanState","global","scalar","Pg","43.1019","40.0"
"EcosystemandCarbonCycle","Biomass","CARDAMOM","GFDL_ESM4","Spatial Distribution Score","MeanState","global","score","1","0.804776","40.0"
"EcosystemandCarbonCycle","Biomass","CARDAMOM","GFDL_ESM4","Phase Shift","MeanState","global","scalar","months","1.69218","40.0"
"EcosystemandCarbonCycle","Biomass","CARDAMOM","GFDL_ESM4","Seasonal Cycle Score","MeanState","global","score","1","0.745785","40.0"
"EcosystemandCarbonCycle","Biomass","CARDAMOM","GFDL_ESM4","Bias","MeanState","global","scalar","kg m-2","-0.305171","40.0"
"EcosystemandCarbonCycle","Biomass","CARDAMOM","GFDL_ESM4","Bias Score","MeanState","global","score","1","0.0193732","40.0"
"EcosystemandCarbonCycle","Biomass","CARDAMOM","GFDL_ESM4","Overall Score","MeanState","global","score","1","0.523311","40.0"
"EcosystemandCarbonCycle","Biomass","CARDAMOM","CNRM-ESM2-1","Benchmark Period Mean (intersection)","MeanState","global","scalar","Pg","398.01","40.0"
"EcosystemandCarbonCycle","Biomass","CARDAMOM","CNRM-ESM2-1","Benchmark Period Mean (complement)","MeanState","global","scalar","Pg","4.63517","40.0"
"EcosystemandCarbonCycle","Biomass","CARDAMOM","CNRM-ESM2-1","Period Mean (original grids)","MeanState","global","scalar","Pg","622.903","40.0"
"EcosystemandCarbonCycle","Biomass","CARDAMOM","CNRM-ESM2-1","Model Period Mean (intersection)","MeanState","global","scalar","Pg","540.376","40.0"
"EcosystemandCarbonCycle","Biomass","CARDAMOM","CNRM-ESM2-1","Model Period Mean (complement)","MeanState","global","scalar","Pg","83.0267","40.0"
"EcosystemandCarbonCycle","Biomass","CARDAMOM","CNRM-ESM2-1","Spatial Distribution Score","MeanState","global","score","1","0.728641","40.0"
"EcosystemandCarbonCycle","Biomass","CARDAMOM","CNRM-ESM2-1","Phase Shift","MeanState","global","scalar","months","1.75479","40.0"
"EcosystemandCarbonCycle","Biomass","CARDAMOM","CNRM-ESM2-1","Seasonal Cycle Score","MeanState","global","score","1","0.782877","40.0"
"EcosystemandCarbonCycle","Biomass","CARDAMOM","CNRM-ESM2-1","Bias","MeanState","global","scalar","kg m-2","1.05988","40.0"
"EcosystemandCarbonCycle","Biomass","CARDAMOM","CNRM-ESM2-1","Bias Score","MeanState","global","score","1","0.0190686","40.0"
"EcosystemandCarbonCycle","Biomass","CARDAMOM","CNRM-ESM2-1","Overall Score","MeanState","global","score","1","0.510196","40.0"
"EcosystemandCarbonCycle","Biomass","CARDAMOM","UKESM1-0-LL","Benchmark Period Mean (intersection)","MeanState","global","scalar","Pg","395.163","40.0"
"EcosystemandCarbonCycle","Biomass","CARDAMOM","UKESM1-0-LL","Benchmark Period Mean (complement)","MeanState","global","scalar","Pg","8.89842","40.0"
"EcosystemandCarbonCycle","Biomass","CARDAMOM","UKESM1-0-LL","Period Mean (original grids)","MeanState","global","scalar","Pg","671.149","40.0"
"EcosystemandCarbonCycle","Biomass","CARDAMOM","UKESM1-0-LL","Model Period Mean (intersection)","MeanState","global","scalar","Pg","594.554","40.0"
"EcosystemandCarbonCycle","Biomass","CARDAMOM","UKESM1-0-LL","Model Period Mean (complement)","MeanState","global","scalar","Pg","69.0226","40.0"
"EcosystemandCarbonCycle","Biomass","CARDAMOM","UKESM1-0-LL","Spatial Distribution Score","MeanState","global","score","1","0.706698","40.0"
"EcosystemandCarbonCycle","Biomass","CARDAMOM","UKESM1-0-LL","Phase Shift","MeanState","global","scalar","months","1.69023","40.0"
"EcosystemandCarbonCycle","Biomass","CARDAMOM","UKESM1-0-LL","Seasonal Cycle Score","MeanState","global","score","1","0.75062","40.0"
"EcosystemandCarbonCycle","Biomass","CARDAMOM","UKESM1-0-LL","Bias","MeanState","global","scalar","kg m-2","1.4398","40.0"
"EcosystemandCarbonCycle","Biomass","CARDAMOM","UKESM1-0-LL","Bias Score","MeanState","global","score","1","0.0137386","40.0"
"EcosystemandCarbonCycle","Biomass","CARDAMOM","UKESM1-0-LL","Overall Score","MeanState","global","score","1","0.490352","40.0"
"EcosystemandCarbonCycle","Biomass","CARDAMOM","BCC-CSM2-MR","Benchmark Period Mean (intersection)","MeanState","global","scalar","Pg","389.702","40.0"
"EcosystemandCarbonCycle","Biomass","CARDAMOM","BCC-CSM2-MR","Benchmark Period Mean (complement)","MeanState","global","scalar","Pg","12.2896","40.0"
"EcosystemandCarbonCycle","Biomass","CARDAMOM","BCC-CSM2-MR","Period Mean (original grids)","MeanState","global","scalar","Pg","425.219","40.0"
"EcosystemandCarbonCycle","Biomass","CARDAMOM","BCC-CSM2-MR","Model Period Mean (intersection)","MeanState","global","scalar","Pg","393.265","40.0"
"EcosystemandCarbonCycle","Biomass","CARDAMOM","BCC-CSM2-MR","Model Period Mean (complement)","MeanState","global","scalar","Pg","32.6721","40.0"
"EcosystemandCarbonCycle","Biomass","CARDAMOM","BCC-CSM2-MR","Spatial Distribution Score","MeanState","global","score","1","0.879093","40.0"
"EcosystemandCarbonCycle","Biomass","CARDAMOM","BCC-CSM2-MR","Phase Shift","MeanState","global","scalar","months","2.23488","40.0"
"EcosystemandCarbonCycle","Biomass","CARDAMOM","BCC-CSM2-MR","Seasonal Cycle Score","MeanState","global","score","1","0.633393","40.0"
"EcosystemandCarbonCycle","Biomass","CARDAMOM","BCC-CSM2-MR","Bias","MeanState","global","scalar","kg m-2","0.0149489","40.0"
"EcosystemandCarbonCycle","Biomass","CARDAMOM","BCC-CSM2-MR","Bias Score","MeanState","global","score","1","0.022126","40.0"
"EcosystemandCarbonCycle","Biomass","CARDAMOM","BCC-CSM2-MR","Overall Score","MeanState","global","score","1","0.511537","40.0"
"EcosystemandCarbonCycle","Biomass","CARDAMOM","NorESM2-LM","Benchmark Period Mean (intersection)","MeanState","global","scalar","Pg","405.447","40.0"
"EcosystemandCarbonCycle","Biomass","CARDAMOM","NorESM2-LM","Benchmark Period Mean (complement)","MeanState","global","scalar","Pg","nan","40.0"
"EcosystemandCarbonCycle","Biomass","CARDAMOM","NorESM2-LM","Period Mean (original grids)","MeanState","global","scalar","Pg","601.619","40.0"
"EcosystemandCarbonCycle","Biomass","CARDAMOM","NorESM2-LM","Model Period Mean (intersection)","MeanState","global","scalar","Pg","512.205","40.0"
"EcosystemandCarbonCycle","Biomass","CARDAMOM","NorESM2-LM","Model Period Mean (complement)","MeanState","global","scalar","Pg","79.6448","40.0"
"EcosystemandCarbonCycle","Biomass","CARDAMOM","NorESM2-LM","Spatial Distribution Score","MeanState","global","score","1","0.692279","40.0"
"EcosystemandCarbonCycle","Biomass","CARDAMOM","NorESM2-LM","Phase Shift","MeanState","global","scalar","months","1.99711","40.0"
"EcosystemandCarbonCycle","Biomass","CARDAMOM","NorESM2-LM","Seasonal Cycle Score","MeanState","global","score","1","0.735723","40.0"
"EcosystemandCarbonCycle","Biomass","CARDAMOM","NorESM2-LM","Bias","MeanState","global","scalar","kg m-2","0.70024","40.0"
"EcosystemandCarbonCycle","Biomass","CARDAMOM","NorESM2-LM","Bias Score","MeanState","global","score","1","0.0128946","40.0"
"EcosystemandCarbonCycle","Biomass","CARDAMOM","NorESM2-LM","Overall Score","MeanState","global","score","1","0.480299","40.0"
"EcosystemandCarbonCycle","Biomass","CARDAMOM","MPI-ESM1-2-LR","Benchmark Period Mean (intersection)","MeanState","global","scalar","Pg","356.795","40.0"
"EcosystemandCarbonCycle","Biomass","CARDAMOM","MPI-ESM1-2-LR","Benchmark Period Mean (complement)","MeanState","global","scalar","Pg","44.9687","40.0"
"EcosystemandCarbonCycle","Biomass","CARDAMOM","MPI-ESM1-2-LR","Period Mean (original grids)","MeanState","global","scalar","Pg","372.607","40.0"
"EcosystemandCarbonCycle","Biomass","CARDAMOM","MPI-ESM1-2-LR","Model Period Mean (intersection)","MeanState","global","scalar","Pg","361.143","40.0"
"EcosystemandCarbonCycle","Biomass","CARDAMOM","MPI-ESM1-2-LR","Model Period Mean (complement)","MeanState","global","scalar","Pg","11.3018","40.0"
"EcosystemandCarbonCycle","Biomass","CARDAMOM","MPI-ESM1-2-LR","Spatial Distribution Score","MeanState","global","score","1","0.786362","40.0"
"EcosystemandCarbonCycle","Biomass","CARDAMOM","MPI-ESM1-2-LR","Phase Shift","MeanState","global","scalar","months","1.9119","40.0"
"EcosystemandCarbonCycle","Biomass","CARDAMOM","MPI-ESM1-2-LR","Seasonal Cycle Score","MeanState","global","score","1","0.764073","40.0"
"EcosystemandCarbonCycle","Biomass","CARDAMOM","MPI-ESM1-2-LR","Bias","MeanState","global","scalar","kg m-2","-0.00963067","40.0"
"EcosystemandCarbonCycle","Biomass","CARDAMOM","MPI-ESM1-2-LR","Bias Score","MeanState","global","score","1","0.0138087","40.0"
"EcosystemandCarbonCycle","Biomass","CARDAMOM","MPI-ESM1-2-LR","Overall Score","MeanState","global","score","1","0.521415","40.0"
"EcosystemandCarbonCycle","Biomass","CARDAMOM","CanESM5","Benchmark Period Mean (intersection)","MeanState","global","scalar","Pg","406.617","40.0"
"EcosystemandCarbonCycle","Biomass","CARDAMOM","CanESM5","Benchmark Period Mean (complement)","MeanState","global","scalar","Pg","nan","40.0"
"EcosystemandCarbonCycle","Biomass","CARDAMOM","CanESM5","Period Mean (original grids)","MeanState","global","scalar","Pg","654.884","40.0"
"EcosystemandCarbonCycle","Biomass","CARDAMOM","CanESM5","Model Period Mean (intersection)","MeanState","global","scalar","Pg","573.004","40.0"
"EcosystemandCarbonCycle","Biomass","CARDAMOM","CanESM5","Model Period Mean (complement)","MeanState","global","scalar","Pg","75.2172","40.0"
"EcosystemandCarbonCycle","Biomass","CARDAMOM","CanESM5","Spatial Distribution Score","MeanState","global","score","1","0.749501","40.0"
"EcosystemandCarbonCycle","Biomass","CARDAMOM","CanESM5","Phase Shift","MeanState","global","scalar","months","1.47669","40.0"
"EcosystemandCarbonCycle","Biomass","CARDAMOM","CanESM5","Seasonal Cycle Score","MeanState","global","score","1","0.791922","40.0"
"EcosystemandCarbonCycle","Biomass","CARDAMOM","CanESM5","Bias","MeanState","global","scalar","kg m-2","1.13622","40.0"
"EcosystemandCarbonCycle","Biomass","CARDAMOM","CanESM5","Bias Score","MeanState","global","score","1","0.0175275","40.0"
"EcosystemandCarbonCycle","Biomass","CARDAMOM","CanESM5","Overall Score","MeanState","global","score","1","0.51965","40.0"
"EcosystemandCarbonCycle","Biomass","CARDAMOM","ACCESS-ESM1-5","Benchmark Period Mean (intersection)","MeanState","global","scalar","Pg","395.215","40.0"
"EcosystemandCarbonCycle","Biomass","CARDAMOM","ACCESS-ESM1-5","Benchmark Period Mean (complement)","MeanState","global","scalar","Pg","7.72981","40.0"
"EcosystemandCarbonCycle","Biomass","CARDAMOM","ACCESS-ESM1-5","Period Mean (original grids)","MeanState","global","scalar","Pg","706.424","40.0"
"EcosystemandCarbonCycle","Biomass","CARDAMOM","ACCESS-ESM1-5","Model Period Mean (intersection)","MeanState","global","scalar","Pg","673.131","40.0"
"EcosystemandCarbonCycle","Biomass","CARDAMOM","ACCESS-ESM1-5","Model Period Mean (complement)","MeanState","global","scalar","Pg","33.2961","40.0"
"EcosystemandCarbonCycle","Biomass","CARDAMOM","ACCESS-ESM1-5","Spatial Distribution Score","MeanState","global","score","1","0.593103","40.0"
"EcosystemandCarbonCycle","Biomass","CARDAMOM","ACCESS-ESM1-5","Phase Shift","MeanState","global","scalar","months","1.63919","40.0"
"EcosystemandCarbonCycle","Biomass","CARDAMOM","ACCESS-ESM1-5","Seasonal Cycle Score","MeanState","global","score","1","0.756424","40.0"
"EcosystemandCarbonCycle","Biomass","CARDAMOM","ACCESS-ESM1-5","Bias","MeanState","global","scalar","kg m-2","2.04185","40.0"
"EcosystemandCarbonCycle","Biomass","CARDAMOM","ACCESS-ESM1-5","Bias Score","MeanState","global","score","1","0.0134666","40.0"
"EcosystemandCarbonCycle","Biomass","CARDAMOM","ACCESS-ESM1-5","Overall Score","MeanState","global","score","1","0.454331","40.0"
"EcosystemandCarbonCycle","Biomass","CARDAMOM","MIROC-ES2L","Benchmark Period Mean (intersection)","MeanState","global","scalar","Pg","405.812","40.0"
"EcosystemandCarbonCycle","Biomass","CARDAMOM","MIROC-ES2L","Benchmark Period Mean (complement)","MeanState","global","scalar","Pg","0.805041","40.0"
"EcosystemandCarbonCycle","Biomass","CARDAMOM","MIROC-ES2L","Period Mean (original grids)","MeanState","global","scalar","Pg","632.513","40.0"
"EcosystemandCarbonCycle","Biomass","CARDAMOM","MIROC-ES2L","Model Period Mean (intersection)","MeanState","global","scalar","Pg","554.807","40.0"
"EcosystemandCarbonCycle","Biomass","CARDAMOM","MIROC-ES2L","Model Period Mean (complement)","MeanState","global","scalar","Pg","72.5964","40.0"
"EcosystemandCarbonCycle","Biomass","CARDAMOM","MIROC-ES2L","Spatial Distribution Score","MeanState","global","score","1","0.777536","40.0"
"EcosystemandCarbonCycle","Biomass","CARDAMOM","MIROC-ES2L","Phase Shift","MeanState","global","scalar","months","2.35803","40.0"
"EcosystemandCarbonCycle","Biomass","CARDAMOM","MIROC-ES2L","Seasonal Cycle Score","MeanState","global","score","1","0.643298","40.0"
"EcosystemandCarbonCycle","Biomass","CARDAMOM","MIROC-ES2L","Bias","MeanState","global","scalar","kg m-2","1.06721","40.0"
"EcosystemandCarbonCycle","Biomass","CARDAMOM","MIROC-ES2L","Bias Score","MeanState","global","score","1","0.0208218","40.0"
"EcosystemandCarbonCycle","Biomass","CARDAMOM","MIROC-ES2L","Overall Score","MeanState","global","score","1","0.480552","40.0"
"EcosystemandCarbonCycle","Biomass","CARDAMOM","IPSL-CM6A-LR","Benchmark Period Mean (intersection)","MeanState","global","scalar","Pg","394.073","40.0"
"EcosystemandCarbonCycle","Biomass","CARDAMOM","IPSL-CM6A-LR","Benchmark Period Mean (complement)","MeanState","global","scalar","Pg","11.0498","40.0"
"EcosystemandCarbonCycle","Biomass","CARDAMOM","IPSL-CM6A-LR","Period Mean (original grids)","MeanState","global","scalar","Pg","418.601","40.0"
"EcosystemandCarbonCycle","Biomass","CARDAMOM","IPSL-CM6A-LR","Model Period Mean (intersection)","MeanState","global","scalar","Pg","371.181","40.0"
"EcosystemandCarbonCycle","Biomass","CARDAMOM","IPSL-CM6A-LR","Model Period Mean (complement)","MeanState","global","scalar","Pg","41.7963","40.0"
"EcosystemandCarbonCycle","Biomass","CARDAMOM","IPSL-CM6A-LR","Spatial Distribution Score","MeanState","global","score","1","0.880458","40.0"
"EcosystemandCarbonCycle","Biomass","CARDAMOM","IPSL-CM6A-LR","Phase Shift","MeanState","global","scalar","months","1.7156","40.0"
"EcosystemandCarbonCycle","Biomass","CARDAMOM","IPSL-CM6A-LR","Seasonal Cycle Score","MeanState","global","score","1","0.735282","40.0"
"EcosystemandCarbonCycle","Biomass","CARDAMOM","IPSL-CM6A-LR","Bias","MeanState","global","scalar","kg m-2","-0.145172","40.0"
"EcosystemandCarbonCycle","Biomass","CARDAMOM","IPSL-CM6A-LR","Bias Score","MeanState","global","score","1","0.0209568","40.0"
"EcosystemandCarbonCycle","Biomass","CARDAMOM","IPSL-CM6A-LR","Overall Score","MeanState","global","score","1","0.545566","40.0"
"EcosystemandCarbonCycle","Biomass","CARDAMOM","ENSEMBLE-CMIP6","Benchmark Period Mean (intersection)","MeanState","global","scalar","Pg","405.167","40.0"
"EcosystemandCarbonCycle","Biomass","CARDAMOM","ENSEMBLE-CMIP6","Benchmark Period Mean (complement)","MeanState","global","scalar","Pg","nan","40.0"
"EcosystemandCarbonCycle","Biomass","CARDAMOM","ENSEMBLE-CMIP6","Period Mean (original grids)","MeanState","global","scalar","Pg","572.082","40.0"
"EcosystemandCarbonCycle","Biomass","CARDAMOM","ENSEMBLE-CMIP6","Model Period Mean (intersection)","MeanState","global","scalar","Pg","504.991","40.0"
"EcosystemandCarbonCycle","Biomass","CARDAMOM","ENSEMBLE-CMIP6","Model Period Mean (complement)","MeanState","global","scalar","Pg","63.6026","40.0"
"EcosystemandCarbonCycle","Biomass","CARDAMOM","ENSEMBLE-CMIP6","Spatial Distribution Score","MeanState","global","score","1","0.908959","40.0"
"EcosystemandCarbonCycle","Biomass","CARDAMOM","ENSEMBLE-CMIP6","Phase Shift","MeanState","global","scalar","months","1.52088","40.0"
"EcosystemandCarbonCycle","Biomass","CARDAMOM","ENSEMBLE-CMIP6","Seasonal Cycle Score","MeanState","global","score","1","0.792203","40.0"
"EcosystemandCarbonCycle","Biomass","CARDAMOM","ENSEMBLE-CMIP6","Bias","MeanState","global","scalar","kg m-2","0.645303","40.0"
"EcosystemandCarbonCycle","Biomass","CARDAMOM","ENSEMBLE-CMIP6","Bias Score","MeanState","global","score","1","0.026437","40.0"
"EcosystemandCarbonCycle","Biomass","CARDAMOM","ENSEMBLE-CMIP6","Overall Score","MeanState","global","score","1","0.575866","40.0"
"EcosystemandCarbonCycle","AutotrophicRespiration","CARDAMOM","CESM2","Benchmark Period Mean (intersection)","MeanState","global","scalar","Pg yr-1","61.5636","16.0"
"EcosystemandCarbonCycle","AutotrophicRespiration","CARDAMOM","CESM2","Benchmark Period Mean (complement)","MeanState","global","scalar","Pg yr-1","1.93967","16.0"
"EcosystemandCarbonCycle","AutotrophicRespiration","CARDAMOM","CESM2","Period Mean (original grids)","MeanState","global","scalar","Pg yr-1","78.2018","16.0"
"EcosystemandCarbonCycle","AutotrophicRespiration","CARDAMOM","CESM2","Model Period Mean (intersection)","MeanState","global","scalar","Pg yr-1","70.0064","16.0"
"EcosystemandCarbonCycle","AutotrophicRespiration","CARDAMOM","CESM2","Model Period Mean (complement)","MeanState","global","scalar","Pg yr-1","8.12583","16.0"
"EcosystemandCarbonCycle","AutotrophicRespiration","CARDAMOM","CESM2","Spatial Distribution Score","MeanState","global","score","1","0.887318","16.0"
"EcosystemandCarbonCycle","AutotrophicRespiration","CARDAMOM","CESM2","Phase Shift","MeanState","global","scalar","months","1.62696","16.0"
"EcosystemandCarbonCycle","AutotrophicRespiration","CARDAMOM","CESM2","Seasonal Cycle Score","MeanState","global","score","1","0.784053","16.0"
"EcosystemandCarbonCycle","AutotrophicRespiration","CARDAMOM","CESM2","Interannual Variability Score","MeanState","global","score","1","0.342692","16.0"
"EcosystemandCarbonCycle","AutotrophicRespiration","CARDAMOM","CESM2","Bias","MeanState","global","scalar","g m-2 d-1","0.171504","16.0"
"EcosystemandCarbonCycle","AutotrophicRespiration","CARDAMOM","CESM2","Bias Score","MeanState","global","score","1","0.37881","16.0"
"EcosystemandCarbonCycle","AutotrophicRespiration","CARDAMOM","CESM2","RMSE","MeanState","global","scalar","g m-2 d-1","0.99003","16.0"
"EcosystemandCarbonCycle","AutotrophicRespiration","CARDAMOM","CESM2","RMSE Score","MeanState","global","score","1","0.379508","16.0"
"EcosystemandCarbonCycle","AutotrophicRespiration","CARDAMOM","CESM2","Overall Score","MeanState","global","score","1","0.525315","16.0"
"EcosystemandCarbonCycle","AutotrophicRespiration","CARDAMOM","GFDL_ESM4","Benchmark Period Mean (intersection)","MeanState","global","scalar","Pg yr-1","64.4831","16.0"
"EcosystemandCarbonCycle","AutotrophicRespiration","CARDAMOM","GFDL_ESM4","Benchmark Period Mean (complement)","MeanState","global","scalar","Pg yr-1","nan","16.0"
"EcosystemandCarbonCycle","AutotrophicRespiration","CARDAMOM","GFDL_ESM4","Period Mean (original grids)","MeanState","global","scalar","Pg yr-1","45.9854","16.0"
"EcosystemandCarbonCycle","AutotrophicRespiration","CARDAMOM","GFDL_ESM4","Model Period Mean (intersection)","MeanState","global","scalar","Pg yr-1","41.2462","16.0"
"EcosystemandCarbonCycle","AutotrophicRespiration","CARDAMOM","GFDL_ESM4","Model Period Mean (complement)","MeanState","global","scalar","Pg yr-1","5.41144","16.0"
"EcosystemandCarbonCycle","AutotrophicRespiration","CARDAMOM","GFDL_ESM4","Spatial Distribution Score","MeanState","global","score","1","0.783419","16.0"
"EcosystemandCarbonCycle","AutotrophicRespiration","CARDAMOM","GFDL_ESM4","Phase Shift","MeanState","global","scalar","months","1.64448","16.0"
"EcosystemandCarbonCycle","AutotrophicRespiration","CARDAMOM","GFDL_ESM4","Seasonal Cycle Score","MeanState","global","score","1","0.727737","16.0"
"EcosystemandCarbonCycle","AutotrophicRespiration","CARDAMOM","GFDL_ESM4","Interannual Variability Score","MeanState","global","score","1","0.409762","16.0"
"EcosystemandCarbonCycle","AutotrophicRespiration","CARDAMOM","GFDL_ESM4","Bias","MeanState","global","scalar","g m-2 d-1","-0.450831","16.0"
"EcosystemandCarbonCycle","AutotrophicRespiration","CARDAMOM","GFDL_ESM4","Bias Score","MeanState","global","score","1","0.308195","16.0"
"EcosystemandCarbonCycle","AutotrophicRespiration","CARDAMOM","GFDL_ESM4","RMSE","MeanState","global","scalar","g m-2 d-1","0.830565","16.0"
"EcosystemandCarbonCycle","AutotrophicRespiration","CARDAMOM","GFDL_ESM4","RMSE Score","MeanState","global","score","1","0.421513","16.0"
"EcosystemandCarbonCycle","AutotrophicRespiration","CARDAMOM","GFDL_ESM4","Overall Score","MeanState","global","score","1","0.512023","16.0"
"EcosystemandCarbonCycle","AutotrophicRespiration","CARDAMOM","CNRM-ESM2-1","Benchmark Period Mean (intersection)","MeanState","global","scalar","Pg yr-1","63.3151","16.0"
"EcosystemandCarbonCycle","AutotrophicRespiration","CARDAMOM","CNRM-ESM2-1","Benchmark Period Mean (complement)","MeanState","global","scalar","Pg yr-1","0.805986","16.0"
"EcosystemandCarbonCycle","AutotrophicRespiration","CARDAMOM","CNRM-ESM2-1","Period Mean (original grids)","MeanState","global","scalar","Pg yr-1","73.9878","16.0"
"EcosystemandCarbonCycle","AutotrophicRespiration","CARDAMOM","CNRM-ESM2-1","Model Period Mean (intersection)","MeanState","global","scalar","Pg yr-1","63.8435","16.0"
"EcosystemandCarbonCycle","AutotrophicRespiration","CARDAMOM","CNRM-ESM2-1","Model Period Mean (complement)","MeanState","global","scalar","Pg yr-1","10.1636","16.0"
"EcosystemandCarbonCycle","AutotrophicRespiration","CARDAMOM","CNRM-ESM2-1","Spatial Distribution Score","MeanState","global","score","1","0.857996","16.0"
"EcosystemandCarbonCycle","AutotrophicRespiration","CARDAMOM","CNRM-ESM2-1","Phase Shift","MeanState","global","scalar","months","2.03356","16.0"
"EcosystemandCarbonCycle","AutotrophicRespiration","CARDAMOM","CNRM-ESM2-1","Seasonal Cycle Score","MeanState","global","score","1","0.705789","16.0"
"EcosystemandCarbonCycle","AutotrophicRespiration","CARDAMOM","CNRM-ESM2-1","Interannual Variability Score","MeanState","global","score","1","0.291712","16.0"
"EcosystemandCarbonCycle","AutotrophicRespiration","CARDAMOM","CNRM-ESM2-1","Bias","MeanState","global","scalar","g m-2 d-1","0.0154342","16.0"
"EcosystemandCarbonCycle","AutotrophicRespiration","CARDAMOM","CNRM-ESM2-1","Bias Score","MeanState","global","score","1","0.359837","16.0"
"EcosystemandCarbonCycle","AutotrophicRespiration","CARDAMOM","CNRM-ESM2-1","RMSE","MeanState","global","scalar","g m-2 d-1","0.974665","16.0"
"EcosystemandCarbonCycle","AutotrophicRespiration","CARDAMOM","CNRM-ESM2-1","RMSE Score","MeanState","global","score","1","0.354448","16.0"
"EcosystemandCarbonCycle","AutotrophicRespiration","CARDAMOM","CNRM-ESM2-1","Overall Score","MeanState","global","score","1","0.487372","16.0"
"EcosystemandCarbonCycle","AutotrophicRespiration","CARDAMOM","UKESM1-0-LL","Benchmark Period Mean (intersection)","MeanState","global","scalar","Pg yr-1","62.603","16.0"
"EcosystemandCarbonCycle","AutotrophicRespiration","CARDAMOM","UKESM1-0-LL","Benchmark Period Mean (complement)","MeanState","global","scalar","Pg yr-1","1.52823","16.0"
"EcosystemandCarbonCycle","AutotrophicRespiration","CARDAMOM","UKESM1-0-LL","Period Mean (original grids)","MeanState","global","scalar","Pg yr-1","79.2934","16.0"
"EcosystemandCarbonCycle","AutotrophicRespiration","CARDAMOM","UKESM1-0-LL","Model Period Mean (intersection)","MeanState","global","scalar","Pg yr-1","70.4992","16.0"
"EcosystemandCarbonCycle","AutotrophicRespiration","CARDAMOM","UKESM1-0-LL","Model Period Mean (complement)","MeanState","global","scalar","Pg yr-1","8.37229","16.0"
"EcosystemandCarbonCycle","AutotrophicRespiration","CARDAMOM","UKESM1-0-LL","Spatial Distribution Score","MeanState","global","score","1","0.838021","16.0"
"EcosystemandCarbonCycle","AutotrophicRespiration","CARDAMOM","UKESM1-0-LL","Phase Shift","MeanState","global","scalar","months","1.73597","16.0"
"EcosystemandCarbonCycle","AutotrophicRespiration","CARDAMOM","UKESM1-0-LL","Seasonal Cycle Score","MeanState","global","score","1","0.749103","16.0"
"EcosystemandCarbonCycle","AutotrophicRespiration","CARDAMOM","UKESM1-0-LL","Interannual Variability Score","MeanState","global","score","1","0.307021","16.0"
"EcosystemandCarbonCycle","AutotrophicRespiration","CARDAMOM","UKESM1-0-LL","Bias","MeanState","global","scalar","g m-2 d-1","0.157566","16.0"
"EcosystemandCarbonCycle","AutotrophicRespiration","CARDAMOM","UKESM1-0-LL","Bias Score","MeanState","global","score","1","0.358693","16.0"
"EcosystemandCarbonCycle","AutotrophicRespiration","CARDAMOM","UKESM1-0-LL","RMSE","MeanState","global","scalar","g m-2 d-1","0.988207","16.0"
"EcosystemandCarbonCycle","AutotrophicRespiration","CARDAMOM","UKESM1-0-LL","RMSE Score","MeanState","global","score","1","0.385312","16.0"
"EcosystemandCarbonCycle","AutotrophicRespiration","CARDAMOM","UKESM1-0-LL","Overall Score","MeanState","global","score","1","0.50391","16.0"
"EcosystemandCarbonCycle","AutotrophicRespiration","CARDAMOM","GISS-E2-1-G","Benchmark Period Mean (intersection)","MeanState","global","scalar","Pg yr-1","62.1238","16.0"
"EcosystemandCarbonCycle","AutotrophicRespiration","CARDAMOM","GISS-E2-1-G","Benchmark Period Mean (complement)","MeanState","global","scalar","Pg yr-1","1.33106","16.0"
"EcosystemandCarbonCycle","AutotrophicRespiration","CARDAMOM","GISS-E2-1-G","Period Mean (original grids)","MeanState","global","scalar","Pg yr-1","84.4195","16.0"
"EcosystemandCarbonCycle","AutotrophicRespiration","CARDAMOM","GISS-E2-1-G","Model Period Mean (intersection)","MeanState","global","scalar","Pg yr-1","77.2409","16.0"
"EcosystemandCarbonCycle","AutotrophicRespiration","CARDAMOM","GISS-E2-1-G","Model Period Mean (complement)","MeanState","global","scalar","Pg yr-1","7.30657","16.0"
"EcosystemandCarbonCycle","AutotrophicRespiration","CARDAMOM","GISS-E2-1-G","Spatial Distribution Score","MeanState","global","score","1","0.626013","16.0"
"EcosystemandCarbonCycle","AutotrophicRespiration","CARDAMOM","GISS-E2-1-G","Phase Shift","MeanState","global","scalar","months","1.43675","16.0"
"EcosystemandCarbonCycle","AutotrophicRespiration","CARDAMOM","GISS-E2-1-G","Seasonal Cycle Score","MeanState","global","score","1","0.754597","16.0"
"EcosystemandCarbonCycle","AutotrophicRespiration","CARDAMOM","GISS-E2-1-G","Interannual Variability Score","MeanState","global","score","1","0.427354","16.0"
"EcosystemandCarbonCycle","AutotrophicRespiration","CARDAMOM","GISS-E2-1-G","Bias","MeanState","global","scalar","g m-2 d-1","0.3025","16.0"
"EcosystemandCarbonCycle","AutotrophicRespiration","CARDAMOM","GISS-E2-1-G","Bias Score","MeanState","global","score","1","0.371226","16.0"
"EcosystemandCarbonCycle","AutotrophicRespiration","CARDAMOM","GISS-E2-1-G","RMSE","MeanState","global","scalar","g m-2 d-1","1.07344","16.0"
"EcosystemandCarbonCycle","AutotrophicRespiration","CARDAMOM","GISS-E2-1-G","RMSE Score","MeanState","global","score","1","0.376081","16.0"
"EcosystemandCarbonCycle","AutotrophicRespiration","CARDAMOM","GISS-E2-1-G","Overall Score","MeanState","global","score","1","0.488559","16.0"
"EcosystemandCarbonCycle","AutotrophicRespiration","CARDAMOM","BCC-CSM2-MR","Benchmark Period Mean (intersection)","MeanState","global","scalar","Pg yr-1","61.6998","16.0"
"EcosystemandCarbonCycle","AutotrophicRespiration","CARDAMOM","BCC-CSM2-MR","Benchmark Period Mean (complement)","MeanState","global","scalar","Pg yr-1","2.15833","16.0"
"EcosystemandCarbonCycle","AutotrophicRespiration","CARDAMOM","BCC-CSM2-MR","Period Mean (original grids)","MeanState","global","scalar","Pg yr-1","67.5038","16.0"
"EcosystemandCarbonCycle","AutotrophicRespiration","CARDAMOM","BCC-CSM2-MR","Model Period Mean (intersection)","MeanState","global","scalar","Pg yr-1","62.6958","16.0"
"EcosystemandCarbonCycle","AutotrophicRespiration","CARDAMOM","BCC-CSM2-MR","Model Period Mean (complement)","MeanState","global","scalar","Pg yr-1","5.09025","16.0"
"EcosystemandCarbonCycle","AutotrophicRespiration","CARDAMOM","BCC-CSM2-MR","Spatial Distribution Score","MeanState","global","score","1","0.902709","16.0"
"EcosystemandCarbonCycle","AutotrophicRespiration","CARDAMOM","BCC-CSM2-MR","Phase Shift","MeanState","global","scalar","months","1.45543","16.0"
"EcosystemandCarbonCycle","AutotrophicRespiration","CARDAMOM","BCC-CSM2-MR","Seasonal Cycle Score","MeanState","global","score","1","0.797201","16.0"
"EcosystemandCarbonCycle","AutotrophicRespiration","CARDAMOM","BCC-CSM2-MR","Interannual Variability Score","MeanState","global","score","1","0.39163","16.0"
"EcosystemandCarbonCycle","AutotrophicRespiration","CARDAMOM","BCC-CSM2-MR","Bias","MeanState","global","scalar","g m-2 d-1","0.0184249","16.0"
"EcosystemandCarbonCycle","AutotrophicRespiration","CARDAMOM","BCC-CSM2-MR","Bias Score","MeanState","global","score","1","0.393709","16.0"
"EcosystemandCarbonCycle","AutotrophicRespiration","CARDAMOM","BCC-CSM2-MR","RMSE","MeanState","global","scalar","g m-2 d-1","0.854171","16.0"
"EcosystemandCarbonCycle","AutotrophicRespiration","CARDAMOM","BCC-CSM2-MR","RMSE Score","MeanState","global","score","1","0.417634","16.0"
"EcosystemandCarbonCycle","AutotrophicRespiration","CARDAMOM","BCC-CSM2-MR","Overall Score","MeanState","global","score","1","0.553419","16.0"
"EcosystemandCarbonCycle","AutotrophicRespiration","CARDAMOM","NorESM2-LM","Benchmark Period Mean (intersection)","MeanState","global","scalar","Pg yr-1","64.6463","16.0"
"EcosystemandCarbonCycle","AutotrophicRespiration","CARDAMOM","NorESM2-LM","Benchmark Period Mean (complement)","MeanState","global","scalar","Pg yr-1","nan","16.0"
"EcosystemandCarbonCycle","AutotrophicRespiration","CARDAMOM","NorESM2-LM","Period Mean (original grids)","MeanState","global","scalar","Pg yr-1","84.5074","16.0"
"EcosystemandCarbonCycle","AutotrophicRespiration","CARDAMOM","NorESM2-LM","Model Period Mean (intersection)","MeanState","global","scalar","Pg yr-1","72.4913","16.0"
"EcosystemandCarbonCycle","AutotrophicRespiration","CARDAMOM","NorESM2-LM","Model Period Mean (complement)","MeanState","global","scalar","Pg yr-1","10.3911","16.0"
"EcosystemandCarbonCycle","AutotrophicRespiration","CARDAMOM","NorESM2-LM","Spatial Distribution Score","MeanState","global","score","1","0.88093","16.0"
"EcosystemandCarbonCycle","AutotrophicRespiration","CARDAMOM","NorESM2-LM","Phase Shift","MeanState","global","scalar","months","1.64809","16.0"
"EcosystemandCarbonCycle","AutotrophicRespiration","CARDAMOM","NorESM2-LM","Seasonal Cycle Score","MeanState","global","score","1","0.794724","16.0"
"EcosystemandCarbonCycle","AutotrophicRespiration","CARDAMOM","NorESM2-LM","Interannual Variability Score","MeanState","global","score","1","0.364692","16.0"
"EcosystemandCarbonCycle","AutotrophicRespiration","CARDAMOM","NorESM2-LM","Bias","MeanState","global","scalar","g m-2 d-1","0.137675","16.0"
"EcosystemandCarbonCycle","AutotrophicRespiration","CARDAMOM","NorESM2-LM","Bias Score","MeanState","global","score","1","0.358743","16.0"
"EcosystemandCarbonCycle","AutotrophicRespiration","CARDAMOM","NorESM2-LM","RMSE","MeanState","global","scalar","g m-2 d-1","1.00226","16.0"
"EcosystemandCarbonCycle","AutotrophicRespiration","CARDAMOM","NorESM2-LM","RMSE Score","MeanState","global","score","1","0.383194","16.0"
"EcosystemandCarbonCycle","AutotrophicRespiration","CARDAMOM","NorESM2-LM","Overall Score","MeanState","global","score","1","0.52758","16.0"
"EcosystemandCarbonCycle","AutotrophicRespiration","CARDAMOM","MPI-ESM1-2-LR","Benchmark Period Mean (intersection)","MeanState","global","scalar","Pg yr-1","56.3198","16.0"
"EcosystemandCarbonCycle","AutotrophicRespiration","CARDAMOM","MPI-ESM1-2-LR","Benchmark Period Mean (complement)","MeanState","global","scalar","Pg yr-1","7.52665","16.0"
"EcosystemandCarbonCycle","AutotrophicRespiration","CARDAMOM","MPI-ESM1-2-LR","Period Mean (original grids)","MeanState","global","scalar","Pg yr-1","75.8713","16.0"
"EcosystemandCarbonCycle","AutotrophicRespiration","CARDAMOM","MPI-ESM1-2-LR","Model Period Mean (intersection)","MeanState","global","scalar","Pg yr-1","73.3433","16.0"
"EcosystemandCarbonCycle","AutotrophicRespiration","CARDAMOM","MPI-ESM1-2-LR","Model Period Mean (complement)","MeanState","global","scalar","Pg yr-1","2.98238","16.0"
"EcosystemandCarbonCycle","AutotrophicRespiration","CARDAMOM","MPI-ESM1-2-LR","Spatial Distribution Score","MeanState","global","score","1","0.854187","16.0"
"EcosystemandCarbonCycle","AutotrophicRespiration","CARDAMOM","MPI-ESM1-2-LR","Phase Shift","MeanState","global","scalar","months","1.5715","16.0"
"EcosystemandCarbonCycle","AutotrophicRespiration","CARDAMOM","MPI-ESM1-2-LR","Seasonal Cycle Score","MeanState","global","score","1","0.752699","16.0"
"EcosystemandCarbonCycle","AutotrophicRespiration","CARDAMOM","MPI-ESM1-2-LR","Interannual Variability Score","MeanState","global","score","1","0.273434","16.0"
"EcosystemandCarbonCycle","AutotrophicRespiration","CARDAMOM","MPI-ESM1-2-LR","Bias","MeanState","global","scalar","g m-2 d-1","0.356468","16.0"
"EcosystemandCarbonCycle","AutotrophicRespiration","CARDAMOM","MPI-ESM1-2-LR","Bias Score","MeanState","global","score","1","0.383092","16.0"
"EcosystemandCarbonCycle","AutotrophicRespiration","CARDAMOM","MPI-ESM1-2-LR","RMSE","MeanState","global","scalar","g m-2 d-1","1.07105","16.0"
"EcosystemandCarbonCycle","AutotrophicRespiration","CARDAMOM","MPI-ESM1-2-LR","RMSE Score","MeanState","global","score","1","0.371103","16.0"
"EcosystemandCarbonCycle","AutotrophicRespiration","CARDAMOM","MPI-ESM1-2-LR","Overall Score","MeanState","global","score","1","0.500936","16.0"
"EcosystemandCarbonCycle","AutotrophicRespiration","CARDAMOM","CanESM5","Benchmark Period Mean (intersection)","MeanState","global","scalar","Pg yr-1","64.5148","16.0"
"EcosystemandCarbonCycle","AutotrophicRespiration","CARDAMOM","CanESM5","Benchmark Period Mean (complement)","MeanState","global","scalar","Pg yr-1","nan","16.0"
"EcosystemandCarbonCycle","AutotrophicRespiration","CARDAMOM","CanESM5","Period Mean (original grids)","MeanState","global","scalar","Pg yr-1","87.6079","16.0"
"EcosystemandCarbonCycle","AutotrophicRespiration","CARDAMOM","CanESM5","Model Period Mean (intersection)","MeanState","global","scalar","Pg yr-1","75.635","16.0"
"EcosystemandCarbonCycle","AutotrophicRespiration","CARDAMOM","CanESM5","Model Period Mean (complement)","MeanState","global","scalar","Pg yr-1","10.9123","16.0"
"EcosystemandCarbonCycle","AutotrophicRespiration","CARDAMOM","CanESM5","Spatial Distribution Score","MeanState","global","score","1","0.866323","16.0"
"EcosystemandCarbonCycle","AutotrophicRespiration","CARDAMOM","CanESM5","Phase Shift","MeanState","global","scalar","months","1.48533","16.0"
"EcosystemandCarbonCycle","AutotrophicRespiration","CARDAMOM","CanESM5","Seasonal Cycle Score","MeanState","global","score","1","0.779931","16.0"
"EcosystemandCarbonCycle","AutotrophicRespiration","CARDAMOM","CanESM5","Interannual Variability Score","MeanState","global","score","1","0.421551","16.0"
"EcosystemandCarbonCycle","AutotrophicRespiration","CARDAMOM","CanESM5","Bias","MeanState","global","scalar","g m-2 d-1","0.194695","16.0"
"EcosystemandCarbonCycle","AutotrophicRespiration","CARDAMOM","CanESM5","Bias Score","MeanState","global","score","1","0.400381","16.0"
"EcosystemandCarbonCycle","AutotrophicRespiration","CARDAMOM","CanESM5","RMSE","MeanState","global","scalar","g m-2 d-1","0.898558","16.0"
"EcosystemandCarbonCycle","AutotrophicRespiration","CARDAMOM","CanESM5","RMSE Score","MeanState","global","score","1","0.469248","16.0"
"EcosystemandCarbonCycle","AutotrophicRespiration","CARDAMOM","CanESM5","Overall Score","MeanState","global","score","1","0.56778","16.0"
"EcosystemandCarbonCycle","AutotrophicRespiration","CARDAMOM","ACCESS-ESM1-5","Benchmark Period Mean (intersection)","MeanState","global","scalar","Pg yr-1","62.7495","16.0"
"EcosystemandCarbonCycle","AutotrophicRespiration","CARDAMOM","ACCESS-ESM1-5","Benchmark Period Mean (complement)","MeanState","global","scalar","Pg yr-1","1.1711","16.0"
"EcosystemandCarbonCycle","AutotrophicRespiration","CARDAMOM","ACCESS-ESM1-5","Period Mean (original grids)","MeanState","global","scalar","Pg yr-1","47.8312","16.0"
"EcosystemandCarbonCycle","AutotrophicRespiration","CARDAMOM","ACCESS-ESM1-5","Model Period Mean (intersection)","MeanState","global","scalar","Pg yr-1","45.7114","16.0"
"EcosystemandCarbonCycle","AutotrophicRespiration","CARDAMOM","ACCESS-ESM1-5","Model Period Mean (complement)","MeanState","global","scalar","Pg yr-1","2.13441","16.0"
"EcosystemandCarbonCycle","AutotrophicRespiration","CARDAMOM","ACCESS-ESM1-5","Spatial Distribution Score","MeanState","global","score","1","0.881784","16.0"
"EcosystemandCarbonCycle","AutotrophicRespiration","CARDAMOM","ACCESS-ESM1-5","Phase Shift","MeanState","global","scalar","months","1.79552","16.0"
"EcosystemandCarbonCycle","AutotrophicRespiration","CARDAMOM","ACCESS-ESM1-5","Seasonal Cycle Score","MeanState","global","score","1","0.766523","16.0"
"EcosystemandCarbonCycle","AutotrophicRespiration","CARDAMOM","ACCESS-ESM1-5","Interannual Variability Score","MeanState","global","score","1","0.47041","16.0"
"EcosystemandCarbonCycle","AutotrophicRespiration","CARDAMOM","ACCESS-ESM1-5","Bias","MeanState","global","scalar","g m-2 d-1","-0.33417","16.0"
"EcosystemandCarbonCycle","AutotrophicRespiration","CARDAMOM","ACCESS-ESM1-5","Bias Score","MeanState","global","score","1","0.334535","16.0"
"EcosystemandCarbonCycle","AutotrophicRespiration","CARDAMOM","ACCESS-ESM1-5","RMSE","MeanState","global","scalar","g m-2 d-1","0.81756","16.0"
"EcosystemandCarbonCycle","AutotrophicRespiration","CARDAMOM","ACCESS-ESM1-5","RMSE Score","MeanState","global","score","1","0.462461","16.0"
"EcosystemandCarbonCycle","AutotrophicRespiration","CARDAMOM","ACCESS-ESM1-5","Overall Score","MeanState","global","score","1","0.563029","16.0"
"EcosystemandCarbonCycle","AutotrophicRespiration","CARDAMOM","MIROC-ES2L","Benchmark Period Mean (intersection)","MeanState","global","scalar","Pg yr-1","64.3667","16.0"
"EcosystemandCarbonCycle","AutotrophicRespiration","CARDAMOM","MIROC-ES2L","Benchmark Period Mean (complement)","MeanState","global","scalar","Pg yr-1","0.148026","16.0"
"EcosystemandCarbonCycle","AutotrophicRespiration","CARDAMOM","MIROC-ES2L","Period Mean (original grids)","MeanState","global","scalar","Pg yr-1","65.96","16.0"
"EcosystemandCarbonCycle","AutotrophicRespiration","CARDAMOM","MIROC-ES2L","Model Period Mean (intersection)","MeanState","global","scalar","Pg yr-1","58.0138","16.0"
"EcosystemandCarbonCycle","AutotrophicRespiration","CARDAMOM","MIROC-ES2L","Model Period Mean (complement)","MeanState","global","scalar","Pg yr-1","7.4855","16.0"
"EcosystemandCarbonCycle","AutotrophicRespiration","CARDAMOM","MIROC-ES2L","Spatial Distribution Score","MeanState","global","score","1","0.902468","16.0"
"EcosystemandCarbonCycle","AutotrophicRespiration","CARDAMOM","MIROC-ES2L","Phase Shift","MeanState","global","scalar","months","2.31107","16.0"
"EcosystemandCarbonCycle","AutotrophicRespiration","CARDAMOM","MIROC-ES2L","Seasonal Cycle Score","MeanState","global","score","1","0.733362","16.0"
"EcosystemandCarbonCycle","AutotrophicRespiration","CARDAMOM","MIROC-ES2L","Interannual Variability Score","MeanState","global","score","1","0.473703","16.0"
"EcosystemandCarbonCycle","AutotrophicRespiration","CARDAMOM","MIROC-ES2L","Bias","MeanState","global","scalar","g m-2 d-1","-0.128214","16.0"
"EcosystemandCarbonCycle","AutotrophicRespiration","CARDAMOM","MIROC-ES2L","Bias Score","MeanState","global","score","1","0.369037","16.0"
"EcosystemandCarbonCycle","AutotrophicRespiration","CARDAMOM","MIROC-ES2L","RMSE","MeanState","global","scalar","g m-2 d-1","0.804448","16.0"
"EcosystemandCarbonCycle","AutotrophicRespiration","CARDAMOM","MIROC-ES2L","RMSE Score","MeanState","global","score","1","0.427983","16.0"
"EcosystemandCarbonCycle","AutotrophicRespiration","CARDAMOM","MIROC-ES2L","Overall Score","MeanState","global","score","1","0.555756","16.0"
"EcosystemandCarbonCycle","AutotrophicRespiration","CARDAMOM","IPSL-CM6A-LR","Benchmark Period Mean (intersection)","MeanState","global","scalar","Pg yr-1","62.5364","16.0"
"EcosystemandCarbonCycle","AutotrophicRespiration","CARDAMOM","IPSL-CM6A-LR","Benchmark Period Mean (complement)","MeanState","global","scalar","Pg yr-1","2.09641","16.0"
"EcosystemandCarbonCycle","AutotrophicRespiration","CARDAMOM","IPSL-CM6A-LR","Period Mean (original grids)","MeanState","global","scalar","Pg yr-1","81.0491","16.0"
"EcosystemandCarbonCycle","AutotrophicRespiration","CARDAMOM","IPSL-CM6A-LR","Model Period Mean (intersection)","MeanState","global","scalar","Pg yr-1","72.7386","16.0"
"EcosystemandCarbonCycle","AutotrophicRespiration","CARDAMOM","IPSL-CM6A-LR","Model Period Mean (complement)","MeanState","global","scalar","Pg yr-1","7.35011","16.0"
"EcosystemandCarbonCycle","AutotrophicRespiration","CARDAMOM","IPSL-CM6A-LR","Spatial Distribution Score","MeanState","global","score","1","0.871611","16.0"
"EcosystemandCarbonCycle","AutotrophicRespiration","CARDAMOM","IPSL-CM6A-LR","Phase Shift","MeanState","global","scalar","months","1.52873","16.0"
"EcosystemandCarbonCycle","AutotrophicRespiration","CARDAMOM","IPSL-CM6A-LR","Seasonal Cycle Score","MeanState","global","score","1","0.783638","16.0"
"EcosystemandCarbonCycle","AutotrophicRespiration","CARDAMOM","IPSL-CM6A-LR","Interannual Variability Score","MeanState","global","score","1","0.387701","16.0"
"EcosystemandCarbonCycle","AutotrophicRespiration","CARDAMOM","IPSL-CM6A-LR","Bias","MeanState","global","scalar","g m-2 d-1","0.208616","16.0"
"EcosystemandCarbonCycle","AutotrophicRespiration","CARDAMOM","IPSL-CM6A-LR","Bias Score","MeanState","global","score","1","0.396495","16.0"
"EcosystemandCarbonCycle","AutotrophicRespiration","CARDAMOM","IPSL-CM6A-LR","RMSE","MeanState","global","scalar","g m-2 d-1","0.904377","16.0"
"EcosystemandCarbonCycle","AutotrophicRespiration","CARDAMOM","IPSL-CM6A-LR","RMSE Score","MeanState","global","score","1","0.442843","16.0"
"EcosystemandCarbonCycle","AutotrophicRespiration","CARDAMOM","IPSL-CM6A-LR","Overall Score","MeanState","global","score","1","0.554189","16.0"
"EcosystemandCarbonCycle","AutotrophicRespiration","CARDAMOM","ENSEMBLE-CMIP6","Benchmark Period Mean (intersection)","MeanState","global","scalar","Pg yr-1","64.6363","16.0"
"EcosystemandCarbonCycle","AutotrophicRespiration","CARDAMOM","ENSEMBLE-CMIP6","Benchmark Period Mean (complement)","MeanState","global","scalar","Pg yr-1","nan","16.0"
"EcosystemandCarbonCycle","AutotrophicRespiration","CARDAMOM","ENSEMBLE-CMIP6","Period Mean (original grids)","MeanState","global","scalar","Pg yr-1","75.1138","16.0"
"EcosystemandCarbonCycle","AutotrophicRespiration","CARDAMOM","ENSEMBLE-CMIP6","Model Period Mean (intersection)","MeanState","global","scalar","Pg yr-1","66.3552","16.0"
"EcosystemandCarbonCycle","AutotrophicRespiration","CARDAMOM","ENSEMBLE-CMIP6","Model Period Mean (complement)","MeanState","global","scalar","Pg yr-1","8.30584","16.0"
"EcosystemandCarbonCycle","AutotrophicRespiration","CARDAMOM","ENSEMBLE-CMIP6","Spatial Distribution Score","MeanState","global","score","1","0.927872","16.0"
"EcosystemandCarbonCycle","AutotrophicRespiration","CARDAMOM","ENSEMBLE-CMIP6","Phase Shift","MeanState","global","scalar","months","1.3219","16.0"
"EcosystemandCarbonCycle","AutotrophicRespiration","CARDAMOM","ENSEMBLE-CMIP6","Seasonal Cycle Score","MeanState","global","score","1","0.788673","16.0"
"EcosystemandCarbonCycle","AutotrophicRespiration","CARDAMOM","ENSEMBLE-CMIP6","Interannual Variability Score","MeanState","global","score","1","0.489565","16.0"
"EcosystemandCarbonCycle","AutotrophicRespiration","CARDAMOM","ENSEMBLE-CMIP6","Bias","MeanState","global","scalar","g m-2 d-1","0.0204762","16.0"
"EcosystemandCarbonCycle","AutotrophicRespiration","CARDAMOM","ENSEMBLE-CMIP6","Bias Score","MeanState","global","score","1","0.415556","16.0"
"EcosystemandCarbonCycle","AutotrophicRespiration","CARDAMOM","ENSEMBLE-CMIP6","RMSE","MeanState","global","scalar","g m-2 d-1","0.716505","16.0"
"EcosystemandCarbonCycle","AutotrophicRespiration","CARDAMOM","ENSEMBLE-CMIP6","RMSE Score","MeanState","global","score","1","0.486942","16.0"
"EcosystemandCarbonCycle","AutotrophicRespiration","CARDAMOM","ENSEMBLE-CMIP6","Overall Score","MeanState","global","score","1","0.599258","16.0"
"EcosystemandCarbonCycle","LeafAreaIndex","CARDAMOM","CESM2","Benchmark Period Mean (intersection)","MeanState","global","scalar","1","1.21877","45.0"
"EcosystemandCarbonCycle","LeafAreaIndex","CARDAMOM","CESM2","Benchmark Period Mean (complement)","MeanState","global","scalar","1","1.60053","45.0"
"EcosystemandCarbonCycle","LeafAreaIndex","CARDAMOM","CESM2","Period Mean (original grids)","MeanState","global","scalar","1","1.74918","45.0"
"EcosystemandCarbonCycle","LeafAreaIndex","CARDAMOM","CESM2","Model Period Mean (intersection)","MeanState","global","scalar","1","1.60739","45.0"
"EcosystemandCarbonCycle","LeafAreaIndex","CARDAMOM","CESM2","Model Period Mean (complement)","MeanState","global","scalar","1","1.90948","45.0"
"EcosystemandCarbonCycle","LeafAreaIndex","CARDAMOM","CESM2","Spatial Distribution Score","MeanState","global","score","1","0.802921","45.0"
"EcosystemandCarbonCycle","LeafAreaIndex","CARDAMOM","CESM2","Phase Shift","MeanState","global","scalar","months","2.19826","45.0"
"EcosystemandCarbonCycle","LeafAreaIndex","CARDAMOM","CESM2","Seasonal Cycle Score","MeanState","global","score","1","0.619555","45.0"
"EcosystemandCarbonCycle","LeafAreaIndex","CARDAMOM","CESM2","Bias","MeanState","global","scalar","1","0.387388","45.0"
"EcosystemandCarbonCycle","LeafAreaIndex","CARDAMOM","CESM2","Bias Score","MeanState","global","score","1","0.225034","45.0"
"EcosystemandCarbonCycle","LeafAreaIndex","CARDAMOM","CESM2","RMSE","MeanState","global","scalar","1","1.00786","45.0"
"EcosystemandCarbonCycle","LeafAreaIndex","CARDAMOM","CESM2","RMSE Score","MeanState","global","score","1","0.327025","45.0"
"EcosystemandCarbonCycle","LeafAreaIndex","CARDAMOM","CESM2","Overall Score","MeanState","global","score","1","0.460312","45.0"
"EcosystemandCarbonCycle","LeafAreaIndex","CARDAMOM","CESM2","Precipitation|CARDAMOM Hellinger Distance","Relationships","global","scalar","1","0.705619","45.0"
"EcosystemandCarbonCycle","LeafAreaIndex","CARDAMOM","CESM2","Precipitation|CARDAMOM Score","Relationships","global","score","1","0.717643","45.0"
"EcosystemandCarbonCycle","LeafAreaIndex","CARDAMOM","CESM2","Overall Score","Relationships","global","score","1","0.717643","45.0"
"EcosystemandCarbonCycle","LeafAreaIndex","CARDAMOM","GFDL_ESM4","Benchmark Period Mean (intersection)","MeanState","global","scalar","1","1.23264","45.0"
"EcosystemandCarbonCycle","LeafAreaIndex","CARDAMOM","GFDL_ESM4","Benchmark Period Mean (complement)","MeanState","global","scalar","1","nan","45.0"
"EcosystemandCarbonCycle","LeafAreaIndex","CARDAMOM","GFDL_ESM4","Period Mean (original grids)","MeanState","global","scalar","1","2.10654","45.0"
"EcosystemandCarbonCycle","LeafAreaIndex","CARDAMOM","GFDL_ESM4","Model Period Mean (intersection)","MeanState","global","scalar","1","2.01803","45.0"
"EcosystemandCarbonCycle","LeafAreaIndex","CARDAMOM","GFDL_ESM4","Model Period Mean (complement)","MeanState","global","scalar","1","2.23659","45.0"
"EcosystemandCarbonCycle","LeafAreaIndex","CARDAMOM","GFDL_ESM4","Spatial Distribution Score","MeanState","global","score","1","0.742524","45.0"
"EcosystemandCarbonCycle","LeafAreaIndex","CARDAMOM","GFDL_ESM4","Phase Shift","MeanState","global","scalar","months","2.18193","45.0"
"EcosystemandCarbonCycle","LeafAreaIndex","CARDAMOM","GFDL_ESM4","Seasonal Cycle Score","MeanState","global","score","1","0.642233","45.0"
"EcosystemandCarbonCycle","LeafAreaIndex","CARDAMOM","GFDL_ESM4","Bias","MeanState","global","scalar","1","0.783621","45.0"
"EcosystemandCarbonCycle","LeafAreaIndex","CARDAMOM","GFDL_ESM4","Bias Score","MeanState","global","score","1","0.197067","45.0"
"EcosystemandCarbonCycle","LeafAreaIndex","CARDAMOM","GFDL_ESM4","RMSE","MeanState","global","scalar","1","1.27743","45.0"
"EcosystemandCarbonCycle","LeafAreaIndex","CARDAMOM","GFDL_ESM4","RMSE Score","MeanState","global","score","1","0.243759","45.0"
"EcosystemandCarbonCycle","LeafAreaIndex","CARDAMOM","GFDL_ESM4","Overall Score","MeanState","global","score","1","0.413868","45.0"
"EcosystemandCarbonCycle","LeafAreaIndex","CARDAMOM","GFDL_ESM4","Precipitation|CARDAMOM Hellinger Distance","Relationships","global","scalar","1","0.74918","45.0"
"EcosystemandCarbonCycle","LeafAreaIndex","CARDAMOM","GFDL_ESM4","Precipitation|CARDAMOM Score","Relationships","global","score","1","0.61085","45.0"
"EcosystemandCarbonCycle","LeafAreaIndex","CARDAMOM","GFDL_ESM4","Overall Score","Relationships","global","score","1","0.61085","45.0"
"EcosystemandCarbonCycle","LeafAreaIndex","CARDAMOM","CNRM-ESM2-1","Benchmark Period Mean (intersection)","MeanState","global","scalar","1","1.22711","45.0"
"EcosystemandCarbonCycle","LeafAreaIndex","CARDAMOM","CNRM-ESM2-1","Benchmark Period Mean (complement)","MeanState","global","scalar","1","1.62983","45.0"
"EcosystemandCarbonCycle","LeafAreaIndex","CARDAMOM","CNRM-ESM2-1","Period Mean (original grids)","MeanState","global","scalar","1","1.43148","45.0"
"EcosystemandCarbonCycle","LeafAreaIndex","CARDAMOM","CNRM-ESM2-1","Model Period Mean (intersection)","MeanState","global","scalar","1","1.40099","45.0"
"EcosystemandCarbonCycle","LeafAreaIndex","CARDAMOM","CNRM-ESM2-1","Model Period Mean (complement)","MeanState","global","scalar","1","1.73275","45.0"
"EcosystemandCarbonCycle","LeafAreaIndex","CARDAMOM","CNRM-ESM2-1","Spatial Distribution Score","MeanState","global","score","1","0.944774","45.0"
"EcosystemandCarbonCycle","LeafAreaIndex","CARDAMOM","CNRM-ESM2-1","Phase Shift","MeanState","global","scalar","months","2.22896","45.0"
"EcosystemandCarbonCycle","LeafAreaIndex","CARDAMOM","CNRM-ESM2-1","Seasonal Cycle Score","MeanState","global","score","1","0.595347","45.0"
"EcosystemandCarbonCycle","LeafAreaIndex","CARDAMOM","CNRM-ESM2-1","Bias","MeanState","global","scalar","1","0.180906","45.0"
"EcosystemandCarbonCycle","LeafAreaIndex","CARDAMOM","CNRM-ESM2-1","Bias Score","MeanState","global","score","1","0.315179","45.0"
"EcosystemandCarbonCycle","LeafAreaIndex","CARDAMOM","CNRM-ESM2-1","RMSE","MeanState","global","scalar","1","0.70043","45.0"
"EcosystemandCarbonCycle","LeafAreaIndex","CARDAMOM","CNRM-ESM2-1","RMSE Score","MeanState","global","score","1","0.299286","45.0"
"EcosystemandCarbonCycle","LeafAreaIndex","CARDAMOM","CNRM-ESM2-1","Overall Score","MeanState","global","score","1","0.490775","45.0"
"EcosystemandCarbonCycle","LeafAreaIndex","CARDAMOM","CNRM-ESM2-1","Precipitation|CARDAMOM Hellinger Distance","Relationships","global","scalar","1","0.709134","45.0"
"EcosystemandCarbonCycle","LeafAreaIndex","CARDAMOM","CNRM-ESM2-1","Precipitation|CARDAMOM Score","Relationships","global","score","1","0.829734","45.0"
"EcosystemandCarbonCycle","LeafAreaIndex","CARDAMOM","CNRM-ESM2-1","Overall Score","Relationships","global","score","1","0.829734","45.0"
"EcosystemandCarbonCycle","LeafAreaIndex","CARDAMOM","UKESM1-0-LL","Benchmark Period Mean (intersection)","MeanState","global","scalar","1","1.22728","45.0"
"EcosystemandCarbonCycle","LeafAreaIndex","CARDAMOM","UKESM1-0-LL","Benchmark Period Mean (complement)","MeanState","global","scalar","1","1.40536","45.0"
"EcosystemandCarbonCycle","LeafAreaIndex","CARDAMOM","UKESM1-0-LL","Period Mean (original grids)","MeanState","global","scalar","1","2.633","45.0"
"EcosystemandCarbonCycle","LeafAreaIndex","CARDAMOM","UKESM1-0-LL","Model Period Mean (intersection)","MeanState","global","scalar","1","2.50869","45.0"
"EcosystemandCarbonCycle","LeafAreaIndex","CARDAMOM","UKESM1-0-LL","Model Period Mean (complement)","MeanState","global","scalar","1","3.22159","45.0"
"EcosystemandCarbonCycle","LeafAreaIndex","CARDAMOM","UKESM1-0-LL","Spatial Distribution Score","MeanState","global","score","1","0.768362","45.0"
"EcosystemandCarbonCycle","LeafAreaIndex","CARDAMOM","UKESM1-0-LL","Phase Shift","MeanState","global","scalar","months","1.6867","45.0"
"EcosystemandCarbonCycle","LeafAreaIndex","CARDAMOM","UKESM1-0-LL","Seasonal Cycle Score","MeanState","global","score","1","0.724483","45.0"
"EcosystemandCarbonCycle","LeafAreaIndex","CARDAMOM","UKESM1-0-LL","Bias","MeanState","global","scalar","1","1.27933","45.0"
"EcosystemandCarbonCycle","LeafAreaIndex","CARDAMOM","UKESM1-0-LL","Bias Score","MeanState","global","score","1","0.128897","45.0"
"EcosystemandCarbonCycle","LeafAreaIndex","CARDAMOM","UKESM1-0-LL","RMSE","MeanState","global","scalar","1","1.41309","45.0"
"EcosystemandCarbonCycle","LeafAreaIndex","CARDAMOM","UKESM1-0-LL","RMSE Score","MeanState","global","score","1","0.442881","45.0"
"EcosystemandCarbonCycle","LeafAreaIndex","CARDAMOM","UKESM1-0-LL","Overall Score","MeanState","global","score","1","0.501501","45.0"
"EcosystemandCarbonCycle","LeafAreaIndex","CARDAMOM","UKESM1-0-LL","Precipitation|CARDAMOM Hellinger Distance","Relationships","global","scalar","1","0.568731","45.0"
"EcosystemandCarbonCycle","LeafAreaIndex","CARDAMOM","UKESM1-0-LL","Precipitation|CARDAMOM Score","Relationships","global","score","1","0.481963","45.0"
"EcosystemandCarbonCycle","LeafAreaIndex","CARDAMOM","UKESM1-0-LL","Overall Score","Relationships","global","score","1","0.481963","45.0"
"EcosystemandCarbonCycle","LeafAreaIndex","CARDAMOM","GISS-E2-1-G","Benchmark Period Mean (intersection)","MeanState","global","scalar","1","1.23067","45.0"
"EcosystemandCarbonCycle","LeafAreaIndex","CARDAMOM","GISS-E2-1-G","Benchmark Period Mean (complement)","MeanState","global","scalar","1","nan","45.0"
"EcosystemandCarbonCycle","LeafAreaIndex","CARDAMOM","GISS-E2-1-G","Period Mean (original grids)","MeanState","global","scalar","1","0.941605","45.0"
"EcosystemandCarbonCycle","LeafAreaIndex","CARDAMOM","GISS-E2-1-G","Model Period Mean (intersection)","MeanState","global","scalar","1","0.948055","45.0"
"EcosystemandCarbonCycle","LeafAreaIndex","CARDAMOM","GISS-E2-1-G","Model Period Mean (complement)","MeanState","global","scalar","1","0.285705","45.0"
"EcosystemandCarbonCycle","LeafAreaIndex","CARDAMOM","GISS-E2-1-G","Spatial Distribution Score","MeanState","global","score","1","0.908693","45.0"
"EcosystemandCarbonCycle","LeafAreaIndex","CARDAMOM","GISS-E2-1-G","Phase Shift","MeanState","global","scalar","months","1.55287","45.0"
"EcosystemandCarbonCycle","LeafAreaIndex","CARDAMOM","GISS-E2-1-G","Seasonal Cycle Score","MeanState","global","score","1","0.728171","45.0"
"EcosystemandCarbonCycle","LeafAreaIndex","CARDAMOM","GISS-E2-1-G","Bias","MeanState","global","scalar","1","-0.282955","45.0"
"EcosystemandCarbonCycle","LeafAreaIndex","CARDAMOM","GISS-E2-1-G","Bias Score","MeanState","global","score","1","0.283824","45.0"
"EcosystemandCarbonCycle","LeafAreaIndex","CARDAMOM","GISS-E2-1-G","RMSE","MeanState","global","scalar","1","0.667147","45.0"
"EcosystemandCarbonCycle","LeafAreaIndex","CARDAMOM","GISS-E2-1-G","RMSE Score","MeanState","global","score","1","0.353557","45.0"
"EcosystemandCarbonCycle","LeafAreaIndex","CARDAMOM","GISS-E2-1-G","Overall Score","MeanState","global","score","1","0.525561","45.0"
"EcosystemandCarbonCycle","LeafAreaIndex","CARDAMOM","GISS-E2-1-G","Precipitation|CARDAMOM Hellinger Distance","Relationships","global","scalar","1","0.697945","45.0"
"EcosystemandCarbonCycle","LeafAreaIndex","CARDAMOM","GISS-E2-1-G","Precipitation|CARDAMOM Score","Relationships","global","score","1","0.598911","45.0"
"EcosystemandCarbonCycle","LeafAreaIndex","CARDAMOM","GISS-E2-1-G","Overall Score","Relationships","global","score","1","0.598911","45.0"
"EcosystemandCarbonCycle","LeafAreaIndex","CARDAMOM","BCC-CSM2-MR","Benchmark Period Mean (intersection)","MeanState","global","scalar","1","1.22145","45.0"
"EcosystemandCarbonCycle","LeafAreaIndex","CARDAMOM","BCC-CSM2-MR","Benchmark Period Mean (complement)","MeanState","global","scalar","1","1.56526","45.0"
"EcosystemandCarbonCycle","LeafAreaIndex","CARDAMOM","BCC-CSM2-MR","Period Mean (original grids)","MeanState","global","scalar","1","1.71779","45.0"
"EcosystemandCarbonCycle","LeafAreaIndex","CARDAMOM","BCC-CSM2-MR","Model Period Mean (intersection)","MeanState","global","scalar","1","1.63936","45.0"
"EcosystemandCarbonCycle","LeafAreaIndex","CARDAMOM","BCC-CSM2-MR","Model Period Mean (complement)","MeanState","global","scalar","1","1.34626","45.0"
"EcosystemandCarbonCycle","LeafAreaIndex","CARDAMOM","BCC-CSM2-MR","Spatial Distribution Score","MeanState","global","score","1","0.802461","45.0"
"EcosystemandCarbonCycle","LeafAreaIndex","CARDAMOM","BCC-CSM2-MR","Phase Shift","MeanState","global","scalar","months","1.55262","45.0"
"EcosystemandCarbonCycle","LeafAreaIndex","CARDAMOM","BCC-CSM2-MR","Seasonal Cycle Score","MeanState","global","score","1","0.759088","45.0"
"EcosystemandCarbonCycle","LeafAreaIndex","CARDAMOM","BCC-CSM2-MR","Bias","MeanState","global","scalar","1","0.415643","45.0"
"EcosystemandCarbonCycle","LeafAreaIndex","CARDAMOM","BCC-CSM2-MR","Bias Score","MeanState","global","score","1","0.231373","45.0"
"EcosystemandCarbonCycle","LeafAreaIndex","CARDAMOM","BCC-CSM2-MR","RMSE","MeanState","global","scalar","1","0.937379","45.0"
"EcosystemandCarbonCycle","LeafAreaIndex","CARDAMOM","BCC-CSM2-MR","RMSE Score","MeanState","global","score","1","0.308138","45.0"
"EcosystemandCarbonCycle","LeafAreaIndex","CARDAMOM","BCC-CSM2-MR","Overall Score","MeanState","global","score","1","0.48184","45.0"
"EcosystemandCarbonCycle","LeafAreaIndex","CARDAMOM","BCC-CSM2-MR","Overall Score","Relationships","global","score","1","nan","45.0"
"EcosystemandCarbonCycle","LeafAreaIndex","CARDAMOM","NorESM2-LM","Benchmark Period Mean (intersection)","MeanState","global","scalar","1","1.23504","45.0"
"EcosystemandCarbonCycle","LeafAreaIndex","CARDAMOM","NorESM2-LM","Benchmark Period Mean (complement)","MeanState","global","scalar","1","nan","45.0"
"EcosystemandCarbonCycle","LeafAreaIndex","CARDAMOM","NorESM2-LM","Period Mean (original grids)","MeanState","global","scalar","1","1.78347","45.0"
"EcosystemandCarbonCycle","LeafAreaIndex","CARDAMOM","NorESM2-LM","Model Period Mean (intersection)","MeanState","global","scalar","1","1.57627","45.0"
"EcosystemandCarbonCycle","LeafAreaIndex","CARDAMOM","NorESM2-LM","Model Period Mean (complement)","MeanState","global","scalar","1","1.89365","45.0"
"EcosystemandCarbonCycle","LeafAreaIndex","CARDAMOM","NorESM2-LM","Spatial Distribution Score","MeanState","global","score","1","0.813459","45.0"
"EcosystemandCarbonCycle","LeafAreaIndex","CARDAMOM","NorESM2-LM","Phase Shift","MeanState","global","scalar","months","2.22489","45.0"
"EcosystemandCarbonCycle","LeafAreaIndex","CARDAMOM","NorESM2-LM","Seasonal Cycle Score","MeanState","global","score","1","0.62242","45.0"
"EcosystemandCarbonCycle","LeafAreaIndex","CARDAMOM","NorESM2-LM","Bias","MeanState","global","scalar","1","0.311317","45.0"
"EcosystemandCarbonCycle","LeafAreaIndex","CARDAMOM","NorESM2-LM","Bias Score","MeanState","global","score","1","0.220972","45.0"
"EcosystemandCarbonCycle","LeafAreaIndex","CARDAMOM","NorESM2-LM","RMSE","MeanState","global","scalar","1","0.975133","45.0"
"EcosystemandCarbonCycle","LeafAreaIndex","CARDAMOM","NorESM2-LM","RMSE Score","MeanState","global","score","1","0.326694","45.0"
"EcosystemandCarbonCycle","LeafAreaIndex","CARDAMOM","NorESM2-LM","Overall Score","MeanState","global","score","1","0.462048","45.0"
"EcosystemandCarbonCycle","LeafAreaIndex","CARDAMOM","NorESM2-LM","Precipitation|CARDAMOM Hellinger Distance","Relationships","global","scalar","1","0.694966","45.0"
"EcosystemandCarbonCycle","LeafAreaIndex","CARDAMOM","NorESM2-LM","Precipitation|CARDAMOM Score","Relationships","global","score","1","0.709491","45.0"
"EcosystemandCarbonCycle","LeafAreaIndex","CARDAMOM","NorESM2-LM","Overall Score","Relationships","global","score","1","0.709491","45.0"
"EcosystemandCarbonCycle","LeafAreaIndex","CARDAMOM","MPI-ESM1-2-LR","Benchmark Period Mean (intersection)","MeanState","global","scalar","1","1.19466","45.0"
"EcosystemandCarbonCycle","LeafAreaIndex","CARDAMOM","MPI-ESM1-2-LR","Benchmark Period Mean (complement)","MeanState","global","scalar","1","1.5247","45.0"
"EcosystemandCarbonCycle","LeafAreaIndex","CARDAMOM","MPI-ESM1-2-LR","Period Mean (original grids)","MeanState","global","scalar","1","1.62207","45.0"
"EcosystemandCarbonCycle","LeafAreaIndex","CARDAMOM","MPI-ESM1-2-LR","Model Period Mean (intersection)","MeanState","global","scalar","1","1.59311","45.0"
"EcosystemandCarbonCycle","LeafAreaIndex","CARDAMOM","MPI-ESM1-2-LR","Model Period Mean (complement)","MeanState","global","scalar","1","1.04222","45.0"
"EcosystemandCarbonCycle","LeafAreaIndex","CARDAMOM","MPI-ESM1-2-LR","Spatial Distribution Score","MeanState","global","score","1","0.905174","45.0"
"EcosystemandCarbonCycle","LeafAreaIndex","CARDAMOM","MPI-ESM1-2-LR","Phase Shift","MeanState","global","scalar","months","1.90137","45.0"
"EcosystemandCarbonCycle","LeafAreaIndex","CARDAMOM","MPI-ESM1-2-LR","Seasonal Cycle Score","MeanState","global","score","1","0.680026","45.0"
"EcosystemandCarbonCycle","LeafAreaIndex","CARDAMOM","MPI-ESM1-2-LR","Bias","MeanState","global","scalar","1","0.385221","45.0"
"EcosystemandCarbonCycle","LeafAreaIndex","CARDAMOM","MPI-ESM1-2-LR","Bias Score","MeanState","global","score","1","0.252713","45.0"
"EcosystemandCarbonCycle","LeafAreaIndex","CARDAMOM","MPI-ESM1-2-LR","RMSE","MeanState","global","scalar","1","0.897214","45.0"
"EcosystemandCarbonCycle","LeafAreaIndex","CARDAMOM","MPI-ESM1-2-LR","RMSE Score","MeanState","global","score","1","0.313161","45.0"
"EcosystemandCarbonCycle","LeafAreaIndex","CARDAMOM","MPI-ESM1-2-LR","Overall Score","MeanState","global","score","1","0.492847","45.0"
"EcosystemandCarbonCycle","LeafAreaIndex","CARDAMOM","MPI-ESM1-2-LR","Precipitation|CARDAMOM Hellinger Distance","Relationships","global","scalar","1","0.692429","45.0"
"EcosystemandCarbonCycle","LeafAreaIndex","CARDAMOM","MPI-ESM1-2-LR","Precipitation|CARDAMOM Score","Relationships","global","score","1","0.635398","45.0"
"EcosystemandCarbonCycle","LeafAreaIndex","CARDAMOM","MPI-ESM1-2-LR","Overall Score","Relationships","global","score","1","0.635398","45.0"
"EcosystemandCarbonCycle","LeafAreaIndex","CARDAMOM","CanESM5","Benchmark Period Mean (intersection)","MeanState","global","scalar","1","1.23429","45.0"
"EcosystemandCarbonCycle","LeafAreaIndex","CARDAMOM","CanESM5","Benchmark Period Mean (complement)","MeanState","global","scalar","1","nan","45.0"
"EcosystemandCarbonCycle","LeafAreaIndex","CARDAMOM","CanESM5","Period Mean (original grids)","MeanState","global","scalar","1","1.77704","45.0"
"EcosystemandCarbonCycle","LeafAreaIndex","CARDAMOM","CanESM5","Model Period Mean (intersection)","MeanState","global","scalar","1","1.55927","45.0"
"EcosystemandCarbonCycle","LeafAreaIndex","CARDAMOM","CanESM5","Model Period Mean (complement)","MeanState","global","scalar","1","1.89074","45.0"
"EcosystemandCarbonCycle","LeafAreaIndex","CARDAMOM","CanESM5","Spatial Distribution Score","MeanState","global","score","1","0.778239","45.0"
"EcosystemandCarbonCycle","LeafAreaIndex","CARDAMOM","CanESM5","Phase Shift","MeanState","global","scalar","months","2.03104","45.0"
"EcosystemandCarbonCycle","LeafAreaIndex","CARDAMOM","CanESM5","Seasonal Cycle Score","MeanState","global","score","1","0.62602","45.0"
"EcosystemandCarbonCycle","LeafAreaIndex","CARDAMOM","CanESM5","Bias","MeanState","global","scalar","1","0.308245","45.0"
"EcosystemandCarbonCycle","LeafAreaIndex","CARDAMOM","CanESM5","Bias Score","MeanState","global","score","1","0.232197","45.0"
"EcosystemandCarbonCycle","LeafAreaIndex","CARDAMOM","CanESM5","RMSE","MeanState","global","scalar","1","0.927924","45.0"
"EcosystemandCarbonCycle","LeafAreaIndex","CARDAMOM","CanESM5","RMSE Score","MeanState","global","score","1","0.306165","45.0"
"EcosystemandCarbonCycle","LeafAreaIndex","CARDAMOM","CanESM5","Overall Score","MeanState","global","score","1","0.449757","45.0"
"EcosystemandCarbonCycle","LeafAreaIndex","CARDAMOM","CanESM5","Precipitation|CARDAMOM Hellinger Distance","Relationships","global","scalar","1","0.740187","45.0"
"EcosystemandCarbonCycle","LeafAreaIndex","CARDAMOM","CanESM5","Precipitation|CARDAMOM Score","Relationships","global","score","1","0.667337","45.0"
"EcosystemandCarbonCycle","LeafAreaIndex","CARDAMOM","CanESM5","Overall Score","Relationships","global","score","1","0.667337","45.0"
"EcosystemandCarbonCycle","LeafAreaIndex","CARDAMOM","ACCESS-ESM1-5","Benchmark Period Mean (intersection)","MeanState","global","scalar","1","1.2257","45.0"
"EcosystemandCarbonCycle","LeafAreaIndex","CARDAMOM","ACCESS-ESM1-5","Benchmark Period Mean (complement)","MeanState","global","scalar","1","1.46986","45.0"
"EcosystemandCarbonCycle","LeafAreaIndex","CARDAMOM","ACCESS-ESM1-5","Period Mean (original grids)","MeanState","global","scalar","1","1.28445","45.0"
"EcosystemandCarbonCycle","LeafAreaIndex","CARDAMOM","ACCESS-ESM1-5","Model Period Mean (intersection)","MeanState","global","scalar","1","1.28045","45.0"
"EcosystemandCarbonCycle","LeafAreaIndex","CARDAMOM","ACCESS-ESM1-5","Model Period Mean (complement)","MeanState","global","scalar","1","0.558901","45.0"
"EcosystemandCarbonCycle","LeafAreaIndex","CARDAMOM","ACCESS-ESM1-5","Spatial Distribution Score","MeanState","global","score","1","0.896543","45.0"
"EcosystemandCarbonCycle","LeafAreaIndex","CARDAMOM","ACCESS-ESM1-5","Phase Shift","MeanState","global","scalar","months","1.72399","45.0"
"EcosystemandCarbonCycle","LeafAreaIndex","CARDAMOM","ACCESS-ESM1-5","Seasonal Cycle Score","MeanState","global","score","1","0.746096","45.0"
"EcosystemandCarbonCycle","LeafAreaIndex","CARDAMOM","ACCESS-ESM1-5","Bias","MeanState","global","scalar","1","0.0624901","45.0"
"EcosystemandCarbonCycle","LeafAreaIndex","CARDAMOM","ACCESS-ESM1-5","Bias Score","MeanState","global","score","1","0.238897","45.0"
"EcosystemandCarbonCycle","LeafAreaIndex","CARDAMOM","ACCESS-ESM1-5","RMSE","MeanState","global","scalar","1","0.81698","45.0"
"EcosystemandCarbonCycle","LeafAreaIndex","CARDAMOM","ACCESS-ESM1-5","RMSE Score","MeanState","global","score","1","0.354296","45.0"
"EcosystemandCarbonCycle","LeafAreaIndex","CARDAMOM","ACCESS-ESM1-5","Overall Score","MeanState","global","score","1","0.518026","45.0"
"EcosystemandCarbonCycle","LeafAreaIndex","CARDAMOM","ACCESS-ESM1-5","Precipitation|CARDAMOM Hellinger Distance","Relationships","global","scalar","1","0.704459","45.0"
"EcosystemandCarbonCycle","LeafAreaIndex","CARDAMOM","ACCESS-ESM1-5","Precipitation|CARDAMOM Score","Relationships","global","score","1","0.74568","45.0"
"EcosystemandCarbonCycle","LeafAreaIndex","CARDAMOM","ACCESS-ESM1-5","Overall Score","Relationships","global","score","1","0.74568","45.0"
"EcosystemandCarbonCycle","LeafAreaIndex","CARDAMOM","MIROC-ES2L","Benchmark Period Mean (intersection)","MeanState","global","scalar","1","1.23344","45.0"
"EcosystemandCarbonCycle","LeafAreaIndex","CARDAMOM","MIROC-ES2L","Benchmark Period Mean (complement)","MeanState","global","scalar","1","1.58669","45.0"
"EcosystemandCarbonCycle","LeafAreaIndex","CARDAMOM","MIROC-ES2L","Period Mean (original grids)","MeanState","global","scalar","1","1.61084","45.0"
"EcosystemandCarbonCycle","LeafAreaIndex","CARDAMOM","MIROC-ES2L","Model Period Mean (intersection)","MeanState","global","scalar","1","1.40673","45.0"
"EcosystemandCarbonCycle","LeafAreaIndex","CARDAMOM","MIROC-ES2L","Model Period Mean (complement)","MeanState","global","scalar","1","1.82832","45.0"
"EcosystemandCarbonCycle","LeafAreaIndex","CARDAMOM","MIROC-ES2L","Spatial Distribution Score","MeanState","global","score","1","0.83596","45.0"
"EcosystemandCarbonCycle","LeafAreaIndex","CARDAMOM","MIROC-ES2L","Phase Shift","MeanState","global","scalar","months","2.31173","45.0"
"EcosystemandCarbonCycle","LeafAreaIndex","CARDAMOM","MIROC-ES2L","Seasonal Cycle Score","MeanState","global","score","1","0.691855","45.0"
"EcosystemandCarbonCycle","LeafAreaIndex","CARDAMOM","MIROC-ES2L","Bias","MeanState","global","scalar","1","0.170188","45.0"
"EcosystemandCarbonCycle","LeafAreaIndex","CARDAMOM","MIROC-ES2L","Bias Score","MeanState","global","score","1","0.249069","45.0"
"EcosystemandCarbonCycle","LeafAreaIndex","CARDAMOM","MIROC-ES2L","RMSE","MeanState","global","scalar","1","0.828526","45.0"
"EcosystemandCarbonCycle","LeafAreaIndex","CARDAMOM","MIROC-ES2L","RMSE Score","MeanState","global","score","1","0.384193","45.0"
"EcosystemandCarbonCycle","LeafAreaIndex","CARDAMOM","MIROC-ES2L","Overall Score","MeanState","global","score","1","0.509054","45.0"
"EcosystemandCarbonCycle","LeafAreaIndex","CARDAMOM","MIROC-ES2L","Precipitation|CARDAMOM Hellinger Distance","Relationships","global","scalar","1","0.685095","45.0"
"EcosystemandCarbonCycle","LeafAreaIndex","CARDAMOM","MIROC-ES2L","Precipitation|CARDAMOM Score","Relationships","global","score","1","0.80413","45.0"
"EcosystemandCarbonCycle","LeafAreaIndex","CARDAMOM","MIROC-ES2L","Overall Score","Relationships","global","score","1","0.80413","45.0"
"EcosystemandCarbonCycle","LeafAreaIndex","CARDAMOM","IPSL-CM6A-LR","Benchmark Period Mean (intersection)","MeanState","global","scalar","1","1.22599","45.0"
"EcosystemandCarbonCycle","LeafAreaIndex","CARDAMOM","IPSL-CM6A-LR","Benchmark Period Mean (complement)","MeanState","global","scalar","1","1.443","45.0"
"EcosystemandCarbonCycle","LeafAreaIndex","CARDAMOM","IPSL-CM6A-LR","Period Mean (original grids)","MeanState","global","scalar","1","1.58304","45.0"
"EcosystemandCarbonCycle","LeafAreaIndex","CARDAMOM","IPSL-CM6A-LR","Model Period Mean (intersection)","MeanState","global","scalar","1","1.55555","45.0"
"EcosystemandCarbonCycle","LeafAreaIndex","CARDAMOM","IPSL-CM6A-LR","Model Period Mean (complement)","MeanState","global","scalar","1","1.8981","45.0"
"EcosystemandCarbonCycle","LeafAreaIndex","CARDAMOM","IPSL-CM6A-LR","Spatial Distribution Score","MeanState","global","score","1","0.868718","45.0"
"EcosystemandCarbonCycle","LeafAreaIndex","CARDAMOM","IPSL-CM6A-LR","Phase Shift","MeanState","global","scalar","months","1.86028","45.0"
"EcosystemandCarbonCycle","LeafAreaIndex","CARDAMOM","IPSL-CM6A-LR","Seasonal Cycle Score","MeanState","global","score","1","0.677518","45.0"
"EcosystemandCarbonCycle","LeafAreaIndex","CARDAMOM","IPSL-CM6A-LR","Bias","MeanState","global","scalar","1","0.339005","45.0"
"EcosystemandCarbonCycle","LeafAreaIndex","CARDAMOM","IPSL-CM6A-LR","Bias Score","MeanState","global","score","1","0.270132","45.0"
"EcosystemandCarbonCycle","LeafAreaIndex","CARDAMOM","IPSL-CM6A-LR","RMSE","MeanState","global","scalar","1","0.787093","45.0"
"EcosystemandCarbonCycle","LeafAreaIndex","CARDAMOM","IPSL-CM6A-LR","RMSE Score","MeanState","global","score","1","0.35746","45.0"
"EcosystemandCarbonCycle","LeafAreaIndex","CARDAMOM","IPSL-CM6A-LR","Overall Score","MeanState","global","score","1","0.506257","45.0"
"EcosystemandCarbonCycle","LeafAreaIndex","CARDAMOM","IPSL-CM6A-LR","Precipitation|CARDAMOM Hellinger Distance","Relationships","global","scalar","1","0.790744","45.0"
"EcosystemandCarbonCycle","LeafAreaIndex","CARDAMOM","IPSL-CM6A-LR","Precipitation|CARDAMOM Score","Relationships","global","score","1","0.788515","45.0"
"EcosystemandCarbonCycle","LeafAreaIndex","CARDAMOM","IPSL-CM6A-LR","Overall Score","Relationships","global","score","1","0.788515","45.0"
"EcosystemandCarbonCycle","LeafAreaIndex","CARDAMOM","ENSEMBLE-CMIP6","Benchmark Period Mean (intersection)","MeanState","global","scalar","1","1.23332","45.0"
"EcosystemandCarbonCycle","LeafAreaIndex","CARDAMOM","ENSEMBLE-CMIP6","Benchmark Period Mean (complement)","MeanState","global","scalar","1","nan","45.0"
"EcosystemandCarbonCycle","LeafAreaIndex","CARDAMOM","ENSEMBLE-CMIP6","Period Mean (original grids)","MeanState","global","scalar","1","1.58029","45.0"
"EcosystemandCarbonCycle","LeafAreaIndex","CARDAMOM","ENSEMBLE-CMIP6","Model Period Mean (intersection)","MeanState","global","scalar","1","1.56395","45.0"
"EcosystemandCarbonCycle","LeafAreaIndex","CARDAMOM","ENSEMBLE-CMIP6","Model Period Mean (complement)","MeanState","global","scalar","1","1.56927","45.0"
"EcosystemandCarbonCycle","LeafAreaIndex","CARDAMOM","ENSEMBLE-CMIP6","Spatial Distribution Score","MeanState","global","score","1","0.950414","45.0"
"EcosystemandCarbonCycle","LeafAreaIndex","CARDAMOM","ENSEMBLE-CMIP6","Phase Shift","MeanState","global","scalar","months","1.45672","45.0"
"EcosystemandCarbonCycle","LeafAreaIndex","CARDAMOM","ENSEMBLE-CMIP6","Seasonal Cycle Score","MeanState","global","score","1","0.726975","45.0"
"EcosystemandCarbonCycle","LeafAreaIndex","CARDAMOM","ENSEMBLE-CMIP6","Bias","MeanState","global","scalar","1","0.312576","45.0"
"EcosystemandCarbonCycle","LeafAreaIndex","CARDAMOM","ENSEMBLE-CMIP6","Bias Score","MeanState","global","score","1","0.297684","45.0"
"EcosystemandCarbonCycle","LeafAreaIndex","CARDAMOM","ENSEMBLE-CMIP6","RMSE","MeanState","global","scalar","1","0.631408","45.0"
"EcosystemandCarbonCycle","LeafAreaIndex","CARDAMOM","ENSEMBLE-CMIP6","RMSE Score","MeanState","global","score","1","0.394951","45.0"
"EcosystemandCarbonCycle","LeafAreaIndex","CARDAMOM","ENSEMBLE-CMIP6","Overall Score","MeanState","global","score","1","0.552995","45.0"
"EcosystemandCarbonCycle","LeafAreaIndex","CARDAMOM","ENSEMBLE-CMIP6","Precipitation|CARDAMOM Hellinger Distance","Relationships","global","scalar","1","0.758263","45.0"
"EcosystemandCarbonCycle","LeafAreaIndex","CARDAMOM","ENSEMBLE-CMIP6","Precipitation|CARDAMOM Score","Relationships","global","score","1","0.786849","45.0"
"EcosystemandCarbonCycle","LeafAreaIndex","CARDAMOM","ENSEMBLE-CMIP6","Overall Score","Relationships","global","score","1","0.786849","45.0"
"EcosystemandCarbonCycle","GlobalNetEcosystemCarbonBalance","CARDAMOM","CESM2","Benchmark Period Mean (intersection)","MeanState","global","scalar","g m-2 d-1","0.0195401","100.0"
"EcosystemandCarbonCycle","GlobalNetEcosystemCarbonBalance","CARDAMOM","CESM2","Benchmark Period Mean (complement)","MeanState","global","scalar","g m-2 d-1","-0.000348137","100.0"
"EcosystemandCarbonCycle","GlobalNetEcosystemCarbonBalance","CARDAMOM","CESM2","Period Mean (original grids)","MeanState","global","scalar","g m-2 d-1","0.0256984","100.0"
"EcosystemandCarbonCycle","GlobalNetEcosystemCarbonBalance","CARDAMOM","CESM2","Model Period Mean (intersection)","MeanState","global","scalar","g m-2 d-1","0.0239351","100.0"
"EcosystemandCarbonCycle","GlobalNetEcosystemCarbonBalance","CARDAMOM","CESM2","Model Period Mean (complement)","MeanState","global","scalar","g m-2 d-1","0.0249037","100.0"
"EcosystemandCarbonCycle","GlobalNetEcosystemCarbonBalance","CARDAMOM","CESM2","Spatial Distribution Score","MeanState","global","score","1","0.126025","100.0"
"EcosystemandCarbonCycle","GlobalNetEcosystemCarbonBalance","CARDAMOM","CESM2","Phase Shift","MeanState","global","scalar","months","2.00877","100.0"
"EcosystemandCarbonCycle","GlobalNetEcosystemCarbonBalance","CARDAMOM","CESM2","Seasonal Cycle Score","MeanState","global","score","1","0.693443","100.0"
"EcosystemandCarbonCycle","GlobalNetEcosystemCarbonBalance","CARDAMOM","CESM2","Bias","MeanState","global","scalar","g m-2 d-1","0.00406128","100.0"
"EcosystemandCarbonCycle","GlobalNetEcosystemCarbonBalance","CARDAMOM","CESM2","Bias Score","MeanState","global","score","1","0.843805","100.0"
"EcosystemandCarbonCycle","GlobalNetEcosystemCarbonBalance","CARDAMOM","CESM2","RMSE","MeanState","global","scalar","g m-2 d-1","0.577721","100.0"
"EcosystemandCarbonCycle","GlobalNetEcosystemCarbonBalance","CARDAMOM","CESM2","RMSE Score","MeanState","global","score","1","0.37146","100.0"
"EcosystemandCarbonCycle","GlobalNetEcosystemCarbonBalance","CARDAMOM","CESM2","Overall Score","MeanState","global","score","1","0.481239","100.0"
"EcosystemandCarbonCycle","GlobalNetEcosystemCarbonBalance","CARDAMOM","CESM2","Precipitation|CARDAMOM Hellinger Distance","Relationships","global","scalar","1","0.731321","100.0"
"EcosystemandCarbonCycle","GlobalNetEcosystemCarbonBalance","CARDAMOM","CESM2","Precipitation|CARDAMOM Score","Relationships","global","score","1","0.452008","100.0"
"EcosystemandCarbonCycle","GlobalNetEcosystemCarbonBalance","CARDAMOM","CESM2","SurfaceDownwardSWRadiation|CARDAMOM Hellinger Distance","Relationships","global","scalar","1","0.738754","100.0"
"EcosystemandCarbonCycle","GlobalNetEcosystemCarbonBalance","CARDAMOM","CESM2","SurfaceDownwardSWRadiation|CARDAMOM Score","Relationships","global","score","1","0.39495","100.0"
"EcosystemandCarbonCycle","GlobalNetEcosystemCarbonBalance","CARDAMOM","CESM2","SurfaceAirTemperature|CARDAMOM Hellinger Distance","Relationships","global","scalar","1","0.708443","100.0"
"EcosystemandCarbonCycle","GlobalNetEcosystemCarbonBalance","CARDAMOM","CESM2","SurfaceAirTemperature|CARDAMOM Score","Relationships","global","score","1","0.402727","100.0"
"EcosystemandCarbonCycle","GlobalNetEcosystemCarbonBalance","CARDAMOM","CESM2","Overall Score","Relationships","global","score","1","0.416562","100.0"
"EcosystemandCarbonCycle","GlobalNetEcosystemCarbonBalance","CARDAMOM","GFDL_ESM4","Benchmark Period Mean (intersection)","MeanState","global","scalar","g m-2 d-1","0.0188547","100.0"
"EcosystemandCarbonCycle","GlobalNetEcosystemCarbonBalance","CARDAMOM","GFDL_ESM4","Benchmark Period Mean (complement)","MeanState","global","scalar","g m-2 d-1","nan","100.0"
"EcosystemandCarbonCycle","GlobalNetEcosystemCarbonBalance","CARDAMOM","GFDL_ESM4","Period Mean (original grids)","MeanState","global","scalar","g m-2 d-1","-0.00420593","100.0"
"EcosystemandCarbonCycle","GlobalNetEcosystemCarbonBalance","CARDAMOM","GFDL_ESM4","Model Period Mean (intersection)","MeanState","global","scalar","g m-2 d-1","-0.00157058","100.0"
"EcosystemandCarbonCycle","GlobalNetEcosystemCarbonBalance","CARDAMOM","GFDL_ESM4","Model Period Mean (complement)","MeanState","global","scalar","g m-2 d-1","-0.0079255","100.0"
"EcosystemandCarbonCycle","GlobalNetEcosystemCarbonBalance","CARDAMOM","GFDL_ESM4","Spatial Distribution Score","MeanState","global","score","1","0.123657","100.0"
"EcosystemandCarbonCycle","GlobalNetEcosystemCarbonBalance","CARDAMOM","GFDL_ESM4","Phase Shift","MeanState","global","scalar","months","1.49552","100.0"
"EcosystemandCarbonCycle","GlobalNetEcosystemCarbonBalance","CARDAMOM","GFDL_ESM4","Seasonal Cycle Score","MeanState","global","score","1","0.794077","100.0"
"EcosystemandCarbonCycle","GlobalNetEcosystemCarbonBalance","CARDAMOM","GFDL_ESM4","Bias","MeanState","global","scalar","g m-2 d-1","-0.0201455","100.0"
"EcosystemandCarbonCycle","GlobalNetEcosystemCarbonBalance","CARDAMOM","GFDL_ESM4","Bias Score","MeanState","global","score","1","0.836669","100.0"
"EcosystemandCarbonCycle","GlobalNetEcosystemCarbonBalance","CARDAMOM","GFDL_ESM4","RMSE","MeanState","global","scalar","g m-2 d-1","0.640111","100.0"
"EcosystemandCarbonCycle","GlobalNetEcosystemCarbonBalance","CARDAMOM","GFDL_ESM4","RMSE Score","MeanState","global","score","1","0.362297","100.0"
"EcosystemandCarbonCycle","GlobalNetEcosystemCarbonBalance","CARDAMOM","GFDL_ESM4","Overall Score","MeanState","global","score","1","0.495799","100.0"
"EcosystemandCarbonCycle","GlobalNetEcosystemCarbonBalance","CARDAMOM","GFDL_ESM4","Precipitation|CARDAMOM Hellinger Distance","Relationships","global","scalar","1","0.732858","100.0"
"EcosystemandCarbonCycle","GlobalNetEcosystemCarbonBalance","CARDAMOM","GFDL_ESM4","Precipitation|CARDAMOM Score","Relationships","global","score","1","0.290534","100.0"
"EcosystemandCarbonCycle","GlobalNetEcosystemCarbonBalance","CARDAMOM","GFDL_ESM4","SurfaceDownwardSWRadiation|CARDAMOM Hellinger Distance","Relationships","global","scalar","1","0.730711","100.0"
"EcosystemandCarbonCycle","GlobalNetEcosystemCarbonBalance","CARDAMOM","GFDL_ESM4","SurfaceDownwardSWRadiation|CARDAMOM Score","Relationships","global","score","1","0.368618","100.0"
"EcosystemandCarbonCycle","GlobalNetEcosystemCarbonBalance","CARDAMOM","GFDL_ESM4","SurfaceAirTemperature|CARDAMOM Hellinger Distance","Relationships","global","scalar","1","0.734613","100.0"
"EcosystemandCarbonCycle","GlobalNetEcosystemCarbonBalance","CARDAMOM","GFDL_ESM4","SurfaceAirTemperature|CARDAMOM Score","Relationships","global","score","1","0.395089","100.0"
"EcosystemandCarbonCycle","GlobalNetEcosystemCarbonBalance","CARDAMOM","GFDL_ESM4","Overall Score","Relationships","global","score","1","0.351414","100.0"
"EcosystemandCarbonCycle","GlobalNetEcosystemCarbonBalance","CARDAMOM","CNRM-ESM2-1","Benchmark Period Mean (intersection)","MeanState","global","scalar","g m-2 d-1","0.0190955","100.0"
"EcosystemandCarbonCycle","GlobalNetEcosystemCarbonBalance","CARDAMOM","CNRM-ESM2-1","Benchmark Period Mean (complement)","MeanState","global","scalar","g m-2 d-1","-0.00190118","100.0"
"EcosystemandCarbonCycle","GlobalNetEcosystemCarbonBalance","CARDAMOM","CNRM-ESM2-1","Period Mean (original grids)","MeanState","global","scalar","g m-2 d-1","0.0433622","100.0"
"EcosystemandCarbonCycle","GlobalNetEcosystemCarbonBalance","CARDAMOM","CNRM-ESM2-1","Model Period Mean (intersection)","MeanState","global","scalar","g m-2 d-1","0.0438496","100.0"
"EcosystemandCarbonCycle","GlobalNetEcosystemCarbonBalance","CARDAMOM","CNRM-ESM2-1","Model Period Mean (complement)","MeanState","global","scalar","g m-2 d-1","0.0393799","100.0"
"EcosystemandCarbonCycle","GlobalNetEcosystemCarbonBalance","CARDAMOM","CNRM-ESM2-1","Spatial Distribution Score","MeanState","global","score","1","0.0963252","100.0"
"EcosystemandCarbonCycle","GlobalNetEcosystemCarbonBalance","CARDAMOM","CNRM-ESM2-1","Phase Shift","MeanState","global","scalar","months","1.64964","100.0"
"EcosystemandCarbonCycle","GlobalNetEcosystemCarbonBalance","CARDAMOM","CNRM-ESM2-1","Seasonal Cycle Score","MeanState","global","score","1","0.764192","100.0"
"EcosystemandCarbonCycle","GlobalNetEcosystemCarbonBalance","CARDAMOM","CNRM-ESM2-1","Bias","MeanState","global","scalar","g m-2 d-1","0.026207","100.0"
"EcosystemandCarbonCycle","GlobalNetEcosystemCarbonBalance","CARDAMOM","CNRM-ESM2-1","Bias Score","MeanState","global","score","1","0.830786","100.0"
"EcosystemandCarbonCycle","GlobalNetEcosystemCarbonBalance","CARDAMOM","CNRM-ESM2-1","RMSE","MeanState","global","scalar","g m-2 d-1","0.598891","100.0"
"EcosystemandCarbonCycle","GlobalNetEcosystemCarbonBalance","CARDAMOM","CNRM-ESM2-1","RMSE Score","MeanState","global","score","1","0.361606","100.0"
"EcosystemandCarbonCycle","GlobalNetEcosystemCarbonBalance","CARDAMOM","CNRM-ESM2-1","Overall Score","MeanState","global","score","1","0.482903","100.0"
"EcosystemandCarbonCycle","GlobalNetEcosystemCarbonBalance","CARDAMOM","CNRM-ESM2-1","Precipitation|CARDAMOM Hellinger Distance","Relationships","global","scalar","1","0.727393","100.0"
"EcosystemandCarbonCycle","GlobalNetEcosystemCarbonBalance","CARDAMOM","CNRM-ESM2-1","Precipitation|CARDAMOM Score","Relationships","global","score","1","0.416189","100.0"
"EcosystemandCarbonCycle","GlobalNetEcosystemCarbonBalance","CARDAMOM","CNRM-ESM2-1","SurfaceDownwardSWRadiation|CARDAMOM Hellinger Distance","Relationships","global","scalar","1","0.725688","100.0"
"EcosystemandCarbonCycle","GlobalNetEcosystemCarbonBalance","CARDAMOM","CNRM-ESM2-1","SurfaceDownwardSWRadiation|CARDAMOM Score","Relationships","global","score","1","0.344981","100.0"
"EcosystemandCarbonCycle","GlobalNetEcosystemCarbonBalance","CARDAMOM","CNRM-ESM2-1","SurfaceAirTemperature|CARDAMOM Hellinger Distance","Relationships","global","scalar","1","0.733046","100.0"
"EcosystemandCarbonCycle","GlobalNetEcosystemCarbonBalance","CARDAMOM","CNRM-ESM2-1","SurfaceAirTemperature|CARDAMOM Score","Relationships","global","score","1","0.381503","100.0"
"EcosystemandCarbonCycle","GlobalNetEcosystemCarbonBalance","CARDAMOM","CNRM-ESM2-1","Overall Score","Relationships","global","score","1","0.380891","100.0"
"EcosystemandCarbonCycle","GlobalNetEcosystemCarbonBalance","CARDAMOM","UKESM1-0-LL","Benchmark Period Mean (intersection)","MeanState","global","scalar","g m-2 d-1","0.0194873","100.0"
"EcosystemandCarbonCycle","GlobalNetEcosystemCarbonBalance","CARDAMOM","UKESM1-0-LL","Benchmark Period Mean (complement)","MeanState","global","scalar","g m-2 d-1","-0.0125517","100.0"
"EcosystemandCarbonCycle","GlobalNetEcosystemCarbonBalance","CARDAMOM","UKESM1-0-LL","Period Mean (original grids)","MeanState","global","scalar","g m-2 d-1","0.0258846","100.0"
"EcosystemandCarbonCycle","GlobalNetEcosystemCarbonBalance","CARDAMOM","UKESM1-0-LL","Model Period Mean (intersection)","MeanState","global","scalar","g m-2 d-1","0.0249114","100.0"
"EcosystemandCarbonCycle","GlobalNetEcosystemCarbonBalance","CARDAMOM","UKESM1-0-LL","Model Period Mean (complement)","MeanState","global","scalar","g m-2 d-1","0.0228764","100.0"
"EcosystemandCarbonCycle","GlobalNetEcosystemCarbonBalance","CARDAMOM","UKESM1-0-LL","Spatial Distribution Score","MeanState","global","score","1","0.113702","100.0"
"EcosystemandCarbonCycle","GlobalNetEcosystemCarbonBalance","CARDAMOM","UKESM1-0-LL","Phase Shift","MeanState","global","scalar","months","1.83592","100.0"
"EcosystemandCarbonCycle","GlobalNetEcosystemCarbonBalance","CARDAMOM","UKESM1-0-LL","Seasonal Cycle Score","MeanState","global","score","1","0.728472","100.0"
"EcosystemandCarbonCycle","GlobalNetEcosystemCarbonBalance","CARDAMOM","UKESM1-0-LL","Bias","MeanState","global","scalar","g m-2 d-1","0.00547581","100.0"
"EcosystemandCarbonCycle","GlobalNetEcosystemCarbonBalance","CARDAMOM","UKESM1-0-LL","Bias Score","MeanState","global","score","1","0.852341","100.0"
"EcosystemandCarbonCycle","GlobalNetEcosystemCarbonBalance","CARDAMOM","UKESM1-0-LL","RMSE","MeanState","global","scalar","g m-2 d-1","0.676744","100.0"
"EcosystemandCarbonCycle","GlobalNetEcosystemCarbonBalance","CARDAMOM","UKESM1-0-LL","RMSE Score","MeanState","global","score","1","0.346516","100.0"
"EcosystemandCarbonCycle","GlobalNetEcosystemCarbonBalance","CARDAMOM","UKESM1-0-LL","Overall Score","MeanState","global","score","1","0.477509","100.0"
"EcosystemandCarbonCycle","GlobalNetEcosystemCarbonBalance","CARDAMOM","UKESM1-0-LL","Precipitation|CARDAMOM Hellinger Distance","Relationships","global","scalar","1","0.773634","100.0"
"EcosystemandCarbonCycle","GlobalNetEcosystemCarbonBalance","CARDAMOM","UKESM1-0-LL","Precipitation|CARDAMOM Score","Relationships","global","score","1","0.366774","100.0"
"EcosystemandCarbonCycle","GlobalNetEcosystemCarbonBalance","CARDAMOM","UKESM1-0-LL","SurfaceDownwardSWRadiation|CARDAMOM Hellinger Distance","Relationships","global","scalar","1","0.754896","100.0"
"EcosystemandCarbonCycle","GlobalNetEcosystemCarbonBalance","CARDAMOM","UKESM1-0-LL","SurfaceDownwardSWRadiation|CARDAMOM Score","Relationships","global","score","1","0.411214","100.0"
"EcosystemandCarbonCycle","GlobalNetEcosystemCarbonBalance","CARDAMOM","UKESM1-0-LL","SurfaceAirTemperature|CARDAMOM Hellinger Distance","Relationships","global","scalar","1","0.721787","100.0"
"EcosystemandCarbonCycle","GlobalNetEcosystemCarbonBalance","CARDAMOM","UKESM1-0-LL","SurfaceAirTemperature|CARDAMOM Score","Relationships","global","score","1","0.382658","100.0"
"EcosystemandCarbonCycle","GlobalNetEcosystemCarbonBalance","CARDAMOM","UKESM1-0-LL","Overall Score","Relationships","global","score","1","0.386882","100.0"
"EcosystemandCarbonCycle","GlobalNetEcosystemCarbonBalance","CARDAMOM","NorESM2-LM","Benchmark Period Mean (intersection)","MeanState","global","scalar","g m-2 d-1","0.0188647","100.0"
"EcosystemandCarbonCycle","GlobalNetEcosystemCarbonBalance","CARDAMOM","NorESM2-LM","Benchmark Period Mean (complement)","MeanState","global","scalar","g m-2 d-1","nan","100.0"
"EcosystemandCarbonCycle","GlobalNetEcosystemCarbonBalance","CARDAMOM","NorESM2-LM","Period Mean (original grids)","MeanState","global","scalar","g m-2 d-1","0.0291875","100.0"
"EcosystemandCarbonCycle","GlobalNetEcosystemCarbonBalance","CARDAMOM","NorESM2-LM","Model Period Mean (intersection)","MeanState","global","scalar","g m-2 d-1","0.0275078","100.0"
"EcosystemandCarbonCycle","GlobalNetEcosystemCarbonBalance","CARDAMOM","NorESM2-LM","Model Period Mean (complement)","MeanState","global","scalar","g m-2 d-1","0.0172826","100.0"
"EcosystemandCarbonCycle","GlobalNetEcosystemCarbonBalance","CARDAMOM","NorESM2-LM","Spatial Distribution Score","MeanState","global","score","1","0.108942","100.0"
"EcosystemandCarbonCycle","GlobalNetEcosystemCarbonBalance","CARDAMOM","NorESM2-LM","Phase Shift","MeanState","global","scalar","months","2.00287","100.0"
"EcosystemandCarbonCycle","GlobalNetEcosystemCarbonBalance","CARDAMOM","NorESM2-LM","Seasonal Cycle Score","MeanState","global","score","1","0.69287","100.0"
"EcosystemandCarbonCycle","GlobalNetEcosystemCarbonBalance","CARDAMOM","NorESM2-LM","Bias","MeanState","global","scalar","g m-2 d-1","0.00856964","100.0"
"EcosystemandCarbonCycle","GlobalNetEcosystemCarbonBalance","CARDAMOM","NorESM2-LM","Bias Score","MeanState","global","score","1","0.846787","100.0"
"EcosystemandCarbonCycle","GlobalNetEcosystemCarbonBalance","CARDAMOM","NorESM2-LM","RMSE","MeanState","global","scalar","g m-2 d-1","0.557063","100.0"
"EcosystemandCarbonCycle","GlobalNetEcosystemCarbonBalance","CARDAMOM","NorESM2-LM","RMSE Score","MeanState","global","score","1","0.378016","100.0"
"EcosystemandCarbonCycle","GlobalNetEcosystemCarbonBalance","CARDAMOM","NorESM2-LM","Overall Score","MeanState","global","score","1","0.480926","100.0"
"EcosystemandCarbonCycle","GlobalNetEcosystemCarbonBalance","CARDAMOM","NorESM2-LM","Precipitation|CARDAMOM Hellinger Distance","Relationships","global","scalar","1","0.738479","100.0"
"EcosystemandCarbonCycle","GlobalNetEcosystemCarbonBalance","CARDAMOM","NorESM2-LM","Precipitation|CARDAMOM Score","Relationships","global","score","1","0.327801","100.0"
"EcosystemandCarbonCycle","GlobalNetEcosystemCarbonBalance","CARDAMOM","NorESM2-LM","SurfaceDownwardSWRadiation|CARDAMOM Hellinger Distance","Relationships","global","scalar","1","0.754862","100.0"
"EcosystemandCarbonCycle","GlobalNetEcosystemCarbonBalance","CARDAMOM","NorESM2-LM","SurfaceDownwardSWRadiation|CARDAMOM Score","Relationships","global","score","1","0.384556","100.0"
"EcosystemandCarbonCycle","GlobalNetEcosystemCarbonBalance","CARDAMOM","NorESM2-LM","SurfaceAirTemperature|CARDAMOM Hellinger Distance","Relationships","global","scalar","1","0.743796","100.0"
"EcosystemandCarbonCycle","GlobalNetEcosystemCarbonBalance","CARDAMOM","NorESM2-LM","SurfaceAirTemperature|CARDAMOM Score","Relationships","global","score","1","0.384286","100.0"
"EcosystemandCarbonCycle","GlobalNetEcosystemCarbonBalance","CARDAMOM","NorESM2-LM","Overall Score","Relationships","global","score","1","0.365547","100.0"
"EcosystemandCarbonCycle","GlobalNetEcosystemCarbonBalance","CARDAMOM","MPI-ESM1-2-LR","Benchmark Period Mean (intersection)","MeanState","global","scalar","g m-2 d-1","0.0212887","100.0"
"EcosystemandCarbonCycle","GlobalNetEcosystemCarbonBalance","CARDAMOM","MPI-ESM1-2-LR","Benchmark Period Mean (complement)","MeanState","global","scalar","g m-2 d-1","-0.00222077","100.0"
"EcosystemandCarbonCycle","GlobalNetEcosystemCarbonBalance","CARDAMOM","MPI-ESM1-2-LR","Period Mean (original grids)","MeanState","global","scalar","g m-2 d-1","0.0266489","100.0"
"EcosystemandCarbonCycle","GlobalNetEcosystemCarbonBalance","CARDAMOM","MPI-ESM1-2-LR","Model Period Mean (intersection)","MeanState","global","scalar","g m-2 d-1","0.0255671","100.0"
"EcosystemandCarbonCycle","GlobalNetEcosystemCarbonBalance","CARDAMOM","MPI-ESM1-2-LR","Model Period Mean (complement)","MeanState","global","scalar","g m-2 d-1","0.0157757","100.0"
"EcosystemandCarbonCycle","GlobalNetEcosystemCarbonBalance","CARDAMOM","MPI-ESM1-2-LR","Spatial Distribution Score","MeanState","global","score","1","0.109328","100.0"
"EcosystemandCarbonCycle","GlobalNetEcosystemCarbonBalance","CARDAMOM","MPI-ESM1-2-LR","Phase Shift","MeanState","global","scalar","months","1.93248","100.0"
"EcosystemandCarbonCycle","GlobalNetEcosystemCarbonBalance","CARDAMOM","MPI-ESM1-2-LR","Seasonal Cycle Score","MeanState","global","score","1","0.702564","100.0"
"EcosystemandCarbonCycle","GlobalNetEcosystemCarbonBalance","CARDAMOM","MPI-ESM1-2-LR","Bias","MeanState","global","scalar","g m-2 d-1","0.00389265","100.0"
"EcosystemandCarbonCycle","GlobalNetEcosystemCarbonBalance","CARDAMOM","MPI-ESM1-2-LR","Bias Score","MeanState","global","score","1","0.830242","100.0"
"EcosystemandCarbonCycle","GlobalNetEcosystemCarbonBalance","CARDAMOM","MPI-ESM1-2-LR","RMSE","MeanState","global","scalar","g m-2 d-1","0.852942","100.0"
"EcosystemandCarbonCycle","GlobalNetEcosystemCarbonBalance","CARDAMOM","MPI-ESM1-2-LR","RMSE Score","MeanState","global","score","1","0.305892","100.0"
"EcosystemandCarbonCycle","GlobalNetEcosystemCarbonBalance","CARDAMOM","MPI-ESM1-2-LR","Overall Score","MeanState","global","score","1","0.450784","100.0"
"EcosystemandCarbonCycle","GlobalNetEcosystemCarbonBalance","CARDAMOM","MPI-ESM1-2-LR","Precipitation|CARDAMOM Hellinger Distance","Relationships","global","scalar","1","0.712957","100.0"
"EcosystemandCarbonCycle","GlobalNetEcosystemCarbonBalance","CARDAMOM","MPI-ESM1-2-LR","Precipitation|CARDAMOM Score","Relationships","global","score","1","0.394623","100.0"
"EcosystemandCarbonCycle","GlobalNetEcosystemCarbonBalance","CARDAMOM","MPI-ESM1-2-LR","SurfaceDownwardSWRadiation|CARDAMOM Hellinger Distance","Relationships","global","scalar","1","0.740452","100.0"
"EcosystemandCarbonCycle","GlobalNetEcosystemCarbonBalance","CARDAMOM","MPI-ESM1-2-LR","SurfaceDownwardSWRadiation|CARDAMOM Score","Relationships","global","score","1","0.378533","100.0"
"EcosystemandCarbonCycle","GlobalNetEcosystemCarbonBalance","CARDAMOM","MPI-ESM1-2-LR","SurfaceAirTemperature|CARDAMOM Hellinger Distance","Relationships","global","scalar","1","0.748608","100.0"
"EcosystemandCarbonCycle","GlobalNetEcosystemCarbonBalance","CARDAMOM","MPI-ESM1-2-LR","SurfaceAirTemperature|CARDAMOM Score","Relationships","global","score","1","0.428713","100.0"
"EcosystemandCarbonCycle","GlobalNetEcosystemCarbonBalance","CARDAMOM","MPI-ESM1-2-LR","Overall Score","Relationships","global","score","1","0.400623","100.0"
"EcosystemandCarbonCycle","GlobalNetEcosystemCarbonBalance","CARDAMOM","CanESM5","Benchmark Period Mean (intersection)","MeanState","global","scalar","g m-2 d-1","0.0189132","100.0"
"EcosystemandCarbonCycle","GlobalNetEcosystemCarbonBalance","CARDAMOM","CanESM5","Benchmark Period Mean (complement)","MeanState","global","scalar","g m-2 d-1","nan","100.0"
"EcosystemandCarbonCycle","GlobalNetEcosystemCarbonBalance","CARDAMOM","CanESM5","Period Mean (original grids)","MeanState","global","scalar","g m-2 d-1","0.00928993","100.0"
"EcosystemandCarbonCycle","GlobalNetEcosystemCarbonBalance","CARDAMOM","CanESM5","Model Period Mean (intersection)","MeanState","global","scalar","g m-2 d-1","0.00890517","100.0"
"EcosystemandCarbonCycle","GlobalNetEcosystemCarbonBalance","CARDAMOM","CanESM5","Model Period Mean (complement)","MeanState","global","scalar","g m-2 d-1","0.0176882","100.0"
"EcosystemandCarbonCycle","GlobalNetEcosystemCarbonBalance","CARDAMOM","CanESM5","Spatial Distribution Score","MeanState","global","score","1","0.201361","100.0"
"EcosystemandCarbonCycle","GlobalNetEcosystemCarbonBalance","CARDAMOM","CanESM5","Phase Shift","MeanState","global","scalar","months","2.32241","100.0"
"EcosystemandCarbonCycle","GlobalNetEcosystemCarbonBalance","CARDAMOM","CanESM5","Seasonal Cycle Score","MeanState","global","score","1","0.650009","100.0"
"EcosystemandCarbonCycle","GlobalNetEcosystemCarbonBalance","CARDAMOM","CanESM5","Bias","MeanState","global","scalar","g m-2 d-1","-0.0129131","100.0"
"EcosystemandCarbonCycle","GlobalNetEcosystemCarbonBalance","CARDAMOM","CanESM5","Bias Score","MeanState","global","score","1","0.81534","100.0"
"EcosystemandCarbonCycle","GlobalNetEcosystemCarbonBalance","CARDAMOM","CanESM5","RMSE","MeanState","global","scalar","g m-2 d-1","0.873566","100.0"
"EcosystemandCarbonCycle","GlobalNetEcosystemCarbonBalance","CARDAMOM","CanESM5","RMSE Score","MeanState","global","score","1","0.277737","100.0"
"EcosystemandCarbonCycle","GlobalNetEcosystemCarbonBalance","CARDAMOM","CanESM5","Overall Score","MeanState","global","score","1","0.444437","100.0"
"EcosystemandCarbonCycle","GlobalNetEcosystemCarbonBalance","CARDAMOM","CanESM5","Precipitation|CARDAMOM Hellinger Distance","Relationships","global","scalar","1","0.765931","100.0"
"EcosystemandCarbonCycle","GlobalNetEcosystemCarbonBalance","CARDAMOM","CanESM5","Precipitation|CARDAMOM Score","Relationships","global","score","1","0.287474","100.0"
"EcosystemandCarbonCycle","GlobalNetEcosystemCarbonBalance","CARDAMOM","CanESM5","SurfaceDownwardSWRadiation|CARDAMOM Hellinger Distance","Relationships","global","scalar","1","0.715872","100.0"
"EcosystemandCarbonCycle","GlobalNetEcosystemCarbonBalance","CARDAMOM","CanESM5","SurfaceDownwardSWRadiation|CARDAMOM Score","Relationships","global","score","1","0.369706","100.0"
"EcosystemandCarbonCycle","GlobalNetEcosystemCarbonBalance","CARDAMOM","CanESM5","SurfaceAirTemperature|CARDAMOM Hellinger Distance","Relationships","global","scalar","1","0.716784","100.0"
"EcosystemandCarbonCycle","GlobalNetEcosystemCarbonBalance","CARDAMOM","CanESM5","SurfaceAirTemperature|CARDAMOM Score","Relationships","global","score","1","0.393853","100.0"
"EcosystemandCarbonCycle","GlobalNetEcosystemCarbonBalance","CARDAMOM","CanESM5","Overall Score","Relationships","global","score","1","0.350344","100.0"
"EcosystemandCarbonCycle","GlobalNetEcosystemCarbonBalance","CARDAMOM","ACCESS-ESM1-5","Benchmark Period Mean (intersection)","MeanState","global","scalar","g m-2 d-1","0.0193311","100.0"
"EcosystemandCarbonCycle","GlobalNetEcosystemCarbonBalance","CARDAMOM","ACCESS-ESM1-5","Benchmark Period Mean (complement)","MeanState","global","scalar","g m-2 d-1","0.0024872","100.0"
"EcosystemandCarbonCycle","GlobalNetEcosystemCarbonBalance","CARDAMOM","ACCESS-ESM1-5","Period Mean (original grids)","MeanState","global","scalar","g m-2 d-1","0.0151581","100.0"
"EcosystemandCarbonCycle","GlobalNetEcosystemCarbonBalance","CARDAMOM","ACCESS-ESM1-5","Model Period Mean (intersection)","MeanState","global","scalar","g m-2 d-1","0.015275","100.0"
"EcosystemandCarbonCycle","GlobalNetEcosystemCarbonBalance","CARDAMOM","ACCESS-ESM1-5","Model Period Mean (complement)","MeanState","global","scalar","g m-2 d-1","0.00471798","100.0"
"EcosystemandCarbonCycle","GlobalNetEcosystemCarbonBalance","CARDAMOM","ACCESS-ESM1-5","Spatial Distribution Score","MeanState","global","score","1","0.10795","100.0"
"EcosystemandCarbonCycle","GlobalNetEcosystemCarbonBalance","CARDAMOM","ACCESS-ESM1-5","Phase Shift","MeanState","global","scalar","months","1.59928","100.0"
"EcosystemandCarbonCycle","GlobalNetEcosystemCarbonBalance","CARDAMOM","ACCESS-ESM1-5","Seasonal Cycle Score","MeanState","global","score","1","0.772992","100.0"
"EcosystemandCarbonCycle","GlobalNetEcosystemCarbonBalance","CARDAMOM","ACCESS-ESM1-5","Bias","MeanState","global","scalar","g m-2 d-1","-0.0034372","100.0"
"EcosystemandCarbonCycle","GlobalNetEcosystemCarbonBalance","CARDAMOM","ACCESS-ESM1-5","Bias Score","MeanState","global","score","1","0.861502","100.0"
"EcosystemandCarbonCycle","GlobalNetEcosystemCarbonBalance","CARDAMOM","ACCESS-ESM1-5","RMSE","MeanState","global","scalar","g m-2 d-1","0.518752","100.0"
"EcosystemandCarbonCycle","GlobalNetEcosystemCarbonBalance","CARDAMOM","ACCESS-ESM1-5","RMSE Score","MeanState","global","score","1","0.420366","100.0"
"EcosystemandCarbonCycle","GlobalNetEcosystemCarbonBalance","CARDAMOM","ACCESS-ESM1-5","Overall Score","MeanState","global","score","1","0.516635","100.0"
"EcosystemandCarbonCycle","GlobalNetEcosystemCarbonBalance","CARDAMOM","ACCESS-ESM1-5","Precipitation|CARDAMOM Hellinger Distance","Relationships","global","scalar","1","0.707438","100.0"
"EcosystemandCarbonCycle","GlobalNetEcosystemCarbonBalance","CARDAMOM","ACCESS-ESM1-5","Precipitation|CARDAMOM Score","Relationships","global","score","1","0.338113","100.0"
"EcosystemandCarbonCycle","GlobalNetEcosystemCarbonBalance","CARDAMOM","ACCESS-ESM1-5","SurfaceDownwardSWRadiation|CARDAMOM Hellinger Distance","Relationships","global","scalar","1","0.728404","100.0"
"EcosystemandCarbonCycle","GlobalNetEcosystemCarbonBalance","CARDAMOM","ACCESS-ESM1-5","SurfaceDownwardSWRadiation|CARDAMOM Score","Relationships","global","score","1","0.406211","100.0"
"EcosystemandCarbonCycle","GlobalNetEcosystemCarbonBalance","CARDAMOM","ACCESS-ESM1-5","SurfaceAirTemperature|CARDAMOM Hellinger Distance","Relationships","global","scalar","1","0.705405","100.0"
"EcosystemandCarbonCycle","GlobalNetEcosystemCarbonBalance","CARDAMOM","ACCESS-ESM1-5","SurfaceAirTemperature|CARDAMOM Score","Relationships","global","score","1","0.422499","100.0"
"EcosystemandCarbonCycle","GlobalNetEcosystemCarbonBalance","CARDAMOM","ACCESS-ESM1-5","Overall Score","Relationships","global","score","1","0.388941","100.0"
"EcosystemandCarbonCycle","GlobalNetEcosystemCarbonBalance","CARDAMOM","MIROC-ES2L","Benchmark Period Mean (intersection)","MeanState","global","scalar","g m-2 d-1","0.0189674","100.0"
"EcosystemandCarbonCycle","GlobalNetEcosystemCarbonBalance","CARDAMOM","MIROC-ES2L","Benchmark Period Mean (complement)","MeanState","global","scalar","g m-2 d-1","-0.0035093","100.0"
"EcosystemandCarbonCycle","GlobalNetEcosystemCarbonBalance","CARDAMOM","MIROC-ES2L","Period Mean (original grids)","MeanState","global","scalar","g m-2 d-1","0.0454118","100.0"
"EcosystemandCarbonCycle","GlobalNetEcosystemCarbonBalance","CARDAMOM","MIROC-ES2L","Model Period Mean (intersection)","MeanState","global","scalar","g m-2 d-1","0.0455855","100.0"
"EcosystemandCarbonCycle","GlobalNetEcosystemCarbonBalance","CARDAMOM","MIROC-ES2L","Model Period Mean (complement)","MeanState","global","scalar","g m-2 d-1","0.0266595","100.0"
"EcosystemandCarbonCycle","GlobalNetEcosystemCarbonBalance","CARDAMOM","MIROC-ES2L","Spatial Distribution Score","MeanState","global","score","1","0.281032","100.0"
"EcosystemandCarbonCycle","GlobalNetEcosystemCarbonBalance","CARDAMOM","MIROC-ES2L","Phase Shift","MeanState","global","scalar","months","2.34447","100.0"
"EcosystemandCarbonCycle","GlobalNetEcosystemCarbonBalance","CARDAMOM","MIROC-ES2L","Seasonal Cycle Score","MeanState","global","score","1","0.629429","100.0"
"EcosystemandCarbonCycle","GlobalNetEcosystemCarbonBalance","CARDAMOM","MIROC-ES2L","Bias","MeanState","global","scalar","g m-2 d-1","0.02357","100.0"
"EcosystemandCarbonCycle","GlobalNetEcosystemCarbonBalance","CARDAMOM","MIROC-ES2L","Bias Score","MeanState","global","score","1","0.849021","100.0"
"EcosystemandCarbonCycle","GlobalNetEcosystemCarbonBalance","CARDAMOM","MIROC-ES2L","RMSE","MeanState","global","scalar","g m-2 d-1","0.657626","100.0"
"EcosystemandCarbonCycle","GlobalNetEcosystemCarbonBalance","CARDAMOM","MIROC-ES2L","RMSE Score","MeanState","global","score","1","0.362157","100.0"
"EcosystemandCarbonCycle","GlobalNetEcosystemCarbonBalance","CARDAMOM","MIROC-ES2L","Overall Score","MeanState","global","score","1","0.496759","100.0"
"EcosystemandCarbonCycle","GlobalNetEcosystemCarbonBalance","CARDAMOM","MIROC-ES2L","Precipitation|CARDAMOM Hellinger Distance","Relationships","global","scalar","1","0.747716","100.0"
"EcosystemandCarbonCycle","GlobalNetEcosystemCarbonBalance","CARDAMOM","MIROC-ES2L","Precipitation|CARDAMOM Score","Relationships","global","score","1","0.31113","100.0"
"EcosystemandCarbonCycle","GlobalNetEcosystemCarbonBalance","CARDAMOM","MIROC-ES2L","SurfaceDownwardSWRadiation|CARDAMOM Hellinger Distance","Relationships","global","scalar","1","0.757929","100.0"
"EcosystemandCarbonCycle","GlobalNetEcosystemCarbonBalance","CARDAMOM","MIROC-ES2L","SurfaceDownwardSWRadiation|CARDAMOM Score","Relationships","global","score","1","0.326075","100.0"
"EcosystemandCarbonCycle","GlobalNetEcosystemCarbonBalance","CARDAMOM","MIROC-ES2L","SurfaceAirTemperature|CARDAMOM Hellinger Distance","Relationships","global","scalar","1","0.75504","100.0"
"EcosystemandCarbonCycle","GlobalNetEcosystemCarbonBalance","CARDAMOM","MIROC-ES2L","SurfaceAirTemperature|CARDAMOM Score","Relationships","global","score","1","0.260486","100.0"
"EcosystemandCarbonCycle","GlobalNetEcosystemCarbonBalance","CARDAMOM","MIROC-ES2L","Overall Score","Relationships","global","score","1","0.29923","100.0"
"EcosystemandCarbonCycle","GlobalNetEcosystemCarbonBalance","CARDAMOM","IPSL-CM6A-LR","Benchmark Period Mean (intersection)","MeanState","global","scalar","g m-2 d-1","0.0195474","100.0"
"EcosystemandCarbonCycle","GlobalNetEcosystemCarbonBalance","CARDAMOM","IPSL-CM6A-LR","Benchmark Period Mean (complement)","MeanState","global","scalar","g m-2 d-1","-0.00107034","100.0"
"EcosystemandCarbonCycle","GlobalNetEcosystemCarbonBalance","CARDAMOM","IPSL-CM6A-LR","Period Mean (original grids)","MeanState","global","scalar","g m-2 d-1","0.0301298","100.0"
"EcosystemandCarbonCycle","GlobalNetEcosystemCarbonBalance","CARDAMOM","IPSL-CM6A-LR","Model Period Mean (intersection)","MeanState","global","scalar","g m-2 d-1","0.0313187","100.0"
"EcosystemandCarbonCycle","GlobalNetEcosystemCarbonBalance","CARDAMOM","IPSL-CM6A-LR","Model Period Mean (complement)","MeanState","global","scalar","g m-2 d-1","0.0167466","100.0"
"EcosystemandCarbonCycle","GlobalNetEcosystemCarbonBalance","CARDAMOM","IPSL-CM6A-LR","Spatial Distribution Score","MeanState","global","score","1","0.0659853","100.0"
"EcosystemandCarbonCycle","GlobalNetEcosystemCarbonBalance","CARDAMOM","IPSL-CM6A-LR","Phase Shift","MeanState","global","scalar","months","1.4414","100.0"
"EcosystemandCarbonCycle","GlobalNetEcosystemCarbonBalance","CARDAMOM","IPSL-CM6A-LR","Seasonal Cycle Score","MeanState","global","score","1","0.800308","100.0"
"EcosystemandCarbonCycle","GlobalNetEcosystemCarbonBalance","CARDAMOM","IPSL-CM6A-LR","Bias","MeanState","global","scalar","g m-2 d-1","0.0120833","100.0"
"EcosystemandCarbonCycle","GlobalNetEcosystemCarbonBalance","CARDAMOM","IPSL-CM6A-LR","Bias Score","MeanState","global","score","1","0.857435","100.0"
"EcosystemandCarbonCycle","GlobalNetEcosystemCarbonBalance","CARDAMOM","IPSL-CM6A-LR","RMSE","MeanState","global","scalar","g m-2 d-1","0.536551","100.0"
"EcosystemandCarbonCycle","GlobalNetEcosystemCarbonBalance","CARDAMOM","IPSL-CM6A-LR","RMSE Score","MeanState","global","score","1","0.396933","100.0"
"EcosystemandCarbonCycle","GlobalNetEcosystemCarbonBalance","CARDAMOM","IPSL-CM6A-LR","Overall Score","MeanState","global","score","1","0.503519","100.0"
"EcosystemandCarbonCycle","GlobalNetEcosystemCarbonBalance","CARDAMOM","IPSL-CM6A-LR","Precipitation|CARDAMOM Hellinger Distance","Relationships","global","scalar","1","0.75317","100.0"
"EcosystemandCarbonCycle","GlobalNetEcosystemCarbonBalance","CARDAMOM","IPSL-CM6A-LR","Precipitation|CARDAMOM Score","Relationships","global","score","1","0.394982","100.0"
"EcosystemandCarbonCycle","GlobalNetEcosystemCarbonBalance","CARDAMOM","IPSL-CM6A-LR","SurfaceDownwardSWRadiation|CARDAMOM Hellinger Distance","Relationships","global","scalar","1","0.76714","100.0"
"EcosystemandCarbonCycle","GlobalNetEcosystemCarbonBalance","CARDAMOM","IPSL-CM6A-LR","SurfaceDownwardSWRadiation|CARDAMOM Score","Relationships","global","score","1","0.386809","100.0"
"EcosystemandCarbonCycle","GlobalNetEcosystemCarbonBalance","CARDAMOM","IPSL-CM6A-LR","SurfaceAirTemperature|CARDAMOM Hellinger Distance","Relationships","global","scalar","1","0.77047","100.0"
"EcosystemandCarbonCycle","GlobalNetEcosystemCarbonBalance","CARDAMOM","IPSL-CM6A-LR","SurfaceAirTemperature|CARDAMOM Score","Relationships","global","score","1","0.432776","100.0"
"EcosystemandCarbonCycle","GlobalNetEcosystemCarbonBalance","CARDAMOM","IPSL-CM6A-LR","Overall Score","Relationships","global","score","1","0.404856","100.0"
"EcosystemandCarbonCycle","GlobalNetEcosystemCarbonBalance","CARDAMOM","ENSEMBLE-CMIP6","Benchmark Period Mean (intersection)","MeanState","global","scalar","g m-2 d-1","0.0188598","100.0"
"EcosystemandCarbonCycle","GlobalNetEcosystemCarbonBalance","CARDAMOM","ENSEMBLE-CMIP6","Benchmark Period Mean (complement)","MeanState","global","scalar","g m-2 d-1","nan","100.0"
"EcosystemandCarbonCycle","GlobalNetEcosystemCarbonBalance","CARDAMOM","ENSEMBLE-CMIP6","Period Mean (original grids)","MeanState","global","scalar","g m-2 d-1","0.022678","100.0"
"EcosystemandCarbonCycle","GlobalNetEcosystemCarbonBalance","CARDAMOM","ENSEMBLE-CMIP6","Model Period Mean (intersection)","MeanState","global","scalar","g m-2 d-1","0.0240162","100.0"
"EcosystemandCarbonCycle","GlobalNetEcosystemCarbonBalance","CARDAMOM","ENSEMBLE-CMIP6","Model Period Mean (complement)","MeanState","global","scalar","g m-2 d-1","0.0118774","100.0"
"EcosystemandCarbonCycle","GlobalNetEcosystemCarbonBalance","CARDAMOM","ENSEMBLE-CMIP6","Spatial Distribution Score","MeanState","global","score","1","0.046377","100.0"
"EcosystemandCarbonCycle","GlobalNetEcosystemCarbonBalance","CARDAMOM","ENSEMBLE-CMIP6","Phase Shift","MeanState","global","scalar","months","1.53961","100.0"
"EcosystemandCarbonCycle","GlobalNetEcosystemCarbonBalance","CARDAMOM","ENSEMBLE-CMIP6","Seasonal Cycle Score","MeanState","global","score","1","0.777882","100.0"
"EcosystemandCarbonCycle","GlobalNetEcosystemCarbonBalance","CARDAMOM","ENSEMBLE-CMIP6","Bias","MeanState","global","scalar","g m-2 d-1","0.00446227","100.0"
"EcosystemandCarbonCycle","GlobalNetEcosystemCarbonBalance","CARDAMOM","ENSEMBLE-CMIP6","Bias Score","MeanState","global","score","1","0.86663","100.0"
"EcosystemandCarbonCycle","GlobalNetEcosystemCarbonBalance","CARDAMOM","ENSEMBLE-CMIP6","RMSE","MeanState","global","scalar","g m-2 d-1","0.444686","100.0"
"EcosystemandCarbonCycle","GlobalNetEcosystemCarbonBalance","CARDAMOM","ENSEMBLE-CMIP6","RMSE Score","MeanState","global","score","1","0.437689","100.0"
"EcosystemandCarbonCycle","GlobalNetEcosystemCarbonBalance","CARDAMOM","ENSEMBLE-CMIP6","Overall Score","MeanState","global","score","1","0.513253","100.0"
"EcosystemandCarbonCycle","GlobalNetEcosystemCarbonBalance","CARDAMOM","ENSEMBLE-CMIP6","Precipitation|CARDAMOM Hellinger Distance","Relationships","global","scalar","1","0.736239","100.0"
"EcosystemandCarbonCycle","GlobalNetEcosystemCarbonBalance","CARDAMOM","ENSEMBLE-CMIP6","Precipitation|CARDAMOM Score","Relationships","global","score","1","0.366607","100.0"
"EcosystemandCarbonCycle","GlobalNetEcosystemCarbonBalance","CARDAMOM","ENSEMBLE-CMIP6","SurfaceDownwardSWRadiation|CARDAMOM Hellinger Distance","Relationships","global","scalar","1","0.746498","100.0"
"EcosystemandCarbonCycle","GlobalNetEcosystemCarbonBalance","CARDAMOM","ENSEMBLE-CMIP6","SurfaceDownwardSWRadiation|CARDAMOM Score","Relationships","global","score","1","0.393956","100.0"
"EcosystemandCarbonCycle","GlobalNetEcosystemCarbonBalance","CARDAMOM","ENSEMBLE-CMIP6","SurfaceAirTemperature|CARDAMOM Hellinger Distance","Relationships","global","scalar","1","0.742611","100.0"
"EcosystemandCarbonCycle","GlobalNetEcosystemCarbonBalance","CARDAMOM","ENSEMBLE-CMIP6","SurfaceAirTemperature|CARDAMOM Score","Relationships","global","score","1","0.423362","100.0"
"EcosystemandCarbonCycle","GlobalNetEcosystemCarbonBalance","CARDAMOM","ENSEMBLE-CMIP6","Overall Score","Relationships","global","score","1","0.394641","100.0"
"EcosystemandCarbonCycle","EcosystemRespiration","CARDAMOM","CESM2","Benchmark Period Mean (intersection)","MeanState","global","scalar","Pg yr-1","130.926","16.0"
"EcosystemandCarbonCycle","EcosystemRespiration","CARDAMOM","CESM2","Benchmark Period Mean (complement)","MeanState","global","scalar","Pg yr-1","4.42672","16.0"
"EcosystemandCarbonCycle","EcosystemRespiration","CARDAMOM","CESM2","Period Mean (original grids)","MeanState","global","scalar","Pg yr-1","126.417","16.0"
"EcosystemandCarbonCycle","EcosystemRespiration","CARDAMOM","CESM2","Model Period Mean (intersection)","MeanState","global","scalar","Pg yr-1","113.381","16.0"
"EcosystemandCarbonCycle","EcosystemRespiration","CARDAMOM","CESM2","Model Period Mean (complement)","MeanState","global","scalar","Pg yr-1","12.9335","16.0"
"EcosystemandCarbonCycle","EcosystemRespiration","CARDAMOM","CESM2","Spatial Distribution Score","MeanState","global","score","1","0.919295","16.0"
"EcosystemandCarbonCycle","EcosystemRespiration","CARDAMOM","CESM2","Phase Shift","MeanState","global","scalar","months","1.50694","16.0"
"EcosystemandCarbonCycle","EcosystemRespiration","CARDAMOM","CESM2","Seasonal Cycle Score","MeanState","global","score","1","0.802628","16.0"
"EcosystemandCarbonCycle","EcosystemRespiration","CARDAMOM","CESM2","Interannual Variability Score","MeanState","global","score","1","0.498332","16.0"
"EcosystemandCarbonCycle","EcosystemRespiration","CARDAMOM","CESM2","Bias","MeanState","global","scalar","g m-2 d-1","-0.348381","16.0"
"EcosystemandCarbonCycle","EcosystemRespiration","CARDAMOM","CESM2","Bias Score","MeanState","global","score","1","0.336688","16.0"
"EcosystemandCarbonCycle","EcosystemRespiration","CARDAMOM","CESM2","RMSE","MeanState","global","scalar","g m-2 d-1","1.43513","16.0"
"EcosystemandCarbonCycle","EcosystemRespiration","CARDAMOM","CESM2","RMSE Score","MeanState","global","score","1","0.429969","16.0"
"EcosystemandCarbonCycle","EcosystemRespiration","CARDAMOM","CESM2","Overall Score","MeanState","global","score","1","0.56948","16.0"
"EcosystemandCarbonCycle","EcosystemRespiration","CARDAMOM","GFDL_ESM4","Benchmark Period Mean (intersection)","MeanState","global","scalar","Pg yr-1","137.537","16.0"
"EcosystemandCarbonCycle","EcosystemRespiration","CARDAMOM","GFDL_ESM4","Benchmark Period Mean (complement)","MeanState","global","scalar","Pg yr-1","nan","16.0"
"EcosystemandCarbonCycle","EcosystemRespiration","CARDAMOM","GFDL_ESM4","Period Mean (original grids)","MeanState","global","scalar","Pg yr-1","99.3374","16.0"
"EcosystemandCarbonCycle","EcosystemRespiration","CARDAMOM","GFDL_ESM4","Model Period Mean (intersection)","MeanState","global","scalar","Pg yr-1","89.2164","16.0"
"EcosystemandCarbonCycle","EcosystemRespiration","CARDAMOM","GFDL_ESM4","Model Period Mean (complement)","MeanState","global","scalar","Pg yr-1","11.9834","16.0"
"EcosystemandCarbonCycle","EcosystemRespiration","CARDAMOM","GFDL_ESM4","Spatial Distribution Score","MeanState","global","score","1","0.811796","16.0"
"EcosystemandCarbonCycle","EcosystemRespiration","CARDAMOM","GFDL_ESM4","Phase Shift","MeanState","global","scalar","months","1.4483","16.0"
"EcosystemandCarbonCycle","EcosystemRespiration","CARDAMOM","GFDL_ESM4","Seasonal Cycle Score","MeanState","global","score","1","0.724322","16.0"
"EcosystemandCarbonCycle","EcosystemRespiration","CARDAMOM","GFDL_ESM4","Interannual Variability Score","MeanState","global","score","1","0.580126","16.0"
"EcosystemandCarbonCycle","EcosystemRespiration","CARDAMOM","GFDL_ESM4","Bias","MeanState","global","scalar","g m-2 d-1","-0.940676","16.0"
"EcosystemandCarbonCycle","EcosystemRespiration","CARDAMOM","GFDL_ESM4","Bias Score","MeanState","global","score","1","0.292616","16.0"
"EcosystemandCarbonCycle","EcosystemRespiration","CARDAMOM","GFDL_ESM4","RMSE","MeanState","global","scalar","g m-2 d-1","1.4157","16.0"
"EcosystemandCarbonCycle","EcosystemRespiration","CARDAMOM","GFDL_ESM4","RMSE Score","MeanState","global","score","1","0.430466","16.0"
"EcosystemandCarbonCycle","EcosystemRespiration","CARDAMOM","GFDL_ESM4","Overall Score","MeanState","global","score","1","0.544965","16.0"
"EcosystemandCarbonCycle","EcosystemRespiration","CARDAMOM","CNRM-ESM2-1","Benchmark Period Mean (intersection)","MeanState","global","scalar","Pg yr-1","134.836","16.0"
"EcosystemandCarbonCycle","EcosystemRespiration","CARDAMOM","CNRM-ESM2-1","Benchmark Period Mean (complement)","MeanState","global","scalar","Pg yr-1","1.89245","16.0"
"EcosystemandCarbonCycle","EcosystemRespiration","CARDAMOM","CNRM-ESM2-1","Period Mean (original grids)","MeanState","global","scalar","Pg yr-1","125.892","16.0"
"EcosystemandCarbonCycle","EcosystemRespiration","CARDAMOM","CNRM-ESM2-1","Model Period Mean (intersection)","MeanState","global","scalar","Pg yr-1","110.243","16.0"
"EcosystemandCarbonCycle","EcosystemRespiration","CARDAMOM","CNRM-ESM2-1","Model Period Mean (complement)","MeanState","global","scalar","Pg yr-1","15.6695","16.0"
"EcosystemandCarbonCycle","EcosystemRespiration","CARDAMOM","CNRM-ESM2-1","Spatial Distribution Score","MeanState","global","score","1","0.917559","16.0"
"EcosystemandCarbonCycle","EcosystemRespiration","CARDAMOM","CNRM-ESM2-1","Phase Shift","MeanState","global","scalar","months","1.79331","16.0"
"EcosystemandCarbonCycle","EcosystemRespiration","CARDAMOM","CNRM-ESM2-1","Seasonal Cycle Score","MeanState","global","score","1","0.711471","16.0"
"EcosystemandCarbonCycle","EcosystemRespiration","CARDAMOM","CNRM-ESM2-1","Interannual Variability Score","MeanState","global","score","1","0.445082","16.0"
"EcosystemandCarbonCycle","EcosystemRespiration","CARDAMOM","CNRM-ESM2-1","Bias","MeanState","global","scalar","g m-2 d-1","-0.470745","16.0"
"EcosystemandCarbonCycle","EcosystemRespiration","CARDAMOM","CNRM-ESM2-1","Bias Score","MeanState","global","score","1","0.378688","16.0"
"EcosystemandCarbonCycle","EcosystemRespiration","CARDAMOM","CNRM-ESM2-1","RMSE","MeanState","global","scalar","g m-2 d-1","1.2286","16.0"
"EcosystemandCarbonCycle","EcosystemRespiration","CARDAMOM","CNRM-ESM2-1","RMSE Score","MeanState","global","score","1","0.44069","16.0"
"EcosystemandCarbonCycle","EcosystemRespiration","CARDAMOM","CNRM-ESM2-1","Overall Score","MeanState","global","score","1","0.555697","16.0"
"EcosystemandCarbonCycle","EcosystemRespiration","CARDAMOM","UKESM1-0-LL","Benchmark Period Mean (intersection)","MeanState","global","scalar","Pg yr-1","133.243","16.0"
"EcosystemandCarbonCycle","EcosystemRespiration","CARDAMOM","UKESM1-0-LL","Benchmark Period Mean (complement)","MeanState","global","scalar","Pg yr-1","3.33418","16.0"
"EcosystemandCarbonCycle","EcosystemRespiration","CARDAMOM","UKESM1-0-LL","Period Mean (original grids)","MeanState","global","scalar","Pg yr-1","155.488","16.0"
"EcosystemandCarbonCycle","EcosystemRespiration","CARDAMOM","UKESM1-0-LL","Model Period Mean (intersection)","MeanState","global","scalar","Pg yr-1","138.991","16.0"
"EcosystemandCarbonCycle","EcosystemRespiration","CARDAMOM","UKESM1-0-LL","Model Period Mean (complement)","MeanState","global","scalar","Pg yr-1","15.6862","16.0"
"EcosystemandCarbonCycle","EcosystemRespiration","CARDAMOM","UKESM1-0-LL","Spatial Distribution Score","MeanState","global","score","1","0.933081","16.0"
"EcosystemandCarbonCycle","EcosystemRespiration","CARDAMOM","UKESM1-0-LL","Phase Shift","MeanState","global","scalar","months","1.31894","16.0"
"EcosystemandCarbonCycle","EcosystemRespiration","CARDAMOM","UKESM1-0-LL","Seasonal Cycle Score","MeanState","global","score","1","0.76451","16.0"
"EcosystemandCarbonCycle","EcosystemRespiration","CARDAMOM","UKESM1-0-LL","Interannual Variability Score","MeanState","global","score","1","0.269658","16.0"
"EcosystemandCarbonCycle","EcosystemRespiration","CARDAMOM","UKESM1-0-LL","Bias","MeanState","global","scalar","g m-2 d-1","0.112795","16.0"
"EcosystemandCarbonCycle","EcosystemRespiration","CARDAMOM","UKESM1-0-LL","Bias Score","MeanState","global","score","1","0.352393","16.0"
"EcosystemandCarbonCycle","EcosystemRespiration","CARDAMOM","UKESM1-0-LL","RMSE","MeanState","global","scalar","g m-2 d-1","1.48802","16.0"
"EcosystemandCarbonCycle","EcosystemRespiration","CARDAMOM","UKESM1-0-LL","RMSE Score","MeanState","global","score","1","0.349907","16.0"
"EcosystemandCarbonCycle","EcosystemRespiration","CARDAMOM","UKESM1-0-LL","Overall Score","MeanState","global","score","1","0.503243","16.0"
"EcosystemandCarbonCycle","EcosystemRespiration","CARDAMOM","BCC-CSM2-MR","Benchmark Period Mean (intersection)","MeanState","global","scalar","Pg yr-1","131.417","16.0"
"EcosystemandCarbonCycle","EcosystemRespiration","CARDAMOM","BCC-CSM2-MR","Benchmark Period Mean (complement)","MeanState","global","scalar","Pg yr-1","4.75842","16.0"
"EcosystemandCarbonCycle","EcosystemRespiration","CARDAMOM","BCC-CSM2-MR","Period Mean (original grids)","MeanState","global","scalar","Pg yr-1","126.009","16.0"
"EcosystemandCarbonCycle","EcosystemRespiration","CARDAMOM","BCC-CSM2-MR","Model Period Mean (intersection)","MeanState","global","scalar","Pg yr-1","117.457","16.0"
"EcosystemandCarbonCycle","EcosystemRespiration","CARDAMOM","BCC-CSM2-MR","Model Period Mean (complement)","MeanState","global","scalar","Pg yr-1","9.44446","16.0"
"EcosystemandCarbonCycle","EcosystemRespiration","CARDAMOM","BCC-CSM2-MR","Spatial Distribution Score","MeanState","global","score","1","0.923521","16.0"
"EcosystemandCarbonCycle","EcosystemRespiration","CARDAMOM","BCC-CSM2-MR","Phase Shift","MeanState","global","scalar","months","1.42389","16.0"
"EcosystemandCarbonCycle","EcosystemRespiration","CARDAMOM","BCC-CSM2-MR","Seasonal Cycle Score","MeanState","global","score","1","0.77669","16.0"
"EcosystemandCarbonCycle","EcosystemRespiration","CARDAMOM","BCC-CSM2-MR","Interannual Variability Score","MeanState","global","score","1","0.557274","16.0"
"EcosystemandCarbonCycle","EcosystemRespiration","CARDAMOM","BCC-CSM2-MR","Bias","MeanState","global","scalar","g m-2 d-1","-0.283488","16.0"
"EcosystemandCarbonCycle","EcosystemRespiration","CARDAMOM","BCC-CSM2-MR","Bias Score","MeanState","global","score","1","0.364206","16.0"
"EcosystemandCarbonCycle","EcosystemRespiration","CARDAMOM","BCC-CSM2-MR","RMSE","MeanState","global","scalar","g m-2 d-1","1.34801","16.0"
"EcosystemandCarbonCycle","EcosystemRespiration","CARDAMOM","BCC-CSM2-MR","RMSE Score","MeanState","global","score","1","0.46754","16.0"
"EcosystemandCarbonCycle","EcosystemRespiration","CARDAMOM","BCC-CSM2-MR","Overall Score","MeanState","global","score","1","0.592795","16.0"
"EcosystemandCarbonCycle","EcosystemRespiration","CARDAMOM","NorESM2-LM","Benchmark Period Mean (intersection)","MeanState","global","scalar","Pg yr-1","137.825","16.0"
"EcosystemandCarbonCycle","EcosystemRespiration","CARDAMOM","NorESM2-LM","Benchmark Period Mean (complement)","MeanState","global","scalar","Pg yr-1","nan","16.0"
"EcosystemandCarbonCycle","EcosystemRespiration","CARDAMOM","NorESM2-LM","Period Mean (original grids)","MeanState","global","scalar","Pg yr-1","135.228","16.0"
"EcosystemandCarbonCycle","EcosystemRespiration","CARDAMOM","NorESM2-LM","Model Period Mean (intersection)","MeanState","global","scalar","Pg yr-1","116.313","16.0"
"EcosystemandCarbonCycle","EcosystemRespiration","CARDAMOM","NorESM2-LM","Model Period Mean (complement)","MeanState","global","scalar","Pg yr-1","16.4269","16.0"
"EcosystemandCarbonCycle","EcosystemRespiration","CARDAMOM","NorESM2-LM","Spatial Distribution Score","MeanState","global","score","1","0.9102","16.0"
"EcosystemandCarbonCycle","EcosystemRespiration","CARDAMOM","NorESM2-LM","Phase Shift","MeanState","global","scalar","months","1.54186","16.0"
"EcosystemandCarbonCycle","EcosystemRespiration","CARDAMOM","NorESM2-LM","Seasonal Cycle Score","MeanState","global","score","1","0.791788","16.0"
"EcosystemandCarbonCycle","EcosystemRespiration","CARDAMOM","NorESM2-LM","Interannual Variability Score","MeanState","global","score","1","0.508279","16.0"
"EcosystemandCarbonCycle","EcosystemRespiration","CARDAMOM","NorESM2-LM","Bias","MeanState","global","scalar","g m-2 d-1","-0.451922","16.0"
"EcosystemandCarbonCycle","EcosystemRespiration","CARDAMOM","NorESM2-LM","Bias Score","MeanState","global","score","1","0.33959","16.0"
"EcosystemandCarbonCycle","EcosystemRespiration","CARDAMOM","NorESM2-LM","RMSE","MeanState","global","scalar","g m-2 d-1","1.40999","16.0"
"EcosystemandCarbonCycle","EcosystemRespiration","CARDAMOM","NorESM2-LM","RMSE Score","MeanState","global","score","1","0.433805","16.0"
"EcosystemandCarbonCycle","EcosystemRespiration","CARDAMOM","NorESM2-LM","Overall Score","MeanState","global","score","1","0.569578","16.0"
"EcosystemandCarbonCycle","EcosystemRespiration","CARDAMOM","MPI-ESM1-2-LR","Benchmark Period Mean (intersection)","MeanState","global","scalar","Pg yr-1","118.892","16.0"
"EcosystemandCarbonCycle","EcosystemRespiration","CARDAMOM","MPI-ESM1-2-LR","Benchmark Period Mean (complement)","MeanState","global","scalar","Pg yr-1","17.2288","16.0"
"EcosystemandCarbonCycle","EcosystemRespiration","CARDAMOM","MPI-ESM1-2-LR","Period Mean (original grids)","MeanState","global","scalar","Pg yr-1","141.582","16.0"
"EcosystemandCarbonCycle","EcosystemRespiration","CARDAMOM","MPI-ESM1-2-LR","Model Period Mean (intersection)","MeanState","global","scalar","Pg yr-1","137.224","16.0"
"EcosystemandCarbonCycle","EcosystemRespiration","CARDAMOM","MPI-ESM1-2-LR","Model Period Mean (complement)","MeanState","global","scalar","Pg yr-1","5.32842","16.0"
"EcosystemandCarbonCycle","EcosystemRespiration","CARDAMOM","MPI-ESM1-2-LR","Spatial Distribution Score","MeanState","global","score","1","0.940614","16.0"
"EcosystemandCarbonCycle","EcosystemRespiration","CARDAMOM","MPI-ESM1-2-LR","Phase Shift","MeanState","global","scalar","months","1.37367","16.0"
"EcosystemandCarbonCycle","EcosystemRespiration","CARDAMOM","MPI-ESM1-2-LR","Seasonal Cycle Score","MeanState","global","score","1","0.790023","16.0"
"EcosystemandCarbonCycle","EcosystemRespiration","CARDAMOM","MPI-ESM1-2-LR","Interannual Variability Score","MeanState","global","score","1","0.39913","16.0"
"EcosystemandCarbonCycle","EcosystemRespiration","CARDAMOM","MPI-ESM1-2-LR","Bias","MeanState","global","scalar","g m-2 d-1","0.371863","16.0"
"EcosystemandCarbonCycle","EcosystemRespiration","CARDAMOM","MPI-ESM1-2-LR","Bias Score","MeanState","global","score","1","0.353697","16.0"
"EcosystemandCarbonCycle","EcosystemRespiration","CARDAMOM","MPI-ESM1-2-LR","RMSE","MeanState","global","scalar","g m-2 d-1","1.50012","16.0"
"EcosystemandCarbonCycle","EcosystemRespiration","CARDAMOM","MPI-ESM1-2-LR","RMSE Score","MeanState","global","score","1","0.387989","16.0"
"EcosystemandCarbonCycle","EcosystemRespiration","CARDAMOM","MPI-ESM1-2-LR","Overall Score","MeanState","global","score","1","0.543241","16.0"
"EcosystemandCarbonCycle","EcosystemRespiration","CARDAMOM","CanESM5","Benchmark Period Mean (intersection)","MeanState","global","scalar","Pg yr-1","138.029","16.0"
"EcosystemandCarbonCycle","EcosystemRespiration","CARDAMOM","CanESM5","Benchmark Period Mean (complement)","MeanState","global","scalar","Pg yr-1","nan","16.0"
"EcosystemandCarbonCycle","EcosystemRespiration","CARDAMOM","CanESM5","Period Mean (original grids)","MeanState","global","scalar","Pg yr-1","186.935","16.0"
"EcosystemandCarbonCycle","EcosystemRespiration","CARDAMOM","CanESM5","Model Period Mean (intersection)","MeanState","global","scalar","Pg yr-1","163.784","16.0"
"EcosystemandCarbonCycle","EcosystemRespiration","CARDAMOM","CanESM5","Model Period Mean (complement)","MeanState","global","scalar","Pg yr-1","21.1448","16.0"
"EcosystemandCarbonCycle","EcosystemRespiration","CARDAMOM","CanESM5","Spatial Distribution Score","MeanState","global","score","1","0.94156","16.0"
"EcosystemandCarbonCycle","EcosystemRespiration","CARDAMOM","CanESM5","Phase Shift","MeanState","global","scalar","months","1.16708","16.0"
"EcosystemandCarbonCycle","EcosystemRespiration","CARDAMOM","CanESM5","Seasonal Cycle Score","MeanState","global","score","1","0.807175","16.0"
"EcosystemandCarbonCycle","EcosystemRespiration","CARDAMOM","CanESM5","Interannual Variability Score","MeanState","global","score","1","0.556844","16.0"
"EcosystemandCarbonCycle","EcosystemRespiration","CARDAMOM","CanESM5","Bias","MeanState","global","scalar","g m-2 d-1","0.463466","16.0"
"EcosystemandCarbonCycle","EcosystemRespiration","CARDAMOM","CanESM5","Bias Score","MeanState","global","score","1","0.384661","16.0"
"EcosystemandCarbonCycle","EcosystemRespiration","CARDAMOM","CanESM5","RMSE","MeanState","global","scalar","g m-2 d-1","1.26997","16.0"
"EcosystemandCarbonCycle","EcosystemRespiration","CARDAMOM","CanESM5","RMSE Score","MeanState","global","score","1","0.537812","16.0"
"EcosystemandCarbonCycle","EcosystemRespiration","CARDAMOM","CanESM5","Overall Score","MeanState","global","score","1","0.627644","16.0"
"EcosystemandCarbonCycle","EcosystemRespiration","CARDAMOM","ACCESS-ESM1-5","Benchmark Period Mean (intersection)","MeanState","global","scalar","Pg yr-1","133.564","16.0"
"EcosystemandCarbonCycle","EcosystemRespiration","CARDAMOM","ACCESS-ESM1-5","Benchmark Period Mean (complement)","MeanState","global","scalar","Pg yr-1","2.82251","16.0"
"EcosystemandCarbonCycle","EcosystemRespiration","CARDAMOM","ACCESS-ESM1-5","Period Mean (original grids)","MeanState","global","scalar","Pg yr-1","98.6619","16.0"
"EcosystemandCarbonCycle","EcosystemRespiration","CARDAMOM","ACCESS-ESM1-5","Model Period Mean (intersection)","MeanState","global","scalar","Pg yr-1","94.6427","16.0"
"EcosystemandCarbonCycle","EcosystemRespiration","CARDAMOM","ACCESS-ESM1-5","Model Period Mean (complement)","MeanState","global","scalar","Pg yr-1","4.10602","16.0"
"EcosystemandCarbonCycle","EcosystemRespiration","CARDAMOM","ACCESS-ESM1-5","Spatial Distribution Score","MeanState","global","score","1","0.866595","16.0"
"EcosystemandCarbonCycle","EcosystemRespiration","CARDAMOM","ACCESS-ESM1-5","Phase Shift","MeanState","global","scalar","months","1.56374","16.0"
"EcosystemandCarbonCycle","EcosystemRespiration","CARDAMOM","ACCESS-ESM1-5","Seasonal Cycle Score","MeanState","global","score","1","0.766765","16.0"
"EcosystemandCarbonCycle","EcosystemRespiration","CARDAMOM","ACCESS-ESM1-5","Interannual Variability Score","MeanState","global","score","1","0.571118","16.0"
"EcosystemandCarbonCycle","EcosystemRespiration","CARDAMOM","ACCESS-ESM1-5","Bias","MeanState","global","scalar","g m-2 d-1","-0.757626","16.0"
"EcosystemandCarbonCycle","EcosystemRespiration","CARDAMOM","ACCESS-ESM1-5","Bias Score","MeanState","global","score","1","0.34104","16.0"
"EcosystemandCarbonCycle","EcosystemRespiration","CARDAMOM","ACCESS-ESM1-5","RMSE","MeanState","global","scalar","g m-2 d-1","1.38086","16.0"
"EcosystemandCarbonCycle","EcosystemRespiration","CARDAMOM","ACCESS-ESM1-5","RMSE Score","MeanState","global","score","1","0.525105","16.0"
"EcosystemandCarbonCycle","EcosystemRespiration","CARDAMOM","ACCESS-ESM1-5","Overall Score","MeanState","global","score","1","0.599288","16.0"
"EcosystemandCarbonCycle","EcosystemRespiration","CARDAMOM","MIROC-ES2L","Benchmark Period Mean (intersection)","MeanState","global","scalar","Pg yr-1","137.599","16.0"
"EcosystemandCarbonCycle","EcosystemRespiration","CARDAMOM","MIROC-ES2L","Benchmark Period Mean (complement)","MeanState","global","scalar","Pg yr-1","0.430056","16.0"
"EcosystemandCarbonCycle","EcosystemRespiration","CARDAMOM","MIROC-ES2L","Period Mean (original grids)","MeanState","global","scalar","Pg yr-1","134.177","16.0"
"EcosystemandCarbonCycle","EcosystemRespiration","CARDAMOM","MIROC-ES2L","Model Period Mean (intersection)","MeanState","global","scalar","Pg yr-1","118.84","16.0"
"EcosystemandCarbonCycle","EcosystemRespiration","CARDAMOM","MIROC-ES2L","Model Period Mean (complement)","MeanState","global","scalar","Pg yr-1","14.6332","16.0"
"EcosystemandCarbonCycle","EcosystemRespiration","CARDAMOM","MIROC-ES2L","Spatial Distribution Score","MeanState","global","score","1","0.913565","16.0"
"EcosystemandCarbonCycle","EcosystemRespiration","CARDAMOM","MIROC-ES2L","Phase Shift","MeanState","global","scalar","months","2.16426","16.0"
"EcosystemandCarbonCycle","EcosystemRespiration","CARDAMOM","MIROC-ES2L","Seasonal Cycle Score","MeanState","global","score","1","0.723792","16.0"
"EcosystemandCarbonCycle","EcosystemRespiration","CARDAMOM","MIROC-ES2L","Interannual Variability Score","MeanState","global","score","1","0.663541","16.0"
"EcosystemandCarbonCycle","EcosystemRespiration","CARDAMOM","MIROC-ES2L","Bias","MeanState","global","scalar","g m-2 d-1","-0.361429","16.0"
"EcosystemandCarbonCycle","EcosystemRespiration","CARDAMOM","MIROC-ES2L","Bias Score","MeanState","global","score","1","0.314116","16.0"
"EcosystemandCarbonCycle","EcosystemRespiration","CARDAMOM","MIROC-ES2L","RMSE","MeanState","global","scalar","g m-2 d-1","1.40982","16.0"
"EcosystemandCarbonCycle","EcosystemRespiration","CARDAMOM","MIROC-ES2L","RMSE Score","MeanState","global","score","1","0.491613","16.0"
"EcosystemandCarbonCycle","EcosystemRespiration","CARDAMOM","MIROC-ES2L","Overall Score","MeanState","global","score","1","0.599707","16.0"
"EcosystemandCarbonCycle","EcosystemRespiration","CARDAMOM","IPSL-CM6A-LR","Benchmark Period Mean (intersection)","MeanState","global","scalar","Pg yr-1","133.218","16.0"
"EcosystemandCarbonCycle","EcosystemRespiration","CARDAMOM","IPSL-CM6A-LR","Benchmark Period Mean (complement)","MeanState","global","scalar","Pg yr-1","4.58187","16.0"
"EcosystemandCarbonCycle","EcosystemRespiration","CARDAMOM","IPSL-CM6A-LR","Period Mean (original grids)","MeanState","global","scalar","Pg yr-1","132.622","16.0"
"EcosystemandCarbonCycle","EcosystemRespiration","CARDAMOM","IPSL-CM6A-LR","Model Period Mean (intersection)","MeanState","global","scalar","Pg yr-1","119.803","16.0"
"EcosystemandCarbonCycle","EcosystemRespiration","CARDAMOM","IPSL-CM6A-LR","Model Period Mean (complement)","MeanState","global","scalar","Pg yr-1","11.3292","16.0"
"EcosystemandCarbonCycle","EcosystemRespiration","CARDAMOM","IPSL-CM6A-LR","Spatial Distribution Score","MeanState","global","score","1","0.944195","16.0"
"EcosystemandCarbonCycle","EcosystemRespiration","CARDAMOM","IPSL-CM6A-LR","Phase Shift","MeanState","global","scalar","months","1.52336","16.0"
"EcosystemandCarbonCycle","EcosystemRespiration","CARDAMOM","IPSL-CM6A-LR","Seasonal Cycle Score","MeanState","global","score","1","0.743104","16.0"
"EcosystemandCarbonCycle","EcosystemRespiration","CARDAMOM","IPSL-CM6A-LR","Interannual Variability Score","MeanState","global","score","1","0.595228","16.0"
"EcosystemandCarbonCycle","EcosystemRespiration","CARDAMOM","IPSL-CM6A-LR","Bias","MeanState","global","scalar","g m-2 d-1","-0.250815","16.0"
"EcosystemandCarbonCycle","EcosystemRespiration","CARDAMOM","IPSL-CM6A-LR","Bias Score","MeanState","global","score","1","0.425535","16.0"
"EcosystemandCarbonCycle","EcosystemRespiration","CARDAMOM","IPSL-CM6A-LR","RMSE","MeanState","global","scalar","g m-2 d-1","1.11485","16.0"
"EcosystemandCarbonCycle","EcosystemRespiration","CARDAMOM","IPSL-CM6A-LR","RMSE Score","MeanState","global","score","1","0.525105","16.0"
"EcosystemandCarbonCycle","EcosystemRespiration","CARDAMOM","IPSL-CM6A-LR","Overall Score","MeanState","global","score","1","0.626379","16.0"
"EcosystemandCarbonCycle","EcosystemRespiration","CARDAMOM","ENSEMBLE-CMIP6","Benchmark Period Mean (intersection)","MeanState","global","scalar","Pg yr-1","137.846","16.0"
"EcosystemandCarbonCycle","EcosystemRespiration","CARDAMOM","ENSEMBLE-CMIP6","Benchmark Period Mean (complement)","MeanState","global","scalar","Pg yr-1","nan","16.0"
"EcosystemandCarbonCycle","EcosystemRespiration","CARDAMOM","ENSEMBLE-CMIP6","Period Mean (original grids)","MeanState","global","scalar","Pg yr-1","139.16","16.0"
"EcosystemandCarbonCycle","EcosystemRespiration","CARDAMOM","ENSEMBLE-CMIP6","Model Period Mean (intersection)","MeanState","global","scalar","Pg yr-1","123.51","16.0"
"EcosystemandCarbonCycle","EcosystemRespiration","CARDAMOM","ENSEMBLE-CMIP6","Model Period Mean (complement)","MeanState","global","scalar","Pg yr-1","14.8919","16.0"
"EcosystemandCarbonCycle","EcosystemRespiration","CARDAMOM","ENSEMBLE-CMIP6","Spatial Distribution Score","MeanState","global","score","1","0.924027","16.0"
"EcosystemandCarbonCycle","EcosystemRespiration","CARDAMOM","ENSEMBLE-CMIP6","Phase Shift","MeanState","global","scalar","months","1.19803","16.0"
"EcosystemandCarbonCycle","EcosystemRespiration","CARDAMOM","ENSEMBLE-CMIP6","Seasonal Cycle Score","MeanState","global","score","1","0.806281","16.0"
"EcosystemandCarbonCycle","EcosystemRespiration","CARDAMOM","ENSEMBLE-CMIP6","Interannual Variability Score","MeanState","global","score","1","0.627629","16.0"
"EcosystemandCarbonCycle","EcosystemRespiration","CARDAMOM","ENSEMBLE-CMIP6","Bias","MeanState","global","scalar","g m-2 d-1","-0.296968","16.0"
"EcosystemandCarbonCycle","EcosystemRespiration","CARDAMOM","ENSEMBLE-CMIP6","Bias Score","MeanState","global","score","1","0.431683","16.0"
"EcosystemandCarbonCycle","EcosystemRespiration","CARDAMOM","ENSEMBLE-CMIP6","RMSE","MeanState","global","scalar","g m-2 d-1","0.906309","16.0"
"EcosystemandCarbonCycle","EcosystemRespiration","CARDAMOM","ENSEMBLE-CMIP6","RMSE Score","MeanState","global","score","1","0.559167","16.0"
"EcosystemandCarbonCycle","EcosystemRespiration","CARDAMOM","ENSEMBLE-CMIP6","Overall Score","MeanState","global","score","1","0.651326","16.0"
"RadiationandEnergyCycle","SurfaceUpwardSWRadiation","CARDAMOM","CESM2","Benchmark Period Mean (intersection)","MeanState","global","scalar","W m-2","73.5309","15.0"
"RadiationandEnergyCycle","SurfaceUpwardSWRadiation","CARDAMOM","CESM2","Benchmark Period Mean (complement)","MeanState","global","scalar","W m-2","nan","15.0"
"RadiationandEnergyCycle","SurfaceUpwardSWRadiation","CARDAMOM","CESM2","Period Mean (original grids)","MeanState","global","scalar","W m-2","38.2877","15.0"
"RadiationandEnergyCycle","SurfaceUpwardSWRadiation","CARDAMOM","CESM2","Model Period Mean (intersection)","MeanState","global","scalar","W m-2","38.3372","15.0"
"RadiationandEnergyCycle","SurfaceUpwardSWRadiation","CARDAMOM","CESM2","Model Period Mean (complement)","MeanState","global","scalar","W m-2","35.4038","15.0"
"RadiationandEnergyCycle","SurfaceUpwardSWRadiation","CARDAMOM","CESM2","Spatial Distribution Score","MeanState","global","score","1","0.830406","15.0"
"RadiationandEnergyCycle","SurfaceUpwardSWRadiation","CARDAMOM","CESM2","Phase Shift","MeanState","global","scalar","months","1.05456","15.0"
"RadiationandEnergyCycle","SurfaceUpwardSWRadiation","CARDAMOM","CESM2","Seasonal Cycle Score","MeanState","global","score","1","0.878785","15.0"
"RadiationandEnergyCycle","SurfaceUpwardSWRadiation","CARDAMOM","CESM2","Bias","MeanState","global","scalar","W m-2","-35.2542","15.0"
"RadiationandEnergyCycle","SurfaceUpwardSWRadiation","CARDAMOM","CESM2","Bias Score","MeanState","global","score","1","0.265795","15.0"
"RadiationandEnergyCycle","SurfaceUpwardSWRadiation","CARDAMOM","CESM2","RMSE","MeanState","global","scalar","W m-2","42.6891","15.0"
"RadiationandEnergyCycle","SurfaceUpwardSWRadiation","CARDAMOM","CESM2","RMSE Score","MeanState","global","score","1","0.547582","15.0"
"RadiationandEnergyCycle","SurfaceUpwardSWRadiation","CARDAMOM","CESM2","Overall Score","MeanState","global","score","1","0.61403","15.0"
"RadiationandEnergyCycle","SurfaceUpwardSWRadiation","CARDAMOM","GFDL_ESM4","Benchmark Period Mean (intersection)","MeanState","global","scalar","W m-2","73.5164","15.0"
"RadiationandEnergyCycle","SurfaceUpwardSWRadiation","CARDAMOM","GFDL_ESM4","Benchmark Period Mean (complement)","MeanState","global","scalar","W m-2","nan","15.0"
"RadiationandEnergyCycle","SurfaceUpwardSWRadiation","CARDAMOM","GFDL_ESM4","Period Mean (original grids)","MeanState","global","scalar","W m-2","39.6664","15.0"
"RadiationandEnergyCycle","SurfaceUpwardSWRadiation","CARDAMOM","GFDL_ESM4","Model Period Mean (intersection)","MeanState","global","scalar","W m-2","39.9588","15.0"
"RadiationandEnergyCycle","SurfaceUpwardSWRadiation","CARDAMOM","GFDL_ESM4","Model Period Mean (complement)","MeanState","global","scalar","W m-2","37.2509","15.0"
"RadiationandEnergyCycle","SurfaceUpwardSWRadiation","CARDAMOM","GFDL_ESM4","Spatial Distribution Score","MeanState","global","score","1","0.851132","15.0"
"RadiationandEnergyCycle","SurfaceUpwardSWRadiation","CARDAMOM","GFDL_ESM4","Phase Shift","MeanState","global","scalar","months","1.0308","15.0"
"RadiationandEnergyCycle","SurfaceUpwardSWRadiation","CARDAMOM","GFDL_ESM4","Seasonal Cycle Score","MeanState","global","score","1","0.884173","15.0"
"RadiationandEnergyCycle","SurfaceUpwardSWRadiation","CARDAMOM","GFDL_ESM4","Bias","MeanState","global","scalar","W m-2","-33.4906","15.0"
"RadiationandEnergyCycle","SurfaceUpwardSWRadiation","CARDAMOM","GFDL_ESM4","Bias Score","MeanState","global","score","1","0.281518","15.0"
"RadiationandEnergyCycle","SurfaceUpwardSWRadiation","CARDAMOM","GFDL_ESM4","RMSE","MeanState","global","scalar","W m-2","41.695","15.0"
"RadiationandEnergyCycle","SurfaceUpwardSWRadiation","CARDAMOM","GFDL_ESM4","RMSE Score","MeanState","global","score","1","0.534255","15.0"
"RadiationandEnergyCycle","SurfaceUpwardSWRadiation","CARDAMOM","GFDL_ESM4","Overall Score","MeanState","global","score","1","0.617066","15.0"
"RadiationandEnergyCycle","SurfaceUpwardSWRadiation","CARDAMOM","UKESM1-0-LL","Benchmark Period Mean (intersection)","MeanState","global","scalar","W m-2","73.543","15.0"
"RadiationandEnergyCycle","SurfaceUpwardSWRadiation","CARDAMOM","UKESM1-0-LL","Benchmark Period Mean (complement)","MeanState","global","scalar","W m-2","nan","15.0"
"RadiationandEnergyCycle","SurfaceUpwardSWRadiation","CARDAMOM","UKESM1-0-LL","Period Mean (original grids)","MeanState","global","scalar","W m-2","44.3823","15.0"
"RadiationandEnergyCycle","SurfaceUpwardSWRadiation","CARDAMOM","UKESM1-0-LL","Model Period Mean (intersection)","MeanState","global","scalar","W m-2","45.8346","15.0"
"RadiationandEnergyCycle","SurfaceUpwardSWRadiation","CARDAMOM","UKESM1-0-LL","Model Period Mean (complement)","MeanState","global","scalar","W m-2","40.6619","15.0"
"RadiationandEnergyCycle","SurfaceUpwardSWRadiation","CARDAMOM","UKESM1-0-LL","Spatial Distribution Score","MeanState","global","score","1","0.868349","15.0"
"RadiationandEnergyCycle","SurfaceUpwardSWRadiation","CARDAMOM","UKESM1-0-LL","Phase Shift","MeanState","global","scalar","months","0.884636","15.0"
"RadiationandEnergyCycle","SurfaceUpwardSWRadiation","CARDAMOM","UKESM1-0-LL","Seasonal Cycle Score","MeanState","global","score","1","0.897524","15.0"
"RadiationandEnergyCycle","SurfaceUpwardSWRadiation","CARDAMOM","UKESM1-0-LL","Bias","MeanState","global","scalar","W m-2","-27.7107","15.0"
"RadiationandEnergyCycle","SurfaceUpwardSWRadiation","CARDAMOM","UKESM1-0-LL","Bias Score","MeanState","global","score","1","0.331053","15.0"
"RadiationandEnergyCycle","SurfaceUpwardSWRadiation","CARDAMOM","UKESM1-0-LL","RMSE","MeanState","global","scalar","W m-2","35.8199","15.0"
"RadiationandEnergyCycle","SurfaceUpwardSWRadiation","CARDAMOM","UKESM1-0-LL","RMSE Score","MeanState","global","score","1","0.583089","15.0"
"RadiationandEnergyCycle","SurfaceUpwardSWRadiation","CARDAMOM","UKESM1-0-LL","Overall Score","MeanState","global","score","1","0.652621","15.0"
"RadiationandEnergyCycle","SurfaceUpwardSWRadiation","CARDAMOM","GISS-E2-1-G","Benchmark Period Mean (intersection)","MeanState","global","scalar","W m-2","73.5549","15.0"
"RadiationandEnergyCycle","SurfaceUpwardSWRadiation","CARDAMOM","GISS-E2-1-G","Benchmark Period Mean (complement)","MeanState","global","scalar","W m-2","nan","15.0"
"RadiationandEnergyCycle","SurfaceUpwardSWRadiation","CARDAMOM","GISS-E2-1-G","Period Mean (original grids)","MeanState","global","scalar","W m-2","33.1051","15.0"
"RadiationandEnergyCycle","SurfaceUpwardSWRadiation","CARDAMOM","GISS-E2-1-G","Model Period Mean (intersection)","MeanState","global","scalar","W m-2","34.5615","15.0"
"RadiationandEnergyCycle","SurfaceUpwardSWRadiation","CARDAMOM","GISS-E2-1-G","Model Period Mean (complement)","MeanState","global","scalar","W m-2","36.8478","15.0"
"RadiationandEnergyCycle","SurfaceUpwardSWRadiation","CARDAMOM","GISS-E2-1-G","Spatial Distribution Score","MeanState","global","score","1","0.917992","15.0"
"RadiationandEnergyCycle","SurfaceUpwardSWRadiation","CARDAMOM","GISS-E2-1-G","Phase Shift","MeanState","global","scalar","months","0.948776","15.0"
"RadiationandEnergyCycle","SurfaceUpwardSWRadiation","CARDAMOM","GISS-E2-1-G","Seasonal Cycle Score","MeanState","global","score","1","0.887162","15.0"
"RadiationandEnergyCycle","SurfaceUpwardSWRadiation","CARDAMOM","GISS-E2-1-G","Bias","MeanState","global","scalar","W m-2","-38.9839","15.0"
"RadiationandEnergyCycle","SurfaceUpwardSWRadiation","CARDAMOM","GISS-E2-1-G","Bias Score","MeanState","global","score","1","0.248077","15.0"
"RadiationandEnergyCycle","SurfaceUpwardSWRadiation","CARDAMOM","GISS-E2-1-G","RMSE","MeanState","global","scalar","W m-2","44.1412","15.0"
"RadiationandEnergyCycle","SurfaceUpwardSWRadiation","CARDAMOM","GISS-E2-1-G","RMSE Score","MeanState","global","score","1","0.57523","15.0"
"RadiationandEnergyCycle","SurfaceUpwardSWRadiation","CARDAMOM","GISS-E2-1-G","Overall Score","MeanState","global","score","1","0.640738","15.0"
"RadiationandEnergyCycle","SurfaceUpwardSWRadiation","CARDAMOM","BCC-CSM2-MR","Benchmark Period Mean (intersection)","MeanState","global","scalar","W m-2","73.5458","15.0"
"RadiationandEnergyCycle","SurfaceUpwardSWRadiation","CARDAMOM","BCC-CSM2-MR","Benchmark Period Mean (complement)","MeanState","global","scalar","W m-2","nan","15.0"
"RadiationandEnergyCycle","SurfaceUpwardSWRadiation","CARDAMOM","BCC-CSM2-MR","Period Mean (original grids)","MeanState","global","scalar","W m-2","35.0328","15.0"
"RadiationandEnergyCycle","SurfaceUpwardSWRadiation","CARDAMOM","BCC-CSM2-MR","Model Period Mean (intersection)","MeanState","global","scalar","W m-2","34.3213","15.0"
"RadiationandEnergyCycle","SurfaceUpwardSWRadiation","CARDAMOM","BCC-CSM2-MR","Model Period Mean (complement)","MeanState","global","scalar","W m-2","34.0655","15.0"
"RadiationandEnergyCycle","SurfaceUpwardSWRadiation","CARDAMOM","BCC-CSM2-MR","Spatial Distribution Score","MeanState","global","score","1","0.952336","15.0"
"RadiationandEnergyCycle","SurfaceUpwardSWRadiation","CARDAMOM","BCC-CSM2-MR","Phase Shift","MeanState","global","scalar","months","1.0843","15.0"
"RadiationandEnergyCycle","SurfaceUpwardSWRadiation","CARDAMOM","BCC-CSM2-MR","Seasonal Cycle Score","MeanState","global","score","1","0.867023","15.0"
"RadiationandEnergyCycle","SurfaceUpwardSWRadiation","CARDAMOM","BCC-CSM2-MR","Bias","MeanState","global","scalar","W m-2","-39.2144","15.0"
"RadiationandEnergyCycle","SurfaceUpwardSWRadiation","CARDAMOM","BCC-CSM2-MR","Bias Score","MeanState","global","score","1","0.234716","15.0"
"RadiationandEnergyCycle","SurfaceUpwardSWRadiation","CARDAMOM","BCC-CSM2-MR","RMSE","MeanState","global","scalar","W m-2","44.7674","15.0"
"RadiationandEnergyCycle","SurfaceUpwardSWRadiation","CARDAMOM","BCC-CSM2-MR","RMSE Score","MeanState","global","score","1","0.532355","15.0"
"RadiationandEnergyCycle","SurfaceUpwardSWRadiation","CARDAMOM","BCC-CSM2-MR","Overall Score","MeanState","global","score","1","0.623757","15.0"
"RadiationandEnergyCycle","SurfaceUpwardSWRadiation","CARDAMOM","NorESM2-LM","Benchmark Period Mean (intersection)","MeanState","global","scalar","W m-2","73.5742","15.0"
"RadiationandEnergyCycle","SurfaceUpwardSWRadiation","CARDAMOM","NorESM2-LM","Benchmark Period Mean (complement)","MeanState","global","scalar","W m-2","nan","15.0"
"RadiationandEnergyCycle","SurfaceUpwardSWRadiation","CARDAMOM","NorESM2-LM","Period Mean (original grids)","MeanState","global","scalar","W m-2","38.718","15.0"
"RadiationandEnergyCycle","SurfaceUpwardSWRadiation","CARDAMOM","NorESM2-LM","Model Period Mean (intersection)","MeanState","global","scalar","W m-2","38.4036","15.0"
"RadiationandEnergyCycle","SurfaceUpwardSWRadiation","CARDAMOM","NorESM2-LM","Model Period Mean (complement)","MeanState","global","scalar","W m-2","37.6325","15.0"
"RadiationandEnergyCycle","SurfaceUpwardSWRadiation","CARDAMOM","NorESM2-LM","Spatial Distribution Score","MeanState","global","score","1","0.80331","15.0"
"RadiationandEnergyCycle","SurfaceUpwardSWRadiation","CARDAMOM","NorESM2-LM","Phase Shift","MeanState","global","scalar","months","1.07098","15.0"
"RadiationandEnergyCycle","SurfaceUpwardSWRadiation","CARDAMOM","NorESM2-LM","Seasonal Cycle Score","MeanState","global","score","1","0.874485","15.0"
"RadiationandEnergyCycle","SurfaceUpwardSWRadiation","CARDAMOM","NorESM2-LM","Bias","MeanState","global","scalar","W m-2","-35.1657","15.0"
"RadiationandEnergyCycle","SurfaceUpwardSWRadiation","CARDAMOM","NorESM2-LM","Bias Score","MeanState","global","score","1","0.260862","15.0"
"RadiationandEnergyCycle","SurfaceUpwardSWRadiation","CARDAMOM","NorESM2-LM","RMSE","MeanState","global","scalar","W m-2","42.9402","15.0"
"RadiationandEnergyCycle","SurfaceUpwardSWRadiation","CARDAMOM","NorESM2-LM","RMSE Score","MeanState","global","score","1","0.553008","15.0"
"RadiationandEnergyCycle","SurfaceUpwardSWRadiation","CARDAMOM","NorESM2-LM","Overall Score","MeanState","global","score","1","0.608935","15.0"
"RadiationandEnergyCycle","SurfaceUpwardSWRadiation","CARDAMOM","MPI-ESM1-2-LR","Benchmark Period Mean (intersection)","MeanState","global","scalar","W m-2","73.5304","15.0"
"RadiationandEnergyCycle","SurfaceUpwardSWRadiation","CARDAMOM","MPI-ESM1-2-LR","Benchmark Period Mean (complement)","MeanState","global","scalar","W m-2","nan","15.0"
"RadiationandEnergyCycle","SurfaceUpwardSWRadiation","CARDAMOM","MPI-ESM1-2-LR","Period Mean (original grids)","MeanState","global","scalar","W m-2","39.4046","15.0"
"RadiationandEnergyCycle","SurfaceUpwardSWRadiation","CARDAMOM","MPI-ESM1-2-LR","Model Period Mean (intersection)","MeanState","global","scalar","W m-2","39.2848","15.0"
"RadiationandEnergyCycle","SurfaceUpwardSWRadiation","CARDAMOM","MPI-ESM1-2-LR","Model Period Mean (complement)","MeanState","global","scalar","W m-2","37.6504","15.0"
"RadiationandEnergyCycle","SurfaceUpwardSWRadiation","CARDAMOM","MPI-ESM1-2-LR","Spatial Distribution Score","MeanState","global","score","1","0.801351","15.0"
"RadiationandEnergyCycle","SurfaceUpwardSWRadiation","CARDAMOM","MPI-ESM1-2-LR","Phase Shift","MeanState","global","scalar","months","1.1844","15.0"
"RadiationandEnergyCycle","SurfaceUpwardSWRadiation","CARDAMOM","MPI-ESM1-2-LR","Seasonal Cycle Score","MeanState","global","score","1","0.850242","15.0"
"RadiationandEnergyCycle","SurfaceUpwardSWRadiation","CARDAMOM","MPI-ESM1-2-LR","Bias","MeanState","global","scalar","W m-2","-34.3378","15.0"
"RadiationandEnergyCycle","SurfaceUpwardSWRadiation","CARDAMOM","MPI-ESM1-2-LR","Bias Score","MeanState","global","score","1","0.272504","15.0"
"RadiationandEnergyCycle","SurfaceUpwardSWRadiation","CARDAMOM","MPI-ESM1-2-LR","RMSE","MeanState","global","scalar","W m-2","42.6067","15.0"
"RadiationandEnergyCycle","SurfaceUpwardSWRadiation","CARDAMOM","MPI-ESM1-2-LR","RMSE Score","MeanState","global","score","1","0.554712","15.0"
"RadiationandEnergyCycle","SurfaceUpwardSWRadiation","CARDAMOM","MPI-ESM1-2-LR","Overall Score","MeanState","global","score","1","0.606704","15.0"
"RadiationandEnergyCycle","SurfaceUpwardSWRadiation","CARDAMOM","CanESM5","Benchmark Period Mean (intersection)","MeanState","global","scalar","W m-2","73.4577","15.0"
"RadiationandEnergyCycle","SurfaceUpwardSWRadiation","CARDAMOM","CanESM5","Benchmark Period Mean (complement)","MeanState","global","scalar","W m-2","nan","15.0"
"RadiationandEnergyCycle","SurfaceUpwardSWRadiation","CARDAMOM","CanESM5","Period Mean (original grids)","MeanState","global","scalar","W m-2","43.0568","15.0"
"RadiationandEnergyCycle","SurfaceUpwardSWRadiation","CARDAMOM","CanESM5","Model Period Mean (intersection)","MeanState","global","scalar","W m-2","43.3557","15.0"
"RadiationandEnergyCycle","SurfaceUpwardSWRadiation","CARDAMOM","CanESM5","Model Period Mean (complement)","MeanState","global","scalar","W m-2","39.0881","15.0"
"RadiationandEnergyCycle","SurfaceUpwardSWRadiation","CARDAMOM","CanESM5","Spatial Distribution Score","MeanState","global","score","1","0.749138","15.0"
"RadiationandEnergyCycle","SurfaceUpwardSWRadiation","CARDAMOM","CanESM5","Phase Shift","MeanState","global","scalar","months","1.01867","15.0"
"RadiationandEnergyCycle","SurfaceUpwardSWRadiation","CARDAMOM","CanESM5","Seasonal Cycle Score","MeanState","global","score","1","0.880708","15.0"
"RadiationandEnergyCycle","SurfaceUpwardSWRadiation","CARDAMOM","CanESM5","Bias","MeanState","global","scalar","W m-2","-30.1056","15.0"
"RadiationandEnergyCycle","SurfaceUpwardSWRadiation","CARDAMOM","CanESM5","Bias Score","MeanState","global","score","1","0.309187","15.0"
"RadiationandEnergyCycle","SurfaceUpwardSWRadiation","CARDAMOM","CanESM5","RMSE","MeanState","global","scalar","W m-2","38.6713","15.0"
"RadiationandEnergyCycle","SurfaceUpwardSWRadiation","CARDAMOM","CanESM5","RMSE Score","MeanState","global","score","1","0.566814","15.0"
"RadiationandEnergyCycle","SurfaceUpwardSWRadiation","CARDAMOM","CanESM5","Overall Score","MeanState","global","score","1","0.614532","15.0"
"RadiationandEnergyCycle","SurfaceUpwardSWRadiation","CARDAMOM","ACCESS-ESM1-5","Benchmark Period Mean (intersection)","MeanState","global","scalar","W m-2","73.5062","15.0"
"RadiationandEnergyCycle","SurfaceUpwardSWRadiation","CARDAMOM","ACCESS-ESM1-5","Benchmark Period Mean (complement)","MeanState","global","scalar","W m-2","nan","15.0"
"RadiationandEnergyCycle","SurfaceUpwardSWRadiation","CARDAMOM","ACCESS-ESM1-5","Period Mean (original grids)","MeanState","global","scalar","W m-2","35.9671","15.0"
"RadiationandEnergyCycle","SurfaceUpwardSWRadiation","CARDAMOM","ACCESS-ESM1-5","Model Period Mean (intersection)","MeanState","global","scalar","W m-2","36.2392","15.0"
"RadiationandEnergyCycle","SurfaceUpwardSWRadiation","CARDAMOM","ACCESS-ESM1-5","Model Period Mean (complement)","MeanState","global","scalar","W m-2","38.9289","15.0"
"RadiationandEnergyCycle","SurfaceUpwardSWRadiation","CARDAMOM","ACCESS-ESM1-5","Spatial Distribution Score","MeanState","global","score","1","0.757938","15.0"
"RadiationandEnergyCycle","SurfaceUpwardSWRadiation","CARDAMOM","ACCESS-ESM1-5","Phase Shift","MeanState","global","scalar","months","1.25432","15.0"
"RadiationandEnergyCycle","SurfaceUpwardSWRadiation","CARDAMOM","ACCESS-ESM1-5","Seasonal Cycle Score","MeanState","global","score","1","0.847377","15.0"
"RadiationandEnergyCycle","SurfaceUpwardSWRadiation","CARDAMOM","ACCESS-ESM1-5","Bias","MeanState","global","scalar","W m-2","-37.3128","15.0"
"RadiationandEnergyCycle","SurfaceUpwardSWRadiation","CARDAMOM","ACCESS-ESM1-5","Bias Score","MeanState","global","score","1","0.251027","15.0"
"RadiationandEnergyCycle","SurfaceUpwardSWRadiation","CARDAMOM","ACCESS-ESM1-5","RMSE","MeanState","global","scalar","W m-2","45.6107","15.0"
"RadiationandEnergyCycle","SurfaceUpwardSWRadiation","CARDAMOM","ACCESS-ESM1-5","RMSE Score","MeanState","global","score","1","0.53759","15.0"
"RadiationandEnergyCycle","SurfaceUpwardSWRadiation","CARDAMOM","ACCESS-ESM1-5","Overall Score","MeanState","global","score","1","0.586304","15.0"
"RadiationandEnergyCycle","SurfaceUpwardSWRadiation","CARDAMOM","MIROC-ES2L","Benchmark Period Mean (intersection)","MeanState","global","scalar","W m-2","73.4577","15.0"
"RadiationandEnergyCycle","SurfaceUpwardSWRadiation","CARDAMOM","MIROC-ES2L","Benchmark Period Mean (complement)","MeanState","global","scalar","W m-2","nan","15.0"
"RadiationandEnergyCycle","SurfaceUpwardSWRadiation","CARDAMOM","MIROC-ES2L","Period Mean (original grids)","MeanState","global","scalar","W m-2","33.9835","15.0"
"RadiationandEnergyCycle","SurfaceUpwardSWRadiation","CARDAMOM","MIROC-ES2L","Model Period Mean (intersection)","MeanState","global","scalar","W m-2","34.166","15.0"
"RadiationandEnergyCycle","SurfaceUpwardSWRadiation","CARDAMOM","MIROC-ES2L","Model Period Mean (complement)","MeanState","global","scalar","W m-2","31.3267","15.0"
"RadiationandEnergyCycle","SurfaceUpwardSWRadiation","CARDAMOM","MIROC-ES2L","Spatial Distribution Score","MeanState","global","score","1","0.918428","15.0"
"RadiationandEnergyCycle","SurfaceUpwardSWRadiation","CARDAMOM","MIROC-ES2L","Phase Shift","MeanState","global","scalar","months","1.16348","15.0"
"RadiationandEnergyCycle","SurfaceUpwardSWRadiation","CARDAMOM","MIROC-ES2L","Seasonal Cycle Score","MeanState","global","score","1","0.85746","15.0"
"RadiationandEnergyCycle","SurfaceUpwardSWRadiation","CARDAMOM","MIROC-ES2L","Bias","MeanState","global","scalar","W m-2","-39.4078","15.0"
"RadiationandEnergyCycle","SurfaceUpwardSWRadiation","CARDAMOM","MIROC-ES2L","Bias Score","MeanState","global","score","1","0.254444","15.0"
"RadiationandEnergyCycle","SurfaceUpwardSWRadiation","CARDAMOM","MIROC-ES2L","RMSE","MeanState","global","scalar","W m-2","45.8946","15.0"
"RadiationandEnergyCycle","SurfaceUpwardSWRadiation","CARDAMOM","MIROC-ES2L","RMSE Score","MeanState","global","score","1","0.518991","15.0"
"RadiationandEnergyCycle","SurfaceUpwardSWRadiation","CARDAMOM","MIROC-ES2L","Overall Score","MeanState","global","score","1","0.613663","15.0"
"RadiationandEnergyCycle","SurfaceUpwardSWRadiation","CARDAMOM","ENSEMBLE-CMIP6","Benchmark Period Mean (intersection)","MeanState","global","scalar","W m-2","73.5527","15.0"
"RadiationandEnergyCycle","SurfaceUpwardSWRadiation","CARDAMOM","ENSEMBLE-CMIP6","Benchmark Period Mean (complement)","MeanState","global","scalar","W m-2","nan","15.0"
"RadiationandEnergyCycle","SurfaceUpwardSWRadiation","CARDAMOM","ENSEMBLE-CMIP6","Period Mean (original grids)","MeanState","global","scalar","W m-2","38.1568","15.0"
"RadiationandEnergyCycle","SurfaceUpwardSWRadiation","CARDAMOM","ENSEMBLE-CMIP6","Model Period Mean (intersection)","MeanState","global","scalar","W m-2","38.1232","15.0"
"RadiationandEnergyCycle","SurfaceUpwardSWRadiation","CARDAMOM","ENSEMBLE-CMIP6","Model Period Mean (complement)","MeanState","global","scalar","W m-2","37.0891","15.0"
"RadiationandEnergyCycle","SurfaceUpwardSWRadiation","CARDAMOM","ENSEMBLE-CMIP6","Spatial Distribution Score","MeanState","global","score","1","0.896892","15.0"
"RadiationandEnergyCycle","SurfaceUpwardSWRadiation","CARDAMOM","ENSEMBLE-CMIP6","Phase Shift","MeanState","global","scalar","months","0.87781","15.0"
"RadiationandEnergyCycle","SurfaceUpwardSWRadiation","CARDAMOM","ENSEMBLE-CMIP6","Seasonal Cycle Score","MeanState","global","score","1","0.904033","15.0"
"RadiationandEnergyCycle","SurfaceUpwardSWRadiation","CARDAMOM","ENSEMBLE-CMIP6","Bias","MeanState","global","scalar","W m-2","-35.5013","15.0"
"RadiationandEnergyCycle","SurfaceUpwardSWRadiation","CARDAMOM","ENSEMBLE-CMIP6","Bias Score","MeanState","global","score","1","0.273833","15.0"
"RadiationandEnergyCycle","SurfaceUpwardSWRadiation","CARDAMOM","ENSEMBLE-CMIP6","RMSE","MeanState","global","scalar","W m-2","41.4548","15.0"
"RadiationandEnergyCycle","SurfaceUpwardSWRadiation","CARDAMOM","ENSEMBLE-CMIP6","RMSE Score","MeanState","global","score","1","0.577994","15.0"
"RadiationandEnergyCycle","SurfaceUpwardSWRadiation","CARDAMOM","ENSEMBLE-CMIP6","Overall Score","MeanState","global","score","1","0.646149","15.0"
"RadiationandEnergyCycle","SurfaceUpwardLWRadiation","CARDAMOM","CESM2","Benchmark Period Mean (intersection)","MeanState","global","scalar","W m-2","394.873","15.0"
"RadiationandEnergyCycle","SurfaceUpwardLWRadiation","CARDAMOM","CESM2","Benchmark Period Mean (complement)","MeanState","global","scalar","W m-2","nan","15.0"
"RadiationandEnergyCycle","SurfaceUpwardLWRadiation","CARDAMOM","CESM2","Period Mean (original grids)","MeanState","global","scalar","W m-2","415.69","15.0"
"RadiationandEnergyCycle","SurfaceUpwardLWRadiation","CARDAMOM","CESM2","Model Period Mean (intersection)","MeanState","global","scalar","W m-2","405.865","15.0"
"RadiationandEnergyCycle","SurfaceUpwardLWRadiation","CARDAMOM","CESM2","Model Period Mean (complement)","MeanState","global","scalar","W m-2","402.117","15.0"
"RadiationandEnergyCycle","SurfaceUpwardLWRadiation","CARDAMOM","CESM2","Spatial Distribution Score","MeanState","global","score","1","0.999509","15.0"
"RadiationandEnergyCycle","SurfaceUpwardLWRadiation","CARDAMOM","CESM2","Phase Shift","MeanState","global","scalar","months","0.704345","15.0"
"RadiationandEnergyCycle","SurfaceUpwardLWRadiation","CARDAMOM","CESM2","Seasonal Cycle Score","MeanState","global","score","1","0.923114","15.0"
"RadiationandEnergyCycle","SurfaceUpwardLWRadiation","CARDAMOM","CESM2","Bias","MeanState","global","scalar","W m-2","11.2019","15.0"
"RadiationandEnergyCycle","SurfaceUpwardLWRadiation","CARDAMOM","CESM2","Bias Score","MeanState","global","score","1","0.637344","15.0"
"RadiationandEnergyCycle","SurfaceUpwardLWRadiation","CARDAMOM","CESM2","RMSE","MeanState","global","scalar","W m-2","18.0844","15.0"
"RadiationandEnergyCycle","SurfaceUpwardLWRadiation","CARDAMOM","CESM2","RMSE Score","MeanState","global","score","1","0.712241","15.0"
"RadiationandEnergyCycle","SurfaceUpwardLWRadiation","CARDAMOM","CESM2","Overall Score","MeanState","global","score","1","0.79689","15.0"
"RadiationandEnergyCycle","SurfaceUpwardLWRadiation","CARDAMOM","GFDL_ESM4","Benchmark Period Mean (intersection)","MeanState","global","scalar","W m-2","395.006","15.0"
"RadiationandEnergyCycle","SurfaceUpwardLWRadiation","CARDAMOM","GFDL_ESM4","Benchmark Period Mean (complement)","MeanState","global","scalar","W m-2","nan","15.0"
"RadiationandEnergyCycle","SurfaceUpwardLWRadiation","CARDAMOM","GFDL_ESM4","Period Mean (original grids)","MeanState","global","scalar","W m-2","408.884","15.0"
"RadiationandEnergyCycle","SurfaceUpwardLWRadiation","CARDAMOM","GFDL_ESM4","Model Period Mean (intersection)","MeanState","global","scalar","W m-2","398.152","15.0"
"RadiationandEnergyCycle","SurfaceUpwardLWRadiation","CARDAMOM","GFDL_ESM4","Model Period Mean (complement)","MeanState","global","scalar","W m-2","395.06","15.0"
"RadiationandEnergyCycle","SurfaceUpwardLWRadiation","CARDAMOM","GFDL_ESM4","Spatial Distribution Score","MeanState","global","score","1","0.999018","15.0"
"RadiationandEnergyCycle","SurfaceUpwardLWRadiation","CARDAMOM","GFDL_ESM4","Phase Shift","MeanState","global","scalar","months","0.544232","15.0"
"RadiationandEnergyCycle","SurfaceUpwardLWRadiation","CARDAMOM","GFDL_ESM4","Seasonal Cycle Score","MeanState","global","score","1","0.94172","15.0"
"RadiationandEnergyCycle","SurfaceUpwardLWRadiation","CARDAMOM","GFDL_ESM4","Bias","MeanState","global","scalar","W m-2","3.04474","15.0"
"RadiationandEnergyCycle","SurfaceUpwardLWRadiation","CARDAMOM","GFDL_ESM4","Bias Score","MeanState","global","score","1","0.699044","15.0"
"RadiationandEnergyCycle","SurfaceUpwardLWRadiation","CARDAMOM","GFDL_ESM4","RMSE","MeanState","global","scalar","W m-2","16.0142","15.0"
"RadiationandEnergyCycle","SurfaceUpwardLWRadiation","CARDAMOM","GFDL_ESM4","RMSE Score","MeanState","global","score","1","0.696003","15.0"
"RadiationandEnergyCycle","SurfaceUpwardLWRadiation","CARDAMOM","GFDL_ESM4","Overall Score","MeanState","global","score","1","0.806358","15.0"
"RadiationandEnergyCycle","SurfaceUpwardLWRadiation","CARDAMOM","UKESM1-0-LL","Benchmark Period Mean (intersection)","MeanState","global","scalar","W m-2","394.708","15.0"
"RadiationandEnergyCycle","SurfaceUpwardLWRadiation","CARDAMOM","UKESM1-0-LL","Benchmark Period Mean (complement)","MeanState","global","scalar","W m-2","nan","15.0"
"RadiationandEnergyCycle","SurfaceUpwardLWRadiation","CARDAMOM","UKESM1-0-LL","Period Mean (original grids)","MeanState","global","scalar","W m-2","409.519","15.0"
"RadiationandEnergyCycle","SurfaceUpwardLWRadiation","CARDAMOM","UKESM1-0-LL","Model Period Mean (intersection)","MeanState","global","scalar","W m-2","398.73","15.0"
"RadiationandEnergyCycle","SurfaceUpwardLWRadiation","CARDAMOM","UKESM1-0-LL","Model Period Mean (complement)","MeanState","global","scalar","W m-2","394.058","15.0"
"RadiationandEnergyCycle","SurfaceUpwardLWRadiation","CARDAMOM","UKESM1-0-LL","Spatial Distribution Score","MeanState","global","score","1","0.990966","15.0"
"RadiationandEnergyCycle","SurfaceUpwardLWRadiation","CARDAMOM","UKESM1-0-LL","Phase Shift","MeanState","global","scalar","months","0.609668","15.0"
"RadiationandEnergyCycle","SurfaceUpwardLWRadiation","CARDAMOM","UKESM1-0-LL","Seasonal Cycle Score","MeanState","global","score","1","0.930239","15.0"
"RadiationandEnergyCycle","SurfaceUpwardLWRadiation","CARDAMOM","UKESM1-0-LL","Bias","MeanState","global","scalar","W m-2","3.92297","15.0"
"RadiationandEnergyCycle","SurfaceUpwardLWRadiation","CARDAMOM","UKESM1-0-LL","Bias Score","MeanState","global","score","1","0.672777","15.0"
"RadiationandEnergyCycle","SurfaceUpwardLWRadiation","CARDAMOM","UKESM1-0-LL","RMSE","MeanState","global","scalar","W m-2","16.1707","15.0"
"RadiationandEnergyCycle","SurfaceUpwardLWRadiation","CARDAMOM","UKESM1-0-LL","RMSE Score","MeanState","global","score","1","0.718557","15.0"
"RadiationandEnergyCycle","SurfaceUpwardLWRadiation","CARDAMOM","UKESM1-0-LL","Overall Score","MeanState","global","score","1","0.806219","15.0"
"RadiationandEnergyCycle","SurfaceUpwardLWRadiation","CARDAMOM","GISS-E2-1-G","Benchmark Period Mean (intersection)","MeanState","global","scalar","W m-2","394.539","15.0"
"RadiationandEnergyCycle","SurfaceUpwardLWRadiation","CARDAMOM","GISS-E2-1-G","Benchmark Period Mean (complement)","MeanState","global","scalar","W m-2","nan","15.0"
"RadiationandEnergyCycle","SurfaceUpwardLWRadiation","CARDAMOM","GISS-E2-1-G","Period Mean (original grids)","MeanState","global","scalar","W m-2","404.475","15.0"
"RadiationandEnergyCycle","SurfaceUpwardLWRadiation","CARDAMOM","GISS-E2-1-G","Model Period Mean (intersection)","MeanState","global","scalar","W m-2","393.462","15.0"
"RadiationandEnergyCycle","SurfaceUpwardLWRadiation","CARDAMOM","GISS-E2-1-G","Model Period Mean (complement)","MeanState","global","scalar","W m-2","387.956","15.0"
"RadiationandEnergyCycle","SurfaceUpwardLWRadiation","CARDAMOM","GISS-E2-1-G","Spatial Distribution Score","MeanState","global","score","1","0.994713","15.0"
"RadiationandEnergyCycle","SurfaceUpwardLWRadiation","CARDAMOM","GISS-E2-1-G","Phase Shift","MeanState","global","scalar","months","0.662261","15.0"
"RadiationandEnergyCycle","SurfaceUpwardLWRadiation","CARDAMOM","GISS-E2-1-G","Seasonal Cycle Score","MeanState","global","score","1","0.922509","15.0"
"RadiationandEnergyCycle","SurfaceUpwardLWRadiation","CARDAMOM","GISS-E2-1-G","Bias","MeanState","global","scalar","W m-2","-1.14158","15.0"
"RadiationandEnergyCycle","SurfaceUpwardLWRadiation","CARDAMOM","GISS-E2-1-G","Bias Score","MeanState","global","score","1","0.678351","15.0"
"RadiationandEnergyCycle","SurfaceUpwardLWRadiation","CARDAMOM","GISS-E2-1-G","RMSE","MeanState","global","scalar","W m-2","17.4496","15.0"
"RadiationandEnergyCycle","SurfaceUpwardLWRadiation","CARDAMOM","GISS-E2-1-G","RMSE Score","MeanState","global","score","1","0.706293","15.0"
"RadiationandEnergyCycle","SurfaceUpwardLWRadiation","CARDAMOM","GISS-E2-1-G","Overall Score","MeanState","global","score","1","0.801632","15.0"
"RadiationandEnergyCycle","SurfaceUpwardLWRadiation","CARDAMOM","BCC-CSM2-MR","Benchmark Period Mean (intersection)","MeanState","global","scalar","W m-2","394.894","15.0"
"RadiationandEnergyCycle","SurfaceUpwardLWRadiation","CARDAMOM","BCC-CSM2-MR","Benchmark Period Mean (complement)","MeanState","global","scalar","W m-2","nan","15.0"
"RadiationandEnergyCycle","SurfaceUpwardLWRadiation","CARDAMOM","BCC-CSM2-MR","Period Mean (original grids)","MeanState","global","scalar","W m-2","407.639","15.0"
"RadiationandEnergyCycle","SurfaceUpwardLWRadiation","CARDAMOM","BCC-CSM2-MR","Model Period Mean (intersection)","MeanState","global","scalar","W m-2","396.598","15.0"
"RadiationandEnergyCycle","SurfaceUpwardLWRadiation","CARDAMOM","BCC-CSM2-MR","Model Period Mean (complement)","MeanState","global","scalar","W m-2","395.048","15.0"
"RadiationandEnergyCycle","SurfaceUpwardLWRadiation","CARDAMOM","BCC-CSM2-MR","Spatial Distribution Score","MeanState","global","score","1","0.998151","15.0"
"RadiationandEnergyCycle","SurfaceUpwardLWRadiation","CARDAMOM","BCC-CSM2-MR","Phase Shift","MeanState","global","scalar","months","0.656523","15.0"
"RadiationandEnergyCycle","SurfaceUpwardLWRadiation","CARDAMOM","BCC-CSM2-MR","Seasonal Cycle Score","MeanState","global","score","1","0.921575","15.0"
"RadiationandEnergyCycle","SurfaceUpwardLWRadiation","CARDAMOM","BCC-CSM2-MR","Bias","MeanState","global","scalar","W m-2","1.93215","15.0"
"RadiationandEnergyCycle","SurfaceUpwardLWRadiation","CARDAMOM","BCC-CSM2-MR","Bias Score","MeanState","global","score","1","0.703528","15.0"
"RadiationandEnergyCycle","SurfaceUpwardLWRadiation","CARDAMOM","BCC-CSM2-MR","RMSE","MeanState","global","scalar","W m-2","15.1525","15.0"
"RadiationandEnergyCycle","SurfaceUpwardLWRadiation","CARDAMOM","BCC-CSM2-MR","RMSE Score","MeanState","global","score","1","0.721498","15.0"
"RadiationandEnergyCycle","SurfaceUpwardLWRadiation","CARDAMOM","BCC-CSM2-MR","Overall Score","MeanState","global","score","1","0.81325","15.0"
"RadiationandEnergyCycle","SurfaceUpwardLWRadiation","CARDAMOM","NorESM2-LM","Benchmark Period Mean (intersection)","MeanState","global","scalar","W m-2","395.226","15.0"
"RadiationandEnergyCycle","SurfaceUpwardLWRadiation","CARDAMOM","NorESM2-LM","Benchmark Period Mean (complement)","MeanState","global","scalar","W m-2","nan","15.0"
"RadiationandEnergyCycle","SurfaceUpwardLWRadiation","CARDAMOM","NorESM2-LM","Period Mean (original grids)","MeanState","global","scalar","W m-2","414.739","15.0"
"RadiationandEnergyCycle","SurfaceUpwardLWRadiation","CARDAMOM","NorESM2-LM","Model Period Mean (intersection)","MeanState","global","scalar","W m-2","405.398","15.0"
"RadiationandEnergyCycle","SurfaceUpwardLWRadiation","CARDAMOM","NorESM2-LM","Model Period Mean (complement)","MeanState","global","scalar","W m-2","397.684","15.0"
"RadiationandEnergyCycle","SurfaceUpwardLWRadiation","CARDAMOM","NorESM2-LM","Spatial Distribution Score","MeanState","global","score","1","0.999439","15.0"
"RadiationandEnergyCycle","SurfaceUpwardLWRadiation","CARDAMOM","NorESM2-LM","Phase Shift","MeanState","global","scalar","months","0.767435","15.0"
"RadiationandEnergyCycle","SurfaceUpwardLWRadiation","CARDAMOM","NorESM2-LM","Seasonal Cycle Score","MeanState","global","score","1","0.916289","15.0"
"RadiationandEnergyCycle","SurfaceUpwardLWRadiation","CARDAMOM","NorESM2-LM","Bias","MeanState","global","scalar","W m-2","10.4912","15.0"
"RadiationandEnergyCycle","SurfaceUpwardLWRadiation","CARDAMOM","NorESM2-LM","Bias Score","MeanState","global","score","1","0.636531","15.0"
"RadiationandEnergyCycle","SurfaceUpwardLWRadiation","CARDAMOM","NorESM2-LM","RMSE","MeanState","global","scalar","W m-2","18.8186","15.0"
"RadiationandEnergyCycle","SurfaceUpwardLWRadiation","CARDAMOM","NorESM2-LM","RMSE Score","MeanState","global","score","1","0.691976","15.0"
"RadiationandEnergyCycle","SurfaceUpwardLWRadiation","CARDAMOM","NorESM2-LM","Overall Score","MeanState","global","score","1","0.787242","15.0"
"RadiationandEnergyCycle","SurfaceUpwardLWRadiation","CARDAMOM","MPI-ESM1-2-LR","Benchmark Period Mean (intersection)","MeanState","global","scalar","W m-2","394.945","15.0"
"RadiationandEnergyCycle","SurfaceUpwardLWRadiation","CARDAMOM","MPI-ESM1-2-LR","Benchmark Period Mean (complement)","MeanState","global","scalar","W m-2","nan","15.0"
"RadiationandEnergyCycle","SurfaceUpwardLWRadiation","CARDAMOM","MPI-ESM1-2-LR","Period Mean (original grids)","MeanState","global","scalar","W m-2","408.648","15.0"
"RadiationandEnergyCycle","SurfaceUpwardLWRadiation","CARDAMOM","MPI-ESM1-2-LR","Model Period Mean (intersection)","MeanState","global","scalar","W m-2","395.798","15.0"
"RadiationandEnergyCycle","SurfaceUpwardLWRadiation","CARDAMOM","MPI-ESM1-2-LR","Model Period Mean (complement)","MeanState","global","scalar","W m-2","394.47","15.0"
"RadiationandEnergyCycle","SurfaceUpwardLWRadiation","CARDAMOM","MPI-ESM1-2-LR","Spatial Distribution Score","MeanState","global","score","1","0.998852","15.0"
"RadiationandEnergyCycle","SurfaceUpwardLWRadiation","CARDAMOM","MPI-ESM1-2-LR","Phase Shift","MeanState","global","scalar","months","0.613687","15.0"
"RadiationandEnergyCycle","SurfaceUpwardLWRadiation","CARDAMOM","MPI-ESM1-2-LR","Seasonal Cycle Score","MeanState","global","score","1","0.933526","15.0"
"RadiationandEnergyCycle","SurfaceUpwardLWRadiation","CARDAMOM","MPI-ESM1-2-LR","Bias","MeanState","global","scalar","W m-2","0.425376","15.0"
"RadiationandEnergyCycle","SurfaceUpwardLWRadiation","CARDAMOM","MPI-ESM1-2-LR","Bias Score","MeanState","global","score","1","0.67768","15.0"
"RadiationandEnergyCycle","SurfaceUpwardLWRadiation","CARDAMOM","MPI-ESM1-2-LR","RMSE","MeanState","global","scalar","W m-2","15.5354","15.0"
"RadiationandEnergyCycle","SurfaceUpwardLWRadiation","CARDAMOM","MPI-ESM1-2-LR","RMSE Score","MeanState","global","score","1","0.716868","15.0"
"RadiationandEnergyCycle","SurfaceUpwardLWRadiation","CARDAMOM","MPI-ESM1-2-LR","Overall Score","MeanState","global","score","1","0.808759","15.0"
"RadiationandEnergyCycle","SurfaceUpwardLWRadiation","CARDAMOM","CanESM5","Benchmark Period Mean (intersection)","MeanState","global","scalar","W m-2","394.814","15.0"
"RadiationandEnergyCycle","SurfaceUpwardLWRadiation","CARDAMOM","CanESM5","Benchmark Period Mean (complement)","MeanState","global","scalar","W m-2","nan","15.0"
"RadiationandEnergyCycle","SurfaceUpwardLWRadiation","CARDAMOM","CanESM5","Period Mean (original grids)","MeanState","global","scalar","W m-2","408.179","15.0"
"RadiationandEnergyCycle","SurfaceUpwardLWRadiation","CARDAMOM","CanESM5","Model Period Mean (intersection)","MeanState","global","scalar","W m-2","396.642","15.0"
"RadiationandEnergyCycle","SurfaceUpwardLWRadiation","CARDAMOM","CanESM5","Model Period Mean (complement)","MeanState","global","scalar","W m-2","394.774","15.0"
"RadiationandEnergyCycle","SurfaceUpwardLWRadiation","CARDAMOM","CanESM5","Spatial Distribution Score","MeanState","global","score","1","0.999121","15.0"
"RadiationandEnergyCycle","SurfaceUpwardLWRadiation","CARDAMOM","CanESM5","Phase Shift","MeanState","global","scalar","months","0.70776","15.0"
"RadiationandEnergyCycle","SurfaceUpwardLWRadiation","CARDAMOM","CanESM5","Seasonal Cycle Score","MeanState","global","score","1","0.91456","15.0"
"RadiationandEnergyCycle","SurfaceUpwardLWRadiation","CARDAMOM","CanESM5","Bias","MeanState","global","scalar","W m-2","1.26154","15.0"
"RadiationandEnergyCycle","SurfaceUpwardLWRadiation","CARDAMOM","CanESM5","Bias Score","MeanState","global","score","1","0.651833","15.0"
"RadiationandEnergyCycle","SurfaceUpwardLWRadiation","CARDAMOM","CanESM5","RMSE","MeanState","global","scalar","W m-2","18.1281","15.0"
"RadiationandEnergyCycle","SurfaceUpwardLWRadiation","CARDAMOM","CanESM5","RMSE Score","MeanState","global","score","1","0.684725","15.0"
"RadiationandEnergyCycle","SurfaceUpwardLWRadiation","CARDAMOM","CanESM5","Overall Score","MeanState","global","score","1","0.786993","15.0"
"RadiationandEnergyCycle","SurfaceUpwardLWRadiation","CARDAMOM","ACCESS-ESM1-5","Benchmark Period Mean (intersection)","MeanState","global","scalar","W m-2","394.858","15.0"
"RadiationandEnergyCycle","SurfaceUpwardLWRadiation","CARDAMOM","ACCESS-ESM1-5","Benchmark Period Mean (complement)","MeanState","global","scalar","W m-2","nan","15.0"
"RadiationandEnergyCycle","SurfaceUpwardLWRadiation","CARDAMOM","ACCESS-ESM1-5","Period Mean (original grids)","MeanState","global","scalar","W m-2","419.728","15.0"
"RadiationandEnergyCycle","SurfaceUpwardLWRadiation","CARDAMOM","ACCESS-ESM1-5","Model Period Mean (intersection)","MeanState","global","scalar","W m-2","407.15","15.0"
"RadiationandEnergyCycle","SurfaceUpwardLWRadiation","CARDAMOM","ACCESS-ESM1-5","Model Period Mean (complement)","MeanState","global","scalar","W m-2","399.435","15.0"
"RadiationandEnergyCycle","SurfaceUpwardLWRadiation","CARDAMOM","ACCESS-ESM1-5","Spatial Distribution Score","MeanState","global","score","1","0.999437","15.0"
"RadiationandEnergyCycle","SurfaceUpwardLWRadiation","CARDAMOM","ACCESS-ESM1-5","Phase Shift","MeanState","global","scalar","months","0.628152","15.0"
"RadiationandEnergyCycle","SurfaceUpwardLWRadiation","CARDAMOM","ACCESS-ESM1-5","Seasonal Cycle Score","MeanState","global","score","1","0.927146","15.0"
"RadiationandEnergyCycle","SurfaceUpwardLWRadiation","CARDAMOM","ACCESS-ESM1-5","Bias","MeanState","global","scalar","W m-2","12.2736","15.0"
"RadiationandEnergyCycle","SurfaceUpwardLWRadiation","CARDAMOM","ACCESS-ESM1-5","Bias Score","MeanState","global","score","1","0.629857","15.0"
"RadiationandEnergyCycle","SurfaceUpwardLWRadiation","CARDAMOM","ACCESS-ESM1-5","RMSE","MeanState","global","scalar","W m-2","18.9142","15.0"
"RadiationandEnergyCycle","SurfaceUpwardLWRadiation","CARDAMOM","ACCESS-ESM1-5","RMSE Score","MeanState","global","score","1","0.696947","15.0"
"RadiationandEnergyCycle","SurfaceUpwardLWRadiation","CARDAMOM","ACCESS-ESM1-5","Overall Score","MeanState","global","score","1","0.790067","15.0"
"RadiationandEnergyCycle","SurfaceUpwardLWRadiation","CARDAMOM","MIROC-ES2L","Benchmark Period Mean (intersection)","MeanState","global","scalar","W m-2","394.814","15.0"
"RadiationandEnergyCycle","SurfaceUpwardLWRadiation","CARDAMOM","MIROC-ES2L","Benchmark Period Mean (complement)","MeanState","global","scalar","W m-2","nan","15.0"
"RadiationandEnergyCycle","SurfaceUpwardLWRadiation","CARDAMOM","MIROC-ES2L","Period Mean (original grids)","MeanState","global","scalar","W m-2","412.807","15.0"
"RadiationandEnergyCycle","SurfaceUpwardLWRadiation","CARDAMOM","MIROC-ES2L","Model Period Mean (intersection)","MeanState","global","scalar","W m-2","400.95","15.0"
"RadiationandEnergyCycle","SurfaceUpwardLWRadiation","CARDAMOM","MIROC-ES2L","Model Period Mean (complement)","MeanState","global","scalar","W m-2","398.821","15.0"
"RadiationandEnergyCycle","SurfaceUpwardLWRadiation","CARDAMOM","MIROC-ES2L","Spatial Distribution Score","MeanState","global","score","1","0.998826","15.0"
"RadiationandEnergyCycle","SurfaceUpwardLWRadiation","CARDAMOM","MIROC-ES2L","Phase Shift","MeanState","global","scalar","months","0.584285","15.0"
"RadiationandEnergyCycle","SurfaceUpwardLWRadiation","CARDAMOM","MIROC-ES2L","Seasonal Cycle Score","MeanState","global","score","1","0.932207","15.0"
"RadiationandEnergyCycle","SurfaceUpwardLWRadiation","CARDAMOM","MIROC-ES2L","Bias","MeanState","global","scalar","W m-2","5.69263","15.0"
"RadiationandEnergyCycle","SurfaceUpwardLWRadiation","CARDAMOM","MIROC-ES2L","Bias Score","MeanState","global","score","1","0.66187","15.0"
"RadiationandEnergyCycle","SurfaceUpwardLWRadiation","CARDAMOM","MIROC-ES2L","RMSE","MeanState","global","scalar","W m-2","16.4818","15.0"
"RadiationandEnergyCycle","SurfaceUpwardLWRadiation","CARDAMOM","MIROC-ES2L","RMSE Score","MeanState","global","score","1","0.731493","15.0"
"RadiationandEnergyCycle","SurfaceUpwardLWRadiation","CARDAMOM","MIROC-ES2L","Overall Score","MeanState","global","score","1","0.811178","15.0"
"RadiationandEnergyCycle","SurfaceUpwardLWRadiation","CARDAMOM","ENSEMBLE-CMIP6","Benchmark Period Mean (intersection)","MeanState","global","scalar","W m-2","395.404","15.0"
"RadiationandEnergyCycle","SurfaceUpwardLWRadiation","CARDAMOM","ENSEMBLE-CMIP6","Benchmark Period Mean (complement)","MeanState","global","scalar","W m-2","nan","15.0"
"RadiationandEnergyCycle","SurfaceUpwardLWRadiation","CARDAMOM","ENSEMBLE-CMIP6","Period Mean (original grids)","MeanState","global","scalar","W m-2","399.587","15.0"
"RadiationandEnergyCycle","SurfaceUpwardLWRadiation","CARDAMOM","ENSEMBLE-CMIP6","Model Period Mean (intersection)","MeanState","global","scalar","W m-2","400.192","15.0"
"RadiationandEnergyCycle","SurfaceUpwardLWRadiation","CARDAMOM","ENSEMBLE-CMIP6","Model Period Mean (complement)","MeanState","global","scalar","W m-2","395.478","15.0"
"RadiationandEnergyCycle","SurfaceUpwardLWRadiation","CARDAMOM","ENSEMBLE-CMIP6","Spatial Distribution Score","MeanState","global","score","1","0.999492","15.0"
"RadiationandEnergyCycle","SurfaceUpwardLWRadiation","CARDAMOM","ENSEMBLE-CMIP6","Phase Shift","MeanState","global","scalar","months","0.556372","15.0"
"RadiationandEnergyCycle","SurfaceUpwardLWRadiation","CARDAMOM","ENSEMBLE-CMIP6","Seasonal Cycle Score","MeanState","global","score","1","0.939296","15.0"
"RadiationandEnergyCycle","SurfaceUpwardLWRadiation","CARDAMOM","ENSEMBLE-CMIP6","Bias","MeanState","global","scalar","W m-2","4.88796","15.0"
"RadiationandEnergyCycle","SurfaceUpwardLWRadiation","CARDAMOM","ENSEMBLE-CMIP6","Bias Score","MeanState","global","score","1","0.702223","15.0"
"RadiationandEnergyCycle","SurfaceUpwardLWRadiation","CARDAMOM","ENSEMBLE-CMIP6","RMSE","MeanState","global","scalar","W m-2","12.9953","15.0"
"RadiationandEnergyCycle","SurfaceUpwardLWRadiation","CARDAMOM","ENSEMBLE-CMIP6","RMSE Score","MeanState","global","score","1","0.758886","15.0"
"RadiationandEnergyCycle","SurfaceUpwardLWRadiation","CARDAMOM","ENSEMBLE-CMIP6","Overall Score","MeanState","global","score","1","0.831756","15.0"
"HydrologyCycle","TerrestrialWaterStorageAnomaly","CARDAMOM","CESM2","Anomaly Magnitude","MeanState","global","scalar","cm","7.30895","125.0"
"HydrologyCycle","TerrestrialWaterStorageAnomaly","CARDAMOM","CESM2","RMSE","MeanState","global","scalar","cm","5.86228","125.0"
"HydrologyCycle","TerrestrialWaterStorageAnomaly","CARDAMOM","CESM2","RMSE Score","MeanState","global","score","1","0.363319","125.0"
"HydrologyCycle","TerrestrialWaterStorageAnomaly","CARDAMOM","CESM2","Interannual Variability Score","MeanState","global","score","1","0.831635","125.0"
"HydrologyCycle","TerrestrialWaterStorageAnomaly","CARDAMOM","CESM2","Overall Score","MeanState","global","score","1","0.519425","125.0"
"HydrologyCycle","TerrestrialWaterStorageAnomaly","CARDAMOM","GFDL_ESM4","Anomaly Magnitude","MeanState","global","scalar","cm","30.9724","125.0"
"HydrologyCycle","TerrestrialWaterStorageAnomaly","CARDAMOM","GFDL_ESM4","RMSE","MeanState","global","scalar","cm","31.3987","125.0"
"HydrologyCycle","TerrestrialWaterStorageAnomaly","CARDAMOM","GFDL_ESM4","RMSE Score","MeanState","global","score","1","0.0593039","125.0"
"HydrologyCycle","TerrestrialWaterStorageAnomaly","CARDAMOM","GFDL_ESM4","Interannual Variability Score","MeanState","global","score","1","0.0179736","125.0"
"HydrologyCycle","TerrestrialWaterStorageAnomaly","CARDAMOM","GFDL_ESM4","Overall Score","MeanState","global","score","1","0.0455272","125.0"
"HydrologyCycle","TerrestrialWaterStorageAnomaly","CARDAMOM","UKESM1-0-LL","Anomaly Magnitude","MeanState","global","scalar","cm","9.70699","125.0"
"HydrologyCycle","TerrestrialWaterStorageAnomaly","CARDAMOM","UKESM1-0-LL","RMSE","MeanState","global","scalar","cm","9.49279","125.0"
"HydrologyCycle","TerrestrialWaterStorageAnomaly","CARDAMOM","UKESM1-0-LL","RMSE Score","MeanState","global","score","1","0.327139","125.0"
"HydrologyCycle","TerrestrialWaterStorageAnomaly","CARDAMOM","UKESM1-0-LL","Interannual Variability Score","MeanState","global","score","1","0.563862","125.0"
"HydrologyCycle","TerrestrialWaterStorageAnomaly","CARDAMOM","UKESM1-0-LL","Overall Score","MeanState","global","score","1","0.406047","125.0"
"HydrologyCycle","TerrestrialWaterStorageAnomaly","CARDAMOM","CanESM5","Anomaly Magnitude","MeanState","global","scalar","cm","6.94779","125.0"
"HydrologyCycle","TerrestrialWaterStorageAnomaly","CARDAMOM","CanESM5","RMSE","MeanState","global","scalar","cm","6.81472","125.0"
"HydrologyCycle","TerrestrialWaterStorageAnomaly","CARDAMOM","CanESM5","RMSE Score","MeanState","global","score","1","0.348925","125.0"
"HydrologyCycle","TerrestrialWaterStorageAnomaly","CARDAMOM","CanESM5","Interannual Variability Score","MeanState","global","score","1","0.881758","125.0"
"HydrologyCycle","TerrestrialWaterStorageAnomaly","CARDAMOM","CanESM5","Overall Score","MeanState","global","score","1","0.526536","125.0"
"HydrologyCycle","TerrestrialWaterStorageAnomaly","CARDAMOM","MIROC-ES2L","Anomaly Magnitude","MeanState","global","scalar","cm","6.45088","125.0"
"HydrologyCycle","TerrestrialWaterStorageAnomaly","CARDAMOM","MIROC-ES2L","RMSE","MeanState","global","scalar","cm","6.00023","125.0"
"HydrologyCycle","TerrestrialWaterStorageAnomaly","CARDAMOM","MIROC-ES2L","RMSE Score","MeanState","global","score","1","0.35472","125.0"
"HydrologyCycle","TerrestrialWaterStorageAnomaly","CARDAMOM","MIROC-ES2L","Interannual Variability Score","MeanState","global","score","1","0.955695","125.0"
"HydrologyCycle","TerrestrialWaterStorageAnomaly","CARDAMOM","MIROC-ES2L","Overall Score","MeanState","global","score","1","0.555045","125.0"
"HydrologyCycle","TerrestrialWaterStorageAnomaly","CARDAMOM","ENSEMBLE-CMIP6","Anomaly Magnitude","MeanState","global","scalar","cm","9.26695","125.0"
"HydrologyCycle","TerrestrialWaterStorageAnomaly","CARDAMOM","ENSEMBLE-CMIP6","RMSE","MeanState","global","scalar","cm","9.05975","125.0"
"HydrologyCycle","TerrestrialWaterStorageAnomaly","CARDAMOM","ENSEMBLE-CMIP6","RMSE Score","MeanState","global","score","1","0.275906","125.0"
"HydrologyCycle","TerrestrialWaterStorageAnomaly","CARDAMOM","ENSEMBLE-CMIP6","Interannual Variability Score","MeanState","global","score","1","0.605537","125.0"
"HydrologyCycle","TerrestrialWaterStorageAnomaly","CARDAMOM","ENSEMBLE-CMIP6","Overall Score","MeanState","global","score","1","0.385783","125.0"
"HydrologyCycle","Runoff","CARDAMOM","CESM2","Benchmark Period Mean (intersection)","MeanState","global","scalar","mm d-1","0.932638","75.0"
"HydrologyCycle","Runoff","CARDAMOM","CESM2","Benchmark Period Mean (complement)","MeanState","global","scalar","mm d-1","1.53855","75.0"
"HydrologyCycle","Runoff","CARDAMOM","CESM2","Period Mean (original grids)","MeanState","global","scalar","mm d-1","1.03251","75.0"
"HydrologyCycle","Runoff","CARDAMOM","CESM2","Model Period Mean (intersection)","MeanState","global","scalar","mm d-1","1.01252","75.0"
"HydrologyCycle","Runoff","CARDAMOM","CESM2","Model Period Mean (complement)","MeanState","global","scalar","mm d-1","1.52634","75.0"
"HydrologyCycle","Runoff","CARDAMOM","CESM2","Spatial Distribution Score","MeanState","global","score","1","0.862933","75.0"
"HydrologyCycle","Runoff","CARDAMOM","CESM2","Phase Shift","MeanState","global","scalar","months","1.54429","75.0"
"HydrologyCycle","Runoff","CARDAMOM","CESM2","Seasonal Cycle Score","MeanState","global","score","1","0.804176","75.0"
"HydrologyCycle","Runoff","CARDAMOM","CESM2","Bias","MeanState","global","scalar","mm d-1","0.0828884","75.0"
"HydrologyCycle","Runoff","CARDAMOM","CESM2","Bias Score","MeanState","global","score","1","0.577203","75.0"
"HydrologyCycle","Runoff","CARDAMOM","CESM2","RMSE","MeanState","global","scalar","mm d-1","0.969448","75.0"
"HydrologyCycle","Runoff","CARDAMOM","CESM2","RMSE Score","MeanState","global","score","1","0.450885","75.0"
"HydrologyCycle","Runoff","CARDAMOM","CESM2","Overall Score","MeanState","global","score","1","0.629217","75.0"
"HydrologyCycle","Runoff","CARDAMOM","GFDL_ESM4","Benchmark Period Mean (intersection)","MeanState","global","scalar","mm d-1","0.957086","75.0"
"HydrologyCycle","Runoff","CARDAMOM","GFDL_ESM4","Benchmark Period Mean (complement)","MeanState","global","scalar","mm d-1","nan","75.0"
"HydrologyCycle","Runoff","CARDAMOM","GFDL_ESM4","Period Mean (original grids)","MeanState","global","scalar","mm d-1","0.591733","75.0"
"HydrologyCycle","Runoff","CARDAMOM","GFDL_ESM4","Model Period Mean (intersection)","MeanState","global","scalar","mm d-1","0.562513","75.0"
"HydrologyCycle","Runoff","CARDAMOM","GFDL_ESM4","Model Period Mean (complement)","MeanState","global","scalar","mm d-1","0.763027","75.0"
"HydrologyCycle","Runoff","CARDAMOM","GFDL_ESM4","Spatial Distribution Score","MeanState","global","score","1","0.729372","75.0"
"HydrologyCycle","Runoff","CARDAMOM","GFDL_ESM4","Phase Shift","MeanState","global","scalar","months","1.87278","75.0"
"HydrologyCycle","Runoff","CARDAMOM","GFDL_ESM4","Seasonal Cycle Score","MeanState","global","score","1","0.801855","75.0"
"HydrologyCycle","Runoff","CARDAMOM","GFDL_ESM4","Bias","MeanState","global","scalar","mm d-1","-0.395168","75.0"
"HydrologyCycle","Runoff","CARDAMOM","GFDL_ESM4","Bias Score","MeanState","global","score","1","0.5153","75.0"
"HydrologyCycle","Runoff","CARDAMOM","GFDL_ESM4","RMSE","MeanState","global","scalar","mm d-1","0.992952","75.0"
"HydrologyCycle","Runoff","CARDAMOM","GFDL_ESM4","RMSE Score","MeanState","global","score","1","0.464252","75.0"
"HydrologyCycle","Runoff","CARDAMOM","GFDL_ESM4","Overall Score","MeanState","global","score","1","0.595006","75.0"
"HydrologyCycle","Runoff","CARDAMOM","UKESM1-0-LL","Benchmark Period Mean (intersection)","MeanState","global","scalar","mm d-1","0.942352","75.0"
"HydrologyCycle","Runoff","CARDAMOM","UKESM1-0-LL","Benchmark Period Mean (complement)","MeanState","global","scalar","mm d-1","1.62538","75.0"
"HydrologyCycle","Runoff","CARDAMOM","UKESM1-0-LL","Period Mean (original grids)","MeanState","global","scalar","mm d-1","0.955747","75.0"
"HydrologyCycle","Runoff","CARDAMOM","UKESM1-0-LL","Model Period Mean (intersection)","MeanState","global","scalar","mm d-1","0.920342","75.0"
"HydrologyCycle","Runoff","CARDAMOM","UKESM1-0-LL","Model Period Mean (complement)","MeanState","global","scalar","mm d-1","1.30274","75.0"
"HydrologyCycle","Runoff","CARDAMOM","UKESM1-0-LL","Spatial Distribution Score","MeanState","global","score","1","0.696083","75.0"
"HydrologyCycle","Runoff","CARDAMOM","UKESM1-0-LL","Phase Shift","MeanState","global","scalar","months","1.46357","75.0"
"HydrologyCycle","Runoff","CARDAMOM","UKESM1-0-LL","Seasonal Cycle Score","MeanState","global","score","1","0.809359","75.0"
"HydrologyCycle","Runoff","CARDAMOM","UKESM1-0-LL","Bias","MeanState","global","scalar","mm d-1","-0.0174469","75.0"
"HydrologyCycle","Runoff","CARDAMOM","UKESM1-0-LL","Bias Score","MeanState","global","score","1","0.562251","75.0"
"HydrologyCycle","Runoff","CARDAMOM","UKESM1-0-LL","RMSE","MeanState","global","scalar","mm d-1","0.886577","75.0"
"HydrologyCycle","Runoff","CARDAMOM","UKESM1-0-LL","RMSE Score","MeanState","global","score","1","0.495748","75.0"
"HydrologyCycle","Runoff","CARDAMOM","UKESM1-0-LL","Overall Score","MeanState","global","score","1","0.611838","75.0"
"HydrologyCycle","Runoff","CARDAMOM","GISS-E2-1-G","Benchmark Period Mean (intersection)","MeanState","global","scalar","mm d-1","0.956434","75.0"
"HydrologyCycle","Runoff","CARDAMOM","GISS-E2-1-G","Benchmark Period Mean (complement)","MeanState","global","scalar","mm d-1","nan","75.0"
"HydrologyCycle","Runoff","CARDAMOM","GISS-E2-1-G","Period Mean (original grids)","MeanState","global","scalar","mm d-1","0.789556","75.0"
"HydrologyCycle","Runoff","CARDAMOM","GISS-E2-1-G","Model Period Mean (intersection)","MeanState","global","scalar","mm d-1","0.786637","75.0"
"HydrologyCycle","Runoff","CARDAMOM","GISS-E2-1-G","Model Period Mean (complement)","MeanState","global","scalar","mm d-1","0.452261","75.0"
"HydrologyCycle","Runoff","CARDAMOM","GISS-E2-1-G","Spatial Distribution Score","MeanState","global","score","1","0.742936","75.0"
"HydrologyCycle","Runoff","CARDAMOM","GISS-E2-1-G","Phase Shift","MeanState","global","scalar","months","1.77319","75.0"
"HydrologyCycle","Runoff","CARDAMOM","GISS-E2-1-G","Seasonal Cycle Score","MeanState","global","score","1","0.771949","75.0"
"HydrologyCycle","Runoff","CARDAMOM","GISS-E2-1-G","Bias","MeanState","global","scalar","mm d-1","-0.169973","75.0"
"HydrologyCycle","Runoff","CARDAMOM","GISS-E2-1-G","Bias Score","MeanState","global","score","1","0.448131","75.0"
"HydrologyCycle","Runoff","CARDAMOM","GISS-E2-1-G","RMSE","MeanState","global","scalar","mm d-1","1.24261","75.0"
"HydrologyCycle","Runoff","CARDAMOM","GISS-E2-1-G","RMSE Score","MeanState","global","score","1","0.429342","75.0"
"HydrologyCycle","Runoff","CARDAMOM","GISS-E2-1-G","Overall Score","MeanState","global","score","1","0.56434","75.0"
"HydrologyCycle","Runoff","CARDAMOM","BCC-CSM2-MR","Benchmark Period Mean (intersection)","MeanState","global","scalar","mm d-1","0.93795","75.0"
"HydrologyCycle","Runoff","CARDAMOM","BCC-CSM2-MR","Benchmark Period Mean (complement)","MeanState","global","scalar","mm d-1","1.52335","75.0"
"HydrologyCycle","Runoff","CARDAMOM","BCC-CSM2-MR","Period Mean (original grids)","MeanState","global","scalar","mm d-1","1.04506","75.0"
"HydrologyCycle","Runoff","CARDAMOM","BCC-CSM2-MR","Model Period Mean (intersection)","MeanState","global","scalar","mm d-1","0.995024","75.0"
"HydrologyCycle","Runoff","CARDAMOM","BCC-CSM2-MR","Model Period Mean (complement)","MeanState","global","scalar","mm d-1","1.59243","75.0"
"HydrologyCycle","Runoff","CARDAMOM","BCC-CSM2-MR","Spatial Distribution Score","MeanState","global","score","1","0.858184","75.0"
"HydrologyCycle","Runoff","CARDAMOM","BCC-CSM2-MR","Phase Shift","MeanState","global","scalar","months","1.94733","75.0"
"HydrologyCycle","Runoff","CARDAMOM","BCC-CSM2-MR","Seasonal Cycle Score","MeanState","global","score","1","0.724897","75.0"
"HydrologyCycle","Runoff","CARDAMOM","BCC-CSM2-MR","Bias","MeanState","global","scalar","mm d-1","0.0568024","75.0"
"HydrologyCycle","Runoff","CARDAMOM","BCC-CSM2-MR","Bias Score","MeanState","global","score","1","0.547259","75.0"
"HydrologyCycle","Runoff","CARDAMOM","BCC-CSM2-MR","RMSE","MeanState","global","scalar","mm d-1","1.28064","75.0"
"HydrologyCycle","Runoff","CARDAMOM","BCC-CSM2-MR","RMSE Score","MeanState","global","score","1","0.361433","75.0"
"HydrologyCycle","Runoff","CARDAMOM","BCC-CSM2-MR","Overall Score","MeanState","global","score","1","0.570641","75.0"
"HydrologyCycle","Runoff","CARDAMOM","NorESM2-LM","Benchmark Period Mean (intersection)","MeanState","global","scalar","mm d-1","0.955599","75.0"
"HydrologyCycle","Runoff","CARDAMOM","NorESM2-LM","Benchmark Period Mean (complement)","MeanState","global","scalar","mm d-1","nan","75.0"
"HydrologyCycle","Runoff","CARDAMOM","NorESM2-LM","Period Mean (original grids)","MeanState","global","scalar","mm d-1","0.935548","75.0"
"HydrologyCycle","Runoff","CARDAMOM","NorESM2-LM","Model Period Mean (intersection)","MeanState","global","scalar","mm d-1","0.895182","75.0"
"HydrologyCycle","Runoff","CARDAMOM","NorESM2-LM","Model Period Mean (complement)","MeanState","global","scalar","mm d-1","1.50354","75.0"
"HydrologyCycle","Runoff","CARDAMOM","NorESM2-LM","Spatial Distribution Score","MeanState","global","score","1","0.888584","75.0"
"HydrologyCycle","Runoff","CARDAMOM","NorESM2-LM","Phase Shift","MeanState","global","scalar","months","1.73519","75.0"
"HydrologyCycle","Runoff","CARDAMOM","NorESM2-LM","Seasonal Cycle Score","MeanState","global","score","1","0.774883","75.0"
"HydrologyCycle","Runoff","CARDAMOM","NorESM2-LM","Bias","MeanState","global","scalar","mm d-1","-0.0779975","75.0"
"HydrologyCycle","Runoff","CARDAMOM","NorESM2-LM","Bias Score","MeanState","global","score","1","0.570593","75.0"
"HydrologyCycle","Runoff","CARDAMOM","NorESM2-LM","RMSE","MeanState","global","scalar","mm d-1","0.955849","75.0"
"HydrologyCycle","Runoff","CARDAMOM","NorESM2-LM","RMSE Score","MeanState","global","score","1","0.468768","75.0"
"HydrologyCycle","Runoff","CARDAMOM","NorESM2-LM","Overall Score","MeanState","global","score","1","0.634319","75.0"
"HydrologyCycle","Runoff","CARDAMOM","MPI-ESM1-2-LR","Benchmark Period Mean (intersection)","MeanState","global","scalar","mm d-1","0.892681","75.0"
"HydrologyCycle","Runoff","CARDAMOM","MPI-ESM1-2-LR","Benchmark Period Mean (complement)","MeanState","global","scalar","mm d-1","1.45038","75.0"
"HydrologyCycle","Runoff","CARDAMOM","MPI-ESM1-2-LR","Period Mean (original grids)","MeanState","global","scalar","mm d-1","0.49395","75.0"
"HydrologyCycle","Runoff","CARDAMOM","MPI-ESM1-2-LR","Model Period Mean (intersection)","MeanState","global","scalar","mm d-1","0.530726","75.0"
"HydrologyCycle","Runoff","CARDAMOM","MPI-ESM1-2-LR","Model Period Mean (complement)","MeanState","global","scalar","mm d-1","0.369651","75.0"
"HydrologyCycle","Runoff","CARDAMOM","MPI-ESM1-2-LR","Spatial Distribution Score","MeanState","global","score","1","0.753466","75.0"
"HydrologyCycle","Runoff","CARDAMOM","MPI-ESM1-2-LR","Phase Shift","MeanState","global","scalar","months","1.7079","75.0"
"HydrologyCycle","Runoff","CARDAMOM","MPI-ESM1-2-LR","Seasonal Cycle Score","MeanState","global","score","1","0.793497","75.0"
"HydrologyCycle","Runoff","CARDAMOM","MPI-ESM1-2-LR","Bias","MeanState","global","scalar","mm d-1","-0.367884","75.0"
"HydrologyCycle","Runoff","CARDAMOM","MPI-ESM1-2-LR","Bias Score","MeanState","global","score","1","0.473774","75.0"
"HydrologyCycle","Runoff","CARDAMOM","MPI-ESM1-2-LR","RMSE","MeanState","global","scalar","mm d-1","0.950113","75.0"
"HydrologyCycle","Runoff","CARDAMOM","MPI-ESM1-2-LR","RMSE Score","MeanState","global","score","1","0.464292","75.0"
"HydrologyCycle","Runoff","CARDAMOM","MPI-ESM1-2-LR","Overall Score","MeanState","global","score","1","0.589864","75.0"
"HydrologyCycle","Runoff","CARDAMOM","CanESM5","Benchmark Period Mean (intersection)","MeanState","global","scalar","mm d-1","0.963163","75.0"
"HydrologyCycle","Runoff","CARDAMOM","CanESM5","Benchmark Period Mean (complement)","MeanState","global","scalar","mm d-1","nan","75.0"
"HydrologyCycle","Runoff","CARDAMOM","CanESM5","Period Mean (original grids)","MeanState","global","scalar","mm d-1","0.95926","75.0"
"HydrologyCycle","Runoff","CARDAMOM","CanESM5","Model Period Mean (intersection)","MeanState","global","scalar","mm d-1","0.91415","75.0"
"HydrologyCycle","Runoff","CARDAMOM","CanESM5","Model Period Mean (complement)","MeanState","global","scalar","mm d-1","1.45006","75.0"
"HydrologyCycle","Runoff","CARDAMOM","CanESM5","Spatial Distribution Score","MeanState","global","score","1","0.769304","75.0"
"HydrologyCycle","Runoff","CARDAMOM","CanESM5","Phase Shift","MeanState","global","scalar","months","1.81367","75.0"
"HydrologyCycle","Runoff","CARDAMOM","CanESM5","Seasonal Cycle Score","MeanState","global","score","1","0.795479","75.0"
"HydrologyCycle","Runoff","CARDAMOM","CanESM5","Bias","MeanState","global","scalar","mm d-1","-0.0351473","75.0"
"HydrologyCycle","Runoff","CARDAMOM","CanESM5","Bias Score","MeanState","global","score","1","0.496643","75.0"
"HydrologyCycle","Runoff","CARDAMOM","CanESM5","RMSE","MeanState","global","scalar","mm d-1","1.22966","75.0"
"HydrologyCycle","Runoff","CARDAMOM","CanESM5","RMSE Score","MeanState","global","score","1","0.399349","75.0"
"HydrologyCycle","Runoff","CARDAMOM","CanESM5","Overall Score","MeanState","global","score","1","0.572025","75.0"
"HydrologyCycle","Runoff","CARDAMOM","ACCESS-ESM1-5","Benchmark Period Mean (intersection)","MeanState","global","scalar","mm d-1","0.9433","75.0"
"HydrologyCycle","Runoff","CARDAMOM","ACCESS-ESM1-5","Benchmark Period Mean (complement)","MeanState","global","scalar","mm d-1","1.46905","75.0"
"HydrologyCycle","Runoff","CARDAMOM","ACCESS-ESM1-5","Period Mean (original grids)","MeanState","global","scalar","mm d-1","0.964885","75.0"
"HydrologyCycle","Runoff","CARDAMOM","ACCESS-ESM1-5","Model Period Mean (intersection)","MeanState","global","scalar","mm d-1","0.93343","75.0"
"HydrologyCycle","Runoff","CARDAMOM","ACCESS-ESM1-5","Model Period Mean (complement)","MeanState","global","scalar","mm d-1","1.29462","75.0"
"HydrologyCycle","Runoff","CARDAMOM","ACCESS-ESM1-5","Spatial Distribution Score","MeanState","global","score","1","0.815663","75.0"
"HydrologyCycle","Runoff","CARDAMOM","ACCESS-ESM1-5","Phase Shift","MeanState","global","scalar","months","1.8502","75.0"
"HydrologyCycle","Runoff","CARDAMOM","ACCESS-ESM1-5","Seasonal Cycle Score","MeanState","global","score","1","0.788493","75.0"
"HydrologyCycle","Runoff","CARDAMOM","ACCESS-ESM1-5","Bias","MeanState","global","scalar","mm d-1","-0.00807239","75.0"
"HydrologyCycle","Runoff","CARDAMOM","ACCESS-ESM1-5","Bias Score","MeanState","global","score","1","0.539413","75.0"
"HydrologyCycle","Runoff","CARDAMOM","ACCESS-ESM1-5","RMSE","MeanState","global","scalar","mm d-1","1.10923","75.0"
"HydrologyCycle","Runoff","CARDAMOM","ACCESS-ESM1-5","RMSE Score","MeanState","global","score","1","0.394116","75.0"
"HydrologyCycle","Runoff","CARDAMOM","ACCESS-ESM1-5","Overall Score","MeanState","global","score","1","0.58636","75.0"
"HydrologyCycle","Runoff","CARDAMOM","MIROC-ES2L","Benchmark Period Mean (intersection)","MeanState","global","scalar","mm d-1","0.962155","75.0"
"HydrologyCycle","Runoff","CARDAMOM","MIROC-ES2L","Benchmark Period Mean (complement)","MeanState","global","scalar","mm d-1","1.38038","75.0"
"HydrologyCycle","Runoff","CARDAMOM","MIROC-ES2L","Period Mean (original grids)","MeanState","global","scalar","mm d-1","0.679577","75.0"
"HydrologyCycle","Runoff","CARDAMOM","MIROC-ES2L","Model Period Mean (intersection)","MeanState","global","scalar","mm d-1","0.687702","75.0"
"HydrologyCycle","Runoff","CARDAMOM","MIROC-ES2L","Model Period Mean (complement)","MeanState","global","scalar","mm d-1","0.844761","75.0"
"HydrologyCycle","Runoff","CARDAMOM","MIROC-ES2L","Spatial Distribution Score","MeanState","global","score","1","0.773661","75.0"
"HydrologyCycle","Runoff","CARDAMOM","MIROC-ES2L","Phase Shift","MeanState","global","scalar","months","2.00461","75.0"
"HydrologyCycle","Runoff","CARDAMOM","MIROC-ES2L","Seasonal Cycle Score","MeanState","global","score","1","0.737324","75.0"
"HydrologyCycle","Runoff","CARDAMOM","MIROC-ES2L","Bias","MeanState","global","scalar","mm d-1","-0.257705","75.0"
"HydrologyCycle","Runoff","CARDAMOM","MIROC-ES2L","Bias Score","MeanState","global","score","1","0.490745","75.0"
"HydrologyCycle","Runoff","CARDAMOM","MIROC-ES2L","RMSE","MeanState","global","scalar","mm d-1","1.03815","75.0"
"HydrologyCycle","Runoff","CARDAMOM","MIROC-ES2L","RMSE Score","MeanState","global","score","1","0.44611","75.0"
"HydrologyCycle","Runoff","CARDAMOM","MIROC-ES2L","Overall Score","MeanState","global","score","1","0.57879","75.0"
"HydrologyCycle","Runoff","CARDAMOM","ENSEMBLE-CMIP6","Benchmark Period Mean (intersection)","MeanState","global","scalar","mm d-1","0.953236","75.0"
"HydrologyCycle","Runoff","CARDAMOM","ENSEMBLE-CMIP6","Benchmark Period Mean (complement)","MeanState","global","scalar","mm d-1","nan","75.0"
"HydrologyCycle","Runoff","CARDAMOM","ENSEMBLE-CMIP6","Period Mean (original grids)","MeanState","global","scalar","mm d-1","0.876732","75.0"
"HydrologyCycle","Runoff","CARDAMOM","ENSEMBLE-CMIP6","Model Period Mean (intersection)","MeanState","global","scalar","mm d-1","0.839141","75.0"
"HydrologyCycle","Runoff","CARDAMOM","ENSEMBLE-CMIP6","Model Period Mean (complement)","MeanState","global","scalar","mm d-1","1.13268","75.0"
"HydrologyCycle","Runoff","CARDAMOM","ENSEMBLE-CMIP6","Spatial Distribution Score","MeanState","global","score","1","0.889279","75.0"
"HydrologyCycle","Runoff","CARDAMOM","ENSEMBLE-CMIP6","Phase Shift","MeanState","global","scalar","months","1.52773","75.0"
"HydrologyCycle","Runoff","CARDAMOM","ENSEMBLE-CMIP6","Seasonal Cycle Score","MeanState","global","score","1","0.83941","75.0"
"HydrologyCycle","Runoff","CARDAMOM","ENSEMBLE-CMIP6","Bias","MeanState","global","scalar","mm d-1","-0.127188","75.0"
"HydrologyCycle","Runoff","CARDAMOM","ENSEMBLE-CMIP6","Bias Score","MeanState","global","score","1","0.589638","75.0"
"HydrologyCycle","Runoff","CARDAMOM","ENSEMBLE-CMIP6","RMSE","MeanState","global","scalar","mm d-1","0.766807","75.0"
"HydrologyCycle","Runoff","CARDAMOM","ENSEMBLE-CMIP6","RMSE Score","MeanState","global","score","1","0.534568","75.0"
"HydrologyCycle","Runoff","CARDAMOM","ENSEMBLE-CMIP6","Overall Score","MeanState","global","score","1","0.677493","75.0"
"HydrologyCycle","SurfaceSoilMoisture","CARDAMOM","CESM2","Benchmark Period Mean (intersection)","MeanState","global","scalar","kg m-2","33.2378","45.0"
"HydrologyCycle","SurfaceSoilMoisture","CARDAMOM","CESM2","Benchmark Period Mean (complement)","MeanState","global","scalar","kg m-2","35.3035","45.0"
"HydrologyCycle","SurfaceSoilMoisture","CARDAMOM","CESM2","Period Mean (original grids)","MeanState","global","scalar","kg m-2","27.9761","45.0"
"HydrologyCycle","SurfaceSoilMoisture","CARDAMOM","CESM2","Model Period Mean (intersection)","MeanState","global","scalar","kg m-2","30.2528","45.0"
"HydrologyCycle","SurfaceSoilMoisture","CARDAMOM","CESM2","Model Period Mean (complement)","MeanState","global","scalar","kg m-2","31.1704","45.0"
"HydrologyCycle","SurfaceSoilMoisture","CARDAMOM","CESM2","Spatial Distribution Score","MeanState","global","score","1","0.862511","45.0"
"HydrologyCycle","SurfaceSoilMoisture","CARDAMOM","CESM2","Phase Shift","MeanState","global","scalar","months","2.12831","45.0"
"HydrologyCycle","SurfaceSoilMoisture","CARDAMOM","CESM2","Seasonal Cycle Score","MeanState","global","score","1","0.686742","45.0"
"HydrologyCycle","SurfaceSoilMoisture","CARDAMOM","CESM2","Bias","MeanState","global","scalar","kg m-2","-2.97143","45.0"
"HydrologyCycle","SurfaceSoilMoisture","CARDAMOM","CESM2","Bias Score","MeanState","global","score","1","0.165746","45.0"
"HydrologyCycle","SurfaceSoilMoisture","CARDAMOM","CESM2","RMSE","MeanState","global","scalar","kg m-2","19.4317","45.0"
"HydrologyCycle","SurfaceSoilMoisture","CARDAMOM","CESM2","RMSE Score","MeanState","global","score","1","0.389992","45.0"
"HydrologyCycle","SurfaceSoilMoisture","CARDAMOM","CESM2","Overall Score","MeanState","global","score","1","0.498997","45.0"
"HydrologyCycle","SurfaceSoilMoisture","CARDAMOM","GFDL_ESM4","Benchmark Period Mean (intersection)","MeanState","global","scalar","kg m-2","33.3282","45.0"
"HydrologyCycle","SurfaceSoilMoisture","CARDAMOM","GFDL_ESM4","Benchmark Period Mean (complement)","MeanState","global","scalar","kg m-2","nan","45.0"
"HydrologyCycle","SurfaceSoilMoisture","CARDAMOM","GFDL_ESM4","Period Mean (original grids)","MeanState","global","scalar","kg m-2","22.3416","45.0"
"HydrologyCycle","SurfaceSoilMoisture","CARDAMOM","GFDL_ESM4","Model Period Mean (intersection)","MeanState","global","scalar","kg m-2","23.4852","45.0"
"HydrologyCycle","SurfaceSoilMoisture","CARDAMOM","GFDL_ESM4","Model Period Mean (complement)","MeanState","global","scalar","kg m-2","21.6139","45.0"
"HydrologyCycle","SurfaceSoilMoisture","CARDAMOM","GFDL_ESM4","Spatial Distribution Score","MeanState","global","score","1","0.578293","45.0"
"HydrologyCycle","SurfaceSoilMoisture","CARDAMOM","GFDL_ESM4","Phase Shift","MeanState","global","scalar","months","2.42425","45.0"
"HydrologyCycle","SurfaceSoilMoisture","CARDAMOM","GFDL_ESM4","Seasonal Cycle Score","MeanState","global","score","1","0.627674","45.0"
"HydrologyCycle","SurfaceSoilMoisture","CARDAMOM","GFDL_ESM4","Bias","MeanState","global","scalar","kg m-2","-9.85182","45.0"
"HydrologyCycle","SurfaceSoilMoisture","CARDAMOM","GFDL_ESM4","Bias Score","MeanState","global","score","1","0.167918","45.0"
"HydrologyCycle","SurfaceSoilMoisture","CARDAMOM","GFDL_ESM4","RMSE","MeanState","global","scalar","kg m-2","17.9672","45.0"
"HydrologyCycle","SurfaceSoilMoisture","CARDAMOM","GFDL_ESM4","RMSE Score","MeanState","global","score","1","0.429764","45.0"
"HydrologyCycle","SurfaceSoilMoisture","CARDAMOM","GFDL_ESM4","Overall Score","MeanState","global","score","1","0.446683","45.0"
"HydrologyCycle","SurfaceSoilMoisture","CARDAMOM","UKESM1-0-LL","Benchmark Period Mean (intersection)","MeanState","global","scalar","kg m-2","33.2887","45.0"
"HydrologyCycle","SurfaceSoilMoisture","CARDAMOM","UKESM1-0-LL","Benchmark Period Mean (complement)","MeanState","global","scalar","kg m-2","33.9286","45.0"
"HydrologyCycle","SurfaceSoilMoisture","CARDAMOM","UKESM1-0-LL","Period Mean (original grids)","MeanState","global","scalar","kg m-2","19.9474","45.0"
"HydrologyCycle","SurfaceSoilMoisture","CARDAMOM","UKESM1-0-LL","Model Period Mean (intersection)","MeanState","global","scalar","kg m-2","20.9869","45.0"
"HydrologyCycle","SurfaceSoilMoisture","CARDAMOM","UKESM1-0-LL","Model Period Mean (complement)","MeanState","global","scalar","kg m-2","18.9366","45.0"
"HydrologyCycle","SurfaceSoilMoisture","CARDAMOM","UKESM1-0-LL","Spatial Distribution Score","MeanState","global","score","1","0.79167","45.0"
"HydrologyCycle","SurfaceSoilMoisture","CARDAMOM","UKESM1-0-LL","Phase Shift","MeanState","global","scalar","months","2.56603","45.0"
"HydrologyCycle","SurfaceSoilMoisture","CARDAMOM","UKESM1-0-LL","Seasonal Cycle Score","MeanState","global","score","1","0.605369","45.0"
"HydrologyCycle","SurfaceSoilMoisture","CARDAMOM","UKESM1-0-LL","Bias","MeanState","global","scalar","kg m-2","-12.3036","45.0"
"HydrologyCycle","SurfaceSoilMoisture","CARDAMOM","UKESM1-0-LL","Bias Score","MeanState","global","score","1","0.156121","45.0"
"HydrologyCycle","SurfaceSoilMoisture","CARDAMOM","UKESM1-0-LL","RMSE","MeanState","global","scalar","kg m-2","20.5863","45.0"
"HydrologyCycle","SurfaceSoilMoisture","CARDAMOM","UKESM1-0-LL","RMSE Score","MeanState","global","score","1","0.380097","45.0"
"HydrologyCycle","SurfaceSoilMoisture","CARDAMOM","UKESM1-0-LL","Overall Score","MeanState","global","score","1","0.462671","45.0"
"HydrologyCycle","SurfaceSoilMoisture","CARDAMOM","GISS-E2-1-G","Benchmark Period Mean (intersection)","MeanState","global","scalar","kg m-2","33.2816","45.0"
"HydrologyCycle","SurfaceSoilMoisture","CARDAMOM","GISS-E2-1-G","Benchmark Period Mean (complement)","MeanState","global","scalar","kg m-2","nan","45.0"
"HydrologyCycle","SurfaceSoilMoisture","CARDAMOM","GISS-E2-1-G","Period Mean (original grids)","MeanState","global","scalar","kg m-2","19.1962","45.0"
"HydrologyCycle","SurfaceSoilMoisture","CARDAMOM","GISS-E2-1-G","Model Period Mean (intersection)","MeanState","global","scalar","kg m-2","20.2302","45.0"
"HydrologyCycle","SurfaceSoilMoisture","CARDAMOM","GISS-E2-1-G","Model Period Mean (complement)","MeanState","global","scalar","kg m-2","7.14811","45.0"
"HydrologyCycle","SurfaceSoilMoisture","CARDAMOM","GISS-E2-1-G","Spatial Distribution Score","MeanState","global","score","1","0.658339","45.0"
"HydrologyCycle","SurfaceSoilMoisture","CARDAMOM","GISS-E2-1-G","Phase Shift","MeanState","global","scalar","months","2.15105","45.0"
"HydrologyCycle","SurfaceSoilMoisture","CARDAMOM","GISS-E2-1-G","Seasonal Cycle Score","MeanState","global","score","1","0.681016","45.0"
"HydrologyCycle","SurfaceSoilMoisture","CARDAMOM","GISS-E2-1-G","Bias","MeanState","global","scalar","kg m-2","-13.0514","45.0"
"HydrologyCycle","SurfaceSoilMoisture","CARDAMOM","GISS-E2-1-G","Bias Score","MeanState","global","score","1","0.160094","45.0"
"HydrologyCycle","SurfaceSoilMoisture","CARDAMOM","GISS-E2-1-G","RMSE","MeanState","global","scalar","kg m-2","20.324","45.0"
"HydrologyCycle","SurfaceSoilMoisture","CARDAMOM","GISS-E2-1-G","RMSE Score","MeanState","global","score","1","0.422671","45.0"
"HydrologyCycle","SurfaceSoilMoisture","CARDAMOM","GISS-E2-1-G","Overall Score","MeanState","global","score","1","0.468958","45.0"
"HydrologyCycle","SurfaceSoilMoisture","CARDAMOM","BCC-CSM2-MR","Benchmark Period Mean (intersection)","MeanState","global","scalar","kg m-2","33.2599","45.0"
"HydrologyCycle","SurfaceSoilMoisture","CARDAMOM","BCC-CSM2-MR","Benchmark Period Mean (complement)","MeanState","global","scalar","kg m-2","35.2138","45.0"
"HydrologyCycle","SurfaceSoilMoisture","CARDAMOM","BCC-CSM2-MR","Period Mean (original grids)","MeanState","global","scalar","kg m-2","16.3502","45.0"
"HydrologyCycle","SurfaceSoilMoisture","CARDAMOM","BCC-CSM2-MR","Model Period Mean (intersection)","MeanState","global","scalar","kg m-2","16.3002","45.0"
"HydrologyCycle","SurfaceSoilMoisture","CARDAMOM","BCC-CSM2-MR","Model Period Mean (complement)","MeanState","global","scalar","kg m-2","20.4749","45.0"
"HydrologyCycle","SurfaceSoilMoisture","CARDAMOM","BCC-CSM2-MR","Spatial Distribution Score","MeanState","global","score","1","0.40437","45.0"
"HydrologyCycle","SurfaceSoilMoisture","CARDAMOM","BCC-CSM2-MR","Phase Shift","MeanState","global","scalar","months","2.22156","45.0"
"HydrologyCycle","SurfaceSoilMoisture","CARDAMOM","BCC-CSM2-MR","Seasonal Cycle Score","MeanState","global","score","1","0.673197","45.0"
"HydrologyCycle","SurfaceSoilMoisture","CARDAMOM","BCC-CSM2-MR","Bias","MeanState","global","scalar","kg m-2","-16.9351","45.0"
"HydrologyCycle","SurfaceSoilMoisture","CARDAMOM","BCC-CSM2-MR","Bias Score","MeanState","global","score","1","0.171178","45.0"
"HydrologyCycle","SurfaceSoilMoisture","CARDAMOM","BCC-CSM2-MR","RMSE","MeanState","global","scalar","kg m-2","20.7811","45.0"
"HydrologyCycle","SurfaceSoilMoisture","CARDAMOM","BCC-CSM2-MR","RMSE Score","MeanState","global","score","1","0.441108","45.0"
"HydrologyCycle","SurfaceSoilMoisture","CARDAMOM","BCC-CSM2-MR","Overall Score","MeanState","global","score","1","0.426192","45.0"
"HydrologyCycle","SurfaceSoilMoisture","CARDAMOM","NorESM2-LM","Benchmark Period Mean (intersection)","MeanState","global","scalar","kg m-2","33.298","45.0"
"HydrologyCycle","SurfaceSoilMoisture","CARDAMOM","NorESM2-LM","Benchmark Period Mean (complement)","MeanState","global","scalar","kg m-2","nan","45.0"
"HydrologyCycle","SurfaceSoilMoisture","CARDAMOM","NorESM2-LM","Period Mean (original grids)","MeanState","global","scalar","kg m-2","26.7742","45.0"
"HydrologyCycle","SurfaceSoilMoisture","CARDAMOM","NorESM2-LM","Model Period Mean (intersection)","MeanState","global","scalar","kg m-2","29.9941","45.0"
"HydrologyCycle","SurfaceSoilMoisture","CARDAMOM","NorESM2-LM","Model Period Mean (complement)","MeanState","global","scalar","kg m-2","28.2571","45.0"
"HydrologyCycle","SurfaceSoilMoisture","CARDAMOM","NorESM2-LM","Spatial Distribution Score","MeanState","global","score","1","0.852263","45.0"
"HydrologyCycle","SurfaceSoilMoisture","CARDAMOM","NorESM2-LM","Phase Shift","MeanState","global","scalar","months","2.17248","45.0"
"HydrologyCycle","SurfaceSoilMoisture","CARDAMOM","NorESM2-LM","Seasonal Cycle Score","MeanState","global","score","1","0.679322","45.0"
"HydrologyCycle","SurfaceSoilMoisture","CARDAMOM","NorESM2-LM","Bias","MeanState","global","scalar","kg m-2","-3.64157","45.0"
"HydrologyCycle","SurfaceSoilMoisture","CARDAMOM","NorESM2-LM","Bias Score","MeanState","global","score","1","0.160975","45.0"
"HydrologyCycle","SurfaceSoilMoisture","CARDAMOM","NorESM2-LM","RMSE","MeanState","global","scalar","kg m-2","20.0652","45.0"
"HydrologyCycle","SurfaceSoilMoisture","CARDAMOM","NorESM2-LM","RMSE Score","MeanState","global","score","1","0.396667","45.0"
"HydrologyCycle","SurfaceSoilMoisture","CARDAMOM","NorESM2-LM","Overall Score","MeanState","global","score","1","0.497179","45.0"
"HydrologyCycle","SurfaceSoilMoisture","CARDAMOM","MPI-ESM1-2-LR","Benchmark Period Mean (intersection)","MeanState","global","scalar","kg m-2","33.1051","45.0"
"HydrologyCycle","SurfaceSoilMoisture","CARDAMOM","MPI-ESM1-2-LR","Benchmark Period Mean (complement)","MeanState","global","scalar","kg m-2","34.9759","45.0"
"HydrologyCycle","SurfaceSoilMoisture","CARDAMOM","MPI-ESM1-2-LR","Period Mean (original grids)","MeanState","global","scalar","kg m-2","17.7576","45.0"
"HydrologyCycle","SurfaceSoilMoisture","CARDAMOM","MPI-ESM1-2-LR","Model Period Mean (intersection)","MeanState","global","scalar","kg m-2","18.6629","45.0"
"HydrologyCycle","SurfaceSoilMoisture","CARDAMOM","MPI-ESM1-2-LR","Model Period Mean (complement)","MeanState","global","scalar","kg m-2","11.9862","45.0"
"HydrologyCycle","SurfaceSoilMoisture","CARDAMOM","MPI-ESM1-2-LR","Spatial Distribution Score","MeanState","global","score","1","0.556015","45.0"
"HydrologyCycle","SurfaceSoilMoisture","CARDAMOM","MPI-ESM1-2-LR","Phase Shift","MeanState","global","scalar","months","2.28464","45.0"
"HydrologyCycle","SurfaceSoilMoisture","CARDAMOM","MPI-ESM1-2-LR","Seasonal Cycle Score","MeanState","global","score","1","0.658271","45.0"
"HydrologyCycle","SurfaceSoilMoisture","CARDAMOM","MPI-ESM1-2-LR","Bias","MeanState","global","scalar","kg m-2","-14.5198","45.0"
"HydrologyCycle","SurfaceSoilMoisture","CARDAMOM","MPI-ESM1-2-LR","Bias Score","MeanState","global","score","1","0.170865","45.0"
"HydrologyCycle","SurfaceSoilMoisture","CARDAMOM","MPI-ESM1-2-LR","RMSE","MeanState","global","scalar","kg m-2","19.3329","45.0"
"HydrologyCycle","SurfaceSoilMoisture","CARDAMOM","MPI-ESM1-2-LR","RMSE Score","MeanState","global","score","1","0.462693","45.0"
"HydrologyCycle","SurfaceSoilMoisture","CARDAMOM","MPI-ESM1-2-LR","Overall Score","MeanState","global","score","1","0.462108","45.0"
"HydrologyCycle","SurfaceSoilMoisture","CARDAMOM","CanESM5","Benchmark Period Mean (intersection)","MeanState","global","scalar","kg m-2","33.3569","45.0"
"HydrologyCycle","SurfaceSoilMoisture","CARDAMOM","CanESM5","Benchmark Period Mean (complement)","MeanState","global","scalar","kg m-2","nan","45.0"
"HydrologyCycle","SurfaceSoilMoisture","CARDAMOM","CanESM5","Period Mean (original grids)","MeanState","global","scalar","kg m-2","20.5592","45.0"
"HydrologyCycle","SurfaceSoilMoisture","CARDAMOM","CanESM5","Model Period Mean (intersection)","MeanState","global","scalar","kg m-2","20.5361","45.0"
"HydrologyCycle","SurfaceSoilMoisture","CARDAMOM","CanESM5","Model Period Mean (complement)","MeanState","global","scalar","kg m-2","30.8689","45.0"
"HydrologyCycle","SurfaceSoilMoisture","CARDAMOM","CanESM5","Spatial Distribution Score","MeanState","global","score","1","0.803985","45.0"
"HydrologyCycle","SurfaceSoilMoisture","CARDAMOM","CanESM5","Phase Shift","MeanState","global","scalar","months","2.58832","45.0"
"HydrologyCycle","SurfaceSoilMoisture","CARDAMOM","CanESM5","Seasonal Cycle Score","MeanState","global","score","1","0.595505","45.0"
"HydrologyCycle","SurfaceSoilMoisture","CARDAMOM","CanESM5","Bias","MeanState","global","scalar","kg m-2","-12.9903","45.0"
"HydrologyCycle","SurfaceSoilMoisture","CARDAMOM","CanESM5","Bias Score","MeanState","global","score","1","0.157756","45.0"
"HydrologyCycle","SurfaceSoilMoisture","CARDAMOM","CanESM5","RMSE","MeanState","global","scalar","kg m-2","21.267","45.0"
"HydrologyCycle","SurfaceSoilMoisture","CARDAMOM","CanESM5","RMSE Score","MeanState","global","score","1","0.344083","45.0"
"HydrologyCycle","SurfaceSoilMoisture","CARDAMOM","CanESM5","Overall Score","MeanState","global","score","1","0.449082","45.0"
"HydrologyCycle","SurfaceSoilMoisture","CARDAMOM","ACCESS-ESM1-5","Benchmark Period Mean (intersection)","MeanState","global","scalar","kg m-2","33.2548","45.0"
"HydrologyCycle","SurfaceSoilMoisture","CARDAMOM","ACCESS-ESM1-5","Benchmark Period Mean (complement)","MeanState","global","scalar","kg m-2","36.0216","45.0"
"HydrologyCycle","SurfaceSoilMoisture","CARDAMOM","ACCESS-ESM1-5","Period Mean (original grids)","MeanState","global","scalar","kg m-2","19.4128","45.0"
"HydrologyCycle","SurfaceSoilMoisture","CARDAMOM","ACCESS-ESM1-5","Model Period Mean (intersection)","MeanState","global","scalar","kg m-2","20.0112","45.0"
"HydrologyCycle","SurfaceSoilMoisture","CARDAMOM","ACCESS-ESM1-5","Model Period Mean (complement)","MeanState","global","scalar","kg m-2","22.2323","45.0"
"HydrologyCycle","SurfaceSoilMoisture","CARDAMOM","ACCESS-ESM1-5","Spatial Distribution Score","MeanState","global","score","1","0.543158","45.0"
"HydrologyCycle","SurfaceSoilMoisture","CARDAMOM","ACCESS-ESM1-5","Phase Shift","MeanState","global","scalar","months","2.61741","45.0"
"HydrologyCycle","SurfaceSoilMoisture","CARDAMOM","ACCESS-ESM1-5","Seasonal Cycle Score","MeanState","global","score","1","0.588859","45.0"
"HydrologyCycle","SurfaceSoilMoisture","CARDAMOM","ACCESS-ESM1-5","Bias","MeanState","global","scalar","kg m-2","-13.1294","45.0"
"HydrologyCycle","SurfaceSoilMoisture","CARDAMOM","ACCESS-ESM1-5","Bias Score","MeanState","global","score","1","0.170739","45.0"
"HydrologyCycle","SurfaceSoilMoisture","CARDAMOM","ACCESS-ESM1-5","RMSE","MeanState","global","scalar","kg m-2","19.3183","45.0"
"HydrologyCycle","SurfaceSoilMoisture","CARDAMOM","ACCESS-ESM1-5","RMSE Score","MeanState","global","score","1","0.436559","45.0"
"HydrologyCycle","SurfaceSoilMoisture","CARDAMOM","ACCESS-ESM1-5","Overall Score","MeanState","global","score","1","0.435175","45.0"
"HydrologyCycle","SurfaceSoilMoisture","CARDAMOM","MIROC-ES2L","Benchmark Period Mean (intersection)","MeanState","global","scalar","kg m-2","33.3411","45.0"
"HydrologyCycle","SurfaceSoilMoisture","CARDAMOM","MIROC-ES2L","Benchmark Period Mean (complement)","MeanState","global","scalar","kg m-2","39.9168","45.0"
"HydrologyCycle","SurfaceSoilMoisture","CARDAMOM","MIROC-ES2L","Period Mean (original grids)","MeanState","global","scalar","kg m-2","23.4064","45.0"
"HydrologyCycle","SurfaceSoilMoisture","CARDAMOM","MIROC-ES2L","Model Period Mean (intersection)","MeanState","global","scalar","kg m-2","24.7357","45.0"
"HydrologyCycle","SurfaceSoilMoisture","CARDAMOM","MIROC-ES2L","Model Period Mean (complement)","MeanState","global","scalar","kg m-2","26.0704","45.0"
"HydrologyCycle","SurfaceSoilMoisture","CARDAMOM","MIROC-ES2L","Spatial Distribution Score","MeanState","global","score","1","0.665311","45.0"
"HydrologyCycle","SurfaceSoilMoisture","CARDAMOM","MIROC-ES2L","Phase Shift","MeanState","global","scalar","months","2.03879","45.0"
"HydrologyCycle","SurfaceSoilMoisture","CARDAMOM","MIROC-ES2L","Seasonal Cycle Score","MeanState","global","score","1","0.701053","45.0"
"HydrologyCycle","SurfaceSoilMoisture","CARDAMOM","MIROC-ES2L","Bias","MeanState","global","scalar","kg m-2","-8.67357","45.0"
"HydrologyCycle","SurfaceSoilMoisture","CARDAMOM","MIROC-ES2L","Bias Score","MeanState","global","score","1","0.166991","45.0"
"HydrologyCycle","SurfaceSoilMoisture","CARDAMOM","MIROC-ES2L","RMSE","MeanState","global","scalar","kg m-2","17.9086","45.0"
"HydrologyCycle","SurfaceSoilMoisture","CARDAMOM","MIROC-ES2L","RMSE Score","MeanState","global","score","1","0.436876","45.0"
"HydrologyCycle","SurfaceSoilMoisture","CARDAMOM","MIROC-ES2L","Overall Score","MeanState","global","score","1","0.481421","45.0"
"HydrologyCycle","SurfaceSoilMoisture","CARDAMOM","ENSEMBLE-CMIP6","Benchmark Period Mean (intersection)","MeanState","global","scalar","kg m-2","33.3202","45.0"
"HydrologyCycle","SurfaceSoilMoisture","CARDAMOM","ENSEMBLE-CMIP6","Benchmark Period Mean (complement)","MeanState","global","scalar","kg m-2","nan","45.0"
"HydrologyCycle","SurfaceSoilMoisture","CARDAMOM","ENSEMBLE-CMIP6","Period Mean (original grids)","MeanState","global","scalar","kg m-2","22.3889","45.0"
"HydrologyCycle","SurfaceSoilMoisture","CARDAMOM","ENSEMBLE-CMIP6","Model Period Mean (intersection)","MeanState","global","scalar","kg m-2","22.263","45.0"
"HydrologyCycle","SurfaceSoilMoisture","CARDAMOM","ENSEMBLE-CMIP6","Model Period Mean (complement)","MeanState","global","scalar","kg m-2","21.7295","45.0"
"HydrologyCycle","SurfaceSoilMoisture","CARDAMOM","ENSEMBLE-CMIP6","Spatial Distribution Score","MeanState","global","score","1","0.59581","45.0"
"HydrologyCycle","SurfaceSoilMoisture","CARDAMOM","ENSEMBLE-CMIP6","Phase Shift","MeanState","global","scalar","months","2.16004","45.0"
"HydrologyCycle","SurfaceSoilMoisture","CARDAMOM","ENSEMBLE-CMIP6","Seasonal Cycle Score","MeanState","global","score","1","0.687357","45.0"
"HydrologyCycle","SurfaceSoilMoisture","CARDAMOM","ENSEMBLE-CMIP6","Bias","MeanState","global","scalar","kg m-2","-11.1803","45.0"
"HydrologyCycle","SurfaceSoilMoisture","CARDAMOM","ENSEMBLE-CMIP6","Bias Score","MeanState","global","score","1","0.161645","45.0"
"HydrologyCycle","SurfaceSoilMoisture","CARDAMOM","ENSEMBLE-CMIP6","RMSE","MeanState","global","scalar","kg m-2","18.6086","45.0"
"HydrologyCycle","SurfaceSoilMoisture","CARDAMOM","ENSEMBLE-CMIP6","RMSE Score","MeanState","global","score","1","0.440591","45.0"
"HydrologyCycle","SurfaceSoilMoisture","CARDAMOM","ENSEMBLE-CMIP6","Overall Score","MeanState","global","score","1","0.465199","45.0"
"HydrologyCycle","Evapotranspiration","CARDAMOM","CESM2","Benchmark Period Mean (intersection)","MeanState","global","scalar","mm d-1","1.5035","75.0"
"HydrologyCycle","Evapotranspiration","CARDAMOM","CESM2","Benchmark Period Mean (complement)","MeanState","global","scalar","mm d-1","nan","75.0"
"HydrologyCycle","Evapotranspiration","CARDAMOM","CESM2","Period Mean (original grids)","MeanState","global","scalar","mm d-1","1.81043","75.0"
"HydrologyCycle","Evapotranspiration","CARDAMOM","CESM2","Model Period Mean (intersection)","MeanState","global","scalar","mm d-1","1.61725","75.0"
"HydrologyCycle","Evapotranspiration","CARDAMOM","CESM2","Model Period Mean (complement)","MeanState","global","scalar","mm d-1","2.46201","75.0"
"HydrologyCycle","Evapotranspiration","CARDAMOM","CESM2","Spatial Distribution Score","MeanState","global","score","1","0.926421","75.0"
"HydrologyCycle","Evapotranspiration","CARDAMOM","CESM2","Phase Shift","MeanState","global","scalar","months","1.5901","75.0"
"HydrologyCycle","Evapotranspiration","CARDAMOM","CESM2","Seasonal Cycle Score","MeanState","global","score","1","0.733212","75.0"
"HydrologyCycle","Evapotranspiration","CARDAMOM","CESM2","Bias","MeanState","global","scalar","mm d-1","0.117228","75.0"
"HydrologyCycle","Evapotranspiration","CARDAMOM","CESM2","Bias Score","MeanState","global","score","1","0.534061","75.0"
"HydrologyCycle","Evapotranspiration","CARDAMOM","CESM2","RMSE","MeanState","global","scalar","mm d-1","0.815852","75.0"
"HydrologyCycle","Evapotranspiration","CARDAMOM","CESM2","RMSE Score","MeanState","global","score","1","0.497279","75.0"
"HydrologyCycle","Evapotranspiration","CARDAMOM","CESM2","Overall Score","MeanState","global","score","1","0.63765","75.0"
"HydrologyCycle","Evapotranspiration","CARDAMOM","CESM2","Precipitation|CARDAMOM Hellinger Distance","Relationships","global","scalar","1","0.788609","75.0"
"HydrologyCycle","Evapotranspiration","CARDAMOM","CESM2","Precipitation|CARDAMOM Score","Relationships","global","score","1","0.81972","75.0"
"HydrologyCycle","Evapotranspiration","CARDAMOM","CESM2","SurfaceDownwardSWRadiation|CARDAMOM Hellinger Distance","Relationships","global","scalar","1","0.750784","75.0"
"HydrologyCycle","Evapotranspiration","CARDAMOM","CESM2","SurfaceDownwardSWRadiation|CARDAMOM Score","Relationships","global","score","1","0.755142","75.0"
"HydrologyCycle","Evapotranspiration","CARDAMOM","CESM2","SurfaceAirTemperature|CARDAMOM Hellinger Distance","Relationships","global","scalar","1","0.727528","75.0"
"HydrologyCycle","Evapotranspiration","CARDAMOM","CESM2","SurfaceAirTemperature|CARDAMOM Score","Relationships","global","score","1","0.75796","75.0"
"HydrologyCycle","Evapotranspiration","CARDAMOM","CESM2","Overall Score","Relationships","global","score","1","0.777607","75.0"
"HydrologyCycle","Evapotranspiration","CARDAMOM","GFDL_ESM4","Benchmark Period Mean (intersection)","MeanState","global","scalar","mm d-1","1.50709","75.0"
"HydrologyCycle","Evapotranspiration","CARDAMOM","GFDL_ESM4","Benchmark Period Mean (complement)","MeanState","global","scalar","mm d-1","nan","75.0"
"HydrologyCycle","Evapotranspiration","CARDAMOM","GFDL_ESM4","Period Mean (original grids)","MeanState","global","scalar","mm d-1","2.00284","75.0"
"HydrologyCycle","Evapotranspiration","CARDAMOM","GFDL_ESM4","Model Period Mean (intersection)","MeanState","global","scalar","mm d-1","1.83073","75.0"
"HydrologyCycle","Evapotranspiration","CARDAMOM","GFDL_ESM4","Model Period Mean (complement)","MeanState","global","scalar","mm d-1","2.32309","75.0"
"HydrologyCycle","Evapotranspiration","CARDAMOM","GFDL_ESM4","Spatial Distribution Score","MeanState","global","score","1","0.940648","75.0"
"HydrologyCycle","Evapotranspiration","CARDAMOM","GFDL_ESM4","Phase Shift","MeanState","global","scalar","months","1.71408","75.0"
"HydrologyCycle","Evapotranspiration","CARDAMOM","GFDL_ESM4","Seasonal Cycle Score","MeanState","global","score","1","0.705356","75.0"
"HydrologyCycle","Evapotranspiration","CARDAMOM","GFDL_ESM4","Bias","MeanState","global","scalar","mm d-1","0.321699","75.0"
"HydrologyCycle","Evapotranspiration","CARDAMOM","GFDL_ESM4","Bias Score","MeanState","global","score","1","0.527979","75.0"
"HydrologyCycle","Evapotranspiration","CARDAMOM","GFDL_ESM4","RMSE","MeanState","global","scalar","mm d-1","0.873492","75.0"
"HydrologyCycle","Evapotranspiration","CARDAMOM","GFDL_ESM4","RMSE Score","MeanState","global","score","1","0.442067","75.0"
"HydrologyCycle","Evapotranspiration","CARDAMOM","GFDL_ESM4","Overall Score","MeanState","global","score","1","0.611623","75.0"
"HydrologyCycle","Evapotranspiration","CARDAMOM","GFDL_ESM4","Precipitation|CARDAMOM Hellinger Distance","Relationships","global","scalar","1","0.800584","75.0"
"HydrologyCycle","Evapotranspiration","CARDAMOM","GFDL_ESM4","Precipitation|CARDAMOM Score","Relationships","global","score","1","0.827931","75.0"
"HydrologyCycle","Evapotranspiration","CARDAMOM","GFDL_ESM4","SurfaceDownwardSWRadiation|CARDAMOM Hellinger Distance","Relationships","global","scalar","1","0.685298","75.0"
"HydrologyCycle","Evapotranspiration","CARDAMOM","GFDL_ESM4","SurfaceDownwardSWRadiation|CARDAMOM Score","Relationships","global","score","1","0.717157","75.0"
"HydrologyCycle","Evapotranspiration","CARDAMOM","GFDL_ESM4","SurfaceAirTemperature|CARDAMOM Hellinger Distance","Relationships","global","scalar","1","0.736644","75.0"
"HydrologyCycle","Evapotranspiration","CARDAMOM","GFDL_ESM4","SurfaceAirTemperature|CARDAMOM Score","Relationships","global","score","1","0.746819","75.0"
"HydrologyCycle","Evapotranspiration","CARDAMOM","GFDL_ESM4","Overall Score","Relationships","global","score","1","0.763969","75.0"
"HydrologyCycle","Evapotranspiration","CARDAMOM","UKESM1-0-LL","Benchmark Period Mean (intersection)","MeanState","global","scalar","mm d-1","1.50393","75.0"
"HydrologyCycle","Evapotranspiration","CARDAMOM","UKESM1-0-LL","Benchmark Period Mean (complement)","MeanState","global","scalar","mm d-1","nan","75.0"
"HydrologyCycle","Evapotranspiration","CARDAMOM","UKESM1-0-LL","Period Mean (original grids)","MeanState","global","scalar","mm d-1","1.9226","75.0"
"HydrologyCycle","Evapotranspiration","CARDAMOM","UKESM1-0-LL","Model Period Mean (intersection)","MeanState","global","scalar","mm d-1","1.73233","75.0"
"HydrologyCycle","Evapotranspiration","CARDAMOM","UKESM1-0-LL","Model Period Mean (complement)","MeanState","global","scalar","mm d-1","2.45023","75.0"
"HydrologyCycle","Evapotranspiration","CARDAMOM","UKESM1-0-LL","Spatial Distribution Score","MeanState","global","score","1","0.904971","75.0"
"HydrologyCycle","Evapotranspiration","CARDAMOM","UKESM1-0-LL","Phase Shift","MeanState","global","scalar","months","1.5855","75.0"
"HydrologyCycle","Evapotranspiration","CARDAMOM","UKESM1-0-LL","Seasonal Cycle Score","MeanState","global","score","1","0.722208","75.0"
"HydrologyCycle","Evapotranspiration","CARDAMOM","UKESM1-0-LL","Bias","MeanState","global","scalar","mm d-1","0.230459","75.0"
"HydrologyCycle","Evapotranspiration","CARDAMOM","UKESM1-0-LL","Bias Score","MeanState","global","score","1","0.517479","75.0"
"HydrologyCycle","Evapotranspiration","CARDAMOM","UKESM1-0-LL","RMSE","MeanState","global","scalar","mm d-1","0.848165","75.0"
"HydrologyCycle","Evapotranspiration","CARDAMOM","UKESM1-0-LL","RMSE Score","MeanState","global","score","1","0.481804","75.0"
"HydrologyCycle","Evapotranspiration","CARDAMOM","UKESM1-0-LL","Overall Score","MeanState","global","score","1","0.621653","75.0"
"HydrologyCycle","Evapotranspiration","CARDAMOM","UKESM1-0-LL","Precipitation|CARDAMOM Hellinger Distance","Relationships","global","scalar","1","0.796818","75.0"
"HydrologyCycle","Evapotranspiration","CARDAMOM","UKESM1-0-LL","Precipitation|CARDAMOM Score","Relationships","global","score","1","0.816831","75.0"
"HydrologyCycle","Evapotranspiration","CARDAMOM","UKESM1-0-LL","SurfaceDownwardSWRadiation|CARDAMOM Hellinger Distance","Relationships","global","scalar","1","0.750338","75.0"
"HydrologyCycle","Evapotranspiration","CARDAMOM","UKESM1-0-LL","SurfaceDownwardSWRadiation|CARDAMOM Score","Relationships","global","score","1","0.61846","75.0"
"HydrologyCycle","Evapotranspiration","CARDAMOM","UKESM1-0-LL","SurfaceAirTemperature|CARDAMOM Hellinger Distance","Relationships","global","scalar","1","0.735651","75.0"
"HydrologyCycle","Evapotranspiration","CARDAMOM","UKESM1-0-LL","SurfaceAirTemperature|CARDAMOM Score","Relationships","global","score","1","0.740569","75.0"
"HydrologyCycle","Evapotranspiration","CARDAMOM","UKESM1-0-LL","Overall Score","Relationships","global","score","1","0.725287","75.0"
"HydrologyCycle","Evapotranspiration","CARDAMOM","CanESM5","Benchmark Period Mean (intersection)","MeanState","global","scalar","mm d-1","1.50989","75.0"
"HydrologyCycle","Evapotranspiration","CARDAMOM","CanESM5","Benchmark Period Mean (complement)","MeanState","global","scalar","mm d-1","nan","75.0"
"HydrologyCycle","Evapotranspiration","CARDAMOM","CanESM5","Period Mean (original grids)","MeanState","global","scalar","mm d-1","2.03566","75.0"
"HydrologyCycle","Evapotranspiration","CARDAMOM","CanESM5","Model Period Mean (intersection)","MeanState","global","scalar","mm d-1","1.83244","75.0"
"HydrologyCycle","Evapotranspiration","CARDAMOM","CanESM5","Model Period Mean (complement)","MeanState","global","scalar","mm d-1","2.40579","75.0"
"HydrologyCycle","Evapotranspiration","CARDAMOM","CanESM5","Spatial Distribution Score","MeanState","global","score","1","0.891799","75.0"
"HydrologyCycle","Evapotranspiration","CARDAMOM","CanESM5","Phase Shift","MeanState","global","scalar","months","1.76442","75.0"
"HydrologyCycle","Evapotranspiration","CARDAMOM","CanESM5","Seasonal Cycle Score","MeanState","global","score","1","0.705321","75.0"
"HydrologyCycle","Evapotranspiration","CARDAMOM","CanESM5","Bias","MeanState","global","scalar","mm d-1","0.326079","75.0"
"HydrologyCycle","Evapotranspiration","CARDAMOM","CanESM5","Bias Score","MeanState","global","score","1","0.466562","75.0"
"HydrologyCycle","Evapotranspiration","CARDAMOM","CanESM5","RMSE","MeanState","global","scalar","mm d-1","1.02618","75.0"
"HydrologyCycle","Evapotranspiration","CARDAMOM","CanESM5","RMSE Score","MeanState","global","score","1","0.41162","75.0"
"HydrologyCycle","Evapotranspiration","CARDAMOM","CanESM5","Overall Score","MeanState","global","score","1","0.577384","75.0"
"HydrologyCycle","Evapotranspiration","CARDAMOM","CanESM5","Precipitation|CARDAMOM Hellinger Distance","Relationships","global","scalar","1","0.787358","75.0"
"HydrologyCycle","Evapotranspiration","CARDAMOM","CanESM5","Precipitation|CARDAMOM Score","Relationships","global","score","1","0.811008","75.0"
"HydrologyCycle","Evapotranspiration","CARDAMOM","CanESM5","SurfaceDownwardSWRadiation|CARDAMOM Hellinger Distance","Relationships","global","scalar","1","0.721795","75.0"
"HydrologyCycle","Evapotranspiration","CARDAMOM","CanESM5","SurfaceDownwardSWRadiation|CARDAMOM Score","Relationships","global","score","1","0.62762","75.0"
"HydrologyCycle","Evapotranspiration","CARDAMOM","CanESM5","SurfaceAirTemperature|CARDAMOM Hellinger Distance","Relationships","global","scalar","1","0.730947","75.0"
"HydrologyCycle","Evapotranspiration","CARDAMOM","CanESM5","SurfaceAirTemperature|CARDAMOM Score","Relationships","global","score","1","0.692964","75.0"
"HydrologyCycle","Evapotranspiration","CARDAMOM","CanESM5","Overall Score","Relationships","global","score","1","0.710531","75.0"
"HydrologyCycle","Evapotranspiration","CARDAMOM","MIROC-ES2L","Benchmark Period Mean (intersection)","MeanState","global","scalar","mm d-1","1.50989","75.0"
"HydrologyCycle","Evapotranspiration","CARDAMOM","MIROC-ES2L","Benchmark Period Mean (complement)","MeanState","global","scalar","mm d-1","nan","75.0"
"HydrologyCycle","Evapotranspiration","CARDAMOM","MIROC-ES2L","Period Mean (original grids)","MeanState","global","scalar","mm d-1","2.40394","75.0"
"HydrologyCycle","Evapotranspiration","CARDAMOM","MIROC-ES2L","Model Period Mean (intersection)","MeanState","global","scalar","mm d-1","2.19549","75.0"
"HydrologyCycle","Evapotranspiration","CARDAMOM","MIROC-ES2L","Model Period Mean (complement)","MeanState","global","scalar","mm d-1","2.5437","75.0"
"HydrologyCycle","Evapotranspiration","CARDAMOM","MIROC-ES2L","Spatial Distribution Score","MeanState","global","score","1","0.870875","75.0"
"HydrologyCycle","Evapotranspiration","CARDAMOM","MIROC-ES2L","Phase Shift","MeanState","global","scalar","months","1.62423","75.0"
"HydrologyCycle","Evapotranspiration","CARDAMOM","MIROC-ES2L","Seasonal Cycle Score","MeanState","global","score","1","0.718622","75.0"
"HydrologyCycle","Evapotranspiration","CARDAMOM","MIROC-ES2L","Bias","MeanState","global","scalar","mm d-1","0.688612","75.0"
"HydrologyCycle","Evapotranspiration","CARDAMOM","MIROC-ES2L","Bias Score","MeanState","global","score","1","0.41475","75.0"
"HydrologyCycle","Evapotranspiration","CARDAMOM","MIROC-ES2L","RMSE","MeanState","global","scalar","mm d-1","1.04959","75.0"
"HydrologyCycle","Evapotranspiration","CARDAMOM","MIROC-ES2L","RMSE Score","MeanState","global","score","1","0.496818","75.0"
"HydrologyCycle","Evapotranspiration","CARDAMOM","MIROC-ES2L","Overall Score","MeanState","global","score","1","0.599577","75.0"
"HydrologyCycle","Evapotranspiration","CARDAMOM","MIROC-ES2L","Precipitation|CARDAMOM Hellinger Distance","Relationships","global","scalar","1","0.789574","75.0"
"HydrologyCycle","Evapotranspiration","CARDAMOM","MIROC-ES2L","Precipitation|CARDAMOM Score","Relationships","global","score","1","0.728402","75.0"
"HydrologyCycle","Evapotranspiration","CARDAMOM","MIROC-ES2L","SurfaceDownwardSWRadiation|CARDAMOM Hellinger Distance","Relationships","global","scalar","1","0.720833","75.0"
"HydrologyCycle","Evapotranspiration","CARDAMOM","MIROC-ES2L","SurfaceDownwardSWRadiation|CARDAMOM Score","Relationships","global","score","1","0.647088","75.0"
"HydrologyCycle","Evapotranspiration","CARDAMOM","MIROC-ES2L","SurfaceAirTemperature|CARDAMOM Hellinger Distance","Relationships","global","scalar","1","0.709944","75.0"
"HydrologyCycle","Evapotranspiration","CARDAMOM","MIROC-ES2L","SurfaceAirTemperature|CARDAMOM Score","Relationships","global","score","1","0.605843","75.0"
"HydrologyCycle","Evapotranspiration","CARDAMOM","MIROC-ES2L","Overall Score","Relationships","global","score","1","0.660444","75.0"
"HydrologyCycle","Evapotranspiration","CARDAMOM","ENSEMBLE-CMIP6","Benchmark Period Mean (intersection)","MeanState","global","scalar","mm d-1","1.50647","75.0"
"HydrologyCycle","Evapotranspiration","CARDAMOM","ENSEMBLE-CMIP6","Benchmark Period Mean (complement)","MeanState","global","scalar","mm d-1","nan","75.0"
"HydrologyCycle","Evapotranspiration","CARDAMOM","ENSEMBLE-CMIP6","Period Mean (original grids)","MeanState","global","scalar","mm d-1","1.85983","75.0"
"HydrologyCycle","Evapotranspiration","CARDAMOM","ENSEMBLE-CMIP6","Model Period Mean (intersection)","MeanState","global","scalar","mm d-1","1.81856","75.0"
"HydrologyCycle","Evapotranspiration","CARDAMOM","ENSEMBLE-CMIP6","Model Period Mean (complement)","MeanState","global","scalar","mm d-1","2.41523","75.0"
"HydrologyCycle","Evapotranspiration","CARDAMOM","ENSEMBLE-CMIP6","Spatial Distribution Score","MeanState","global","score","1","0.930131","75.0"
"HydrologyCycle","Evapotranspiration","CARDAMOM","ENSEMBLE-CMIP6","Phase Shift","MeanState","global","scalar","months","1.56895","75.0"
"HydrologyCycle","Evapotranspiration","CARDAMOM","ENSEMBLE-CMIP6","Seasonal Cycle Score","MeanState","global","score","1","0.713503","75.0"
"HydrologyCycle","Evapotranspiration","CARDAMOM","ENSEMBLE-CMIP6","Bias","MeanState","global","scalar","mm d-1","0.313574","75.0"
"HydrologyCycle","Evapotranspiration","CARDAMOM","ENSEMBLE-CMIP6","Bias Score","MeanState","global","score","1","0.539515","75.0"
"HydrologyCycle","Evapotranspiration","CARDAMOM","ENSEMBLE-CMIP6","RMSE","MeanState","global","scalar","mm d-1","0.792644","75.0"
"HydrologyCycle","Evapotranspiration","CARDAMOM","ENSEMBLE-CMIP6","RMSE Score","MeanState","global","score","1","0.513535","75.0"
"HydrologyCycle","Evapotranspiration","CARDAMOM","ENSEMBLE-CMIP6","Overall Score","MeanState","global","score","1","0.642044","75.0"
"HydrologyCycle","Evapotranspiration","CARDAMOM","ENSEMBLE-CMIP6","Precipitation|CARDAMOM Hellinger Distance","Relationships","global","scalar","1","0.80325","75.0"
"HydrologyCycle","Evapotranspiration","CARDAMOM","ENSEMBLE-CMIP6","Precipitation|CARDAMOM Score","Relationships","global","score","1","0.83192","75.0"
"HydrologyCycle","Evapotranspiration","CARDAMOM","ENSEMBLE-CMIP6","SurfaceDownwardSWRadiation|CARDAMOM Hellinger Distance","Relationships","global","scalar","1","0.750892","75.0"
"HydrologyCycle","Evapotranspiration","CARDAMOM","ENSEMBLE-CMIP6","SurfaceDownwardSWRadiation|CARDAMOM Score","Relationships","global","score","1","0.68969","75.0"
"HydrologyCycle","Evapotranspiration","CARDAMOM","ENSEMBLE-CMIP6","SurfaceAirTemperature|CARDAMOM Hellinger Distance","Relationships","global","scalar","1","0.761608","75.0"
"HydrologyCycle","Evapotranspiration","CARDAMOM","ENSEMBLE-CMIP6","SurfaceAirTemperature|CARDAMOM Score","Relationships","global","score","1","0.738906","75.0"
"HydrologyCycle","Evapotranspiration","CARDAMOM","ENSEMBLE-CMIP6","Overall Score","Relationships","global","score","1","0.753505","75.0"