{"Ecosystem and Carbon Cycle": {"children": {"Gross Primary Productivity": {"children": {"FLUXNET2015": {"children": {}, "Bias Score global": [0.46619171402531673, 0.9231908567095908, -1.3893825707349106], "Seasonal Cycle Score global": [-0.0954741214774597, 1.2696877631388201, -1.174213641661366], "RMSE Score global": [0.3239436649105527, 1.0302091003201335, -1.3541527652306813], "Overall Score global": [0.249640045199877, 1.0806922692803478, -1.3303323144802186]}, "FLUXCOM": {"children": {}, "Spatial Distribution Score global": [0.6078296361824159, 0.8019365959937784, -1.4097662321761943], "Seasonal Cycle Score global": [-1.230352342080282, 1.206582929187483, 0.02376941289279899], "Bias Score global": [-0.16897096126000702, 1.3004569485058548, -1.1314859872458471], "RMSE Score global": [-0.09996306618522827, 1.271662972359471, -1.1716999061742401], "Overall Score global": [-0.033473167595366685, 1.2411383398762792, -1.2076651722809124]}}, "Bias Score global": [-0.03683407496706334, 1.2427464205300196, -1.2059123455629537], "Seasonal Cycle Score global": [-0.7086419725237193, 1.414212450555853, -0.7055704780321385], "RMSE Score global": [0.033810374325652155, 1.2074896200545875, -1.2412999943802412], "Overall Score global": [0.053779480560685926, 1.1969692489839283, -1.2507487295446167]}}, "Bias Score global": [-0.03683407496706334, 1.2427464205300196, -1.2059123455629537], "Seasonal Cycle Score global": [-0.7086419725237193, 1.414212450555853, -0.7055704780321385], "RMSE Score global": [0.033810374325652155, 1.2074896200545875, -1.2412999943802412], "Overall Score global": [0.053779480560685926, 1.1969692489839283, -1.2507487295446167]}, "Forcings": {"children": {"Surface Air Temperature": {"children": {"CRU4.02": {"children": {}, "Spatial Distribution Score global": [-0.04199871717177617, 0.04199871717178172, -999.0], "Seasonal Cycle Score global": [-0.06982438597982754, 0.06982438597982199, -999.0], "Bias Score global": [-1.0000000000000027, 0.9999999999999973, -999.0], "RMSE Score global": [-0.24977696604838173, 0.24977696604837618, -999.0], "Overall Score global": [-0.32663411205235415, 0.3266341120523486, -999.0]}, "FLUXNET2015": {"children": {}, "Bias Score global": [0.07368172698083986, -0.07368172698083986, -999.0], "Seasonal Cycle Score global": [0.029457773115826313, -0.029457773115831865, -999.0], "RMSE Score global": [0.36059356966645084, -0.36059356966645084, -999.0], "Overall Score global": [0.20608165985739335, -0.20608165985739335, -999.0]}}, "Spatial Distribution Score global": [-0.030881409685129535, 0.030881409685135086, -999.0], "Seasonal Cycle Score global": [-0.04354381445450528, 0.04354381445450528, -999.0], "Bias Score global": [-0.7318147818384524, 0.7318147818384468, -999.0], "RMSE Score global": [-0.08820829482975023, 0.08820829482974468, -999.0], "Overall Score global": [-0.18562111360565514, 0.18562111360565514, -999.0]}, "Precipitation": {"children": {"FLUXNET2015": {"children": {}, "Bias Score global": [-0.8056764045497766, 0.8056764045497822, -999.0], "Seasonal Cycle Score global": [0.0028021810177969453, -0.0028021810177969453, -999.0], "RMSE Score global": [-0.47984079605156715, 0.47984079605156993, -999.0], "Overall Score global": [-0.4406389539087785, 0.44063895390878405, -999.0]}, "GPCPv2.3": {"children": {}, "Spatial Distribution Score global": [-0.22321824685177516, 0.22321824685177516, -999.0], "Seasonal Cycle Score global": [-0.5847489363327574, 0.5847489363327629, -999.0], "Bias Score global": [-0.7908614441136663, 0.7908614441136663, -999.0], "RMSE Score global": [-0.5586992013768222, 0.5586992013768222, -999.0], "Overall Score global": [-0.5432454060103675, 0.5432454060103675, -999.0]}}, "Bias Score global": [-0.7954591904559105, 0.795459190455905, -999.0], "Seasonal Cycle Score global": [-0.4024054861205162, 0.4024054861205162, -999.0], "RMSE Score global": [-0.5342259031724306, 0.5342259031724361, -999.0], "Overall Score global": [-0.511402024323665, 0.511402024323665, -999.0]}, "Surface Downward SW Radiation": {"children": {"CERESed4.1": {"children": {}, "Spatial Distribution Score global": [-0.16759683015283855, 0.167596830152833, -999.0], "Seasonal Cycle Score global": [-0.22448593934512595, 0.22448593934512595, -999.0], "Bias Score global": [-1.0, 1.0, -999.0], "RMSE Score global": [-0.9999999999999973, 1.0000000000000027, -999.0], "Overall Score global": [-0.6993428064961948, 0.6993428064961948, -999.0]}, "FLUXNET2015": {"children": {}, "Bias Score global": [-1.0, 1.0, -999.0], "Seasonal Cycle Score global": [0.1533834669814771, -0.1533834669814771, -999.0], "RMSE Score global": [-0.3565744287856165, 0.35657442878562207, -999.0], "Overall Score global": [-1.000000000000001, 0.9999999999999988, -999.0]}}, "Spatial Distribution Score global": [-0.09310935008490784, 0.09310935008491339, -999.0], "Seasonal Cycle Score global": [-0.05654398097774682, 0.05654398097774682, -999.0], "Bias Score global": [-1.0, 1.0, -999.0], "RMSE Score global": [-0.7269135487434797, 0.7269135487434797, -999.0], "Overall Score global": [-0.999999999999998, 1.000000000000002, -999.0]}}, "Spatial Distribution Score global": [-0.041330253256682825, 0.04133025325668005, -999.0], "Seasonal Cycle Score global": [-0.16749776051758758, 0.16749776051758758, -999.0], "Bias Score global": [-1.0000000000000013, 0.9999999999999986, -999.0], "RMSE Score global": [-0.4497825822485535, 0.4497825822485535, -999.0], "Overall Score global": [-0.7020399119938014, 0.7020399119937959, -999.0]}, "Relationships": {"children": {"GrossPrimaryProductivity/FLUXNET2015": {"children": {"Precipitation/GPCPv2.3": {"children": {}, "Precipitation|GPCPv2.3 Score global": [0.5758798746511251, -0.5758798746511251, -999.0], "SurfaceDownwardSWRadiation|CERESed4.1 Score global": [0.9999999999999991, -1.0000000000000009, -999.0], "SurfaceAirTemperature|CRU4.02 Score global": [0.6270083624178024, -0.6270083624177969, -999.0], "Overall Score global": [0.7885690565550068, 0.6223860832201242, -1.410955139775131]}, "SurfaceDownwardSWRadiation/CERESed4.1": {"children": {}, "Precipitation|GPCPv2.3 Score global": [0.5758798746511251, -0.5758798746511251, -999.0], "SurfaceDownwardSWRadiation|CERESed4.1 Score global": [0.9999999999999991, -1.0000000000000009, -999.0], "SurfaceAirTemperature|CRU4.02 Score global": [0.6270083624178024, -0.6270083624177969, -999.0], "Overall Score global": [0.7885690565550068, 0.6223860832201242, -1.410955139775131]}, "SurfaceAirTemperature/CRU4.02": {"children": {}, "Precipitation|GPCPv2.3 Score global": [0.5758798746511251, -0.5758798746511251, -999.0], "SurfaceDownwardSWRadiation|CERESed4.1 Score global": [0.9999999999999991, -1.0000000000000009, -999.0], "SurfaceAirTemperature|CRU4.02 Score global": [0.6270083624178024, -0.6270083624177969, -999.0], "Overall Score global": [0.7885690565550068, 0.6223860832201242, -1.410955139775131]}}, "Precipitation|GPCPv2.3 Score global": [0.5758798746511251, -0.5758798746511251, -999.0], "SurfaceDownwardSWRadiation|CERESed4.1 Score global": [0.9999999999999991, -1.0000000000000009, -999.0], "SurfaceAirTemperature|CRU4.02 Score global": [0.6270083624178024, -0.6270083624177969, -999.0], "Overall Score global": [0.7885690565550068, 0.6223860832201242, -1.410955139775131]}, "GrossPrimaryProductivity/FLUXCOM": {"children": {"Precipitation/GPCPv2.3": {"children": {}, "Precipitation|GPCPv2.3 Score global": [-0.11105003891104803, 0.11105003891104803, -999.0], "SurfaceDownwardSWRadiation|CERESed4.1 Score global": [0.004481461180766422, -0.004481461180771973, -999.0], "SurfaceAirTemperature|CRU4.02 Score global": [0.30720637710748844, -0.30720637710748844, -999.0], "Overall Score global": [0.7126131777638676, 0.7015860541390684, -1.4141992319029362]}, "SurfaceDownwardSWRadiation/CERESed4.1": {"children": {}, "Precipitation|GPCPv2.3 Score global": [-0.11105003891104803, 0.11105003891104803, -999.0], "SurfaceDownwardSWRadiation|CERESed4.1 Score global": [0.004481461180766422, -0.004481461180771973, -999.0],