{"Ecosystem and Carbon Cycle": {"children": {"Biomass": {"children": {"GlobalCarbon": {"children": {}, "Spatial Distribution Score global": [-1.0586035150058335, -0.2828059622688942, 1.341409477274728], "Spatial Distribution Score bona": [-1.2633298379367293, 1.1821177238790743, 0.08121211405765359], "Bias Score global": [-1.158179652756434, -0.12373655257730966, 1.2819162053337454], "Bias Score bona": [-1.3094342694891412, 0.1920764313736074, 1.1173578381155338], "Overall Score global": [-1.092027226488919, -0.23219420119535292, 1.3242214276842719], "Overall Score bona": [-1.4140957367795473, 0.7228572142468886, 0.6912385225326615]}}, "Spatial Distribution Score global": [-1.0586035150058335, -0.2828059622688942, 1.341409477274728], "Spatial Distribution Score bona": [-1.2633298379367293, 1.1821177238790743, 0.08121211405765359], "Bias Score global": [-1.158179652756434, -0.12373655257730966, 1.2819162053337454], "Bias Score bona": [-1.3094342694891412, 0.1920764313736074, 1.1173578381155338], "Overall Score global": [-1.092027226488919, -0.23219420119535292, 1.3242214276842719], "Overall Score bona": [-1.4140957367795473, 0.7228572142468886, 0.6912385225326615]}, "Gross Primary Productivity": {"children": {"FLUXCOM": {"children": {}, "Spatial Distribution Score global": [-0.14750206552394673, -0.04047875817032587, 0.1879808236942837], "Spatial Distribution Score bona": [-1.003712764897922, -0.3609416902109904, 1.3646544551089124], "Seasonal Cycle Score global": [0.17386839319004643, 0.1549473344450769, -0.3288157276351289], "Seasonal Cycle Score bona": [0.30341807475285365, 0.42271099169814974, -0.7261290664510089], "Bias Score global": [-0.710143308687855, -0.25856136485225556, 0.9687046735401161], "Bias Score bona": [-0.8928322557363294, -0.5033932858236481, 1.3962255415599762], "RMSE Score global": [-0.4382124757267791, -0.19255982315732334, 0.6307722988840969], "RMSE Score bona": [-0.9260643468325713, -0.4626046987664136, 1.3886690455989859], "Overall Score global": [-0.31204038649506605, -0.10584248697843024, 0.41788287347349073], "Overall Score bona": [-0.9449157156469387, -0.43877796112932965, 1.3836936767762664]}}, "Spatial Distribution Score global": [-0.14750206552394673, -0.04047875817032587, 0.1879808236942837], "Spatial Distribution Score bona": [-1.003712764897922, -0.3609416902109904, 1.3646544551089124], "Seasonal Cycle Score global": [0.17386839319004643, 0.1549473344450769, -0.3288157276351289], "Seasonal Cycle Score bona": [0.30341807475285365, 0.42271099169814974, -0.7261290664510089], "Bias Score global": [-0.710143308687855, -0.25856136485225556, 0.9687046735401161], "Bias Score bona": [-0.8928322557363294, -0.5033932858236481, 1.3962255415599762], "RMSE Score global": [-0.4382124757267791, -0.19255982315732334, 0.6307722988840969], "RMSE Score bona": [-0.9260643468325713, -0.4626046987664136, 1.3886690455989859], "Overall Score global": [-0.31204038649506605, -0.10584248697843024, 0.41788287347349073], "Overall Score bona": [-0.9449157156469387, -0.43877796112932965, 1.3836936767762664]}, "Leaf Area Index": {"children": {"MODIS": {"children": {}, "Spatial Distribution Score global": [-1.2439126425468583, 0.039280593888059996, 1.2046320486587982], "Spatial Distribution Score bona": [-1.4139966187455328, 0.685546697961253, 0.7284499207842797], "Seasonal Cycle Score global": [0.2901526845579261, 0.19381743125933548, -0.483970115817256], "Seasonal Cycle Score bona": [0.6233678676427644, 0.7876610421497054, -1.4110289097924793], "Bias Score global": [-1.4125134536644912, 0.7662926112065837, 0.6462208424579067], "Bias Score bona": [-1.4141105695523866, 0.7218361105368871, 0.6922744590155003], "RMSE Score global": [-0.9680054839523594, -0.4088712901686784, 1.376876774121039], "RMSE Score bona": [-0.8694302295999167, -0.5312394943268764, 1.4006697239267938], "Overall Score global": [-1.2031592397481052, -0.04208635161781361, 1.2452455913659213], "Overall Score bona": [-1.255999899632315, 0.06510725214393573, 1.1908926474883792]}}, "Spatial Distribution Score global": [-1.2439126425468583, 0.039280593888059996, 1.2046320486587982], "Spatial Distribution Score bona": [-1.4139966187455328, 0.685546697961253, 0.7284499207842797], "Seasonal Cycle Score global": [0.2901526845579261, 0.19381743125933548, -0.483970115817256], "Seasonal Cycle Score bona": [0.6233678676427644, 0.7876610421497054, -1.4110289097924793], "Bias Score global": [-1.4125134536644912, 0.7662926112065837, 0.6462208424579067], "Bias Score bona": [-1.4141105695523866, 0.7218361105368871, 0.6922744590155003], "RMSE Score global": [-0.9680054839523594, -0.4088712901686784, 1.376876774121039], "RMSE Score bona": [-0.8694302295999167, -0.5312394943268764, 1.4006697239267938], "Overall Score global": [-1.2031592397481052, -0.04208635161781361, 1.2452455913659213], "Overall Score bona": [-1.255999899632315, 0.06510725214393573, 1.1908926474883792]}, "Ecosystem Respiration": {"children": {"FLUXCOM": {"children": {}, "Spatial Distribution Score global": [-1.1304264121620362, -0.17072299700648425, 1.3011494091685205], "Spatial Distribution Score bona": [-0.9030383439320763, -0.49102595270508964, 1.3940642966371644], "Seasonal Cycle Score global": [-0.050870665511182356, -0.2121240188614426, 0.2629946843726416], "Seasonal Cycle Score bona": [-0.5023363947235016, 0.2184512042433917, 0.28388519048010985], "Bias Score global": [-0.6983547683793363, -0.7158228332334936, 1.4141776016128307], "Bias Score bona": [-0.8135862309111306, -0.5949843466855362, 1.4085705775966662], "RMSE Score global": [-0.6944739739578417, -0.7196648007323023, 1.414138774690143], "RMSE Score bona": [-0.891003312252729, -0.5055949862638816, 1.3965982985166105], "Overall Score global": [-0.7733868450593141, -0.6386867952027249, 1.4120736402620342], "Overall Score bona": [-0.8919159159266216, -0.5044969327009342, 1.3964128486275558]}}, "Spatial Distribution Score global": [-1.1304264121620362, -0.17072299700648425, 1.3011494091685205], "Spatial Distribution Score bona": [-0.9030383439320763, -0.49102595270508964, 1.3940642966371644], "Seasonal Cycle Score global": [-0.050870665511182356, -0.2121240188614426, 0.2629946843726416], "Seasonal Cycle Score bona": [-0.5023363947235016, 0.2184512042433917, 0.28388519048010985], "Bias Score global": [-0.6983547683793363, -0.7158228332334936, 1.4141776016128307], "Bias Score bona": [-0.8135862309111306, -0.5949843466855362, 1.4085705775966662], "RMSE Score global": [-0.6944739739578417, -0.7196648007323023, 1.414138774690143], "RMSE Score bona": [-0.891003312252729, -0.5055949862638816, 1.3965982985166105], "Overall Score global": [-0.7733868450593141, -0.6386867952027249, 1.4120736402620342], "Overall Score bona": [-0.8919159159266216, -0.5044969327009342, 1.3964128486275558]}, "Soil Carbon": {"children": {"HWSD": {"children": {}, "Spatial Distribution Score global": [-0.9382968614062802, -0.44720262097211316, 1.3854994823783935], "Spatial Distribution Score bona": [-0.9351268701143922, -0.4512147223848286, 1.3863415924992089], "Bias Score global": [-1.1024979004049813, -0.21580631814650914, 1.3183042185514904], "Bias Score bona": [-0.6545322462503944, -0.23318239690834908, 0.887714643158749], "Overall Score global": [-0.9982112926052131, -0.3684660576427055, 1.3666773502479186], "Overall Score bona": [-0.9579431019676659, -0.42200500811437114, 1.3799481100820261]}}, "Spatial Distribution Score global": [-0.9382968614062802, -0.44720262097211316, 1.3854994823783935], "Spatial Distribution Score bona": [-0.9351268701143922, -0.4512147223848286, 1.3863415924992089], "Bias Score global": [-1.1024979004049813, -0.21580631814650914, 1.3183042185514904], "Bias Score bona": [-0.6545322462503944, -0.23318239690834908, 0.887714643158749], "Overall Score global": [-0.9982112926052131, -0.3684660576427055, 1.3666773502479186], "Overall Score bona": [-0.9579431019676659, -0.42200500811437114, 1.3799481100820261]}},