{"Ecosystem and Carbon Cycle": {"children": {"Gross Primary Productivity": {"children": {"FLUXNET2015": {"children": {}, "Bias Score global": [0.48447309764878016, 0.9083999546991798, -1.39287305234796], "Seasonal Cycle Score global": [-1.2115156393455582, 1.2375587311281535, -0.026043091782605745], "RMSE Score global": [0.3201274604585388, 1.0328900856392569, -1.353017546097794], "Overall Score global": [0.12664616079211138, 1.156500907918432, -1.2831470687105435]}, "FLUXCOM": {"children": {}, "Spatial Distribution Score global": [0.5724560458141326, 0.8336918656153848, -1.406147911429515], "Seasonal Cycle Score global": [-1.3798552271631566, 0.4216000822828216, 0.958255144880335], "Bias Score global": [-0.047270317581930094, 1.247695671105114, -1.2004253535231846], "RMSE Score global": [-0.06693446628906466, 1.2568395529707383, -1.18990508668167], "Overall Score global": [-0.09093494545806663, 1.267677817461438, -1.1767428720033715]}}, "Bias Score global": [0.060139675387614, 1.1935671242288057, -1.253706799616422], "Seasonal Cycle Score global": [-1.4139467284275942, 0.7307638429116668, 0.6831828855159322], "RMSE Score global": [0.05162629156412013, 1.198115383387229, -1.2497416749513517], "Overall Score global": [-0.030899095644124873, 1.2399020517666968, -1.209002956122569]}}, "Bias Score global": [0.060139675387614, 1.1935671242288057, -1.253706799616422], "Seasonal Cycle Score global": [-1.4139467284275942, 0.7307638429116668, 0.6831828855159322], "RMSE Score global": [0.05162629156412013, 1.198115383387229, -1.2497416749513517], "Overall Score global": [-0.030899095644124873, 1.2399020517666968, -1.209002956122569]}, "Hydrology Cycle": {"children": {"Evapotranspiration": {"children": {"GLEAMv3.3a": {"children": {}, "Spatial Distribution Score global": [-999.0, -999.0, 0.0], "Seasonal Cycle Score global": [-999.0, -999.0, 0.0], "Bias Score global": [-999.0, -999.0, 0.0], "RMSE Score global": [-999.0, -999.0, 0.0], "Overall Score global": [-999.0, -999.0, 0.0]}, "MODIS": {"children": {}, "Spatial Distribution Score global": [-999.0, -999.0, 0.0], "Seasonal Cycle Score global": [-999.0, -999.0, 0.0], "Bias Score global": [-999.0, -999.0, 0.0], "RMSE Score global": [-999.0, -999.0, 0.0], "Overall Score global": [-999.0, -999.0, 0.0]}, "MOD16A2": {"children": {}, "Spatial Distribution Score global": [-999.0, -999.0, 0.0], "Seasonal Cycle Score global": [-999.0, -999.0, 0.0], "Bias Score global": [-999.0, -999.0, 0.0], "RMSE Score global": [-999.0, -999.0, 0.0], "Overall Score global": [-999.0, -999.0, 0.0]}}, "Spatial Distribution Score global": [-999.0, -999.0, 0.0], "Seasonal Cycle Score global": [-999.0, -999.0, 0.0], "Bias Score global": [-999.0, -999.0, 0.0], "RMSE Score global": [-999.0, -999.0, 0.0], "Overall Score global": [-999.0, -999.0, 0.0]}}, "Spatial Distribution Score global": [-999.0, -999.0, 0.0], "Seasonal Cycle Score global": [-999.0, -999.0, 0.0], "Bias Score global": [-999.0, -999.0, 0.0], "RMSE Score global": [-999.0, -999.0, 0.0], "Overall Score global": [-999.0, -999.0, 0.0]}, "Relationships": {"children": {"GrossPrimaryProductivity/FLUXNET2015": {"children": {"Precipitation/GPCPv2.3": {"children": {}, "Overall Score global": [0.0, 0.0, 0.0]}, "SurfaceDownwardSWRadiation/CERESed4.1": {"children": {}, "Overall Score global": [0.0, 0.0, 0.0]}, "SurfaceAirTemperature/CRU4.02": {"children": {}, "Overall Score global": [0.0, 0.0, 0.0]}}, "Overall Score global": [0.0, 0.0, 0.0]}, "GrossPrimaryProductivity/FLUXCOM": {"children": {"Precipitation/GPCPv2.3": {"children": {}, "Overall Score global": [0.0, 0.0, 0.0]}, "SurfaceDownwardSWRadiation/CERESed4.1": {"children": {}, "Overall Score global": [0.0, 0.0, 0.0]}, "SurfaceAirTemperature/CRU4.02": {"children": {}, "Overall Score global": [0.0, 0.0, 0.0]}}, "Overall Score global": [0.0, 0.0, 0.0]}, "Evapotranspiration/GLEAMv3.3a": {"children": {"Precipitation/GPCPv2.3": {"children": {}, "Overall Score global": [-999.0, -999.0, 0.0]}, "SurfaceDownwardSWRadiation/CERESed4.1": {"children": {}, "Overall Score global": [-999.0, -999.0, 0.0]}, "SurfaceAirTemperature/CRU4.02": {"children": {}, "Overall Score global": [-999.0, -999.0, 0.0]}}, "Overall Score global": [-999.0, -999.0, 0.0]}, "Evapotranspiration/MODIS": {"children": {"Precipitation/GPCPv2.3": {"children": {}, "Overall Score global": [-999.0, -999.0, 0.0]}, "SurfaceAirTemperature/CRU4.02": {"children": {}, "Overall Score global": [-999.0, -999.0, 0.0]}}, "Overall Score global": [-999.0, -999.0, 0.0]}, "Evapotranspiration/MOD16A2": {"children": {"Precipitation/GPCPv2.3": {"children": {}, "Overall Score global": [-999.0, -999.0, 0.0]}, "SurfaceAirTemperature/CRU4.02": {"children": {}, "Overall Score global": [-999.0, -999.0, 0.0]}}, "Overall Score global": [-999.0, -999.0, 0.0]}}, "Overall Score global": [-999.0, -999.0, 0.0]}}