"Section","Variable","Source","Model","ScalarName","AnalysisType","Region","ScalarType","Units","Data","Weight"
"EcosystemandCarbonCycle","GrossPrimaryProductivity","FLUXCOM","4597_2026-03-05_uncalib","Benchmark Period Mean (intersection)","MeanState","global","scalar","Pg yr-1","109.487","75.0"
"EcosystemandCarbonCycle","GrossPrimaryProductivity","FLUXCOM","4597_2026-03-05_uncalib","Benchmark Period Mean (complement)","MeanState","global","scalar","Pg yr-1","4.71049","75.0"
"EcosystemandCarbonCycle","GrossPrimaryProductivity","FLUXCOM","4597_2026-03-05_uncalib","Period Mean (original grids)","MeanState","global","scalar","Pg yr-1","118.94","75.0"
"EcosystemandCarbonCycle","GrossPrimaryProductivity","FLUXCOM","4597_2026-03-05_uncalib","Model Period Mean (intersection)","MeanState","global","scalar","Pg yr-1","116.107","75.0"
"EcosystemandCarbonCycle","GrossPrimaryProductivity","FLUXCOM","4597_2026-03-05_uncalib","Model Period Mean (complement)","MeanState","global","scalar","Pg yr-1","2.9978","75.0"
"EcosystemandCarbonCycle","GrossPrimaryProductivity","FLUXCOM","4597_2026-03-05_uncalib","Spatial Distribution Score","MeanState","global","score","1","0.972558","75.0"
"EcosystemandCarbonCycle","GrossPrimaryProductivity","FLUXCOM","4597_2026-03-05_uncalib","Phase Shift","MeanState","global","scalar","months","1.24481","75.0"
"EcosystemandCarbonCycle","GrossPrimaryProductivity","FLUXCOM","4597_2026-03-05_uncalib","Seasonal Cycle Score","MeanState","global","score","1","0.772539","75.0"
"EcosystemandCarbonCycle","GrossPrimaryProductivity","FLUXCOM","4597_2026-03-05_uncalib","Bias","MeanState","global","scalar","g m-2 d-1","0.164617","75.0"
"EcosystemandCarbonCycle","GrossPrimaryProductivity","FLUXCOM","4597_2026-03-05_uncalib","Bias Score","MeanState","global","score","1","0.552939","75.0"
"EcosystemandCarbonCycle","GrossPrimaryProductivity","FLUXCOM","4597_2026-03-05_uncalib","RMSE","MeanState","global","scalar","g m-2 d-1","1.26331","75.0"
"EcosystemandCarbonCycle","GrossPrimaryProductivity","FLUXCOM","4597_2026-03-05_uncalib","RMSE Score","MeanState","global","score","1","0.480483","75.0"
"EcosystemandCarbonCycle","GrossPrimaryProductivity","FLUXCOM","4597_2026-03-05_uncalib","Overall Score","MeanState","global","score","1","0.651801","75.0"
"EcosystemandCarbonCycle","GrossPrimaryProductivity","FLUXCOM","4597_2026-03-05_uncalib","Evapotranspiration|GLEAMv3.3a Hellinger Distance","Relationships","global","scalar","1","0.535161","75.0"
"EcosystemandCarbonCycle","GrossPrimaryProductivity","FLUXCOM","4597_2026-03-05_uncalib","Evapotranspiration|GLEAMv3.3a Score","Relationships","global","score","1","0.907579","75.0"
"EcosystemandCarbonCycle","GrossPrimaryProductivity","FLUXCOM","4597_2026-03-05_uncalib","Precipitation|GPCPv2.3 Hellinger Distance","Relationships","global","scalar","1","0.608937","75.0"
"EcosystemandCarbonCycle","GrossPrimaryProductivity","FLUXCOM","4597_2026-03-05_uncalib","Precipitation|GPCPv2.3 Score","Relationships","global","score","1","0.940294","75.0"
"EcosystemandCarbonCycle","GrossPrimaryProductivity","FLUXCOM","4597_2026-03-05_uncalib","SurfaceDownwardSWRadiation|CERESed4.2 Hellinger Distance","Relationships","global","scalar","1","0.560746","75.0"
"EcosystemandCarbonCycle","GrossPrimaryProductivity","FLUXCOM","4597_2026-03-05_uncalib","SurfaceDownwardSWRadiation|CERESed4.2 Score","Relationships","global","score","1","0.755007","75.0"
"EcosystemandCarbonCycle","GrossPrimaryProductivity","FLUXCOM","4597_2026-03-05_uncalib","SurfaceNetSWRadiation|CERESed4.2 Hellinger Distance","Relationships","global","scalar","1","0.716569","75.0"
"EcosystemandCarbonCycle","GrossPrimaryProductivity","FLUXCOM","4597_2026-03-05_uncalib","SurfaceNetSWRadiation|CERESed4.2 Score","Relationships","global","score","1","0.827531","75.0"
"EcosystemandCarbonCycle","GrossPrimaryProductivity","FLUXCOM","4597_2026-03-05_uncalib","SurfaceAirTemperature|CRU4.02 Hellinger Distance","Relationships","global","scalar","1","0.723499","75.0"
"EcosystemandCarbonCycle","GrossPrimaryProductivity","FLUXCOM","4597_2026-03-05_uncalib","SurfaceAirTemperature|CRU4.02 Score","Relationships","global","score","1","0.767386","75.0"
"EcosystemandCarbonCycle","GrossPrimaryProductivity","FLUXCOM","4597_2026-03-05_uncalib","Overall Score","Relationships","global","score","1","0.839559","75.0"
"EcosystemandCarbonCycle","GrossPrimaryProductivity","FLUXCOM","4598_2026-03-05_latest","Benchmark Period Mean (intersection)","MeanState","global","scalar","Pg yr-1","109.487","75.0"
"EcosystemandCarbonCycle","GrossPrimaryProductivity","FLUXCOM","4598_2026-03-05_latest","Benchmark Period Mean (complement)","MeanState","global","scalar","Pg yr-1","4.71049","75.0"
"EcosystemandCarbonCycle","GrossPrimaryProductivity","FLUXCOM","4598_2026-03-05_latest","Period Mean (original grids)","MeanState","global","scalar","Pg yr-1","152.309","75.0"
"EcosystemandCarbonCycle","GrossPrimaryProductivity","FLUXCOM","4598_2026-03-05_latest","Model Period Mean (intersection)","MeanState","global","scalar","Pg yr-1","148.849","75.0"
"EcosystemandCarbonCycle","GrossPrimaryProductivity","FLUXCOM","4598_2026-03-05_latest","Model Period Mean (complement)","MeanState","global","scalar","Pg yr-1","3.63489","75.0"
"EcosystemandCarbonCycle","GrossPrimaryProductivity","FLUXCOM","4598_2026-03-05_latest","Spatial Distribution Score","MeanState","global","score","1","0.956159","75.0"
"EcosystemandCarbonCycle","GrossPrimaryProductivity","FLUXCOM","4598_2026-03-05_latest","Phase Shift","MeanState","global","scalar","months","1.37021","75.0"
"EcosystemandCarbonCycle","GrossPrimaryProductivity","FLUXCOM","4598_2026-03-05_latest","Seasonal Cycle Score","MeanState","global","score","1","0.747829","75.0"
"EcosystemandCarbonCycle","GrossPrimaryProductivity","FLUXCOM","4598_2026-03-05_latest","Bias","MeanState","global","scalar","g m-2 d-1","0.945242","75.0"
"EcosystemandCarbonCycle","GrossPrimaryProductivity","FLUXCOM","4598_2026-03-05_latest","Bias Score","MeanState","global","score","1","0.414326","75.0"
"EcosystemandCarbonCycle","GrossPrimaryProductivity","FLUXCOM","4598_2026-03-05_latest","RMSE","MeanState","global","scalar","g m-2 d-1","1.77082","75.0"
"EcosystemandCarbonCycle","GrossPrimaryProductivity","FLUXCOM","4598_2026-03-05_latest","RMSE Score","MeanState","global","score","1","0.484445","75.0"
"EcosystemandCarbonCycle","GrossPrimaryProductivity","FLUXCOM","4598_2026-03-05_latest","Overall Score","MeanState","global","score","1","0.617441","75.0"
"EcosystemandCarbonCycle","GrossPrimaryProductivity","FLUXCOM","4598_2026-03-05_latest","Evapotranspiration|GLEAMv3.3a Hellinger Distance","Relationships","global","scalar","1","0.445668","75.0"
"EcosystemandCarbonCycle","GrossPrimaryProductivity","FLUXCOM","4598_2026-03-05_latest","Evapotranspiration|GLEAMv3.3a Score","Relationships","global","score","1","0.832942","75.0"
"EcosystemandCarbonCycle","GrossPrimaryProductivity","FLUXCOM","4598_2026-03-05_latest","Precipitation|GPCPv2.3 Hellinger Distance","Relationships","global","scalar","1","0.503943","75.0"
"EcosystemandCarbonCycle","GrossPrimaryProductivity","FLUXCOM","4598_2026-03-05_latest","Precipitation|GPCPv2.3 Score","Relationships","global","score","1","0.814","75.0"
"EcosystemandCarbonCycle","GrossPrimaryProductivity","FLUXCOM","4598_2026-03-05_latest","SurfaceDownwardSWRadiation|CERESed4.2 Hellinger Distance","Relationships","global","scalar","1","0.506112","75.0"
"EcosystemandCarbonCycle","GrossPrimaryProductivity","FLUXCOM","4598_2026-03-05_latest","SurfaceDownwardSWRadiation|CERESed4.2 Score","Relationships","global","score","1","0.68768","75.0"
"EcosystemandCarbonCycle","GrossPrimaryProductivity","FLUXCOM","4598_2026-03-05_latest","SurfaceNetSWRadiation|CERESed4.2 Hellinger Distance","Relationships","global","scalar","1","0.600384","75.0"
"EcosystemandCarbonCycle","GrossPrimaryProductivity","FLUXCOM","4598_2026-03-05_latest","SurfaceNetSWRadiation|CERESed4.2 Score","Relationships","global","score","1","0.695194","75.0"
"EcosystemandCarbonCycle","GrossPrimaryProductivity","FLUXCOM","4598_2026-03-05_latest","SurfaceAirTemperature|CRU4.02 Hellinger Distance","Relationships","global","scalar","1","0.631126","75.0"
"EcosystemandCarbonCycle","GrossPrimaryProductivity","FLUXCOM","4598_2026-03-05_latest","SurfaceAirTemperature|CRU4.02 Score","Relationships","global","score","1","0.682166","75.0"
"EcosystemandCarbonCycle","GrossPrimaryProductivity","FLUXCOM","4598_2026-03-05_latest","Overall Score","Relationships","global","score","1","0.742396","75.0"
"EcosystemandCarbonCycle","GrossPrimaryProductivity","FLUXCOM","ENSEMBLE-CMIP6","Benchmark Period Mean (intersection)","MeanState","global","scalar","Pg yr-1","113.71","75.0"
"EcosystemandCarbonCycle","GrossPrimaryProductivity","FLUXCOM","ENSEMBLE-CMIP6","Benchmark Period Mean (complement)","MeanState","global","scalar","Pg yr-1","nan","75.0"
"EcosystemandCarbonCycle","GrossPrimaryProductivity","FLUXCOM","ENSEMBLE-CMIP6","Period Mean (original grids)","MeanState","global","scalar","Pg yr-1","143.957","75.0"
"EcosystemandCarbonCycle","GrossPrimaryProductivity","FLUXCOM","ENSEMBLE-CMIP6","Model Period Mean (intersection)","MeanState","global","scalar","Pg yr-1","119.721","75.0"
"EcosystemandCarbonCycle","GrossPrimaryProductivity","FLUXCOM","ENSEMBLE-CMIP6","Model Period Mean (complement)","MeanState","global","scalar","Pg yr-1","22.0765","75.0"
"EcosystemandCarbonCycle","GrossPrimaryProductivity","FLUXCOM","ENSEMBLE-CMIP6","Spatial Distribution Score","MeanState","global","score","1","0.961151","75.0"
"EcosystemandCarbonCycle","GrossPrimaryProductivity","FLUXCOM","ENSEMBLE-CMIP6","Phase Shift","MeanState","global","scalar","months","0.978631","75.0"
"EcosystemandCarbonCycle","GrossPrimaryProductivity","FLUXCOM","ENSEMBLE-CMIP6","Seasonal Cycle Score","MeanState","global","score","1","0.809572","75.0"
"EcosystemandCarbonCycle","GrossPrimaryProductivity","FLUXCOM","ENSEMBLE-CMIP6","Bias","MeanState","global","scalar","g m-2 d-1","0.137892","75.0"
"EcosystemandCarbonCycle","GrossPrimaryProductivity","FLUXCOM","ENSEMBLE-CMIP6","Bias Score","MeanState","global","score","1","0.57665","75.0"
"EcosystemandCarbonCycle","GrossPrimaryProductivity","FLUXCOM","ENSEMBLE-CMIP6","RMSE","MeanState","global","scalar","g m-2 d-1","1.14631","75.0"
"EcosystemandCarbonCycle","GrossPrimaryProductivity","FLUXCOM","ENSEMBLE-CMIP6","RMSE Score","MeanState","global","score","1","0.52236","75.0"
"EcosystemandCarbonCycle","GrossPrimaryProductivity","FLUXCOM","ENSEMBLE-CMIP6","Overall Score","MeanState","global","score","1","0.678419","75.0"
"EcosystemandCarbonCycle","GrossPrimaryProductivity","FLUXCOM","ENSEMBLE-CMIP6","Evapotranspiration|GLEAMv3.3a Hellinger Distance","Relationships","global","scalar","1","0.570767","75.0"
"EcosystemandCarbonCycle","GrossPrimaryProductivity","FLUXCOM","ENSEMBLE-CMIP6","Evapotranspiration|GLEAMv3.3a Score","Relationships","global","score","1","0.811159","75.0"
"EcosystemandCarbonCycle","GrossPrimaryProductivity","FLUXCOM","ENSEMBLE-CMIP6","Precipitation|GPCPv2.3 Hellinger Distance","Relationships","global","scalar","1","0.6527","75.0"
"EcosystemandCarbonCycle","GrossPrimaryProductivity","FLUXCOM","ENSEMBLE-CMIP6","Precipitation|GPCPv2.3 Score","Relationships","global","score","1","0.903362","75.0"
"EcosystemandCarbonCycle","GrossPrimaryProductivity","FLUXCOM","ENSEMBLE-CMIP6","SurfaceDownwardSWRadiation|CERESed4.2 Hellinger Distance","Relationships","global","scalar","1","0.568015","75.0"
"EcosystemandCarbonCycle","GrossPrimaryProductivity","FLUXCOM","ENSEMBLE-CMIP6","SurfaceDownwardSWRadiation|CERESed4.2 Score","Relationships","global","score","1","0.719256","75.0"
"EcosystemandCarbonCycle","GrossPrimaryProductivity","FLUXCOM","ENSEMBLE-CMIP6","SurfaceNetSWRadiation|CERESed4.2 Hellinger Distance","Relationships","global","scalar","1","0.690383","75.0"
"EcosystemandCarbonCycle","GrossPrimaryProductivity","FLUXCOM","ENSEMBLE-CMIP6","SurfaceNetSWRadiation|CERESed4.2 Score","Relationships","global","score","1","0.725727","75.0"
"EcosystemandCarbonCycle","GrossPrimaryProductivity","FLUXCOM","ENSEMBLE-CMIP6","SurfaceAirTemperature|CRU4.02 Hellinger Distance","Relationships","global","scalar","1","0.734221","75.0"
"EcosystemandCarbonCycle","GrossPrimaryProductivity","FLUXCOM","ENSEMBLE-CMIP6","SurfaceAirTemperature|CRU4.02 Score","Relationships","global","score","1","0.831022","75.0"
"EcosystemandCarbonCycle","GrossPrimaryProductivity","FLUXCOM","ENSEMBLE-CMIP6","Overall Score","Relationships","global","score","1","0.798105","75.0"
"EcosystemandCarbonCycle","GrossPrimaryProductivity","WECANN","4597_2026-03-05_uncalib","Benchmark Period Mean (intersection)","MeanState","global","scalar","Pg yr-1","110.571","75.0"
"EcosystemandCarbonCycle","GrossPrimaryProductivity","WECANN","4597_2026-03-05_uncalib","Benchmark Period Mean (complement)","MeanState","global","scalar","Pg yr-1","4.739","75.0"
"EcosystemandCarbonCycle","GrossPrimaryProductivity","WECANN","4597_2026-03-05_uncalib","Period Mean (original grids)","MeanState","global","scalar","Pg yr-1","121.022","75.0"
"EcosystemandCarbonCycle","GrossPrimaryProductivity","WECANN","4597_2026-03-05_uncalib","Model Period Mean (intersection)","MeanState","global","scalar","Pg yr-1","114.648","75.0"
"EcosystemandCarbonCycle","GrossPrimaryProductivity","WECANN","4597_2026-03-05_uncalib","Model Period Mean (complement)","MeanState","global","scalar","Pg yr-1","6.54067","75.0"
"EcosystemandCarbonCycle","GrossPrimaryProductivity","WECANN","4597_2026-03-05_uncalib","Spatial Distribution Score","MeanState","global","score","1","0.891656","75.0"
"EcosystemandCarbonCycle","GrossPrimaryProductivity","WECANN","4597_2026-03-05_uncalib","Phase Shift","MeanState","global","scalar","months","1.27796","75.0"
"EcosystemandCarbonCycle","GrossPrimaryProductivity","WECANN","4597_2026-03-05_uncalib","Seasonal Cycle Score","MeanState","global","score","1","0.765516","75.0"
"EcosystemandCarbonCycle","GrossPrimaryProductivity","WECANN","4597_2026-03-05_uncalib","Bias","MeanState","global","scalar","g m-2 d-1","0.0890994","75.0"
"EcosystemandCarbonCycle","GrossPrimaryProductivity","WECANN","4597_2026-03-05_uncalib","Bias Score","MeanState","global","score","1","0.544663","75.0"
"EcosystemandCarbonCycle","GrossPrimaryProductivity","WECANN","4597_2026-03-05_uncalib","RMSE","MeanState","global","scalar","g m-2 d-1","1.21218","75.0"
"EcosystemandCarbonCycle","GrossPrimaryProductivity","WECANN","4597_2026-03-05_uncalib","RMSE Score","MeanState","global","score","1","0.544313","75.0"
"EcosystemandCarbonCycle","GrossPrimaryProductivity","WECANN","4597_2026-03-05_uncalib","Overall Score","MeanState","global","score","1","0.658092","75.0"
"EcosystemandCarbonCycle","GrossPrimaryProductivity","WECANN","4598_2026-03-05_latest","Benchmark Period Mean (intersection)","MeanState","global","scalar","Pg yr-1","110.571","75.0"
"EcosystemandCarbonCycle","GrossPrimaryProductivity","WECANN","4598_2026-03-05_latest","Benchmark Period Mean (complement)","MeanState","global","scalar","Pg yr-1","4.739","75.0"
"EcosystemandCarbonCycle","GrossPrimaryProductivity","WECANN","4598_2026-03-05_latest","Period Mean (original grids)","MeanState","global","scalar","Pg yr-1","153.998","75.0"
"EcosystemandCarbonCycle","GrossPrimaryProductivity","WECANN","4598_2026-03-05_latest","Model Period Mean (intersection)","MeanState","global","scalar","Pg yr-1","146.425","75.0"
"EcosystemandCarbonCycle","GrossPrimaryProductivity","WECANN","4598_2026-03-05_latest","Model Period Mean (complement)","MeanState","global","scalar","Pg yr-1","7.74909","75.0"
"EcosystemandCarbonCycle","GrossPrimaryProductivity","WECANN","4598_2026-03-05_latest","Spatial Distribution Score","MeanState","global","score","1","0.881512","75.0"
"EcosystemandCarbonCycle","GrossPrimaryProductivity","WECANN","4598_2026-03-05_latest","Phase Shift","MeanState","global","scalar","months","1.34888","75.0"
"EcosystemandCarbonCycle","GrossPrimaryProductivity","WECANN","4598_2026-03-05_latest","Seasonal Cycle Score","MeanState","global","score","1","0.75185","75.0"
"EcosystemandCarbonCycle","GrossPrimaryProductivity","WECANN","4598_2026-03-05_latest","Bias","MeanState","global","scalar","g m-2 d-1","0.783502","75.0"
"EcosystemandCarbonCycle","GrossPrimaryProductivity","WECANN","4598_2026-03-05_latest","Bias Score","MeanState","global","score","1","0.495628","75.0"
"EcosystemandCarbonCycle","GrossPrimaryProductivity","WECANN","4598_2026-03-05_latest","RMSE","MeanState","global","scalar","g m-2 d-1","1.47042","75.0"
"EcosystemandCarbonCycle","GrossPrimaryProductivity","WECANN","4598_2026-03-05_latest","RMSE Score","MeanState","global","score","1","0.528155","75.0"
"EcosystemandCarbonCycle","GrossPrimaryProductivity","WECANN","4598_2026-03-05_latest","Overall Score","MeanState","global","score","1","0.63706","75.0"
"EcosystemandCarbonCycle","GrossPrimaryProductivity","WECANN","ENSEMBLE-CMIP6","Benchmark Period Mean (intersection)","MeanState","global","scalar","Pg yr-1","115.948","75.0"
"EcosystemandCarbonCycle","GrossPrimaryProductivity","WECANN","ENSEMBLE-CMIP6","Benchmark Period Mean (complement)","MeanState","global","scalar","Pg yr-1","nan","75.0"
"EcosystemandCarbonCycle","GrossPrimaryProductivity","WECANN","ENSEMBLE-CMIP6","Period Mean (original grids)","MeanState","global","scalar","Pg yr-1","149.858","75.0"
"EcosystemandCarbonCycle","GrossPrimaryProductivity","WECANN","ENSEMBLE-CMIP6","Model Period Mean (intersection)","MeanState","global","scalar","Pg yr-1","122.54","75.0"
"EcosystemandCarbonCycle","GrossPrimaryProductivity","WECANN","ENSEMBLE-CMIP6","Model Period Mean (complement)","MeanState","global","scalar","Pg yr-1","25.1172","75.0"
"EcosystemandCarbonCycle","GrossPrimaryProductivity","WECANN","ENSEMBLE-CMIP6","Spatial Distribution Score","MeanState","global","score","1","0.960681","75.0"
"EcosystemandCarbonCycle","GrossPrimaryProductivity","WECANN","ENSEMBLE-CMIP6","Phase Shift","MeanState","global","scalar","months","1.26405","75.0"
"EcosystemandCarbonCycle","GrossPrimaryProductivity","WECANN","ENSEMBLE-CMIP6","Seasonal Cycle Score","MeanState","global","score","1","0.788478","75.0"
"EcosystemandCarbonCycle","GrossPrimaryProductivity","WECANN","ENSEMBLE-CMIP6","Bias","MeanState","global","scalar","g m-2 d-1","0.138584","75.0"
"EcosystemandCarbonCycle","GrossPrimaryProductivity","WECANN","ENSEMBLE-CMIP6","Bias Score","MeanState","global","score","1","0.639186","75.0"
"EcosystemandCarbonCycle","GrossPrimaryProductivity","WECANN","ENSEMBLE-CMIP6","RMSE","MeanState","global","scalar","g m-2 d-1","0.959655","75.0"
"EcosystemandCarbonCycle","GrossPrimaryProductivity","WECANN","ENSEMBLE-CMIP6","RMSE Score","MeanState","global","score","1","0.579408","75.0"
"EcosystemandCarbonCycle","GrossPrimaryProductivity","WECANN","ENSEMBLE-CMIP6","Overall Score","MeanState","global","score","1","0.709432","75.0"
"EcosystemandCarbonCycle","LeafAreaIndex","AVHRR","4597_2026-03-05_uncalib","Benchmark Period Mean (intersection)","MeanState","global","scalar","1","1.49836","45.0"
"EcosystemandCarbonCycle","LeafAreaIndex","AVHRR","4597_2026-03-05_uncalib","Benchmark Period Mean (complement)","MeanState","global","scalar","1","1.72755","45.0"
"EcosystemandCarbonCycle","LeafAreaIndex","AVHRR","4597_2026-03-05_uncalib","Period Mean (original grids)","MeanState","global","scalar","1","1.11095","45.0"
"EcosystemandCarbonCycle","LeafAreaIndex","AVHRR","4597_2026-03-05_uncalib","Model Period Mean (intersection)","MeanState","global","scalar","1","1.40314","45.0"
"EcosystemandCarbonCycle","LeafAreaIndex","AVHRR","4597_2026-03-05_uncalib","Model Period Mean (complement)","MeanState","global","scalar","1","0.0197483","45.0"
"EcosystemandCarbonCycle","LeafAreaIndex","AVHRR","4597_2026-03-05_uncalib","Spatial Distribution Score","MeanState","global","score","1","0.963694","45.0"
"EcosystemandCarbonCycle","LeafAreaIndex","AVHRR","4597_2026-03-05_uncalib","Phase Shift","MeanState","global","scalar","months","1.11245","45.0"
"EcosystemandCarbonCycle","LeafAreaIndex","AVHRR","4597_2026-03-05_uncalib","Seasonal Cycle Score","MeanState","global","score","1","0.856951","45.0"
"EcosystemandCarbonCycle","LeafAreaIndex","AVHRR","4597_2026-03-05_uncalib","Bias","MeanState","global","scalar","1","-0.0884786","45.0"
"EcosystemandCarbonCycle","LeafAreaIndex","AVHRR","4597_2026-03-05_uncalib","Bias Score","MeanState","global","score","1","0.555717","45.0"
"EcosystemandCarbonCycle","LeafAreaIndex","AVHRR","4597_2026-03-05_uncalib","RMSE","MeanState","global","scalar","1","0.512457","45.0"
"EcosystemandCarbonCycle","LeafAreaIndex","AVHRR","4597_2026-03-05_uncalib","RMSE Score","MeanState","global","score","1","0.593382","45.0"
"EcosystemandCarbonCycle","LeafAreaIndex","AVHRR","4597_2026-03-05_uncalib","Overall Score","MeanState","global","score","1","0.712625","45.0"
"EcosystemandCarbonCycle","LeafAreaIndex","AVHRR","4597_2026-03-05_uncalib","Precipitation|GPCPv2.3 Hellinger Distance","Relationships","global","scalar","1","0.591595","45.0"
"EcosystemandCarbonCycle","LeafAreaIndex","AVHRR","4597_2026-03-05_uncalib","Precipitation|GPCPv2.3 Score","Relationships","global","score","1","0.907757","45.0"
"EcosystemandCarbonCycle","LeafAreaIndex","AVHRR","4597_2026-03-05_uncalib","Overall Score","Relationships","global","score","1","0.907757","45.0"
"EcosystemandCarbonCycle","LeafAreaIndex","AVHRR","4598_2026-03-05_latest","Benchmark Period Mean (intersection)","MeanState","global","scalar","1","1.49836","45.0"
"EcosystemandCarbonCycle","LeafAreaIndex","AVHRR","4598_2026-03-05_latest","Benchmark Period Mean (complement)","MeanState","global","scalar","1","1.72755","45.0"
"EcosystemandCarbonCycle","LeafAreaIndex","AVHRR","4598_2026-03-05_latest","Period Mean (original grids)","MeanState","global","scalar","1","1.11095","45.0"
"EcosystemandCarbonCycle","LeafAreaIndex","AVHRR","4598_2026-03-05_latest","Model Period Mean (intersection)","MeanState","global","scalar","1","1.40314","45.0"
"EcosystemandCarbonCycle","LeafAreaIndex","AVHRR","4598_2026-03-05_latest","Model Period Mean (complement)","MeanState","global","scalar","1","0.0197483","45.0"
"EcosystemandCarbonCycle","LeafAreaIndex","AVHRR","4598_2026-03-05_latest","Spatial Distribution Score","MeanState","global","score","1","0.963694","45.0"
"EcosystemandCarbonCycle","LeafAreaIndex","AVHRR","4598_2026-03-05_latest","Phase Shift","MeanState","global","scalar","months","1.11245","45.0"
"EcosystemandCarbonCycle","LeafAreaIndex","AVHRR","4598_2026-03-05_latest","Seasonal Cycle Score","MeanState","global","score","1","0.856951","45.0"
"EcosystemandCarbonCycle","LeafAreaIndex","AVHRR","4598_2026-03-05_latest","Bias","MeanState","global","scalar","1","-0.0884786","45.0"
"EcosystemandCarbonCycle","LeafAreaIndex","AVHRR","4598_2026-03-05_latest","Bias Score","MeanState","global","score","1","0.555717","45.0"
"EcosystemandCarbonCycle","LeafAreaIndex","AVHRR","4598_2026-03-05_latest","RMSE","MeanState","global","scalar","1","0.512457","45.0"
"EcosystemandCarbonCycle","LeafAreaIndex","AVHRR","4598_2026-03-05_latest","RMSE Score","MeanState","global","score","1","0.593382","45.0"
"EcosystemandCarbonCycle","LeafAreaIndex","AVHRR","4598_2026-03-05_latest","Overall Score","MeanState","global","score","1","0.712625","45.0"
"EcosystemandCarbonCycle","LeafAreaIndex","AVHRR","4598_2026-03-05_latest","Precipitation|GPCPv2.3 Hellinger Distance","Relationships","global","scalar","1","0.591595","45.0"
"EcosystemandCarbonCycle","LeafAreaIndex","AVHRR","4598_2026-03-05_latest","Precipitation|GPCPv2.3 Score","Relationships","global","score","1","0.907757","45.0"
"EcosystemandCarbonCycle","LeafAreaIndex","AVHRR","4598_2026-03-05_latest","Overall Score","Relationships","global","score","1","0.907757","45.0"
"EcosystemandCarbonCycle","LeafAreaIndex","AVHRR","ENSEMBLE-CMIP6","Benchmark Period Mean (intersection)","MeanState","global","scalar","1","1.48862","45.0"
"EcosystemandCarbonCycle","LeafAreaIndex","AVHRR","ENSEMBLE-CMIP6","Benchmark Period Mean (complement)","MeanState","global","scalar","1","nan","45.0"
"EcosystemandCarbonCycle","LeafAreaIndex","AVHRR","ENSEMBLE-CMIP6","Period Mean (original grids)","MeanState","global","scalar","1","1.41664","45.0"
"EcosystemandCarbonCycle","LeafAreaIndex","AVHRR","ENSEMBLE-CMIP6","Model Period Mean (intersection)","MeanState","global","scalar","1","1.73349","45.0"
"EcosystemandCarbonCycle","LeafAreaIndex","AVHRR","ENSEMBLE-CMIP6","Model Period Mean (complement)","MeanState","global","scalar","1","0.486141","45.0"
"EcosystemandCarbonCycle","LeafAreaIndex","AVHRR","ENSEMBLE-CMIP6","Spatial Distribution Score","MeanState","global","score","1","0.968614","45.0"
"EcosystemandCarbonCycle","LeafAreaIndex","AVHRR","ENSEMBLE-CMIP6","Phase Shift","MeanState","global","scalar","months","1.48228","45.0"
"EcosystemandCarbonCycle","LeafAreaIndex","AVHRR","ENSEMBLE-CMIP6","Seasonal Cycle Score","MeanState","global","score","1","0.774427","45.0"
"EcosystemandCarbonCycle","LeafAreaIndex","AVHRR","ENSEMBLE-CMIP6","Bias","MeanState","global","scalar","1","0.2437","45.0"
"EcosystemandCarbonCycle","LeafAreaIndex","AVHRR","ENSEMBLE-CMIP6","Bias Score","MeanState","global","score","1","0.511451","45.0"
"EcosystemandCarbonCycle","LeafAreaIndex","AVHRR","ENSEMBLE-CMIP6","RMSE","MeanState","global","scalar","1","0.676415","45.0"
"EcosystemandCarbonCycle","LeafAreaIndex","AVHRR","ENSEMBLE-CMIP6","RMSE Score","MeanState","global","score","1","0.518327","45.0"
"EcosystemandCarbonCycle","LeafAreaIndex","AVHRR","ENSEMBLE-CMIP6","Overall Score","MeanState","global","score","1","0.658229","45.0"
"EcosystemandCarbonCycle","LeafAreaIndex","AVHRR","ENSEMBLE-CMIP6","Precipitation|GPCPv2.3 Hellinger Distance","Relationships","global","scalar","1","0.627491","45.0"
"EcosystemandCarbonCycle","LeafAreaIndex","AVHRR","ENSEMBLE-CMIP6","Precipitation|GPCPv2.3 Score","Relationships","global","score","1","0.880931","45.0"
"EcosystemandCarbonCycle","LeafAreaIndex","AVHRR","ENSEMBLE-CMIP6","Overall Score","Relationships","global","score","1","0.880931","45.0"
"EcosystemandCarbonCycle","LeafAreaIndex","AVH15C1","4597_2026-03-05_uncalib","Benchmark Period Mean (intersection)","MeanState","global","scalar","1","1.25993","45.0"
"EcosystemandCarbonCycle","LeafAreaIndex","AVH15C1","4597_2026-03-05_uncalib","Benchmark Period Mean (complement)","MeanState","global","scalar","1","1.47561","45.0"
"EcosystemandCarbonCycle","LeafAreaIndex","AVH15C1","4597_2026-03-05_uncalib","Period Mean (original grids)","MeanState","global","scalar","1","1.13144","45.0"
"EcosystemandCarbonCycle","LeafAreaIndex","AVH15C1","4597_2026-03-05_uncalib","Model Period Mean (intersection)","MeanState","global","scalar","1","1.25351","45.0"
"EcosystemandCarbonCycle","LeafAreaIndex","AVH15C1","4597_2026-03-05_uncalib","Model Period Mean (complement)","MeanState","global","scalar","1","0.0290441","45.0"
"EcosystemandCarbonCycle","LeafAreaIndex","AVH15C1","4597_2026-03-05_uncalib","Spatial Distribution Score","MeanState","global","score","1","0.974131","45.0"
"EcosystemandCarbonCycle","LeafAreaIndex","AVH15C1","4597_2026-03-05_uncalib","Phase Shift","MeanState","global","scalar","months","1.33263","45.0"
"EcosystemandCarbonCycle","LeafAreaIndex","AVH15C1","4597_2026-03-05_uncalib","Seasonal Cycle Score","MeanState","global","score","1","0.769057","45.0"
"EcosystemandCarbonCycle","LeafAreaIndex","AVH15C1","4597_2026-03-05_uncalib","Bias","MeanState","global","scalar","1","-0.00088181","45.0"
"EcosystemandCarbonCycle","LeafAreaIndex","AVH15C1","4597_2026-03-05_uncalib","Bias Score","MeanState","global","score","1","0.501878","45.0"
"EcosystemandCarbonCycle","LeafAreaIndex","AVH15C1","4597_2026-03-05_uncalib","RMSE","MeanState","global","scalar","1","0.449452","45.0"
"EcosystemandCarbonCycle","LeafAreaIndex","AVH15C1","4597_2026-03-05_uncalib","RMSE Score","MeanState","global","score","1","0.499559","45.0"
"EcosystemandCarbonCycle","LeafAreaIndex","AVH15C1","4597_2026-03-05_uncalib","Overall Score","MeanState","global","score","1","0.648837","45.0"
"EcosystemandCarbonCycle","LeafAreaIndex","AVH15C1","4597_2026-03-05_uncalib","Precipitation|GPCPv2.3 Hellinger Distance","Relationships","global","scalar","1","0.724851","45.0"
"EcosystemandCarbonCycle","LeafAreaIndex","AVH15C1","4597_2026-03-05_uncalib","Precipitation|GPCPv2.3 Score","Relationships","global","score","1","0.884258","45.0"
"EcosystemandCarbonCycle","LeafAreaIndex","AVH15C1","4597_2026-03-05_uncalib","Overall Score","Relationships","global","score","1","0.884258","45.0"
"EcosystemandCarbonCycle","LeafAreaIndex","AVH15C1","4598_2026-03-05_latest","Benchmark Period Mean (intersection)","MeanState","global","scalar","1","1.25993","45.0"
"EcosystemandCarbonCycle","LeafAreaIndex","AVH15C1","4598_2026-03-05_latest","Benchmark Period Mean (complement)","MeanState","global","scalar","1","1.47561","45.0"
"EcosystemandCarbonCycle","LeafAreaIndex","AVH15C1","4598_2026-03-05_latest","Period Mean (original grids)","MeanState","global","scalar","1","1.13144","45.0"
"EcosystemandCarbonCycle","LeafAreaIndex","AVH15C1","4598_2026-03-05_latest","Model Period Mean (intersection)","MeanState","global","scalar","1","1.25351","45.0"
"EcosystemandCarbonCycle","LeafAreaIndex","AVH15C1","4598_2026-03-05_latest","Model Period Mean (complement)","MeanState","global","scalar","1","0.0290441","45.0"
"EcosystemandCarbonCycle","LeafAreaIndex","AVH15C1","4598_2026-03-05_latest","Spatial Distribution Score","MeanState","global","score","1","0.974131","45.0"
"EcosystemandCarbonCycle","LeafAreaIndex","AVH15C1","4598_2026-03-05_latest","Phase Shift","MeanState","global","scalar","months","1.33263","45.0"
"EcosystemandCarbonCycle","LeafAreaIndex","AVH15C1","4598_2026-03-05_latest","Seasonal Cycle Score","MeanState","global","score","1","0.769057","45.0"
"EcosystemandCarbonCycle","LeafAreaIndex","AVH15C1","4598_2026-03-05_latest","Bias","MeanState","global","scalar","1","-0.00088181","45.0"
"EcosystemandCarbonCycle","LeafAreaIndex","AVH15C1","4598_2026-03-05_latest","Bias Score","MeanState","global","score","1","0.501878","45.0"
"EcosystemandCarbonCycle","LeafAreaIndex","AVH15C1","4598_2026-03-05_latest","RMSE","MeanState","global","scalar","1","0.449452","45.0"
"EcosystemandCarbonCycle","LeafAreaIndex","AVH15C1","4598_2026-03-05_latest","RMSE Score","MeanState","global","score","1","0.499559","45.0"
"EcosystemandCarbonCycle","LeafAreaIndex","AVH15C1","4598_2026-03-05_latest","Overall Score","MeanState","global","score","1","0.648837","45.0"
"EcosystemandCarbonCycle","LeafAreaIndex","AVH15C1","4598_2026-03-05_latest","Precipitation|GPCPv2.3 Hellinger Distance","Relationships","global","scalar","1","0.724851","45.0"
"EcosystemandCarbonCycle","LeafAreaIndex","AVH15C1","4598_2026-03-05_latest","Precipitation|GPCPv2.3 Score","Relationships","global","score","1","0.884258","45.0"
"EcosystemandCarbonCycle","LeafAreaIndex","AVH15C1","4598_2026-03-05_latest","Overall Score","Relationships","global","score","1","0.884258","45.0"
"EcosystemandCarbonCycle","LeafAreaIndex","AVH15C1","ENSEMBLE-CMIP6","Benchmark Period Mean (intersection)","MeanState","global","scalar","1","1.22546","45.0"
"EcosystemandCarbonCycle","LeafAreaIndex","AVH15C1","ENSEMBLE-CMIP6","Benchmark Period Mean (complement)","MeanState","global","scalar","1","nan","45.0"
"EcosystemandCarbonCycle","LeafAreaIndex","AVH15C1","ENSEMBLE-CMIP6","Period Mean (original grids)","MeanState","global","scalar","1","1.41948","45.0"
"EcosystemandCarbonCycle","LeafAreaIndex","AVH15C1","ENSEMBLE-CMIP6","Model Period Mean (intersection)","MeanState","global","scalar","1","1.54104","45.0"
"EcosystemandCarbonCycle","LeafAreaIndex","AVH15C1","ENSEMBLE-CMIP6","Model Period Mean (complement)","MeanState","global","scalar","1","0.701544","45.0"
"EcosystemandCarbonCycle","LeafAreaIndex","AVH15C1","ENSEMBLE-CMIP6","Spatial Distribution Score","MeanState","global","score","1","0.957507","45.0"
"EcosystemandCarbonCycle","LeafAreaIndex","AVH15C1","ENSEMBLE-CMIP6","Phase Shift","MeanState","global","scalar","months","1.6129","45.0"
"EcosystemandCarbonCycle","LeafAreaIndex","AVH15C1","ENSEMBLE-CMIP6","Seasonal Cycle Score","MeanState","global","score","1","0.705064","45.0"
"EcosystemandCarbonCycle","LeafAreaIndex","AVH15C1","ENSEMBLE-CMIP6","Bias","MeanState","global","scalar","1","0.314202","45.0"
"EcosystemandCarbonCycle","LeafAreaIndex","AVH15C1","ENSEMBLE-CMIP6","Bias Score","MeanState","global","score","1","0.396302","45.0"
"EcosystemandCarbonCycle","LeafAreaIndex","AVH15C1","ENSEMBLE-CMIP6","RMSE","MeanState","global","scalar","1","0.653248","45.0"
"EcosystemandCarbonCycle","LeafAreaIndex","AVH15C1","ENSEMBLE-CMIP6","RMSE Score","MeanState","global","score","1","0.539597","45.0"
"EcosystemandCarbonCycle","LeafAreaIndex","AVH15C1","ENSEMBLE-CMIP6","Overall Score","MeanState","global","score","1","0.627613","45.0"
"EcosystemandCarbonCycle","LeafAreaIndex","AVH15C1","ENSEMBLE-CMIP6","Precipitation|GPCPv2.3 Hellinger Distance","Relationships","global","scalar","1","0.695062","45.0"
"EcosystemandCarbonCycle","LeafAreaIndex","AVH15C1","ENSEMBLE-CMIP6","Precipitation|GPCPv2.3 Score","Relationships","global","score","1","0.849847","45.0"
"EcosystemandCarbonCycle","LeafAreaIndex","AVH15C1","ENSEMBLE-CMIP6","Overall Score","Relationships","global","score","1","0.849847","45.0"
"EcosystemandCarbonCycle","LeafAreaIndex","MODIS","4597_2026-03-05_uncalib","Benchmark Period Mean (intersection)","MeanState","global","scalar","1","1.35317","45.0"
"EcosystemandCarbonCycle","LeafAreaIndex","MODIS","4597_2026-03-05_uncalib","Benchmark Period Mean (complement)","MeanState","global","scalar","1","1.68051","45.0"
"EcosystemandCarbonCycle","LeafAreaIndex","MODIS","4597_2026-03-05_uncalib","Period Mean (original grids)","MeanState","global","scalar","1","1.08813","45.0"
"EcosystemandCarbonCycle","LeafAreaIndex","MODIS","4597_2026-03-05_uncalib","Model Period Mean (intersection)","MeanState","global","scalar","1","1.21093","45.0"
"EcosystemandCarbonCycle","LeafAreaIndex","MODIS","4597_2026-03-05_uncalib","Model Period Mean (complement)","MeanState","global","scalar","1","0.171911","45.0"
"EcosystemandCarbonCycle","LeafAreaIndex","MODIS","4597_2026-03-05_uncalib","Spatial Distribution Score","MeanState","global","score","1","0.9633","45.0"
"EcosystemandCarbonCycle","LeafAreaIndex","MODIS","4597_2026-03-05_uncalib","Phase Shift","MeanState","global","scalar","months","1.11659","45.0"
"EcosystemandCarbonCycle","LeafAreaIndex","MODIS","4597_2026-03-05_uncalib","Seasonal Cycle Score","MeanState","global","score","1","0.810593","45.0"
"EcosystemandCarbonCycle","LeafAreaIndex","MODIS","4597_2026-03-05_uncalib","Bias","MeanState","global","scalar","1","-0.136007","45.0"
"EcosystemandCarbonCycle","LeafAreaIndex","MODIS","4597_2026-03-05_uncalib","Bias Score","MeanState","global","score","1","0.333326","45.0"
"EcosystemandCarbonCycle","LeafAreaIndex","MODIS","4597_2026-03-05_uncalib","RMSE","MeanState","global","scalar","1","0.549893","45.0"
"EcosystemandCarbonCycle","LeafAreaIndex","MODIS","4597_2026-03-05_uncalib","RMSE Score","MeanState","global","score","1","0.35333","45.0"
"EcosystemandCarbonCycle","LeafAreaIndex","MODIS","4597_2026-03-05_uncalib","Overall Score","MeanState","global","score","1","0.562776","45.0"
"EcosystemandCarbonCycle","LeafAreaIndex","MODIS","4597_2026-03-05_uncalib","Precipitation|GPCPv2.3 Hellinger Distance","Relationships","global","scalar","1","0.720188","45.0"
"EcosystemandCarbonCycle","LeafAreaIndex","MODIS","4597_2026-03-05_uncalib","Precipitation|GPCPv2.3 Score","Relationships","global","score","1","0.876357","45.0"
"EcosystemandCarbonCycle","LeafAreaIndex","MODIS","4597_2026-03-05_uncalib","Overall Score","Relationships","global","score","1","0.876357","45.0"
"EcosystemandCarbonCycle","LeafAreaIndex","MODIS","4598_2026-03-05_latest","Benchmark Period Mean (intersection)","MeanState","global","scalar","1","1.35317","45.0"
"EcosystemandCarbonCycle","LeafAreaIndex","MODIS","4598_2026-03-05_latest","Benchmark Period Mean (complement)","MeanState","global","scalar","1","1.68051","45.0"
"EcosystemandCarbonCycle","LeafAreaIndex","MODIS","4598_2026-03-05_latest","Period Mean (original grids)","MeanState","global","scalar","1","1.08813","45.0"
"EcosystemandCarbonCycle","LeafAreaIndex","MODIS","4598_2026-03-05_latest","Model Period Mean (intersection)","MeanState","global","scalar","1","1.21093","45.0"
"EcosystemandCarbonCycle","LeafAreaIndex","MODIS","4598_2026-03-05_latest","Model Period Mean (complement)","MeanState","global","scalar","1","0.171911","45.0"
"EcosystemandCarbonCycle","LeafAreaIndex","MODIS","4598_2026-03-05_latest","Spatial Distribution Score","MeanState","global","score","1","0.9633","45.0"
"EcosystemandCarbonCycle","LeafAreaIndex","MODIS","4598_2026-03-05_latest","Phase Shift","MeanState","global","scalar","months","1.11659","45.0"
"EcosystemandCarbonCycle","LeafAreaIndex","MODIS","4598_2026-03-05_latest","Seasonal Cycle Score","MeanState","global","score","1","0.810593","45.0"
"EcosystemandCarbonCycle","LeafAreaIndex","MODIS","4598_2026-03-05_latest","Bias","MeanState","global","scalar","1","-0.136007","45.0"
"EcosystemandCarbonCycle","LeafAreaIndex","MODIS","4598_2026-03-05_latest","Bias Score","MeanState","global","score","1","0.333326","45.0"
"EcosystemandCarbonCycle","LeafAreaIndex","MODIS","4598_2026-03-05_latest","RMSE","MeanState","global","scalar","1","0.549893","45.0"
"EcosystemandCarbonCycle","LeafAreaIndex","MODIS","4598_2026-03-05_latest","RMSE Score","MeanState","global","score","1","0.35333","45.0"
"EcosystemandCarbonCycle","LeafAreaIndex","MODIS","4598_2026-03-05_latest","Overall Score","MeanState","global","score","1","0.562776","45.0"
"EcosystemandCarbonCycle","LeafAreaIndex","MODIS","4598_2026-03-05_latest","Precipitation|GPCPv2.3 Hellinger Distance","Relationships","global","scalar","1","0.720188","45.0"
"EcosystemandCarbonCycle","LeafAreaIndex","MODIS","4598_2026-03-05_latest","Precipitation|GPCPv2.3 Score","Relationships","global","score","1","0.876357","45.0"
"EcosystemandCarbonCycle","LeafAreaIndex","MODIS","4598_2026-03-05_latest","Overall Score","Relationships","global","score","1","0.876357","45.0"
"EcosystemandCarbonCycle","LeafAreaIndex","MODIS","ENSEMBLE-CMIP6","Benchmark Period Mean (intersection)","MeanState","global","scalar","1","1.35735","45.0"
"EcosystemandCarbonCycle","LeafAreaIndex","MODIS","ENSEMBLE-CMIP6","Benchmark Period Mean (complement)","MeanState","global","scalar","1","nan","45.0"
"EcosystemandCarbonCycle","LeafAreaIndex","MODIS","ENSEMBLE-CMIP6","Period Mean (original grids)","MeanState","global","scalar","1","1.43139","45.0"
"EcosystemandCarbonCycle","LeafAreaIndex","MODIS","ENSEMBLE-CMIP6","Model Period Mean (intersection)","MeanState","global","scalar","1","1.54273","45.0"
"EcosystemandCarbonCycle","LeafAreaIndex","MODIS","ENSEMBLE-CMIP6","Model Period Mean (complement)","MeanState","global","scalar","1","0.924126","45.0"
"EcosystemandCarbonCycle","LeafAreaIndex","MODIS","ENSEMBLE-CMIP6","Spatial Distribution Score","MeanState","global","score","1","0.964727","45.0"
"EcosystemandCarbonCycle","LeafAreaIndex","MODIS","ENSEMBLE-CMIP6","Phase Shift","MeanState","global","scalar","months","1.59894","45.0"
"EcosystemandCarbonCycle","LeafAreaIndex","MODIS","ENSEMBLE-CMIP6","Seasonal Cycle Score","MeanState","global","score","1","0.779242","45.0"
"EcosystemandCarbonCycle","LeafAreaIndex","MODIS","ENSEMBLE-CMIP6","Bias","MeanState","global","scalar","1","0.184392","45.0"
"EcosystemandCarbonCycle","LeafAreaIndex","MODIS","ENSEMBLE-CMIP6","Bias Score","MeanState","global","score","1","0.346724","45.0"
"EcosystemandCarbonCycle","LeafAreaIndex","MODIS","ENSEMBLE-CMIP6","RMSE","MeanState","global","scalar","1","0.562259","45.0"
"EcosystemandCarbonCycle","LeafAreaIndex","MODIS","ENSEMBLE-CMIP6","RMSE Score","MeanState","global","score","1","0.424869","45.0"
"EcosystemandCarbonCycle","LeafAreaIndex","MODIS","ENSEMBLE-CMIP6","Overall Score","MeanState","global","score","1","0.588086","45.0"
"EcosystemandCarbonCycle","LeafAreaIndex","MODIS","ENSEMBLE-CMIP6","Precipitation|GPCPv2.3 Hellinger Distance","Relationships","global","scalar","1","0.741999","45.0"
"EcosystemandCarbonCycle","LeafAreaIndex","MODIS","ENSEMBLE-CMIP6","Precipitation|GPCPv2.3 Score","Relationships","global","score","1","0.893412","45.0"
"EcosystemandCarbonCycle","LeafAreaIndex","MODIS","ENSEMBLE-CMIP6","Overall Score","Relationships","global","score","1","0.893412","45.0"
"EcosystemandCarbonCycle","NetEcosystemExchange","FLUXCOM","4597_2026-03-05_uncalib","Benchmark Period Mean (intersection)","MeanState","global","scalar","Pg yr-1","-0.162878","75.0"
"EcosystemandCarbonCycle","NetEcosystemExchange","FLUXCOM","4597_2026-03-05_uncalib","Benchmark Period Mean (complement)","MeanState","global","scalar","Pg yr-1","-23.456","75.0"
"EcosystemandCarbonCycle","NetEcosystemExchange","FLUXCOM","4597_2026-03-05_uncalib","Period Mean (original grids)","MeanState","global","scalar","Pg yr-1","1.55056e+15","75.0"
"EcosystemandCarbonCycle","NetEcosystemExchange","FLUXCOM","4597_2026-03-05_uncalib","Model Period Mean (intersection)","MeanState","global","scalar","Pg yr-1","1.55056e+15","75.0"
"EcosystemandCarbonCycle","NetEcosystemExchange","FLUXCOM","4597_2026-03-05_uncalib","Model Period Mean (complement)","MeanState","global","scalar","Pg yr-1","4.65801","75.0"
"EcosystemandCarbonCycle","NetEcosystemExchange","FLUXCOM","4597_2026-03-05_uncalib","Spatial Distribution Score","MeanState","global","score","1","1.72948e-34","75.0"
"EcosystemandCarbonCycle","NetEcosystemExchange","FLUXCOM","4597_2026-03-05_uncalib","Phase Shift","MeanState","global","scalar","months","2.93973","75.0"
"EcosystemandCarbonCycle","NetEcosystemExchange","FLUXCOM","4597_2026-03-05_uncalib","Seasonal Cycle Score","MeanState","global","score","1","0.524461","75.0"
"EcosystemandCarbonCycle","NetEcosystemExchange","FLUXCOM","4597_2026-03-05_uncalib","Bias","MeanState","global","scalar","g m-2 d-1","1.30619e+15","75.0"
"EcosystemandCarbonCycle","NetEcosystemExchange","FLUXCOM","4597_2026-03-05_uncalib","Bias Score","MeanState","global","score","1","0.0353158","75.0"
"EcosystemandCarbonCycle","NetEcosystemExchange","FLUXCOM","4597_2026-03-05_uncalib","RMSE","MeanState","global","scalar","g m-2 d-1","4.84794e+18","75.0"
"EcosystemandCarbonCycle","NetEcosystemExchange","FLUXCOM","4597_2026-03-05_uncalib","RMSE Score","MeanState","global","score","1","0.147129","75.0"
"EcosystemandCarbonCycle","NetEcosystemExchange","FLUXCOM","4597_2026-03-05_uncalib","Overall Score","MeanState","global","score","1","0.170807","75.0"
"EcosystemandCarbonCycle","NetEcosystemExchange","FLUXCOM","4598_2026-03-05_latest","Benchmark Period Mean (intersection)","MeanState","global","scalar","Pg yr-1","-0.173415","75.0"
"EcosystemandCarbonCycle","NetEcosystemExchange","FLUXCOM","4598_2026-03-05_latest","Benchmark Period Mean (complement)","MeanState","global","scalar","Pg yr-1","-23.4455","75.0"
"EcosystemandCarbonCycle","NetEcosystemExchange","FLUXCOM","4598_2026-03-05_latest","Period Mean (original grids)","MeanState","global","scalar","Pg yr-1","-1.55415e+29","75.0"
"EcosystemandCarbonCycle","NetEcosystemExchange","FLUXCOM","4598_2026-03-05_latest","Model Period Mean (intersection)","MeanState","global","scalar","Pg yr-1","-1.55415e+29","75.0"
"EcosystemandCarbonCycle","NetEcosystemExchange","FLUXCOM","4598_2026-03-05_latest","Model Period Mean (complement)","MeanState","global","scalar","Pg yr-1","4.70334","75.0"
"EcosystemandCarbonCycle","NetEcosystemExchange","FLUXCOM","4598_2026-03-05_latest","Spatial Distribution Score","MeanState","global","score","1","1.73162e-62","75.0"
"EcosystemandCarbonCycle","NetEcosystemExchange","FLUXCOM","4598_2026-03-05_latest","Phase Shift","MeanState","global","scalar","months","2.88913","75.0"
"EcosystemandCarbonCycle","NetEcosystemExchange","FLUXCOM","4598_2026-03-05_latest","Seasonal Cycle Score","MeanState","global","score","1","0.507957","75.0"
"EcosystemandCarbonCycle","NetEcosystemExchange","FLUXCOM","4598_2026-03-05_latest","Bias","MeanState","global","scalar","g m-2 d-1","-1.40255e+29","75.0"
"EcosystemandCarbonCycle","NetEcosystemExchange","FLUXCOM","4598_2026-03-05_latest","Bias Score","MeanState","global","score","1","0.0950431","75.0"
"EcosystemandCarbonCycle","NetEcosystemExchange","FLUXCOM","4598_2026-03-05_latest","RMSE","MeanState","global","scalar","g m-2 d-1","1.74274e+30","75.0"
"EcosystemandCarbonCycle","NetEcosystemExchange","FLUXCOM","4598_2026-03-05_latest","RMSE Score","MeanState","global","score","1","0.103722","75.0"
"EcosystemandCarbonCycle","NetEcosystemExchange","FLUXCOM","4598_2026-03-05_latest","Overall Score","MeanState","global","score","1","0.162089","75.0"
"EcosystemandCarbonCycle","NetEcosystemExchange","FLUXCOM","ENSEMBLE-CMIP6","Benchmark Period Mean (intersection)","MeanState","global","scalar","Pg yr-1","-23.9811","75.0"
"EcosystemandCarbonCycle","NetEcosystemExchange","FLUXCOM","ENSEMBLE-CMIP6","Benchmark Period Mean (complement)","MeanState","global","scalar","Pg yr-1","nan","75.0"
"EcosystemandCarbonCycle","NetEcosystemExchange","FLUXCOM","ENSEMBLE-CMIP6","Period Mean (original grids)","MeanState","global","scalar","Pg yr-1","-9.00762","75.0"
"EcosystemandCarbonCycle","NetEcosystemExchange","FLUXCOM","ENSEMBLE-CMIP6","Model Period Mean (intersection)","MeanState","global","scalar","Pg yr-1","-7.41279","75.0"
"EcosystemandCarbonCycle","NetEcosystemExchange","FLUXCOM","ENSEMBLE-CMIP6","Model Period Mean (complement)","MeanState","global","scalar","Pg yr-1","-1.48027","75.0"
"EcosystemandCarbonCycle","NetEcosystemExchange","FLUXCOM","ENSEMBLE-CMIP6","Spatial Distribution Score","MeanState","global","score","1","0.181221","75.0"
"EcosystemandCarbonCycle","NetEcosystemExchange","FLUXCOM","ENSEMBLE-CMIP6","Phase Shift","MeanState","global","scalar","months","2.19485","75.0"
"EcosystemandCarbonCycle","NetEcosystemExchange","FLUXCOM","ENSEMBLE-CMIP6","Seasonal Cycle Score","MeanState","global","score","1","0.624556","75.0"
"EcosystemandCarbonCycle","NetEcosystemExchange","FLUXCOM","ENSEMBLE-CMIP6","Bias","MeanState","global","scalar","g m-2 d-1","0.380961","75.0"
"EcosystemandCarbonCycle","NetEcosystemExchange","FLUXCOM","ENSEMBLE-CMIP6","Bias Score","MeanState","global","score","1","0.333787","75.0"
"EcosystemandCarbonCycle","NetEcosystemExchange","FLUXCOM","ENSEMBLE-CMIP6","RMSE","MeanState","global","scalar","g m-2 d-1","0.741881","75.0"
"EcosystemandCarbonCycle","NetEcosystemExchange","FLUXCOM","ENSEMBLE-CMIP6","RMSE Score","MeanState","global","score","1","0.401467","75.0"
"EcosystemandCarbonCycle","NetEcosystemExchange","FLUXCOM","ENSEMBLE-CMIP6","Overall Score","MeanState","global","score","1","0.388499","75.0"
"EcosystemandCarbonCycle","EcosystemRespiration","FLUXCOM","4597_2026-03-05_uncalib","Benchmark Period Mean (intersection)","MeanState","global","scalar","Pg yr-1","0.72544","75.0"
"EcosystemandCarbonCycle","EcosystemRespiration","FLUXCOM","4597_2026-03-05_uncalib","Benchmark Period Mean (complement)","MeanState","global","scalar","Pg yr-1","95.8085","75.0"
"EcosystemandCarbonCycle","EcosystemRespiration","FLUXCOM","4597_2026-03-05_uncalib","Period Mean (original grids)","MeanState","global","scalar","Pg yr-1","1.55056e+15","75.0"
"EcosystemandCarbonCycle","EcosystemRespiration","FLUXCOM","4597_2026-03-05_uncalib","Model Period Mean (intersection)","MeanState","global","scalar","Pg yr-1","1.55056e+15","75.0"
"EcosystemandCarbonCycle","EcosystemRespiration","FLUXCOM","4597_2026-03-05_uncalib","Model Period Mean (complement)","MeanState","global","scalar","Pg yr-1","4.68295","75.0"
"EcosystemandCarbonCycle","EcosystemRespiration","FLUXCOM","4597_2026-03-05_uncalib","Spatial Distribution Score","MeanState","global","score","1","8.91006e-34","75.0"
"EcosystemandCarbonCycle","EcosystemRespiration","FLUXCOM","4597_2026-03-05_uncalib","Phase Shift","MeanState","global","scalar","months","1.80262","75.0"
"EcosystemandCarbonCycle","EcosystemRespiration","FLUXCOM","4597_2026-03-05_uncalib","Seasonal Cycle Score","MeanState","global","score","1","0.615223","75.0"
"EcosystemandCarbonCycle","EcosystemRespiration","FLUXCOM","4597_2026-03-05_uncalib","Bias","MeanState","global","scalar","g m-2 d-1","1.30619e+15","75.0"
"EcosystemandCarbonCycle","EcosystemRespiration","FLUXCOM","4597_2026-03-05_uncalib","Bias Score","MeanState","global","score","1","0.112263","75.0"
"EcosystemandCarbonCycle","EcosystemRespiration","FLUXCOM","4597_2026-03-05_uncalib","RMSE","MeanState","global","scalar","g m-2 d-1","4.84794e+18","75.0"
"EcosystemandCarbonCycle","EcosystemRespiration","FLUXCOM","4597_2026-03-05_uncalib","RMSE Score","MeanState","global","score","1","0.359794","75.0"
"EcosystemandCarbonCycle","EcosystemRespiration","FLUXCOM","4597_2026-03-05_uncalib","Evapotranspiration|GLEAMv3.3a Hellinger Distance","Relationships","global","scalar","1","0.335417","75.0"
"EcosystemandCarbonCycle","EcosystemRespiration","FLUXCOM","4598_2026-03-05_latest","Benchmark Period Mean (intersection)","MeanState","global","scalar","Pg yr-1","0.760623","75.0"
"EcosystemandCarbonCycle","EcosystemRespiration","FLUXCOM","4598_2026-03-05_latest","Benchmark Period Mean (complement)","MeanState","global","scalar","Pg yr-1","95.7733","75.0"
"EcosystemandCarbonCycle","EcosystemRespiration","FLUXCOM","4598_2026-03-05_latest","Period Mean (original grids)","MeanState","global","scalar","Pg yr-1","-1.55415e+29","75.0"
"EcosystemandCarbonCycle","EcosystemRespiration","FLUXCOM","4598_2026-03-05_latest","Model Period Mean (intersection)","MeanState","global","scalar","Pg yr-1","-1.55415e+29","75.0"
"EcosystemandCarbonCycle","EcosystemRespiration","FLUXCOM","4598_2026-03-05_latest","Model Period Mean (complement)","MeanState","global","scalar","Pg yr-1","4.74231","75.0"
"EcosystemandCarbonCycle","EcosystemRespiration","FLUXCOM","4598_2026-03-05_latest","Spatial Distribution Score","MeanState","global","score","1","7.08934e-62","75.0"
"EcosystemandCarbonCycle","EcosystemRespiration","FLUXCOM","4598_2026-03-05_latest","Phase Shift","MeanState","global","scalar","months","1.07187","75.0"
"EcosystemandCarbonCycle","EcosystemRespiration","FLUXCOM","4598_2026-03-05_latest","Seasonal Cycle Score","MeanState","global","score","1","0.807976","75.0"
"EcosystemandCarbonCycle","EcosystemRespiration","FLUXCOM","4598_2026-03-05_latest","Bias","MeanState","global","scalar","g m-2 d-1","-1.40255e+29","75.0"
"EcosystemandCarbonCycle","EcosystemRespiration","FLUXCOM","4598_2026-03-05_latest","Bias Score","MeanState","global","score","1","0.121338","75.0"
"EcosystemandCarbonCycle","EcosystemRespiration","FLUXCOM","4598_2026-03-05_latest","RMSE","MeanState","global","scalar","g m-2 d-1","1.74274e+30","75.0"
"EcosystemandCarbonCycle","EcosystemRespiration","FLUXCOM","4598_2026-03-05_latest","RMSE Score","MeanState","global","score","1","0.404288","75.0"
"EcosystemandCarbonCycle","EcosystemRespiration","FLUXCOM","4598_2026-03-05_latest","Evapotranspiration|GLEAMv3.3a Hellinger Distance","Relationships","global","scalar","1","0.340316","75.0"
"EcosystemandCarbonCycle","EcosystemRespiration","FLUXCOM","ENSEMBLE-CMIP6","Benchmark Period Mean (intersection)","MeanState","global","scalar","Pg yr-1","95.6684","75.0"
"EcosystemandCarbonCycle","EcosystemRespiration","FLUXCOM","ENSEMBLE-CMIP6","Benchmark Period Mean (complement)","MeanState","global","scalar","Pg yr-1","nan","75.0"
"EcosystemandCarbonCycle","EcosystemRespiration","FLUXCOM","ENSEMBLE-CMIP6","Period Mean (original grids)","MeanState","global","scalar","Pg yr-1","134.95","75.0"
"EcosystemandCarbonCycle","EcosystemRespiration","FLUXCOM","ENSEMBLE-CMIP6","Model Period Mean (intersection)","MeanState","global","scalar","Pg yr-1","112.308","75.0"
"EcosystemandCarbonCycle","EcosystemRespiration","FLUXCOM","ENSEMBLE-CMIP6","Model Period Mean (complement)","MeanState","global","scalar","Pg yr-1","20.5962","75.0"
"EcosystemandCarbonCycle","EcosystemRespiration","FLUXCOM","ENSEMBLE-CMIP6","Spatial Distribution Score","MeanState","global","score","1","0.956528","75.0"
"EcosystemandCarbonCycle","EcosystemRespiration","FLUXCOM","ENSEMBLE-CMIP6","Phase Shift","MeanState","global","scalar","months","0.789723","75.0"
"EcosystemandCarbonCycle","EcosystemRespiration","FLUXCOM","ENSEMBLE-CMIP6","Seasonal Cycle Score","MeanState","global","score","1","0.842905","75.0"
"EcosystemandCarbonCycle","EcosystemRespiration","FLUXCOM","ENSEMBLE-CMIP6","Bias","MeanState","global","scalar","g m-2 d-1","0.382208","75.0"
"EcosystemandCarbonCycle","EcosystemRespiration","FLUXCOM","ENSEMBLE-CMIP6","Bias Score","MeanState","global","score","1","0.465919","75.0"
"EcosystemandCarbonCycle","EcosystemRespiration","FLUXCOM","ENSEMBLE-CMIP6","RMSE","MeanState","global","scalar","g m-2 d-1","0.840391","75.0"
"EcosystemandCarbonCycle","EcosystemRespiration","FLUXCOM","ENSEMBLE-CMIP6","RMSE Score","MeanState","global","score","1","0.595179","75.0"
"EcosystemandCarbonCycle","EcosystemRespiration","FLUXCOM","ENSEMBLE-CMIP6","Overall Score","MeanState","global","score","1","0.691142","75.0"
"EcosystemandCarbonCycle","EcosystemRespiration","FLUXCOM","ENSEMBLE-CMIP6","Evapotranspiration|GLEAMv3.3a Hellinger Distance","Relationships","global","scalar","1","0.540236","75.0"
"EcosystemandCarbonCycle","EcosystemRespiration","FLUXCOM","ENSEMBLE-CMIP6","Evapotranspiration|GLEAMv3.3a Score","Relationships","global","score","1","0.931531","75.0"
"EcosystemandCarbonCycle","EcosystemRespiration","FLUXCOM","ENSEMBLE-CMIP6","Precipitation|GPCPv2.3 Hellinger Distance","Relationships","global","scalar","1","0.557983","75.0"
"EcosystemandCarbonCycle","EcosystemRespiration","FLUXCOM","ENSEMBLE-CMIP6","Precipitation|GPCPv2.3 Score","Relationships","global","score","1","0.847518","75.0"
"EcosystemandCarbonCycle","EcosystemRespiration","FLUXCOM","ENSEMBLE-CMIP6","SurfaceDownwardSWRadiation|CERESed4.2 Hellinger Distance","Relationships","global","scalar","1","0.534654","75.0"
"EcosystemandCarbonCycle","EcosystemRespiration","FLUXCOM","ENSEMBLE-CMIP6","SurfaceDownwardSWRadiation|CERESed4.2 Score","Relationships","global","score","1","0.688831","75.0"
"EcosystemandCarbonCycle","EcosystemRespiration","FLUXCOM","ENSEMBLE-CMIP6","SurfaceNetSWRadiation|CERESed4.2 Hellinger Distance","Relationships","global","scalar","1","0.657301","75.0"
"EcosystemandCarbonCycle","EcosystemRespiration","FLUXCOM","ENSEMBLE-CMIP6","SurfaceNetSWRadiation|CERESed4.2 Score","Relationships","global","score","1","0.74598","75.0"
"EcosystemandCarbonCycle","EcosystemRespiration","FLUXCOM","ENSEMBLE-CMIP6","SurfaceAirTemperature|CRU4.02 Hellinger Distance","Relationships","global","scalar","1","0.656706","75.0"
"EcosystemandCarbonCycle","EcosystemRespiration","FLUXCOM","ENSEMBLE-CMIP6","SurfaceAirTemperature|CRU4.02 Score","Relationships","global","score","1","0.832737","75.0"
"EcosystemandCarbonCycle","EcosystemRespiration","FLUXCOM","ENSEMBLE-CMIP6","Overall Score","Relationships","global","score","1","0.809319","75.0"
"EcosystemandCarbonCycle","SoilCarbon","HWSD","4597_2026-03-05_uncalib","Benchmark Period Mean (intersection)","MeanState","global","scalar","Pg","81.4971","75.0"
"EcosystemandCarbonCycle","SoilCarbon","HWSD","4597_2026-03-05_uncalib","Benchmark Period Mean (complement)","MeanState","global","scalar","Pg","1252.53","75.0"
"EcosystemandCarbonCycle","SoilCarbon","HWSD","4597_2026-03-05_uncalib","Period Mean (original grids)","MeanState","global","scalar","Pg","3129.25","75.0"
"EcosystemandCarbonCycle","SoilCarbon","HWSD","4597_2026-03-05_uncalib","Model Period Mean (intersection)","MeanState","global","scalar","Pg","1048.47","75.0"
"EcosystemandCarbonCycle","SoilCarbon","HWSD","4597_2026-03-05_uncalib","Model Period Mean (complement)","MeanState","global","scalar","Pg","2076.17","75.0"
"EcosystemandCarbonCycle","SoilCarbon","HWSD","4597_2026-03-05_uncalib","Spatial Distribution Score","MeanState","global","score","1","0.69188","75.0"
"EcosystemandCarbonCycle","SoilCarbon","HWSD","4597_2026-03-05_uncalib","Bias","MeanState","global","scalar","kg m-2","119.794","75.0"
"EcosystemandCarbonCycle","SoilCarbon","HWSD","4597_2026-03-05_uncalib","Bias Score","MeanState","global","score","1","0.0437472","75.0"
"EcosystemandCarbonCycle","SoilCarbon","HWSD","4597_2026-03-05_uncalib","Overall Score","MeanState","global","score","1","0.367813","75.0"
"EcosystemandCarbonCycle","SoilCarbon","HWSD","4598_2026-03-05_latest","Benchmark Period Mean (intersection)","MeanState","global","scalar","Pg","82.3552","75.0"
"EcosystemandCarbonCycle","SoilCarbon","HWSD","4598_2026-03-05_latest","Benchmark Period Mean (complement)","MeanState","global","scalar","Pg","1251.67","75.0"
"EcosystemandCarbonCycle","SoilCarbon","HWSD","4598_2026-03-05_latest","Period Mean (original grids)","MeanState","global","scalar","Pg","3134.82","75.0"
"EcosystemandCarbonCycle","SoilCarbon","HWSD","4598_2026-03-05_latest","Model Period Mean (intersection)","MeanState","global","scalar","Pg","1057.26","75.0"
"EcosystemandCarbonCycle","SoilCarbon","HWSD","4598_2026-03-05_latest","Model Period Mean (complement)","MeanState","global","scalar","Pg","2073.77","75.0"
"EcosystemandCarbonCycle","SoilCarbon","HWSD","4598_2026-03-05_latest","Spatial Distribution Score","MeanState","global","score","1","0.709284","75.0"
"EcosystemandCarbonCycle","SoilCarbon","HWSD","4598_2026-03-05_latest","Bias","MeanState","global","scalar","kg m-2","120.238","75.0"
"EcosystemandCarbonCycle","SoilCarbon","HWSD","4598_2026-03-05_latest","Bias Score","MeanState","global","score","1","0.0401978","75.0"
"EcosystemandCarbonCycle","SoilCarbon","HWSD","4598_2026-03-05_latest","Overall Score","MeanState","global","score","1","0.374741","75.0"
"EcosystemandCarbonCycle","SoilCarbon","HWSD","ENSEMBLE-CMIP6","Benchmark Period Mean (intersection)","MeanState","global","scalar","Pg","1334.03","75.0"
"EcosystemandCarbonCycle","SoilCarbon","HWSD","ENSEMBLE-CMIP6","Benchmark Period Mean (complement)","MeanState","global","scalar","Pg","nan","75.0"
"EcosystemandCarbonCycle","SoilCarbon","HWSD","ENSEMBLE-CMIP6","Period Mean (original grids)","MeanState","global","scalar","Pg","1461.99","75.0"
"EcosystemandCarbonCycle","SoilCarbon","HWSD","ENSEMBLE-CMIP6","Model Period Mean (intersection)","MeanState","global","scalar","Pg","1312.39","75.0"
"EcosystemandCarbonCycle","SoilCarbon","HWSD","ENSEMBLE-CMIP6","Model Period Mean (complement)","MeanState","global","scalar","Pg","132.52","75.0"
"EcosystemandCarbonCycle","SoilCarbon","HWSD","ENSEMBLE-CMIP6","Spatial Distribution Score","MeanState","global","score","1","0.430628","75.0"
"EcosystemandCarbonCycle","SoilCarbon","HWSD","ENSEMBLE-CMIP6","Bias","MeanState","global","scalar","kg m-2","-0.162605","75.0"
"EcosystemandCarbonCycle","SoilCarbon","HWSD","ENSEMBLE-CMIP6","Bias Score","MeanState","global","score","1","0.653752","75.0"
"EcosystemandCarbonCycle","SoilCarbon","HWSD","ENSEMBLE-CMIP6","Overall Score","MeanState","global","score","1","0.54219","75.0"
"EcosystemandCarbonCycle","SoilCarbon","NCSCDV22","4597_2026-03-05_uncalib","Benchmark Period Mean (intersection)","MeanState","global","scalar","Pg","60.7303","60.0"
"EcosystemandCarbonCycle","SoilCarbon","NCSCDV22","4597_2026-03-05_uncalib","Benchmark Period Mean (complement)","MeanState","global","scalar","Pg","412.115","60.0"
"EcosystemandCarbonCycle","SoilCarbon","NCSCDV22","4597_2026-03-05_uncalib","Period Mean (original grids)","MeanState","global","scalar","Pg","3129.25","60.0"
"EcosystemandCarbonCycle","SoilCarbon","NCSCDV22","4597_2026-03-05_uncalib","Model Period Mean (intersection)","MeanState","global","scalar","Pg","565.051","60.0"
"EcosystemandCarbonCycle","SoilCarbon","NCSCDV22","4597_2026-03-05_uncalib","Model Period Mean (complement)","MeanState","global","scalar","Pg","2559.59","60.0"
"EcosystemandCarbonCycle","SoilCarbon","NCSCDV22","4597_2026-03-05_uncalib","Spatial Distribution Score","MeanState","global","score","1","0.374405","60.0"
"EcosystemandCarbonCycle","SoilCarbon","NCSCDV22","4597_2026-03-05_uncalib","Bias","MeanState","global","scalar","kg m-2","117.89","60.0"
"EcosystemandCarbonCycle","SoilCarbon","NCSCDV22","4597_2026-03-05_uncalib","Bias Score","MeanState","global","score","1","0.105383","60.0"
"EcosystemandCarbonCycle","SoilCarbon","NCSCDV22","4597_2026-03-05_uncalib","Overall Score","MeanState","global","score","1","0.239894","60.0"
"EcosystemandCarbonCycle","SoilCarbon","NCSCDV22","4598_2026-03-05_latest","Benchmark Period Mean (intersection)","MeanState","global","scalar","Pg","63.8007","60.0"
"EcosystemandCarbonCycle","SoilCarbon","NCSCDV22","4598_2026-03-05_latest","Benchmark Period Mean (complement)","MeanState","global","scalar","Pg","409.045","60.0"
"EcosystemandCarbonCycle","SoilCarbon","NCSCDV22","4598_2026-03-05_latest","Period Mean (original grids)","MeanState","global","scalar","Pg","3134.82","60.0"
"EcosystemandCarbonCycle","SoilCarbon","NCSCDV22","4598_2026-03-05_latest","Model Period Mean (intersection)","MeanState","global","scalar","Pg","579.888","60.0"
"EcosystemandCarbonCycle","SoilCarbon","NCSCDV22","4598_2026-03-05_latest","Model Period Mean (complement)","MeanState","global","scalar","Pg","2551.14","60.0"
"EcosystemandCarbonCycle","SoilCarbon","NCSCDV22","4598_2026-03-05_latest","Spatial Distribution Score","MeanState","global","score","1","0.340483","60.0"
"EcosystemandCarbonCycle","SoilCarbon","NCSCDV22","4598_2026-03-05_latest","Bias","MeanState","global","scalar","kg m-2","118.028","60.0"
"EcosystemandCarbonCycle","SoilCarbon","NCSCDV22","4598_2026-03-05_latest","Bias Score","MeanState","global","score","1","0.100894","60.0"
"EcosystemandCarbonCycle","SoilCarbon","NCSCDV22","4598_2026-03-05_latest","Overall Score","MeanState","global","score","1","0.220688","60.0"
"EcosystemandCarbonCycle","SoilCarbon","NCSCDV22","ENSEMBLE-CMIP6","Benchmark Period Mean (intersection)","MeanState","global","scalar","Pg","472.846","60.0"
"EcosystemandCarbonCycle","SoilCarbon","NCSCDV22","ENSEMBLE-CMIP6","Benchmark Period Mean (complement)","MeanState","global","scalar","Pg","nan","60.0"
"EcosystemandCarbonCycle","SoilCarbon","NCSCDV22","ENSEMBLE-CMIP6","Period Mean (original grids)","MeanState","global","scalar","Pg","1461.99","60.0"
"EcosystemandCarbonCycle","SoilCarbon","NCSCDV22","ENSEMBLE-CMIP6","Model Period Mean (intersection)","MeanState","global","scalar","Pg","476.236","60.0"
"EcosystemandCarbonCycle","SoilCarbon","NCSCDV22","ENSEMBLE-CMIP6","Model Period Mean (complement)","MeanState","global","scalar","Pg","968.675","60.0"
"EcosystemandCarbonCycle","SoilCarbon","NCSCDV22","ENSEMBLE-CMIP6","Spatial Distribution Score","MeanState","global","score","1","0.653127","60.0"
"EcosystemandCarbonCycle","SoilCarbon","NCSCDV22","ENSEMBLE-CMIP6","Bias","MeanState","global","scalar","kg m-2","0.124083","60.0"
"EcosystemandCarbonCycle","SoilCarbon","NCSCDV22","ENSEMBLE-CMIP6","Bias Score","MeanState","global","score","1","0.644537","60.0"
"EcosystemandCarbonCycle","SoilCarbon","NCSCDV22","ENSEMBLE-CMIP6","Overall Score","MeanState","global","score","1","0.648832","60.0"
"EcosystemandCarbonCycle","SoilCarbon","Koven","4597_2026-03-05_uncalib","Q10(-10","MeanState","[C])","scalar","1","10.5406","75.0"
"EcosystemandCarbonCycle","SoilCarbon","Koven","4597_2026-03-05_uncalib","Q10(+10","MeanState","[C])","scalar","1","1.35095","75.0"
"EcosystemandCarbonCycle","SoilCarbon","Koven","4597_2026-03-05_uncalib","Q10(+25","MeanState","[C])","scalar","1","0.289382","75.0"
"EcosystemandCarbonCycle","SoilCarbon","Koven","4597_2026-03-05_uncalib","RMSE Score","MeanState","global","score","1","0.449554","75.0"
"EcosystemandCarbonCycle","SoilCarbon","Koven","4597_2026-03-05_uncalib","Distribution Score","MeanState","global","score","1","0.525102","75.0"
"EcosystemandCarbonCycle","SoilCarbon","Koven","4597_2026-03-05_uncalib","Overall Score","MeanState","global","score","1","0.474737","75.0"
"EcosystemandCarbonCycle","SoilCarbon","Koven","4598_2026-03-05_latest","Q10(-10","MeanState","[C])","scalar","1","10.6183","75.0"
"EcosystemandCarbonCycle","SoilCarbon","Koven","4598_2026-03-05_latest","Q10(+10","MeanState","[C])","scalar","1","0.958538","75.0"
"EcosystemandCarbonCycle","SoilCarbon","Koven","4598_2026-03-05_latest","Q10(+25","MeanState","[C])","scalar","1","0.157861","75.0"
"EcosystemandCarbonCycle","SoilCarbon","Koven","4598_2026-03-05_latest","RMSE Score","MeanState","global","score","1","0.540452","75.0"
"EcosystemandCarbonCycle","SoilCarbon","Koven","4598_2026-03-05_latest","Distribution Score","MeanState","global","score","1","0.464797","75.0"
"EcosystemandCarbonCycle","SoilCarbon","Koven","4598_2026-03-05_latest","Overall Score","MeanState","global","score","1","0.515234","75.0"
"EcosystemandCarbonCycle","SoilCarbon","Koven","ENSEMBLE-CMIP6","Q10(-10","MeanState","[C])","scalar","1","9.09084","75.0"
"EcosystemandCarbonCycle","SoilCarbon","Koven","ENSEMBLE-CMIP6","Q10(+10","MeanState","[C])","scalar","1","2.3011","75.0"
"EcosystemandCarbonCycle","SoilCarbon","Koven","ENSEMBLE-CMIP6","Q10(+25","MeanState","[C])","scalar","1","0.821174","75.0"
"EcosystemandCarbonCycle","SoilCarbon","Koven","ENSEMBLE-CMIP6","RMSE Score","MeanState","global","score","1","0.753202","75.0"
"EcosystemandCarbonCycle","SoilCarbon","Koven","ENSEMBLE-CMIP6","Distribution Score","MeanState","global","score","1","0.663965","75.0"
"EcosystemandCarbonCycle","SoilCarbon","Koven","ENSEMBLE-CMIP6","Overall Score","MeanState","global","score","1","0.723456","75.0"
"EcosystemandCarbonCycle","Biomass","ESACCI","4597_2026-03-05_uncalib","Benchmark Period Mean (intersection)","MeanState","global","scalar","Pg","607.054","75.0"
"EcosystemandCarbonCycle","Biomass","ESACCI","4597_2026-03-05_uncalib","Benchmark Period Mean (complement)","MeanState","global","scalar","Pg","19.3402","75.0"
"EcosystemandCarbonCycle","Biomass","ESACCI","4597_2026-03-05_uncalib","Period Mean (original grids)","MeanState","global","scalar","Pg","8.51909","75.0"
"EcosystemandCarbonCycle","Biomass","ESACCI","4597_2026-03-05_uncalib","Model Period Mean (intersection)","MeanState","global","scalar","Pg","8.52598","75.0"
"EcosystemandCarbonCycle","Biomass","ESACCI","4597_2026-03-05_uncalib","Model Period Mean (complement)","MeanState","global","scalar","Pg","nan","75.0"
"EcosystemandCarbonCycle","Biomass","ESACCI","4597_2026-03-05_uncalib","Spatial Distribution Score","MeanState","global","score","1","0.000312205","75.0"
"EcosystemandCarbonCycle","Biomass","ESACCI","4597_2026-03-05_uncalib","Bias","MeanState","global","scalar","kg m-2","-4.42239","75.0"
"EcosystemandCarbonCycle","Biomass","ESACCI","4597_2026-03-05_uncalib","Bias Score","MeanState","global","score","1","0.372855","75.0"
"EcosystemandCarbonCycle","Biomass","ESACCI","4597_2026-03-05_uncalib","Overall Score","MeanState","global","score","1","0.186584","75.0"
"EcosystemandCarbonCycle","Biomass","ESACCI","4598_2026-03-05_latest","Benchmark Period Mean (intersection)","MeanState","global","scalar","Pg","607.054","75.0"
"EcosystemandCarbonCycle","Biomass","ESACCI","4598_2026-03-05_latest","Benchmark Period Mean (complement)","MeanState","global","scalar","Pg","19.3402","75.0"
"EcosystemandCarbonCycle","Biomass","ESACCI","4598_2026-03-05_latest","Period Mean (original grids)","MeanState","global","scalar","Pg","8.51909","75.0"
"EcosystemandCarbonCycle","Biomass","ESACCI","4598_2026-03-05_latest","Model Period Mean (intersection)","MeanState","global","scalar","Pg","8.52598","75.0"
"EcosystemandCarbonCycle","Biomass","ESACCI","4598_2026-03-05_latest","Model Period Mean (complement)","MeanState","global","scalar","Pg","nan","75.0"
"EcosystemandCarbonCycle","Biomass","ESACCI","4598_2026-03-05_latest","Spatial Distribution Score","MeanState","global","score","1","0.000312205","75.0"
"EcosystemandCarbonCycle","Biomass","ESACCI","4598_2026-03-05_latest","Bias","MeanState","global","scalar","kg m-2","-4.42239","75.0"
"EcosystemandCarbonCycle","Biomass","ESACCI","4598_2026-03-05_latest","Bias Score","MeanState","global","score","1","0.372855","75.0"
"EcosystemandCarbonCycle","Biomass","ESACCI","4598_2026-03-05_latest","Overall Score","MeanState","global","score","1","0.186584","75.0"
"EcosystemandCarbonCycle","Biomass","ESACCI","ENSEMBLE-CMIP6","Benchmark Period Mean (intersection)","MeanState","global","scalar","Pg","626.393","75.0"
"EcosystemandCarbonCycle","Biomass","ESACCI","ENSEMBLE-CMIP6","Benchmark Period Mean (complement)","MeanState","global","scalar","Pg","nan","75.0"
"EcosystemandCarbonCycle","Biomass","ESACCI","ENSEMBLE-CMIP6","Period Mean (original grids)","MeanState","global","scalar","Pg","573.965","75.0"
"EcosystemandCarbonCycle","Biomass","ESACCI","ENSEMBLE-CMIP6","Model Period Mean (intersection)","MeanState","global","scalar","Pg","567.359","75.0"
"EcosystemandCarbonCycle","Biomass","ESACCI","ENSEMBLE-CMIP6","Model Period Mean (complement)","MeanState","global","scalar","Pg","0.0167823","75.0"
"EcosystemandCarbonCycle","Biomass","ESACCI","ENSEMBLE-CMIP6","Spatial Distribution Score","MeanState","global","score","1","0.662641","75.0"
"EcosystemandCarbonCycle","Biomass","ESACCI","ENSEMBLE-CMIP6","Bias","MeanState","global","scalar","kg m-2","-0.385886","75.0"
"EcosystemandCarbonCycle","Biomass","ESACCI","ENSEMBLE-CMIP6","Bias Score","MeanState","global","score","1","0.62835","75.0"
"EcosystemandCarbonCycle","Biomass","ESACCI","ENSEMBLE-CMIP6","Overall Score","MeanState","global","score","1","0.645495","75.0"
"EcosystemandCarbonCycle","Biomass","GEOCARBON","4597_2026-03-05_uncalib","Benchmark Period Mean (intersection)","MeanState","global","scalar","Pg","756.319","80.0"
"EcosystemandCarbonCycle","Biomass","GEOCARBON","4597_2026-03-05_uncalib","Benchmark Period Mean (complement)","MeanState","global","scalar","Pg","67.4104","80.0"
"EcosystemandCarbonCycle","Biomass","GEOCARBON","4597_2026-03-05_uncalib","Period Mean (original grids)","MeanState","global","scalar","Pg","8.21777","80.0"
"EcosystemandCarbonCycle","Biomass","GEOCARBON","4597_2026-03-05_uncalib","Model Period Mean (intersection)","MeanState","global","scalar","Pg","7.65342","80.0"
"EcosystemandCarbonCycle","Biomass","GEOCARBON","4597_2026-03-05_uncalib","Model Period Mean (complement)","MeanState","global","scalar","Pg","0.571606","80.0"
"EcosystemandCarbonCycle","Biomass","GEOCARBON","4597_2026-03-05_uncalib","Spatial Distribution Score","MeanState","global","score","1","0.00023282","80.0"
"EcosystemandCarbonCycle","Biomass","GEOCARBON","4597_2026-03-05_uncalib","Bias","MeanState","global","scalar","kg m-2","-8.50535","80.0"
"EcosystemandCarbonCycle","Biomass","GEOCARBON","4597_2026-03-05_uncalib","Bias Score","MeanState","global","score","1","0.37166","80.0"
"EcosystemandCarbonCycle","Biomass","GEOCARBON","4597_2026-03-05_uncalib","Overall Score","MeanState","global","score","1","0.185946","80.0"
"EcosystemandCarbonCycle","Biomass","GEOCARBON","4598_2026-03-05_latest","Benchmark Period Mean (intersection)","MeanState","global","scalar","Pg","756.319","80.0"
"EcosystemandCarbonCycle","Biomass","GEOCARBON","4598_2026-03-05_latest","Benchmark Period Mean (complement)","MeanState","global","scalar","Pg","67.4104","80.0"
"EcosystemandCarbonCycle","Biomass","GEOCARBON","4598_2026-03-05_latest","Period Mean (original grids)","MeanState","global","scalar","Pg","8.21777","80.0"
"EcosystemandCarbonCycle","Biomass","GEOCARBON","4598_2026-03-05_latest","Model Period Mean (intersection)","MeanState","global","scalar","Pg","7.65342","80.0"
"EcosystemandCarbonCycle","Biomass","GEOCARBON","4598_2026-03-05_latest","Model Period Mean (complement)","MeanState","global","scalar","Pg","0.571606","80.0"
"EcosystemandCarbonCycle","Biomass","GEOCARBON","4598_2026-03-05_latest","Spatial Distribution Score","MeanState","global","score","1","0.00023282","80.0"
"EcosystemandCarbonCycle","Biomass","GEOCARBON","4598_2026-03-05_latest","Bias","MeanState","global","scalar","kg m-2","-8.50535","80.0"
"EcosystemandCarbonCycle","Biomass","GEOCARBON","4598_2026-03-05_latest","Bias Score","MeanState","global","score","1","0.37166","80.0"
"EcosystemandCarbonCycle","Biomass","GEOCARBON","4598_2026-03-05_latest","Overall Score","MeanState","global","score","1","0.185946","80.0"
"EcosystemandCarbonCycle","Biomass","GEOCARBON","ENSEMBLE-CMIP6","Benchmark Period Mean (intersection)","MeanState","global","scalar","Pg","823.73","80.0"
"EcosystemandCarbonCycle","Biomass","GEOCARBON","ENSEMBLE-CMIP6","Benchmark Period Mean (complement)","MeanState","global","scalar","Pg","nan","80.0"
"EcosystemandCarbonCycle","Biomass","GEOCARBON","ENSEMBLE-CMIP6","Period Mean (original grids)","MeanState","global","scalar","Pg","569.702","80.0"
"EcosystemandCarbonCycle","Biomass","GEOCARBON","ENSEMBLE-CMIP6","Model Period Mean (intersection)","MeanState","global","scalar","Pg","492.064","80.0"
"EcosystemandCarbonCycle","Biomass","GEOCARBON","ENSEMBLE-CMIP6","Model Period Mean (complement)","MeanState","global","scalar","Pg","69.9627","80.0"
"EcosystemandCarbonCycle","Biomass","GEOCARBON","ENSEMBLE-CMIP6","Spatial Distribution Score","MeanState","global","score","1","0.551682","80.0"
"EcosystemandCarbonCycle","Biomass","GEOCARBON","ENSEMBLE-CMIP6","Bias","MeanState","global","scalar","kg m-2","-3.51608","80.0"
"EcosystemandCarbonCycle","Biomass","GEOCARBON","ENSEMBLE-CMIP6","Bias Score","MeanState","global","score","1","0.603455","80.0"
"EcosystemandCarbonCycle","Biomass","GEOCARBON","ENSEMBLE-CMIP6","Overall Score","MeanState","global","score","1","0.577568","80.0"
"EcosystemandCarbonCycle","Biomass","NBCD2000","4597_2026-03-05_uncalib","Benchmark Period Mean (intersection)","MeanState","global","scalar","Pg","25.5188","40.0"
"EcosystemandCarbonCycle","Biomass","NBCD2000","4597_2026-03-05_uncalib","Benchmark Period Mean (complement)","MeanState","global","scalar","Pg","0.655653","40.0"
"EcosystemandCarbonCycle","Biomass","NBCD2000","4597_2026-03-05_uncalib","Period Mean (original grids)","MeanState","global","scalar","Pg","8.0762","40.0"
"EcosystemandCarbonCycle","Biomass","NBCD2000","4597_2026-03-05_uncalib","Model Period Mean (intersection)","MeanState","global","scalar","Pg","0.474324","40.0"
"EcosystemandCarbonCycle","Biomass","NBCD2000","4597_2026-03-05_uncalib","Model Period Mean (complement)","MeanState","global","scalar","Pg","7.60906","40.0"
"EcosystemandCarbonCycle","Biomass","NBCD2000","4597_2026-03-05_uncalib","Spatial Distribution Score","MeanState","global","score","1","0.000335135","40.0"
"EcosystemandCarbonCycle","Biomass","NBCD2000","4597_2026-03-05_uncalib","Bias","MeanState","global","scalar","kg m-2","-3.16672","40.0"
"EcosystemandCarbonCycle","Biomass","NBCD2000","4597_2026-03-05_uncalib","Bias Score","MeanState","global","score","1","0.374509","40.0"
"EcosystemandCarbonCycle","Biomass","NBCD2000","4597_2026-03-05_uncalib","Overall Score","MeanState","global","score","1","0.187422","40.0"
"EcosystemandCarbonCycle","Biomass","NBCD2000","4598_2026-03-05_latest","Benchmark Period Mean (intersection)","MeanState","global","scalar","Pg","25.5188","40.0"
"EcosystemandCarbonCycle","Biomass","NBCD2000","4598_2026-03-05_latest","Benchmark Period Mean (complement)","MeanState","global","scalar","Pg","0.655653","40.0"
"EcosystemandCarbonCycle","Biomass","NBCD2000","4598_2026-03-05_latest","Period Mean (original grids)","MeanState","global","scalar","Pg","8.0762","40.0"
"EcosystemandCarbonCycle","Biomass","NBCD2000","4598_2026-03-05_latest","Model Period Mean (intersection)","MeanState","global","scalar","Pg","0.474324","40.0"
"EcosystemandCarbonCycle","Biomass","NBCD2000","4598_2026-03-05_latest","Model Period Mean (complement)","MeanState","global","scalar","Pg","7.60906","40.0"
"EcosystemandCarbonCycle","Biomass","NBCD2000","4598_2026-03-05_latest","Spatial Distribution Score","MeanState","global","score","1","0.000335135","40.0"
"EcosystemandCarbonCycle","Biomass","NBCD2000","4598_2026-03-05_latest","Bias","MeanState","global","scalar","kg m-2","-3.16672","40.0"
"EcosystemandCarbonCycle","Biomass","NBCD2000","4598_2026-03-05_latest","Bias Score","MeanState","global","score","1","0.374509","40.0"
"EcosystemandCarbonCycle","Biomass","NBCD2000","4598_2026-03-05_latest","Overall Score","MeanState","global","score","1","0.187422","40.0"
"EcosystemandCarbonCycle","Biomass","NBCD2000","ENSEMBLE-CMIP6","Benchmark Period Mean (intersection)","MeanState","global","scalar","Pg","26.1745","40.0"
"EcosystemandCarbonCycle","Biomass","NBCD2000","ENSEMBLE-CMIP6","Benchmark Period Mean (complement)","MeanState","global","scalar","Pg","nan","40.0"
"EcosystemandCarbonCycle","Biomass","NBCD2000","ENSEMBLE-CMIP6","Period Mean (original grids)","MeanState","global","scalar","Pg","565.714","40.0"
"EcosystemandCarbonCycle","Biomass","NBCD2000","ENSEMBLE-CMIP6","Model Period Mean (intersection)","MeanState","global","scalar","Pg","25.3204","40.0"
"EcosystemandCarbonCycle","Biomass","NBCD2000","ENSEMBLE-CMIP6","Model Period Mean (complement)","MeanState","global","scalar","Pg","532.691","40.0"
"EcosystemandCarbonCycle","Biomass","NBCD2000","ENSEMBLE-CMIP6","Spatial Distribution Score","MeanState","global","score","1","0.711194","40.0"
"EcosystemandCarbonCycle","Biomass","NBCD2000","ENSEMBLE-CMIP6","Bias","MeanState","global","scalar","kg m-2","-0.124657","40.0"
"EcosystemandCarbonCycle","Biomass","NBCD2000","ENSEMBLE-CMIP6","Bias Score","MeanState","global","score","1","0.655798","40.0"
"EcosystemandCarbonCycle","Biomass","NBCD2000","ENSEMBLE-CMIP6","Overall Score","MeanState","global","score","1","0.683496","40.0"
"EcosystemandCarbonCycle","Biomass","Saatchi2011","4597_2026-03-05_uncalib","Benchmark Period Mean (intersection)","MeanState","global","scalar","Pg","337.093","100.0"
"EcosystemandCarbonCycle","Biomass","Saatchi2011","4597_2026-03-05_uncalib","Benchmark Period Mean (complement)","MeanState","global","scalar","Pg","11.8315","100.0"
"EcosystemandCarbonCycle","Biomass","Saatchi2011","4597_2026-03-05_uncalib","Period Mean (original grids)","MeanState","global","scalar","Pg","8.0762","100.0"
"EcosystemandCarbonCycle","Biomass","Saatchi2011","4597_2026-03-05_uncalib","Model Period Mean (intersection)","MeanState","global","scalar","Pg","5.8223","100.0"
"EcosystemandCarbonCycle","Biomass","Saatchi2011","4597_2026-03-05_uncalib","Model Period Mean (complement)","MeanState","global","scalar","Pg","2.26109","100.0"
"EcosystemandCarbonCycle","Biomass","Saatchi2011","4597_2026-03-05_uncalib","Spatial Distribution Score","MeanState","global","score","1","0.000876532","100.0"
"EcosystemandCarbonCycle","Biomass","Saatchi2011","4597_2026-03-05_uncalib","Bias","MeanState","global","scalar","kg m-2","-4.9963","100.0"
"EcosystemandCarbonCycle","Biomass","Saatchi2011","4597_2026-03-05_uncalib","Bias Score","MeanState","global","score","1","0.374334","100.0"
"EcosystemandCarbonCycle","Biomass","Saatchi2011","4597_2026-03-05_uncalib","Overall Score","MeanState","global","score","1","0.187605","100.0"
"EcosystemandCarbonCycle","Biomass","Saatchi2011","4598_2026-03-05_latest","Benchmark Period Mean (intersection)","MeanState","global","scalar","Pg","337.093","100.0"
"EcosystemandCarbonCycle","Biomass","Saatchi2011","4598_2026-03-05_latest","Benchmark Period Mean (complement)","MeanState","global","scalar","Pg","11.8315","100.0"
"EcosystemandCarbonCycle","Biomass","Saatchi2011","4598_2026-03-05_latest","Period Mean (original grids)","MeanState","global","scalar","Pg","8.0762","100.0"
"EcosystemandCarbonCycle","Biomass","Saatchi2011","4598_2026-03-05_latest","Model Period Mean (intersection)","MeanState","global","scalar","Pg","5.8223","100.0"
"EcosystemandCarbonCycle","Biomass","Saatchi2011","4598_2026-03-05_latest","Model Period Mean (complement)","MeanState","global","scalar","Pg","2.26109","100.0"
"EcosystemandCarbonCycle","Biomass","Saatchi2011","4598_2026-03-05_latest","Spatial Distribution Score","MeanState","global","score","1","0.000876532","100.0"
"EcosystemandCarbonCycle","Biomass","Saatchi2011","4598_2026-03-05_latest","Bias","MeanState","global","scalar","kg m-2","-4.9963","100.0"
"EcosystemandCarbonCycle","Biomass","Saatchi2011","4598_2026-03-05_latest","Bias Score","MeanState","global","score","1","0.374334","100.0"
"EcosystemandCarbonCycle","Biomass","Saatchi2011","4598_2026-03-05_latest","Overall Score","MeanState","global","score","1","0.187605","100.0"
"EcosystemandCarbonCycle","Biomass","Saatchi2011","ENSEMBLE-CMIP6","Benchmark Period Mean (intersection)","MeanState","global","scalar","Pg","348.924","100.0"
"EcosystemandCarbonCycle","Biomass","Saatchi2011","ENSEMBLE-CMIP6","Benchmark Period Mean (complement)","MeanState","global","scalar","Pg","nan","100.0"
"EcosystemandCarbonCycle","Biomass","Saatchi2011","ENSEMBLE-CMIP6","Period Mean (original grids)","MeanState","global","scalar","Pg","565.247","100.0"
"EcosystemandCarbonCycle","Biomass","Saatchi2011","ENSEMBLE-CMIP6","Model Period Mean (intersection)","MeanState","global","scalar","Pg","354.974","100.0"
"EcosystemandCarbonCycle","Biomass","Saatchi2011","ENSEMBLE-CMIP6","Model Period Mean (complement)","MeanState","global","scalar","Pg","202.564","100.0"
"EcosystemandCarbonCycle","Biomass","Saatchi2011","ENSEMBLE-CMIP6","Spatial Distribution Score","MeanState","global","score","1","0.933864","100.0"
"EcosystemandCarbonCycle","Biomass","Saatchi2011","ENSEMBLE-CMIP6","Bias","MeanState","global","scalar","kg m-2","0.0808151","100.0"
"EcosystemandCarbonCycle","Biomass","Saatchi2011","ENSEMBLE-CMIP6","Bias Score","MeanState","global","score","1","0.70345","100.0"
"EcosystemandCarbonCycle","Biomass","Saatchi2011","ENSEMBLE-CMIP6","Overall Score","MeanState","global","score","1","0.818657","100.0"
"EcosystemandCarbonCycle","Biomass","Thurner","4597_2026-03-05_uncalib","Benchmark Period Mean (intersection)","MeanState","global","scalar","Pg","163.021","75.0"
"EcosystemandCarbonCycle","Biomass","Thurner","4597_2026-03-05_uncalib","Benchmark Period Mean (complement)","MeanState","global","scalar","Pg","11.3033","75.0"
"EcosystemandCarbonCycle","Biomass","Thurner","4597_2026-03-05_uncalib","Period Mean (original grids)","MeanState","global","scalar","Pg","8.2339","75.0"
"EcosystemandCarbonCycle","Biomass","Thurner","4597_2026-03-05_uncalib","Model Period Mean (intersection)","MeanState","global","scalar","Pg","2.20417","75.0"
"EcosystemandCarbonCycle","Biomass","Thurner","4597_2026-03-05_uncalib","Model Period Mean (complement)","MeanState","global","scalar","Pg","6.03701","75.0"
"EcosystemandCarbonCycle","Biomass","Thurner","4597_2026-03-05_uncalib","Spatial Distribution Score","MeanState","global","score","1","0.00065613","75.0"
"EcosystemandCarbonCycle","Biomass","Thurner","4597_2026-03-05_uncalib","Bias","MeanState","global","scalar","kg m-2","-3.57968","75.0"
"EcosystemandCarbonCycle","Biomass","Thurner","4597_2026-03-05_uncalib","Bias Score","MeanState","global","score","1","0.372905","75.0"
"EcosystemandCarbonCycle","Biomass","Thurner","4597_2026-03-05_uncalib","Overall Score","MeanState","global","score","1","0.186781","75.0"
"EcosystemandCarbonCycle","Biomass","Thurner","4598_2026-03-05_latest","Benchmark Period Mean (intersection)","MeanState","global","scalar","Pg","163.021","75.0"
"EcosystemandCarbonCycle","Biomass","Thurner","4598_2026-03-05_latest","Benchmark Period Mean (complement)","MeanState","global","scalar","Pg","11.3033","75.0"
"EcosystemandCarbonCycle","Biomass","Thurner","4598_2026-03-05_latest","Period Mean (original grids)","MeanState","global","scalar","Pg","8.2339","75.0"
"EcosystemandCarbonCycle","Biomass","Thurner","4598_2026-03-05_latest","Model Period Mean (intersection)","MeanState","global","scalar","Pg","2.20417","75.0"
"EcosystemandCarbonCycle","Biomass","Thurner","4598_2026-03-05_latest","Model Period Mean (complement)","MeanState","global","scalar","Pg","6.03701","75.0"
"EcosystemandCarbonCycle","Biomass","Thurner","4598_2026-03-05_latest","Spatial Distribution Score","MeanState","global","score","1","0.00065613","75.0"
"EcosystemandCarbonCycle","Biomass","Thurner","4598_2026-03-05_latest","Bias","MeanState","global","scalar","kg m-2","-3.57968","75.0"
"EcosystemandCarbonCycle","Biomass","Thurner","4598_2026-03-05_latest","Bias Score","MeanState","global","score","1","0.372905","75.0"
"EcosystemandCarbonCycle","Biomass","Thurner","4598_2026-03-05_latest","Overall Score","MeanState","global","score","1","0.186781","75.0"
"EcosystemandCarbonCycle","Biomass","Thurner","ENSEMBLE-CMIP6","Benchmark Period Mean (intersection)","MeanState","global","scalar","Pg","174.325","75.0"
"EcosystemandCarbonCycle","Biomass","Thurner","ENSEMBLE-CMIP6","Benchmark Period Mean (complement)","MeanState","global","scalar","Pg","nan","75.0"
"EcosystemandCarbonCycle","Biomass","Thurner","ENSEMBLE-CMIP6","Period Mean (original grids)","MeanState","global","scalar","Pg","564.689","75.0"
"EcosystemandCarbonCycle","Biomass","Thurner","ENSEMBLE-CMIP6","Model Period Mean (intersection)","MeanState","global","scalar","Pg","156.314","75.0"
"EcosystemandCarbonCycle","Biomass","Thurner","ENSEMBLE-CMIP6","Model Period Mean (complement)","MeanState","global","scalar","Pg","400.67","75.0"
"EcosystemandCarbonCycle","Biomass","Thurner","ENSEMBLE-CMIP6","Spatial Distribution Score","MeanState","global","score","1","0.929506","75.0"
"EcosystemandCarbonCycle","Biomass","Thurner","ENSEMBLE-CMIP6","Bias","MeanState","global","scalar","kg m-2","-0.381255","75.0"
"EcosystemandCarbonCycle","Biomass","Thurner","ENSEMBLE-CMIP6","Bias Score","MeanState","global","score","1","0.679783","75.0"
"EcosystemandCarbonCycle","Biomass","Thurner","ENSEMBLE-CMIP6","Overall Score","MeanState","global","score","1","0.804644","75.0"
"EcosystemandCarbonCycle","Biomass","USForest","4597_2026-03-05_uncalib","Benchmark Period Mean (intersection)","MeanState","global","scalar","Pg","29.0303","40.0"
"EcosystemandCarbonCycle","Biomass","USForest","4597_2026-03-05_uncalib","Benchmark Period Mean (complement)","MeanState","global","scalar","Pg","1.06903","40.0"
"EcosystemandCarbonCycle","Biomass","USForest","4597_2026-03-05_uncalib","Period Mean (original grids)","MeanState","global","scalar","Pg","8.0762","40.0"
"EcosystemandCarbonCycle","Biomass","USForest","4597_2026-03-05_uncalib","Model Period Mean (intersection)","MeanState","global","scalar","Pg","0.503572","40.0"
"EcosystemandCarbonCycle","Biomass","USForest","4597_2026-03-05_uncalib","Model Period Mean (complement)","MeanState","global","scalar","Pg","7.57982","40.0"
"EcosystemandCarbonCycle","Biomass","USForest","4597_2026-03-05_uncalib","Spatial Distribution Score","MeanState","global","score","1","0.000246639","40.0"
"EcosystemandCarbonCycle","Biomass","USForest","4597_2026-03-05_uncalib","Bias","MeanState","global","scalar","kg m-2","-3.24511","40.0"
"EcosystemandCarbonCycle","Biomass","USForest","4597_2026-03-05_uncalib","Bias Score","MeanState","global","score","1","0.373984","40.0"
"EcosystemandCarbonCycle","Biomass","USForest","4597_2026-03-05_uncalib","Overall Score","MeanState","global","score","1","0.187115","40.0"
"EcosystemandCarbonCycle","Biomass","USForest","4598_2026-03-05_latest","Benchmark Period Mean (intersection)","MeanState","global","scalar","Pg","29.0303","40.0"
"EcosystemandCarbonCycle","Biomass","USForest","4598_2026-03-05_latest","Benchmark Period Mean (complement)","MeanState","global","scalar","Pg","1.06903","40.0"
"EcosystemandCarbonCycle","Biomass","USForest","4598_2026-03-05_latest","Period Mean (original grids)","MeanState","global","scalar","Pg","8.0762","40.0"
"EcosystemandCarbonCycle","Biomass","USForest","4598_2026-03-05_latest","Model Period Mean (intersection)","MeanState","global","scalar","Pg","0.503572","40.0"
"EcosystemandCarbonCycle","Biomass","USForest","4598_2026-03-05_latest","Model Period Mean (complement)","MeanState","global","scalar","Pg","7.57982","40.0"
"EcosystemandCarbonCycle","Biomass","USForest","4598_2026-03-05_latest","Spatial Distribution Score","MeanState","global","score","1","0.000246639","40.0"
"EcosystemandCarbonCycle","Biomass","USForest","4598_2026-03-05_latest","Bias","MeanState","global","scalar","kg m-2","-3.24511","40.0"
"EcosystemandCarbonCycle","Biomass","USForest","4598_2026-03-05_latest","Bias Score","MeanState","global","score","1","0.373984","40.0"
"EcosystemandCarbonCycle","Biomass","USForest","4598_2026-03-05_latest","Overall Score","MeanState","global","score","1","0.187115","40.0"
"EcosystemandCarbonCycle","Biomass","USForest","ENSEMBLE-CMIP6","Benchmark Period Mean (intersection)","MeanState","global","scalar","Pg","30.0993","40.0"
"EcosystemandCarbonCycle","Biomass","USForest","ENSEMBLE-CMIP6","Benchmark Period Mean (complement)","MeanState","global","scalar","Pg","nan","40.0"
"EcosystemandCarbonCycle","Biomass","USForest","ENSEMBLE-CMIP6","Period Mean (original grids)","MeanState","global","scalar","Pg","565.714","40.0"
"EcosystemandCarbonCycle","Biomass","USForest","ENSEMBLE-CMIP6","Model Period Mean (intersection)","MeanState","global","scalar","Pg","28.6885","40.0"
"EcosystemandCarbonCycle","Biomass","USForest","ENSEMBLE-CMIP6","Model Period Mean (complement)","MeanState","global","scalar","Pg","529.323","40.0"
"EcosystemandCarbonCycle","Biomass","USForest","ENSEMBLE-CMIP6","Spatial Distribution Score","MeanState","global","score","1","0.576905","40.0"
"EcosystemandCarbonCycle","Biomass","USForest","ENSEMBLE-CMIP6","Bias","MeanState","global","scalar","kg m-2","-0.168406","40.0"
"EcosystemandCarbonCycle","Biomass","USForest","ENSEMBLE-CMIP6","Bias Score","MeanState","global","score","1","0.637823","40.0"
"EcosystemandCarbonCycle","Biomass","USForest","ENSEMBLE-CMIP6","Overall Score","MeanState","global","score","1","0.607364","40.0"
"EcosystemandCarbonCycle","Biomass","XuSaatchi2021","4597_2026-03-05_uncalib","Benchmark Period Mean (intersection)","MeanState","global","scalar","Pg","365.36","60.0"
"EcosystemandCarbonCycle","Biomass","XuSaatchi2021","4597_2026-03-05_uncalib","Benchmark Period Mean (complement)","MeanState","global","scalar","Pg","12.4419","60.0"
"EcosystemandCarbonCycle","Biomass","XuSaatchi2021","4597_2026-03-05_uncalib","Period Mean (original grids)","MeanState","global","scalar","Pg","8.33166","60.0"
"EcosystemandCarbonCycle","Biomass","XuSaatchi2021","4597_2026-03-05_uncalib","Model Period Mean (intersection)","MeanState","global","scalar","Pg","8.32678","60.0"
"EcosystemandCarbonCycle","Biomass","XuSaatchi2021","4597_2026-03-05_uncalib","Model Period Mean (complement)","MeanState","global","scalar","Pg","0.0121463","60.0"
"EcosystemandCarbonCycle","Biomass","XuSaatchi2021","4597_2026-03-05_uncalib","Spatial Distribution Score","MeanState","global","score","1","0.00126167","60.0"
"EcosystemandCarbonCycle","Biomass","XuSaatchi2021","4597_2026-03-05_uncalib","Bias","MeanState","global","scalar","kg m-2","-2.64714","60.0"
"EcosystemandCarbonCycle","Biomass","XuSaatchi2021","4597_2026-03-05_uncalib","Bias Score","MeanState","global","score","1","0.00160054","60.0"
"EcosystemandCarbonCycle","Biomass","XuSaatchi2021","4597_2026-03-05_uncalib","Overall Score","MeanState","global","score","1","0.00143111","60.0"
"EcosystemandCarbonCycle","Biomass","XuSaatchi2021","4598_2026-03-05_latest","Benchmark Period Mean (intersection)","MeanState","global","scalar","Pg","365.36","60.0"
"EcosystemandCarbonCycle","Biomass","XuSaatchi2021","4598_2026-03-05_latest","Benchmark Period Mean (complement)","MeanState","global","scalar","Pg","12.4419","60.0"
"EcosystemandCarbonCycle","Biomass","XuSaatchi2021","4598_2026-03-05_latest","Period Mean (original grids)","MeanState","global","scalar","Pg","8.33166","60.0"
"EcosystemandCarbonCycle","Biomass","XuSaatchi2021","4598_2026-03-05_latest","Model Period Mean (intersection)","MeanState","global","scalar","Pg","8.32678","60.0"
"EcosystemandCarbonCycle","Biomass","XuSaatchi2021","4598_2026-03-05_latest","Model Period Mean (complement)","MeanState","global","scalar","Pg","0.0121463","60.0"
"EcosystemandCarbonCycle","Biomass","XuSaatchi2021","4598_2026-03-05_latest","Spatial Distribution Score","MeanState","global","score","1","0.00126167","60.0"
"EcosystemandCarbonCycle","Biomass","XuSaatchi2021","4598_2026-03-05_latest","Bias","MeanState","global","scalar","kg m-2","-2.64714","60.0"
"EcosystemandCarbonCycle","Biomass","XuSaatchi2021","4598_2026-03-05_latest","Bias Score","MeanState","global","score","1","0.00160054","60.0"
"EcosystemandCarbonCycle","Biomass","XuSaatchi2021","4598_2026-03-05_latest","Overall Score","MeanState","global","score","1","0.00143111","60.0"
"EcosystemandCarbonCycle","Biomass","XuSaatchi2021","ENSEMBLE-CMIP6","Benchmark Period Mean (intersection)","MeanState","global","scalar","Pg","377.802","60.0"
"EcosystemandCarbonCycle","Biomass","XuSaatchi2021","ENSEMBLE-CMIP6","Benchmark Period Mean (complement)","MeanState","global","scalar","Pg","nan","60.0"
"EcosystemandCarbonCycle","Biomass","XuSaatchi2021","ENSEMBLE-CMIP6","Period Mean (original grids)","MeanState","global","scalar","Pg","571.607","60.0"
"EcosystemandCarbonCycle","Biomass","XuSaatchi2021","ENSEMBLE-CMIP6","Model Period Mean (intersection)","MeanState","global","scalar","Pg","518.807","60.0"
"EcosystemandCarbonCycle","Biomass","XuSaatchi2021","ENSEMBLE-CMIP6","Model Period Mean (complement)","MeanState","global","scalar","Pg","45.2036","60.0"
"EcosystemandCarbonCycle","Biomass","XuSaatchi2021","ENSEMBLE-CMIP6","Spatial Distribution Score","MeanState","global","score","1","0.914403","60.0"
"EcosystemandCarbonCycle","Biomass","XuSaatchi2021","ENSEMBLE-CMIP6","Bias","MeanState","global","scalar","kg m-2","0.97817","60.0"
"EcosystemandCarbonCycle","Biomass","XuSaatchi2021","ENSEMBLE-CMIP6","Bias Score","MeanState","global","score","1","0.0449807","60.0"
"EcosystemandCarbonCycle","Biomass","XuSaatchi2021","ENSEMBLE-CMIP6","Overall Score","MeanState","global","score","1","0.479692","60.0"
"HydrologyCycle","Evapotranspiration","GLEAMv3.3a","4597_2026-03-05_uncalib","Benchmark Period Mean (intersection)","MeanState","global","scalar","mm d-1","1.32914","75.0"
"HydrologyCycle","Evapotranspiration","GLEAMv3.3a","4597_2026-03-05_uncalib","Benchmark Period Mean (complement)","MeanState","global","scalar","mm d-1","2.36855","75.0"
"HydrologyCycle","Evapotranspiration","GLEAMv3.3a","4597_2026-03-05_uncalib","Period Mean (original grids)","MeanState","global","scalar","mm d-1","1.39833","75.0"
"HydrologyCycle","Evapotranspiration","GLEAMv3.3a","4597_2026-03-05_uncalib","Model Period Mean (intersection)","MeanState","global","scalar","mm d-1","1.39119","75.0"
"HydrologyCycle","Evapotranspiration","GLEAMv3.3a","4597_2026-03-05_uncalib","Model Period Mean (complement)","MeanState","global","scalar","mm d-1","1.74144","75.0"
"HydrologyCycle","Evapotranspiration","GLEAMv3.3a","4597_2026-03-05_uncalib","Spatial Distribution Score","MeanState","global","score","1","0.980182","75.0"
"HydrologyCycle","Evapotranspiration","GLEAMv3.3a","4597_2026-03-05_uncalib","Phase Shift","MeanState","global","scalar","months","0.986756","75.0"
"HydrologyCycle","Evapotranspiration","GLEAMv3.3a","4597_2026-03-05_uncalib","Seasonal Cycle Score","MeanState","global","score","1","0.79563","75.0"
"HydrologyCycle","Evapotranspiration","GLEAMv3.3a","4597_2026-03-05_uncalib","Bias","MeanState","global","scalar","mm d-1","0.0616733","75.0"
"HydrologyCycle","Evapotranspiration","GLEAMv3.3a","4597_2026-03-05_uncalib","Bias Score","MeanState","global","score","1","0.653759","75.0"
"HydrologyCycle","Evapotranspiration","GLEAMv3.3a","4597_2026-03-05_uncalib","RMSE","MeanState","global","scalar","mm d-1","0.455296","75.0"
"HydrologyCycle","Evapotranspiration","GLEAMv3.3a","4597_2026-03-05_uncalib","RMSE Score","MeanState","global","score","1","0.6115","75.0"
"HydrologyCycle","Evapotranspiration","GLEAMv3.3a","4597_2026-03-05_uncalib","Overall Score","MeanState","global","score","1","0.730514","75.0"
"HydrologyCycle","Evapotranspiration","GLEAMv3.3a","4597_2026-03-05_uncalib","Precipitation|GPCPv2.3 Hellinger Distance","Relationships","global","scalar","1","0.77091","75.0"
"HydrologyCycle","Evapotranspiration","GLEAMv3.3a","4597_2026-03-05_uncalib","Precipitation|GPCPv2.3 Score","Relationships","global","score","1","0.904342","75.0"
"HydrologyCycle","Evapotranspiration","GLEAMv3.3a","4597_2026-03-05_uncalib","SurfaceAirTemperature|CRU4.02 Hellinger Distance","Relationships","global","scalar","1","0.777045","75.0"
"HydrologyCycle","Evapotranspiration","GLEAMv3.3a","4597_2026-03-05_uncalib","SurfaceAirTemperature|CRU4.02 Score","Relationships","global","score","1","0.877733","75.0"
"HydrologyCycle","Evapotranspiration","GLEAMv3.3a","4597_2026-03-05_uncalib","Overall Score","Relationships","global","score","1","0.891038","75.0"
"HydrologyCycle","Evapotranspiration","GLEAMv3.3a","4598_2026-03-05_latest","Benchmark Period Mean (intersection)","MeanState","global","scalar","mm d-1","1.32914","75.0"
"HydrologyCycle","Evapotranspiration","GLEAMv3.3a","4598_2026-03-05_latest","Benchmark Period Mean (complement)","MeanState","global","scalar","mm d-1","2.36855","75.0"
"HydrologyCycle","Evapotranspiration","GLEAMv3.3a","4598_2026-03-05_latest","Period Mean (original grids)","MeanState","global","scalar","mm d-1","1.38814","75.0"
"HydrologyCycle","Evapotranspiration","GLEAMv3.3a","4598_2026-03-05_latest","Model Period Mean (intersection)","MeanState","global","scalar","mm d-1","1.38112","75.0"
"HydrologyCycle","Evapotranspiration","GLEAMv3.3a","4598_2026-03-05_latest","Model Period Mean (complement)","MeanState","global","scalar","mm d-1","1.72229","75.0"
"HydrologyCycle","Evapotranspiration","GLEAMv3.3a","4598_2026-03-05_latest","Spatial Distribution Score","MeanState","global","score","1","0.97813","75.0"
"HydrologyCycle","Evapotranspiration","GLEAMv3.3a","4598_2026-03-05_latest","Phase Shift","MeanState","global","scalar","months","1.00571","75.0"
"HydrologyCycle","Evapotranspiration","GLEAMv3.3a","4598_2026-03-05_latest","Seasonal Cycle Score","MeanState","global","score","1","0.791609","75.0"
"HydrologyCycle","Evapotranspiration","GLEAMv3.3a","4598_2026-03-05_latest","Bias","MeanState","global","scalar","mm d-1","0.0517898","75.0"
"HydrologyCycle","Evapotranspiration","GLEAMv3.3a","4598_2026-03-05_latest","Bias Score","MeanState","global","score","1","0.617408","75.0"
"HydrologyCycle","Evapotranspiration","GLEAMv3.3a","4598_2026-03-05_latest","RMSE","MeanState","global","scalar","mm d-1","0.462307","75.0"
"HydrologyCycle","Evapotranspiration","GLEAMv3.3a","4598_2026-03-05_latest","RMSE Score","MeanState","global","score","1","0.625983","75.0"
"HydrologyCycle","Evapotranspiration","GLEAMv3.3a","4598_2026-03-05_latest","Overall Score","MeanState","global","score","1","0.727823","75.0"
"HydrologyCycle","Evapotranspiration","GLEAMv3.3a","4598_2026-03-05_latest","Precipitation|GPCPv2.3 Hellinger Distance","Relationships","global","scalar","1","0.765249","75.0"
"HydrologyCycle","Evapotranspiration","GLEAMv3.3a","4598_2026-03-05_latest","Precipitation|GPCPv2.3 Score","Relationships","global","score","1","0.865084","75.0"
"HydrologyCycle","Evapotranspiration","GLEAMv3.3a","4598_2026-03-05_latest","SurfaceAirTemperature|CRU4.02 Hellinger Distance","Relationships","global","scalar","1","0.766991","75.0"
"HydrologyCycle","Evapotranspiration","GLEAMv3.3a","4598_2026-03-05_latest","SurfaceAirTemperature|CRU4.02 Score","Relationships","global","score","1","0.887176","75.0"
"HydrologyCycle","Evapotranspiration","GLEAMv3.3a","4598_2026-03-05_latest","Overall Score","Relationships","global","score","1","0.87613","75.0"
"HydrologyCycle","Evapotranspiration","GLEAMv3.3a","ENSEMBLE-CMIP6","Benchmark Period Mean (intersection)","MeanState","global","scalar","mm d-1","1.34831","75.0"
"HydrologyCycle","Evapotranspiration","GLEAMv3.3a","ENSEMBLE-CMIP6","Benchmark Period Mean (complement)","MeanState","global","scalar","mm d-1","nan","75.0"
"HydrologyCycle","Evapotranspiration","GLEAMv3.3a","ENSEMBLE-CMIP6","Period Mean (original grids)","MeanState","global","scalar","mm d-1","1.70022","75.0"
"HydrologyCycle","Evapotranspiration","GLEAMv3.3a","ENSEMBLE-CMIP6","Model Period Mean (intersection)","MeanState","global","scalar","mm d-1","1.56551","75.0"
"HydrologyCycle","Evapotranspiration","GLEAMv3.3a","ENSEMBLE-CMIP6","Model Period Mean (complement)","MeanState","global","scalar","mm d-1","2.80305","75.0"
"HydrologyCycle","Evapotranspiration","GLEAMv3.3a","ENSEMBLE-CMIP6","Spatial Distribution Score","MeanState","global","score","1","0.972869","75.0"
"HydrologyCycle","Evapotranspiration","GLEAMv3.3a","ENSEMBLE-CMIP6","Phase Shift","MeanState","global","scalar","months","1.06214","75.0"
"HydrologyCycle","Evapotranspiration","GLEAMv3.3a","ENSEMBLE-CMIP6","Seasonal Cycle Score","MeanState","global","score","1","0.793852","75.0"
"HydrologyCycle","Evapotranspiration","GLEAMv3.3a","ENSEMBLE-CMIP6","Bias","MeanState","global","scalar","mm d-1","0.218661","75.0"
"HydrologyCycle","Evapotranspiration","GLEAMv3.3a","ENSEMBLE-CMIP6","Bias Score","MeanState","global","score","1","0.641104","75.0"
"HydrologyCycle","Evapotranspiration","GLEAMv3.3a","ENSEMBLE-CMIP6","RMSE","MeanState","global","scalar","mm d-1","0.545052","75.0"
"HydrologyCycle","Evapotranspiration","GLEAMv3.3a","ENSEMBLE-CMIP6","RMSE Score","MeanState","global","score","1","0.608823","75.0"
"HydrologyCycle","Evapotranspiration","GLEAMv3.3a","ENSEMBLE-CMIP6","Overall Score","MeanState","global","score","1","0.725094","75.0"
"HydrologyCycle","Evapotranspiration","GLEAMv3.3a","ENSEMBLE-CMIP6","Precipitation|GPCPv2.3 Hellinger Distance","Relationships","global","scalar","1","0.778484","75.0"
"HydrologyCycle","Evapotranspiration","GLEAMv3.3a","ENSEMBLE-CMIP6","Precipitation|GPCPv2.3 Score","Relationships","global","score","1","0.910739","75.0"
"HydrologyCycle","Evapotranspiration","GLEAMv3.3a","ENSEMBLE-CMIP6","SurfaceAirTemperature|CRU4.02 Hellinger Distance","Relationships","global","scalar","1","0.739781","75.0"
"HydrologyCycle","Evapotranspiration","GLEAMv3.3a","ENSEMBLE-CMIP6","SurfaceAirTemperature|CRU4.02 Score","Relationships","global","score","1","0.757743","75.0"
"HydrologyCycle","Evapotranspiration","GLEAMv3.3a","ENSEMBLE-CMIP6","Overall Score","Relationships","global","score","1","0.834241","75.0"
"HydrologyCycle","Evapotranspiration","MODIS","4597_2026-03-05_uncalib","Benchmark Period Mean (intersection)","MeanState","global","scalar","mm d-1","1.54409","75.0"
"HydrologyCycle","Evapotranspiration","MODIS","4597_2026-03-05_uncalib","Benchmark Period Mean (complement)","MeanState","global","scalar","mm d-1","2.15532","75.0"
"HydrologyCycle","Evapotranspiration","MODIS","4597_2026-03-05_uncalib","Period Mean (original grids)","MeanState","global","scalar","mm d-1","1.39314","75.0"
"HydrologyCycle","Evapotranspiration","MODIS","4597_2026-03-05_uncalib","Model Period Mean (intersection)","MeanState","global","scalar","mm d-1","1.77276","75.0"
"HydrologyCycle","Evapotranspiration","MODIS","4597_2026-03-05_uncalib","Model Period Mean (complement)","MeanState","global","scalar","mm d-1","0.295036","75.0"
"HydrologyCycle","Evapotranspiration","MODIS","4597_2026-03-05_uncalib","Spatial Distribution Score","MeanState","global","score","1","0.973816","75.0"
"HydrologyCycle","Evapotranspiration","MODIS","4597_2026-03-05_uncalib","Phase Shift","MeanState","global","scalar","months","1.21143","75.0"
"HydrologyCycle","Evapotranspiration","MODIS","4597_2026-03-05_uncalib","Seasonal Cycle Score","MeanState","global","score","1","0.821576","75.0"
"HydrologyCycle","Evapotranspiration","MODIS","4597_2026-03-05_uncalib","Bias","MeanState","global","scalar","mm d-1","0.229817","75.0"
"HydrologyCycle","Evapotranspiration","MODIS","4597_2026-03-05_uncalib","Bias Score","MeanState","global","score","1","0.598811","75.0"
"HydrologyCycle","Evapotranspiration","MODIS","4597_2026-03-05_uncalib","RMSE","MeanState","global","scalar","mm d-1","0.6914","75.0"
"HydrologyCycle","Evapotranspiration","MODIS","4597_2026-03-05_uncalib","RMSE Score","MeanState","global","score","1","0.517021","75.0"
"HydrologyCycle","Evapotranspiration","MODIS","4597_2026-03-05_uncalib","Overall Score","MeanState","global","score","1","0.685649","75.0"
"HydrologyCycle","Evapotranspiration","MODIS","4597_2026-03-05_uncalib","Precipitation|GPCPv2.3 Hellinger Distance","Relationships","global","scalar","1","0.5476","75.0"
"HydrologyCycle","Evapotranspiration","MODIS","4597_2026-03-05_uncalib","Precipitation|GPCPv2.3 Score","Relationships","global","score","1","0.891412","75.0"
"HydrologyCycle","Evapotranspiration","MODIS","4597_2026-03-05_uncalib","SurfaceAirTemperature|CRU4.02 Hellinger Distance","Relationships","global","scalar","1","0.716309","75.0"
"HydrologyCycle","Evapotranspiration","MODIS","4597_2026-03-05_uncalib","SurfaceAirTemperature|CRU4.02 Score","Relationships","global","score","1","0.781852","75.0"
"HydrologyCycle","Evapotranspiration","MODIS","4597_2026-03-05_uncalib","Overall Score","Relationships","global","score","1","0.836632","75.0"
"HydrologyCycle","Evapotranspiration","MODIS","4598_2026-03-05_latest","Benchmark Period Mean (intersection)","MeanState","global","scalar","mm d-1","1.54409","75.0"
"HydrologyCycle","Evapotranspiration","MODIS","4598_2026-03-05_latest","Benchmark Period Mean (complement)","MeanState","global","scalar","mm d-1","2.15532","75.0"
"HydrologyCycle","Evapotranspiration","MODIS","4598_2026-03-05_latest","Period Mean (original grids)","MeanState","global","scalar","mm d-1","1.38559","75.0"
"HydrologyCycle","Evapotranspiration","MODIS","4598_2026-03-05_latest","Model Period Mean (intersection)","MeanState","global","scalar","mm d-1","1.75563","75.0"
"HydrologyCycle","Evapotranspiration","MODIS","4598_2026-03-05_latest","Model Period Mean (complement)","MeanState","global","scalar","mm d-1","0.31499","75.0"
"HydrologyCycle","Evapotranspiration","MODIS","4598_2026-03-05_latest","Spatial Distribution Score","MeanState","global","score","1","0.975274","75.0"
"HydrologyCycle","Evapotranspiration","MODIS","4598_2026-03-05_latest","Phase Shift","MeanState","global","scalar","months","1.27686","75.0"
"HydrologyCycle","Evapotranspiration","MODIS","4598_2026-03-05_latest","Seasonal Cycle Score","MeanState","global","score","1","0.805876","75.0"
"HydrologyCycle","Evapotranspiration","MODIS","4598_2026-03-05_latest","Bias","MeanState","global","scalar","mm d-1","0.212981","75.0"
"HydrologyCycle","Evapotranspiration","MODIS","4598_2026-03-05_latest","Bias Score","MeanState","global","score","1","0.554989","75.0"
"HydrologyCycle","Evapotranspiration","MODIS","4598_2026-03-05_latest","RMSE","MeanState","global","scalar","mm d-1","0.698995","75.0"
"HydrologyCycle","Evapotranspiration","MODIS","4598_2026-03-05_latest","RMSE Score","MeanState","global","score","1","0.525073","75.0"
"HydrologyCycle","Evapotranspiration","MODIS","4598_2026-03-05_latest","Overall Score","MeanState","global","score","1","0.677257","75.0"
"HydrologyCycle","Evapotranspiration","MODIS","4598_2026-03-05_latest","Precipitation|GPCPv2.3 Hellinger Distance","Relationships","global","scalar","1","0.547469","75.0"
"HydrologyCycle","Evapotranspiration","MODIS","4598_2026-03-05_latest","Precipitation|GPCPv2.3 Score","Relationships","global","score","1","0.871491","75.0"
"HydrologyCycle","Evapotranspiration","MODIS","4598_2026-03-05_latest","SurfaceAirTemperature|CRU4.02 Hellinger Distance","Relationships","global","scalar","1","0.71405","75.0"
"HydrologyCycle","Evapotranspiration","MODIS","4598_2026-03-05_latest","SurfaceAirTemperature|CRU4.02 Score","Relationships","global","score","1","0.791644","75.0"
"HydrologyCycle","Evapotranspiration","MODIS","4598_2026-03-05_latest","Overall Score","Relationships","global","score","1","0.831568","75.0"
"HydrologyCycle","Evapotranspiration","MODIS","ENSEMBLE-CMIP6","Benchmark Period Mean (intersection)","MeanState","global","scalar","mm d-1","1.55874","75.0"
"HydrologyCycle","Evapotranspiration","MODIS","ENSEMBLE-CMIP6","Benchmark Period Mean (complement)","MeanState","global","scalar","mm d-1","nan","75.0"
"HydrologyCycle","Evapotranspiration","MODIS","ENSEMBLE-CMIP6","Period Mean (original grids)","MeanState","global","scalar","mm d-1","1.70777","75.0"
"HydrologyCycle","Evapotranspiration","MODIS","ENSEMBLE-CMIP6","Model Period Mean (intersection)","MeanState","global","scalar","mm d-1","1.92801","75.0"
"HydrologyCycle","Evapotranspiration","MODIS","ENSEMBLE-CMIP6","Model Period Mean (complement)","MeanState","global","scalar","mm d-1","1.2825","75.0"
"HydrologyCycle","Evapotranspiration","MODIS","ENSEMBLE-CMIP6","Spatial Distribution Score","MeanState","global","score","1","0.968734","75.0"
"HydrologyCycle","Evapotranspiration","MODIS","ENSEMBLE-CMIP6","Phase Shift","MeanState","global","scalar","months","1.34708","75.0"
"HydrologyCycle","Evapotranspiration","MODIS","ENSEMBLE-CMIP6","Seasonal Cycle Score","MeanState","global","score","1","0.769848","75.0"
"HydrologyCycle","Evapotranspiration","MODIS","ENSEMBLE-CMIP6","Bias","MeanState","global","scalar","mm d-1","0.371267","75.0"
"HydrologyCycle","Evapotranspiration","MODIS","ENSEMBLE-CMIP6","Bias Score","MeanState","global","score","1","0.565949","75.0"
"HydrologyCycle","Evapotranspiration","MODIS","ENSEMBLE-CMIP6","RMSE","MeanState","global","scalar","mm d-1","0.718184","75.0"
"HydrologyCycle","Evapotranspiration","MODIS","ENSEMBLE-CMIP6","RMSE Score","MeanState","global","score","1","0.531952","75.0"
"HydrologyCycle","Evapotranspiration","MODIS","ENSEMBLE-CMIP6","Overall Score","MeanState","global","score","1","0.673687","75.0"
"HydrologyCycle","Evapotranspiration","MODIS","ENSEMBLE-CMIP6","Precipitation|GPCPv2.3 Hellinger Distance","Relationships","global","scalar","1","0.575703","75.0"
"HydrologyCycle","Evapotranspiration","MODIS","ENSEMBLE-CMIP6","Precipitation|GPCPv2.3 Score","Relationships","global","score","1","0.871344","75.0"
"HydrologyCycle","Evapotranspiration","MODIS","ENSEMBLE-CMIP6","SurfaceAirTemperature|CRU4.02 Hellinger Distance","Relationships","global","scalar","1","0.716189","75.0"
"HydrologyCycle","Evapotranspiration","MODIS","ENSEMBLE-CMIP6","SurfaceAirTemperature|CRU4.02 Score","Relationships","global","score","1","0.736615","75.0"
"HydrologyCycle","Evapotranspiration","MODIS","ENSEMBLE-CMIP6","Overall Score","Relationships","global","score","1","0.803979","75.0"
"HydrologyCycle","Evapotranspiration","MOD16A2","4597_2026-03-05_uncalib","Benchmark Period Mean (intersection)","MeanState","global","scalar","mm d-1","1.54392","75.0"
"HydrologyCycle","Evapotranspiration","MOD16A2","4597_2026-03-05_uncalib","Benchmark Period Mean (complement)","MeanState","global","scalar","mm d-1","2.15704","75.0"
"HydrologyCycle","Evapotranspiration","MOD16A2","4597_2026-03-05_uncalib","Period Mean (original grids)","MeanState","global","scalar","mm d-1","1.39384","75.0"
"HydrologyCycle","Evapotranspiration","MOD16A2","4597_2026-03-05_uncalib","Model Period Mean (intersection)","MeanState","global","scalar","mm d-1","1.77379","75.0"
"HydrologyCycle","Evapotranspiration","MOD16A2","4597_2026-03-05_uncalib","Model Period Mean (complement)","MeanState","global","scalar","mm d-1","0.294811","75.0"
"HydrologyCycle","Evapotranspiration","MOD16A2","4597_2026-03-05_uncalib","Spatial Distribution Score","MeanState","global","score","1","0.973691","75.0"
"HydrologyCycle","Evapotranspiration","MOD16A2","4597_2026-03-05_uncalib","Phase Shift","MeanState","global","scalar","months","1.20131","75.0"
"HydrologyCycle","Evapotranspiration","MOD16A2","4597_2026-03-05_uncalib","Seasonal Cycle Score","MeanState","global","score","1","0.824197","75.0"
"HydrologyCycle","Evapotranspiration","MOD16A2","4597_2026-03-05_uncalib","Bias","MeanState","global","scalar","mm d-1","0.231027","75.0"
"HydrologyCycle","Evapotranspiration","MOD16A2","4597_2026-03-05_uncalib","Bias Score","MeanState","global","score","1","0.597759","75.0"
"HydrologyCycle","Evapotranspiration","MOD16A2","4597_2026-03-05_uncalib","RMSE","MeanState","global","scalar","mm d-1","0.691706","75.0"
"HydrologyCycle","Evapotranspiration","MOD16A2","4597_2026-03-05_uncalib","RMSE Score","MeanState","global","score","1","0.517568","75.0"
"HydrologyCycle","Evapotranspiration","MOD16A2","4597_2026-03-05_uncalib","Overall Score","MeanState","global","score","1","0.686157","75.0"
"HydrologyCycle","Evapotranspiration","MOD16A2","4597_2026-03-05_uncalib","Precipitation|GPCPv2.3 Hellinger Distance","Relationships","global","scalar","1","0.546817","75.0"
"HydrologyCycle","Evapotranspiration","MOD16A2","4597_2026-03-05_uncalib","Precipitation|GPCPv2.3 Score","Relationships","global","score","1","0.891064","75.0"
"HydrologyCycle","Evapotranspiration","MOD16A2","4597_2026-03-05_uncalib","SurfaceAirTemperature|CRU4.02 Hellinger Distance","Relationships","global","scalar","1","0.71442","75.0"
"HydrologyCycle","Evapotranspiration","MOD16A2","4597_2026-03-05_uncalib","SurfaceAirTemperature|CRU4.02 Score","Relationships","global","score","1","0.781002","75.0"
"HydrologyCycle","Evapotranspiration","MOD16A2","4597_2026-03-05_uncalib","Overall Score","Relationships","global","score","1","0.836033","75.0"
"HydrologyCycle","Evapotranspiration","MOD16A2","4598_2026-03-05_latest","Benchmark Period Mean (intersection)","MeanState","global","scalar","mm d-1","1.54392","75.0"
"HydrologyCycle","Evapotranspiration","MOD16A2","4598_2026-03-05_latest","Benchmark Period Mean (complement)","MeanState","global","scalar","mm d-1","2.15704","75.0"
"HydrologyCycle","Evapotranspiration","MOD16A2","4598_2026-03-05_latest","Period Mean (original grids)","MeanState","global","scalar","mm d-1","1.38563","75.0"
"HydrologyCycle","Evapotranspiration","MOD16A2","4598_2026-03-05_latest","Model Period Mean (intersection)","MeanState","global","scalar","mm d-1","1.75578","75.0"
"HydrologyCycle","Evapotranspiration","MOD16A2","4598_2026-03-05_latest","Model Period Mean (complement)","MeanState","global","scalar","mm d-1","0.314705","75.0"
"HydrologyCycle","Evapotranspiration","MOD16A2","4598_2026-03-05_latest","Spatial Distribution Score","MeanState","global","score","1","0.975174","75.0"
"HydrologyCycle","Evapotranspiration","MOD16A2","4598_2026-03-05_latest","Phase Shift","MeanState","global","scalar","months","1.26571","75.0"
"HydrologyCycle","Evapotranspiration","MOD16A2","4598_2026-03-05_latest","Seasonal Cycle Score","MeanState","global","score","1","0.809054","75.0"
"HydrologyCycle","Evapotranspiration","MOD16A2","4598_2026-03-05_latest","Bias","MeanState","global","scalar","mm d-1","0.213313","75.0"
"HydrologyCycle","Evapotranspiration","MOD16A2","4598_2026-03-05_latest","Bias Score","MeanState","global","score","1","0.553601","75.0"
"HydrologyCycle","Evapotranspiration","MOD16A2","4598_2026-03-05_latest","RMSE","MeanState","global","scalar","mm d-1","0.69997","75.0"
"HydrologyCycle","Evapotranspiration","MOD16A2","4598_2026-03-05_latest","RMSE Score","MeanState","global","score","1","0.525179","75.0"
"HydrologyCycle","Evapotranspiration","MOD16A2","4598_2026-03-05_latest","Overall Score","MeanState","global","score","1","0.677637","75.0"
"HydrologyCycle","Evapotranspiration","MOD16A2","4598_2026-03-05_latest","Precipitation|GPCPv2.3 Hellinger Distance","Relationships","global","scalar","1","0.546081","75.0"
"HydrologyCycle","Evapotranspiration","MOD16A2","4598_2026-03-05_latest","Precipitation|GPCPv2.3 Score","Relationships","global","score","1","0.870789","75.0"
"HydrologyCycle","Evapotranspiration","MOD16A2","4598_2026-03-05_latest","SurfaceAirTemperature|CRU4.02 Hellinger Distance","Relationships","global","scalar","1","0.712208","75.0"
"HydrologyCycle","Evapotranspiration","MOD16A2","4598_2026-03-05_latest","SurfaceAirTemperature|CRU4.02 Score","Relationships","global","score","1","0.790801","75.0"
"HydrologyCycle","Evapotranspiration","MOD16A2","4598_2026-03-05_latest","Overall Score","Relationships","global","score","1","0.830795","75.0"
"HydrologyCycle","Evapotranspiration","MOD16A2","ENSEMBLE-CMIP6","Benchmark Period Mean (intersection)","MeanState","global","scalar","mm d-1","1.55907","75.0"
"HydrologyCycle","Evapotranspiration","MOD16A2","ENSEMBLE-CMIP6","Benchmark Period Mean (complement)","MeanState","global","scalar","mm d-1","nan","75.0"
"HydrologyCycle","Evapotranspiration","MOD16A2","ENSEMBLE-CMIP6","Period Mean (original grids)","MeanState","global","scalar","mm d-1","1.70843","75.0"
"HydrologyCycle","Evapotranspiration","MOD16A2","ENSEMBLE-CMIP6","Model Period Mean (intersection)","MeanState","global","scalar","mm d-1","1.92882","75.0"
"HydrologyCycle","Evapotranspiration","MOD16A2","ENSEMBLE-CMIP6","Model Period Mean (complement)","MeanState","global","scalar","mm d-1","1.28289","75.0"
"HydrologyCycle","Evapotranspiration","MOD16A2","ENSEMBLE-CMIP6","Spatial Distribution Score","MeanState","global","score","1","0.968965","75.0"
"HydrologyCycle","Evapotranspiration","MOD16A2","ENSEMBLE-CMIP6","Phase Shift","MeanState","global","scalar","months","1.34554","75.0"
"HydrologyCycle","Evapotranspiration","MOD16A2","ENSEMBLE-CMIP6","Seasonal Cycle Score","MeanState","global","score","1","0.769034","75.0"
"HydrologyCycle","Evapotranspiration","MOD16A2","ENSEMBLE-CMIP6","Bias","MeanState","global","scalar","mm d-1","0.371734","75.0"
"HydrologyCycle","Evapotranspiration","MOD16A2","ENSEMBLE-CMIP6","Bias Score","MeanState","global","score","1","0.56585","75.0"
"HydrologyCycle","Evapotranspiration","MOD16A2","ENSEMBLE-CMIP6","RMSE","MeanState","global","scalar","mm d-1","0.718982","75.0"
"HydrologyCycle","Evapotranspiration","MOD16A2","ENSEMBLE-CMIP6","RMSE Score","MeanState","global","score","1","0.531394","75.0"
"HydrologyCycle","Evapotranspiration","MOD16A2","ENSEMBLE-CMIP6","Overall Score","MeanState","global","score","1","0.673327","75.0"
"HydrologyCycle","Evapotranspiration","MOD16A2","ENSEMBLE-CMIP6","Precipitation|GPCPv2.3 Hellinger Distance","Relationships","global","scalar","1","0.576731","75.0"
"HydrologyCycle","Evapotranspiration","MOD16A2","ENSEMBLE-CMIP6","Precipitation|GPCPv2.3 Score","Relationships","global","score","1","0.871869","75.0"
"HydrologyCycle","Evapotranspiration","MOD16A2","ENSEMBLE-CMIP6","SurfaceAirTemperature|CRU4.02 Hellinger Distance","Relationships","global","scalar","1","0.717372","75.0"
"HydrologyCycle","Evapotranspiration","MOD16A2","ENSEMBLE-CMIP6","SurfaceAirTemperature|CRU4.02 Score","Relationships","global","score","1","0.736412","75.0"
"HydrologyCycle","Evapotranspiration","MOD16A2","ENSEMBLE-CMIP6","Overall Score","Relationships","global","score","1","0.804141","75.0"
"HydrologyCycle","Evapotranspiration","ERA5","4597_2026-03-05_uncalib","Benchmark Period Mean (intersection)","MeanState","global","scalar","mm d-1","1.44324","75.0"
"HydrologyCycle","Evapotranspiration","ERA5","4597_2026-03-05_uncalib","Benchmark Period Mean (complement)","MeanState","global","scalar","mm d-1","2.81569","75.0"
"HydrologyCycle","Evapotranspiration","ERA5","4597_2026-03-05_uncalib","Period Mean (original grids)","MeanState","global","scalar","mm d-1","1.39587","75.0"
"HydrologyCycle","Evapotranspiration","ERA5","4597_2026-03-05_uncalib","Model Period Mean (intersection)","MeanState","global","scalar","mm d-1","1.39595","75.0"
"HydrologyCycle","Evapotranspiration","ERA5","4597_2026-03-05_uncalib","Model Period Mean (complement)","MeanState","global","scalar","mm d-1","nan","75.0"
"HydrologyCycle","Evapotranspiration","ERA5","4597_2026-03-05_uncalib","Spatial Distribution Score","MeanState","global","score","1","0.981414","75.0"
"HydrologyCycle","Evapotranspiration","ERA5","4597_2026-03-05_uncalib","Phase Shift","MeanState","global","scalar","months","0.879726","75.0"
"HydrologyCycle","Evapotranspiration","ERA5","4597_2026-03-05_uncalib","Seasonal Cycle Score","MeanState","global","score","1","0.872566","75.0"
"HydrologyCycle","Evapotranspiration","ERA5","4597_2026-03-05_uncalib","Bias","MeanState","global","scalar","mm d-1","-0.0612204","75.0"
"HydrologyCycle","Evapotranspiration","ERA5","4597_2026-03-05_uncalib","Bias Score","MeanState","global","score","1","0.673357","75.0"
"HydrologyCycle","Evapotranspiration","ERA5","4597_2026-03-05_uncalib","RMSE","MeanState","global","scalar","mm d-1","0.3854","75.0"
"HydrologyCycle","Evapotranspiration","ERA5","4597_2026-03-05_uncalib","RMSE Score","MeanState","global","score","1","0.667836","75.0"
"HydrologyCycle","Evapotranspiration","ERA5","4597_2026-03-05_uncalib","Overall Score","MeanState","global","score","1","0.772602","75.0"
"HydrologyCycle","Evapotranspiration","ERA5","4597_2026-03-05_uncalib","Precipitation|GPCPv2.3 Hellinger Distance","Relationships","global","scalar","1","0.781331","75.0"
"HydrologyCycle","Evapotranspiration","ERA5","4597_2026-03-05_uncalib","Precipitation|GPCPv2.3 Score","Relationships","global","score","1","0.94506","75.0"
"HydrologyCycle","Evapotranspiration","ERA5","4597_2026-03-05_uncalib","SurfaceAirTemperature|CRU4.02 Hellinger Distance","Relationships","global","scalar","1","0.799164","75.0"
"HydrologyCycle","Evapotranspiration","ERA5","4597_2026-03-05_uncalib","SurfaceAirTemperature|CRU4.02 Score","Relationships","global","score","1","0.888811","75.0"
"HydrologyCycle","Evapotranspiration","ERA5","4597_2026-03-05_uncalib","Precipitation|ERA5 Hellinger Distance","Relationships","global","scalar","1","0.830626","75.0"
"HydrologyCycle","Evapotranspiration","ERA5","4597_2026-03-05_uncalib","Precipitation|ERA5 Score","Relationships","global","score","1","0.958076","75.0"
"HydrologyCycle","Evapotranspiration","ERA5","4597_2026-03-05_uncalib","Overall Score","Relationships","global","score","1","0.930649","75.0"
"HydrologyCycle","Evapotranspiration","ERA5","4598_2026-03-05_latest","Benchmark Period Mean (intersection)","MeanState","global","scalar","mm d-1","1.44324","75.0"
"HydrologyCycle","Evapotranspiration","ERA5","4598_2026-03-05_latest","Benchmark Period Mean (complement)","MeanState","global","scalar","mm d-1","2.81569","75.0"
"HydrologyCycle","Evapotranspiration","ERA5","4598_2026-03-05_latest","Period Mean (original grids)","MeanState","global","scalar","mm d-1","1.38561","75.0"
"HydrologyCycle","Evapotranspiration","ERA5","4598_2026-03-05_latest","Model Period Mean (intersection)","MeanState","global","scalar","mm d-1","1.38568","75.0"
"HydrologyCycle","Evapotranspiration","ERA5","4598_2026-03-05_latest","Model Period Mean (complement)","MeanState","global","scalar","mm d-1","nan","75.0"
"HydrologyCycle","Evapotranspiration","ERA5","4598_2026-03-05_latest","Spatial Distribution Score","MeanState","global","score","1","0.981243","75.0"
"HydrologyCycle","Evapotranspiration","ERA5","4598_2026-03-05_latest","Phase Shift","MeanState","global","scalar","months","0.907757","75.0"
"HydrologyCycle","Evapotranspiration","ERA5","4598_2026-03-05_latest","Seasonal Cycle Score","MeanState","global","score","1","0.864102","75.0"
"HydrologyCycle","Evapotranspiration","ERA5","4598_2026-03-05_latest","Bias","MeanState","global","scalar","mm d-1","-0.0712523","75.0"
"HydrologyCycle","Evapotranspiration","ERA5","4598_2026-03-05_latest","Bias Score","MeanState","global","score","1","0.664896","75.0"
"HydrologyCycle","Evapotranspiration","ERA5","4598_2026-03-05_latest","RMSE","MeanState","global","scalar","mm d-1","0.375672","75.0"
"HydrologyCycle","Evapotranspiration","ERA5","4598_2026-03-05_latest","RMSE Score","MeanState","global","score","1","0.68125","75.0"
"HydrologyCycle","Evapotranspiration","ERA5","4598_2026-03-05_latest","Overall Score","MeanState","global","score","1","0.774548","75.0"
"HydrologyCycle","Evapotranspiration","ERA5","4598_2026-03-05_latest","Precipitation|GPCPv2.3 Hellinger Distance","Relationships","global","scalar","1","0.788865","75.0"
"HydrologyCycle","Evapotranspiration","ERA5","4598_2026-03-05_latest","Precipitation|GPCPv2.3 Score","Relationships","global","score","1","0.909839","75.0"
"HydrologyCycle","Evapotranspiration","ERA5","4598_2026-03-05_latest","SurfaceAirTemperature|CRU4.02 Hellinger Distance","Relationships","global","scalar","1","0.796561","75.0"
"HydrologyCycle","Evapotranspiration","ERA5","4598_2026-03-05_latest","SurfaceAirTemperature|CRU4.02 Score","Relationships","global","score","1","0.88301","75.0"
"HydrologyCycle","Evapotranspiration","ERA5","4598_2026-03-05_latest","Precipitation|ERA5 Hellinger Distance","Relationships","global","scalar","1","0.838912","75.0"
"HydrologyCycle","Evapotranspiration","ERA5","4598_2026-03-05_latest","Precipitation|ERA5 Score","Relationships","global","score","1","0.936532","75.0"
"HydrologyCycle","Evapotranspiration","ERA5","4598_2026-03-05_latest","Overall Score","Relationships","global","score","1","0.909794","75.0"
"HydrologyCycle","Evapotranspiration","ERA5","ENSEMBLE-CMIP6","Benchmark Period Mean (intersection)","MeanState","global","scalar","mm d-1","1.6278","75.0"
"HydrologyCycle","Evapotranspiration","ERA5","ENSEMBLE-CMIP6","Benchmark Period Mean (complement)","MeanState","global","scalar","mm d-1","nan","75.0"
"HydrologyCycle","Evapotranspiration","ERA5","ENSEMBLE-CMIP6","Period Mean (original grids)","MeanState","global","scalar","mm d-1","1.70003","75.0"
"HydrologyCycle","Evapotranspiration","ERA5","ENSEMBLE-CMIP6","Model Period Mean (intersection)","MeanState","global","scalar","mm d-1","1.69501","75.0"
"HydrologyCycle","Evapotranspiration","ERA5","ENSEMBLE-CMIP6","Model Period Mean (complement)","MeanState","global","scalar","mm d-1","nan","75.0"
"HydrologyCycle","Evapotranspiration","ERA5","ENSEMBLE-CMIP6","Spatial Distribution Score","MeanState","global","score","1","0.975914","75.0"
"HydrologyCycle","Evapotranspiration","ERA5","ENSEMBLE-CMIP6","Phase Shift","MeanState","global","scalar","months","1.1137","75.0"
"HydrologyCycle","Evapotranspiration","ERA5","ENSEMBLE-CMIP6","Seasonal Cycle Score","MeanState","global","score","1","0.798008","75.0"
"HydrologyCycle","Evapotranspiration","ERA5","ENSEMBLE-CMIP6","Bias","MeanState","global","scalar","mm d-1","0.0688475","75.0"
"HydrologyCycle","Evapotranspiration","ERA5","ENSEMBLE-CMIP6","Bias Score","MeanState","global","score","1","0.633419","75.0"
"HydrologyCycle","Evapotranspiration","ERA5","ENSEMBLE-CMIP6","RMSE","MeanState","global","scalar","mm d-1","0.492638","75.0"
"HydrologyCycle","Evapotranspiration","ERA5","ENSEMBLE-CMIP6","RMSE Score","MeanState","global","score","1","0.619971","75.0"
"HydrologyCycle","Evapotranspiration","ERA5","ENSEMBLE-CMIP6","Overall Score","MeanState","global","score","1","0.729456","75.0"
"HydrologyCycle","Evapotranspiration","ERA5","ENSEMBLE-CMIP6","Precipitation|GPCPv2.3 Hellinger Distance","Relationships","global","scalar","1","0.797815","75.0"
"HydrologyCycle","Evapotranspiration","ERA5","ENSEMBLE-CMIP6","Precipitation|GPCPv2.3 Score","Relationships","global","score","1","0.933155","75.0"
"HydrologyCycle","Evapotranspiration","ERA5","ENSEMBLE-CMIP6","SurfaceAirTemperature|CRU4.02 Hellinger Distance","Relationships","global","scalar","1","0.782519","75.0"
"HydrologyCycle","Evapotranspiration","ERA5","ENSEMBLE-CMIP6","SurfaceAirTemperature|CRU4.02 Score","Relationships","global","score","1","0.891913","75.0"
"HydrologyCycle","Evapotranspiration","ERA5","ENSEMBLE-CMIP6","Precipitation|ERA5 Hellinger Distance","Relationships","global","scalar","1","0.822569","75.0"
"HydrologyCycle","Evapotranspiration","ERA5","ENSEMBLE-CMIP6","Precipitation|ERA5 Score","Relationships","global","score","1","0.900866","75.0"
"HydrologyCycle","Evapotranspiration","ERA5","ENSEMBLE-CMIP6","Overall Score","Relationships","global","score","1","0.908645","75.0"
"HydrologyCycle","EvaporativeFraction","FLUXCOM","4597_2026-03-05_uncalib","Benchmark Period Mean (intersection)","MeanState","global","scalar","1","0.51966","45.0"
"HydrologyCycle","EvaporativeFraction","FLUXCOM","4597_2026-03-05_uncalib","Benchmark Period Mean (complement)","MeanState","global","scalar","1","0.576142","45.0"
"HydrologyCycle","EvaporativeFraction","FLUXCOM","4597_2026-03-05_uncalib","Period Mean (original grids)","MeanState","global","scalar","1","0.490502","45.0"
"HydrologyCycle","EvaporativeFraction","FLUXCOM","4597_2026-03-05_uncalib","Model Period Mean (intersection)","MeanState","global","scalar","1","0.571496","45.0"
"HydrologyCycle","EvaporativeFraction","FLUXCOM","4597_2026-03-05_uncalib","Model Period Mean (complement)","MeanState","global","scalar","1","0.185296","45.0"
"HydrologyCycle","EvaporativeFraction","FLUXCOM","4597_2026-03-05_uncalib","Spatial Distribution Score","MeanState","global","score","1","0.800193","45.0"
"HydrologyCycle","EvaporativeFraction","FLUXCOM","4597_2026-03-05_uncalib","Phase Shift","MeanState","global","scalar","months","1.83943","45.0"
"HydrologyCycle","EvaporativeFraction","FLUXCOM","4597_2026-03-05_uncalib","Seasonal Cycle Score","MeanState","global","score","1","0.698376","45.0"
"HydrologyCycle","EvaporativeFraction","FLUXCOM","4597_2026-03-05_uncalib","Bias","MeanState","global","scalar","1","0.0517012","45.0"
"HydrologyCycle","EvaporativeFraction","FLUXCOM","4597_2026-03-05_uncalib","Bias Score","MeanState","global","score","1","0.417465","45.0"
"HydrologyCycle","EvaporativeFraction","FLUXCOM","4597_2026-03-05_uncalib","Overall Score","MeanState","global","score","1","0.638678","45.0"
"HydrologyCycle","EvaporativeFraction","FLUXCOM","4598_2026-03-05_latest","Benchmark Period Mean (intersection)","MeanState","global","scalar","1","0.519622","45.0"
"HydrologyCycle","EvaporativeFraction","FLUXCOM","4598_2026-03-05_latest","Benchmark Period Mean (complement)","MeanState","global","scalar","1","0.577885","45.0"
"HydrologyCycle","EvaporativeFraction","FLUXCOM","4598_2026-03-05_latest","Period Mean (original grids)","MeanState","global","scalar","1","0.490302","45.0"
"HydrologyCycle","EvaporativeFraction","FLUXCOM","4598_2026-03-05_latest","Model Period Mean (intersection)","MeanState","global","scalar","1","0.56924","45.0"
"HydrologyCycle","EvaporativeFraction","FLUXCOM","4598_2026-03-05_latest","Model Period Mean (complement)","MeanState","global","scalar","1","0.200081","45.0"
"HydrologyCycle","EvaporativeFraction","FLUXCOM","4598_2026-03-05_latest","Spatial Distribution Score","MeanState","global","score","1","0.858291","45.0"
"HydrologyCycle","EvaporativeFraction","FLUXCOM","4598_2026-03-05_latest","Phase Shift","MeanState","global","scalar","months","1.77218","45.0"
"HydrologyCycle","EvaporativeFraction","FLUXCOM","4598_2026-03-05_latest","Seasonal Cycle Score","MeanState","global","score","1","0.722248","45.0"
"HydrologyCycle","EvaporativeFraction","FLUXCOM","4598_2026-03-05_latest","Bias","MeanState","global","scalar","1","0.0495741","45.0"
"HydrologyCycle","EvaporativeFraction","FLUXCOM","4598_2026-03-05_latest","Bias Score","MeanState","global","score","1","0.474523","45.0"
"HydrologyCycle","EvaporativeFraction","FLUXCOM","4598_2026-03-05_latest","Overall Score","MeanState","global","score","1","0.685021","45.0"
"HydrologyCycle","EvaporativeFraction","FLUXCOM","ENSEMBLE-CMIP6","Benchmark Period Mean (intersection)","MeanState","global","scalar","1","0.520842","45.0"
"HydrologyCycle","EvaporativeFraction","FLUXCOM","ENSEMBLE-CMIP6","Benchmark Period Mean (complement)","MeanState","global","scalar","1","0.421581","45.0"
"HydrologyCycle","EvaporativeFraction","FLUXCOM","ENSEMBLE-CMIP6","Period Mean (original grids)","MeanState","global","scalar","1","0.570533","45.0"
"HydrologyCycle","EvaporativeFraction","FLUXCOM","ENSEMBLE-CMIP6","Model Period Mean (intersection)","MeanState","global","scalar","1","0.585557","45.0"
"HydrologyCycle","EvaporativeFraction","FLUXCOM","ENSEMBLE-CMIP6","Model Period Mean (complement)","MeanState","global","scalar","1","0.525191","45.0"
"HydrologyCycle","EvaporativeFraction","FLUXCOM","ENSEMBLE-CMIP6","Spatial Distribution Score","MeanState","global","score","1","0.965024","45.0"
"HydrologyCycle","EvaporativeFraction","FLUXCOM","ENSEMBLE-CMIP6","Phase Shift","MeanState","global","scalar","months","1.83317","45.0"
"HydrologyCycle","EvaporativeFraction","FLUXCOM","ENSEMBLE-CMIP6","Seasonal Cycle Score","MeanState","global","score","1","0.711327","45.0"
"HydrologyCycle","EvaporativeFraction","FLUXCOM","ENSEMBLE-CMIP6","Bias","MeanState","global","scalar","1","0.0650098","45.0"
"HydrologyCycle","EvaporativeFraction","FLUXCOM","ENSEMBLE-CMIP6","Bias Score","MeanState","global","score","1","0.478562","45.0"
"HydrologyCycle","EvaporativeFraction","FLUXCOM","ENSEMBLE-CMIP6","Overall Score","MeanState","global","score","1","0.718304","45.0"
"HydrologyCycle","EvaporativeFraction","CLASS","4597_2026-03-05_uncalib","Benchmark Period Mean (intersection)","MeanState","global","scalar","1","0.486931","125.0"
"HydrologyCycle","EvaporativeFraction","CLASS","4597_2026-03-05_uncalib","Benchmark Period Mean (complement)","MeanState","global","scalar","1","0.43507","125.0"
"HydrologyCycle","EvaporativeFraction","CLASS","4597_2026-03-05_uncalib","Period Mean (original grids)","MeanState","global","scalar","1","0.492049","125.0"
"HydrologyCycle","EvaporativeFraction","CLASS","4597_2026-03-05_uncalib","Model Period Mean (intersection)","MeanState","global","scalar","1","0.510444","125.0"
"HydrologyCycle","EvaporativeFraction","CLASS","4597_2026-03-05_uncalib","Model Period Mean (complement)","MeanState","global","scalar","1","0.405565","125.0"
"HydrologyCycle","EvaporativeFraction","CLASS","4597_2026-03-05_uncalib","Spatial Distribution Score","MeanState","global","score","1","0.971687","125.0"
"HydrologyCycle","EvaporativeFraction","CLASS","4597_2026-03-05_uncalib","Phase Shift","MeanState","global","scalar","months","1.87712","125.0"
"HydrologyCycle","EvaporativeFraction","CLASS","4597_2026-03-05_uncalib","Seasonal Cycle Score","MeanState","global","score","1","0.700892","125.0"
"HydrologyCycle","EvaporativeFraction","CLASS","4597_2026-03-05_uncalib","Bias","MeanState","global","scalar","1","0.0234515","125.0"
"HydrologyCycle","EvaporativeFraction","CLASS","4597_2026-03-05_uncalib","Bias Score","MeanState","global","score","1","0.638263","125.0"
"HydrologyCycle","EvaporativeFraction","CLASS","4597_2026-03-05_uncalib","Overall Score","MeanState","global","score","1","0.770281","125.0"
"HydrologyCycle","EvaporativeFraction","CLASS","4598_2026-03-05_latest","Benchmark Period Mean (intersection)","MeanState","global","scalar","1","0.486136","125.0"
"HydrologyCycle","EvaporativeFraction","CLASS","4598_2026-03-05_latest","Benchmark Period Mean (complement)","MeanState","global","scalar","1","0.535246","125.0"
"HydrologyCycle","EvaporativeFraction","CLASS","4598_2026-03-05_latest","Period Mean (original grids)","MeanState","global","scalar","1","0.49196","125.0"
"HydrologyCycle","EvaporativeFraction","CLASS","4598_2026-03-05_latest","Model Period Mean (intersection)","MeanState","global","scalar","1","0.508941","125.0"
"HydrologyCycle","EvaporativeFraction","CLASS","4598_2026-03-05_latest","Model Period Mean (complement)","MeanState","global","scalar","1","0.414318","125.0"
"HydrologyCycle","EvaporativeFraction","CLASS","4598_2026-03-05_latest","Spatial Distribution Score","MeanState","global","score","1","0.982267","125.0"
"HydrologyCycle","EvaporativeFraction","CLASS","4598_2026-03-05_latest","Phase Shift","MeanState","global","scalar","months","1.86993","125.0"
"HydrologyCycle","EvaporativeFraction","CLASS","4598_2026-03-05_latest","Seasonal Cycle Score","MeanState","global","score","1","0.705585","125.0"
"HydrologyCycle","EvaporativeFraction","CLASS","4598_2026-03-05_latest","Bias","MeanState","global","scalar","1","0.0228136","125.0"
"HydrologyCycle","EvaporativeFraction","CLASS","4598_2026-03-05_latest","Bias Score","MeanState","global","score","1","0.634863","125.0"
"HydrologyCycle","EvaporativeFraction","CLASS","4598_2026-03-05_latest","Overall Score","MeanState","global","score","1","0.774238","125.0"
"HydrologyCycle","EvaporativeFraction","CLASS","ENSEMBLE-CMIP6","Benchmark Period Mean (intersection)","MeanState","global","scalar","1","0.486458","125.0"
"HydrologyCycle","EvaporativeFraction","CLASS","ENSEMBLE-CMIP6","Benchmark Period Mean (complement)","MeanState","global","scalar","1","0.321923","125.0"
"HydrologyCycle","EvaporativeFraction","CLASS","ENSEMBLE-CMIP6","Period Mean (original grids)","MeanState","global","scalar","1","0.571673","125.0"
"HydrologyCycle","EvaporativeFraction","CLASS","ENSEMBLE-CMIP6","Model Period Mean (intersection)","MeanState","global","scalar","1","0.527527","125.0"
"HydrologyCycle","EvaporativeFraction","CLASS","ENSEMBLE-CMIP6","Model Period Mean (complement)","MeanState","global","scalar","1","0.719624","125.0"
"HydrologyCycle","EvaporativeFraction","CLASS","ENSEMBLE-CMIP6","Spatial Distribution Score","MeanState","global","score","1","0.97555","125.0"
"HydrologyCycle","EvaporativeFraction","CLASS","ENSEMBLE-CMIP6","Phase Shift","MeanState","global","scalar","months","1.68983","125.0"
"HydrologyCycle","EvaporativeFraction","CLASS","ENSEMBLE-CMIP6","Seasonal Cycle Score","MeanState","global","score","1","0.757262","125.0"
"HydrologyCycle","EvaporativeFraction","CLASS","ENSEMBLE-CMIP6","Bias","MeanState","global","scalar","1","0.0415045","125.0"
"HydrologyCycle","EvaporativeFraction","CLASS","ENSEMBLE-CMIP6","Bias Score","MeanState","global","score","1","0.665388","125.0"
"HydrologyCycle","EvaporativeFraction","CLASS","ENSEMBLE-CMIP6","Overall Score","MeanState","global","score","1","0.7994","125.0"
"HydrologyCycle","EvaporativeFraction","WECANN","4597_2026-03-05_uncalib","Benchmark Period Mean (intersection)","MeanState","global","scalar","1","0.476712","45.0"
"HydrologyCycle","EvaporativeFraction","WECANN","4597_2026-03-05_uncalib","Benchmark Period Mean (complement)","MeanState","global","scalar","1","0.470284","45.0"
"HydrologyCycle","EvaporativeFraction","WECANN","4597_2026-03-05_uncalib","Period Mean (original grids)","MeanState","global","scalar","1","0.492955","45.0"
"HydrologyCycle","EvaporativeFraction","WECANN","4597_2026-03-05_uncalib","Model Period Mean (intersection)","MeanState","global","scalar","1","0.519358","45.0"
"HydrologyCycle","EvaporativeFraction","WECANN","4597_2026-03-05_uncalib","Model Period Mean (complement)","MeanState","global","scalar","1","0.324691","45.0"
"HydrologyCycle","EvaporativeFraction","WECANN","4597_2026-03-05_uncalib","Spatial Distribution Score","MeanState","global","score","1","0.880552","45.0"
"HydrologyCycle","EvaporativeFraction","WECANN","4597_2026-03-05_uncalib","Phase Shift","MeanState","global","scalar","months","1.81684","45.0"
"HydrologyCycle","EvaporativeFraction","WECANN","4597_2026-03-05_uncalib","Seasonal Cycle Score","MeanState","global","score","1","0.711657","45.0"
"HydrologyCycle","EvaporativeFraction","WECANN","4597_2026-03-05_uncalib","Bias","MeanState","global","scalar","1","0.0426462","45.0"
"HydrologyCycle","EvaporativeFraction","WECANN","4597_2026-03-05_uncalib","Bias Score","MeanState","global","score","1","0.464988","45.0"
"HydrologyCycle","EvaporativeFraction","WECANN","4597_2026-03-05_uncalib","Overall Score","MeanState","global","score","1","0.685732","45.0"
"HydrologyCycle","EvaporativeFraction","WECANN","4598_2026-03-05_latest","Benchmark Period Mean (intersection)","MeanState","global","scalar","1","0.476292","45.0"
"HydrologyCycle","EvaporativeFraction","WECANN","4598_2026-03-05_latest","Benchmark Period Mean (complement)","MeanState","global","scalar","1","0.479949","45.0"
"HydrologyCycle","EvaporativeFraction","WECANN","4598_2026-03-05_latest","Period Mean (original grids)","MeanState","global","scalar","1","0.490653","45.0"
"HydrologyCycle","EvaporativeFraction","WECANN","4598_2026-03-05_latest","Model Period Mean (intersection)","MeanState","global","scalar","1","0.51561","45.0"
"HydrologyCycle","EvaporativeFraction","WECANN","4598_2026-03-05_latest","Model Period Mean (complement)","MeanState","global","scalar","1","0.337548","45.0"
"HydrologyCycle","EvaporativeFraction","WECANN","4598_2026-03-05_latest","Spatial Distribution Score","MeanState","global","score","1","0.909712","45.0"
"HydrologyCycle","EvaporativeFraction","WECANN","4598_2026-03-05_latest","Phase Shift","MeanState","global","scalar","months","1.74193","45.0"
"HydrologyCycle","EvaporativeFraction","WECANN","4598_2026-03-05_latest","Seasonal Cycle Score","MeanState","global","score","1","0.736046","45.0"
"HydrologyCycle","EvaporativeFraction","WECANN","4598_2026-03-05_latest","Bias","MeanState","global","scalar","1","0.0393186","45.0"
"HydrologyCycle","EvaporativeFraction","WECANN","4598_2026-03-05_latest","Bias Score","MeanState","global","score","1","0.518456","45.0"
"HydrologyCycle","EvaporativeFraction","WECANN","4598_2026-03-05_latest","Overall Score","MeanState","global","score","1","0.721404","45.0"
"HydrologyCycle","EvaporativeFraction","WECANN","ENSEMBLE-CMIP6","Benchmark Period Mean (intersection)","MeanState","global","scalar","1","0.477724","45.0"
"HydrologyCycle","EvaporativeFraction","WECANN","ENSEMBLE-CMIP6","Benchmark Period Mean (complement)","MeanState","global","scalar","1","0.465709","45.0"
"HydrologyCycle","EvaporativeFraction","WECANN","ENSEMBLE-CMIP6","Period Mean (original grids)","MeanState","global","scalar","1","0.572631","45.0"
"HydrologyCycle","EvaporativeFraction","WECANN","ENSEMBLE-CMIP6","Model Period Mean (intersection)","MeanState","global","scalar","1","0.540648","45.0"
"HydrologyCycle","EvaporativeFraction","WECANN","ENSEMBLE-CMIP6","Model Period Mean (complement)","MeanState","global","scalar","1","0.7375","45.0"
"HydrologyCycle","EvaporativeFraction","WECANN","ENSEMBLE-CMIP6","Spatial Distribution Score","MeanState","global","score","1","0.980724","45.0"
"HydrologyCycle","EvaporativeFraction","WECANN","ENSEMBLE-CMIP6","Phase Shift","MeanState","global","scalar","months","1.71343","45.0"
"HydrologyCycle","EvaporativeFraction","WECANN","ENSEMBLE-CMIP6","Seasonal Cycle Score","MeanState","global","score","1","0.761664","45.0"
"HydrologyCycle","EvaporativeFraction","WECANN","ENSEMBLE-CMIP6","Bias","MeanState","global","scalar","1","0.0648934","45.0"
"HydrologyCycle","EvaporativeFraction","WECANN","ENSEMBLE-CMIP6","Bias Score","MeanState","global","score","1","0.537823","45.0"
"HydrologyCycle","EvaporativeFraction","WECANN","ENSEMBLE-CMIP6","Overall Score","MeanState","global","score","1","0.76007","45.0"
"HydrologyCycle","EvaporativeFraction","ERA5","4597_2026-03-05_uncalib","Benchmark Period Mean (intersection)","MeanState","global","scalar","1","0.529175","125.0"
"HydrologyCycle","EvaporativeFraction","ERA5","4597_2026-03-05_uncalib","Benchmark Period Mean (complement)","MeanState","global","scalar","1","0.785218","125.0"
"HydrologyCycle","EvaporativeFraction","ERA5","4597_2026-03-05_uncalib","Period Mean (original grids)","MeanState","global","scalar","1","0.490772","125.0"
"HydrologyCycle","EvaporativeFraction","ERA5","4597_2026-03-05_uncalib","Model Period Mean (intersection)","MeanState","global","scalar","1","0.521375","125.0"
"HydrologyCycle","EvaporativeFraction","ERA5","4597_2026-03-05_uncalib","Model Period Mean (complement)","MeanState","global","scalar","1","0.161669","125.0"
"HydrologyCycle","EvaporativeFraction","ERA5","4597_2026-03-05_uncalib","Spatial Distribution Score","MeanState","global","score","1","0.96774","125.0"
"HydrologyCycle","EvaporativeFraction","ERA5","4597_2026-03-05_uncalib","Phase Shift","MeanState","global","scalar","months","1.46272","125.0"
"HydrologyCycle","EvaporativeFraction","ERA5","4597_2026-03-05_uncalib","Seasonal Cycle Score","MeanState","global","score","1","0.76179","125.0"
"HydrologyCycle","EvaporativeFraction","ERA5","4597_2026-03-05_uncalib","Bias","MeanState","global","scalar","1","-0.0120762","125.0"
"HydrologyCycle","EvaporativeFraction","ERA5","4597_2026-03-05_uncalib","Bias Score","MeanState","global","score","1","0.519247","125.0"
"HydrologyCycle","EvaporativeFraction","ERA5","4597_2026-03-05_uncalib","Overall Score","MeanState","global","score","1","0.749592","125.0"
"HydrologyCycle","EvaporativeFraction","ERA5","4598_2026-03-05_latest","Benchmark Period Mean (intersection)","MeanState","global","scalar","1","0.529191","125.0"
"HydrologyCycle","EvaporativeFraction","ERA5","4598_2026-03-05_latest","Benchmark Period Mean (complement)","MeanState","global","scalar","1","0.786022","125.0"
"HydrologyCycle","EvaporativeFraction","ERA5","4598_2026-03-05_latest","Period Mean (original grids)","MeanState","global","scalar","1","0.490033","125.0"
"HydrologyCycle","EvaporativeFraction","ERA5","4598_2026-03-05_latest","Model Period Mean (intersection)","MeanState","global","scalar","1","0.519024","125.0"
"HydrologyCycle","EvaporativeFraction","ERA5","4598_2026-03-05_latest","Model Period Mean (complement)","MeanState","global","scalar","1","0.19649","125.0"
"HydrologyCycle","EvaporativeFraction","ERA5","4598_2026-03-05_latest","Spatial Distribution Score","MeanState","global","score","1","0.979922","125.0"
"HydrologyCycle","EvaporativeFraction","ERA5","4598_2026-03-05_latest","Phase Shift","MeanState","global","scalar","months","1.49312","125.0"
"HydrologyCycle","EvaporativeFraction","ERA5","4598_2026-03-05_latest","Seasonal Cycle Score","MeanState","global","score","1","0.758509","125.0"
"HydrologyCycle","EvaporativeFraction","ERA5","4598_2026-03-05_latest","Bias","MeanState","global","scalar","1","-0.0143351","125.0"
"HydrologyCycle","EvaporativeFraction","ERA5","4598_2026-03-05_latest","Bias Score","MeanState","global","score","1","0.535703","125.0"
"HydrologyCycle","EvaporativeFraction","ERA5","4598_2026-03-05_latest","Overall Score","MeanState","global","score","1","0.758045","125.0"
"HydrologyCycle","EvaporativeFraction","ERA5","ENSEMBLE-CMIP6","Benchmark Period Mean (intersection)","MeanState","global","scalar","1","0.573152","125.0"
"HydrologyCycle","EvaporativeFraction","ERA5","ENSEMBLE-CMIP6","Benchmark Period Mean (complement)","MeanState","global","scalar","1","0.522267","125.0"
"HydrologyCycle","EvaporativeFraction","ERA5","ENSEMBLE-CMIP6","Period Mean (original grids)","MeanState","global","scalar","1","0.570455","125.0"
"HydrologyCycle","EvaporativeFraction","ERA5","ENSEMBLE-CMIP6","Model Period Mean (intersection)","MeanState","global","scalar","1","0.569101","125.0"
"HydrologyCycle","EvaporativeFraction","ERA5","ENSEMBLE-CMIP6","Model Period Mean (complement)","MeanState","global","scalar","1","0.641425","125.0"
"HydrologyCycle","EvaporativeFraction","ERA5","ENSEMBLE-CMIP6","Spatial Distribution Score","MeanState","global","score","1","0.97712","125.0"
"HydrologyCycle","EvaporativeFraction","ERA5","ENSEMBLE-CMIP6","Phase Shift","MeanState","global","scalar","months","1.75196","125.0"
"HydrologyCycle","EvaporativeFraction","ERA5","ENSEMBLE-CMIP6","Seasonal Cycle Score","MeanState","global","score","1","0.70498","125.0"
"HydrologyCycle","EvaporativeFraction","ERA5","ENSEMBLE-CMIP6","Bias","MeanState","global","scalar","1","-0.00432698","125.0"
"HydrologyCycle","EvaporativeFraction","ERA5","ENSEMBLE-CMIP6","Bias Score","MeanState","global","score","1","0.518242","125.0"
"HydrologyCycle","EvaporativeFraction","ERA5","ENSEMBLE-CMIP6","Overall Score","MeanState","global","score","1","0.733447","125.0"
"HydrologyCycle","LatentHeat","FLUXCOM","4597_2026-03-05_uncalib","Benchmark Period Mean (intersection)","MeanState","global","scalar","watt/m2","48.7537","45.0"
"HydrologyCycle","LatentHeat","FLUXCOM","4597_2026-03-05_uncalib","Benchmark Period Mean (complement)","MeanState","global","scalar","watt/m2","58.4765","45.0"
"HydrologyCycle","LatentHeat","FLUXCOM","4597_2026-03-05_uncalib","Period Mean (original grids)","MeanState","global","scalar","watt/m2","40.2712","45.0"
"HydrologyCycle","LatentHeat","FLUXCOM","4597_2026-03-05_uncalib","Model Period Mean (intersection)","MeanState","global","scalar","watt/m2","49.4567","45.0"
"HydrologyCycle","LatentHeat","FLUXCOM","4597_2026-03-05_uncalib","Model Period Mean (complement)","MeanState","global","scalar","watt/m2","8.16976","45.0"
"HydrologyCycle","LatentHeat","FLUXCOM","4597_2026-03-05_uncalib","Spatial Distribution Score","MeanState","global","score","1","0.963115","45.0"
"HydrologyCycle","LatentHeat","FLUXCOM","4597_2026-03-05_uncalib","Phase Shift","MeanState","global","scalar","months","0.878984","45.0"
"HydrologyCycle","LatentHeat","FLUXCOM","4597_2026-03-05_uncalib","Seasonal Cycle Score","MeanState","global","score","1","0.860912","45.0"
"HydrologyCycle","LatentHeat","FLUXCOM","4597_2026-03-05_uncalib","Bias","MeanState","global","scalar","watt/m2","0.701508","45.0"
"HydrologyCycle","LatentHeat","FLUXCOM","4597_2026-03-05_uncalib","Bias Score","MeanState","global","score","1","0.655626","45.0"
"HydrologyCycle","LatentHeat","FLUXCOM","4597_2026-03-05_uncalib","RMSE","MeanState","global","scalar","watt/m2","15.3655","45.0"
"HydrologyCycle","LatentHeat","FLUXCOM","4597_2026-03-05_uncalib","RMSE Score","MeanState","global","score","1","0.61435","45.0"
"HydrologyCycle","LatentHeat","FLUXCOM","4597_2026-03-05_uncalib","Overall Score","MeanState","global","score","1","0.741671","45.0"
"HydrologyCycle","LatentHeat","FLUXCOM","4598_2026-03-05_latest","Benchmark Period Mean (intersection)","MeanState","global","scalar","watt/m2","48.7537","45.0"
"HydrologyCycle","LatentHeat","FLUXCOM","4598_2026-03-05_latest","Benchmark Period Mean (complement)","MeanState","global","scalar","watt/m2","58.4765","45.0"
"HydrologyCycle","LatentHeat","FLUXCOM","4598_2026-03-05_latest","Period Mean (original grids)","MeanState","global","scalar","watt/m2","40.034","45.0"
"HydrologyCycle","LatentHeat","FLUXCOM","4598_2026-03-05_latest","Model Period Mean (intersection)","MeanState","global","scalar","watt/m2","49.0363","45.0"
"HydrologyCycle","LatentHeat","FLUXCOM","4598_2026-03-05_latest","Model Period Mean (complement)","MeanState","global","scalar","watt/m2","8.56474","45.0"
"HydrologyCycle","LatentHeat","FLUXCOM","4598_2026-03-05_latest","Spatial Distribution Score","MeanState","global","score","1","0.981681","45.0"
"HydrologyCycle","LatentHeat","FLUXCOM","4598_2026-03-05_latest","Phase Shift","MeanState","global","scalar","months","0.867982","45.0"
"HydrologyCycle","LatentHeat","FLUXCOM","4598_2026-03-05_latest","Seasonal Cycle Score","MeanState","global","score","1","0.865574","45.0"
"HydrologyCycle","LatentHeat","FLUXCOM","4598_2026-03-05_latest","Bias","MeanState","global","scalar","watt/m2","0.291458","45.0"
"HydrologyCycle","LatentHeat","FLUXCOM","4598_2026-03-05_latest","Bias Score","MeanState","global","score","1","0.643362","45.0"
"HydrologyCycle","LatentHeat","FLUXCOM","4598_2026-03-05_latest","RMSE","MeanState","global","scalar","watt/m2","14.8476","45.0"
"HydrologyCycle","LatentHeat","FLUXCOM","4598_2026-03-05_latest","RMSE Score","MeanState","global","score","1","0.627387","45.0"
"HydrologyCycle","LatentHeat","FLUXCOM","4598_2026-03-05_latest","Overall Score","MeanState","global","score","1","0.749078","45.0"
"HydrologyCycle","LatentHeat","FLUXCOM","ENSEMBLE-CMIP6","Benchmark Period Mean (intersection)","MeanState","global","scalar","watt/m2","48.9328","45.0"
"HydrologyCycle","LatentHeat","FLUXCOM","ENSEMBLE-CMIP6","Benchmark Period Mean (complement)","MeanState","global","scalar","watt/m2","nan","45.0"
"HydrologyCycle","LatentHeat","FLUXCOM","ENSEMBLE-CMIP6","Period Mean (original grids)","MeanState","global","scalar","watt/m2","49.1791","45.0"
"HydrologyCycle","LatentHeat","FLUXCOM","ENSEMBLE-CMIP6","Model Period Mean (intersection)","MeanState","global","scalar","watt/m2","54.0057","45.0"
"HydrologyCycle","LatentHeat","FLUXCOM","ENSEMBLE-CMIP6","Model Period Mean (complement)","MeanState","global","scalar","watt/m2","38.5029","45.0"
"HydrologyCycle","LatentHeat","FLUXCOM","ENSEMBLE-CMIP6","Spatial Distribution Score","MeanState","global","score","1","0.970753","45.0"
"HydrologyCycle","LatentHeat","FLUXCOM","ENSEMBLE-CMIP6","Phase Shift","MeanState","global","scalar","months","1.06694","45.0"
"HydrologyCycle","LatentHeat","FLUXCOM","ENSEMBLE-CMIP6","Seasonal Cycle Score","MeanState","global","score","1","0.807379","45.0"
"HydrologyCycle","LatentHeat","FLUXCOM","ENSEMBLE-CMIP6","Bias","MeanState","global","scalar","watt/m2","5.13778","45.0"
"HydrologyCycle","LatentHeat","FLUXCOM","ENSEMBLE-CMIP6","Bias Score","MeanState","global","score","1","0.661176","45.0"
"HydrologyCycle","LatentHeat","FLUXCOM","ENSEMBLE-CMIP6","RMSE","MeanState","global","scalar","watt/m2","14.9916","45.0"
"HydrologyCycle","LatentHeat","FLUXCOM","ENSEMBLE-CMIP6","RMSE Score","MeanState","global","score","1","0.610568","45.0"
"HydrologyCycle","LatentHeat","FLUXCOM","ENSEMBLE-CMIP6","Overall Score","MeanState","global","score","1","0.732089","45.0"
"HydrologyCycle","LatentHeat","DOLCE","4597_2026-03-05_uncalib","Benchmark Period Mean (intersection)","MeanState","global","scalar","W m-2","31.9056","75.0"
"HydrologyCycle","LatentHeat","DOLCE","4597_2026-03-05_uncalib","Benchmark Period Mean (complement)","MeanState","global","scalar","W m-2","32.095","75.0"
"HydrologyCycle","LatentHeat","DOLCE","4597_2026-03-05_uncalib","Period Mean (original grids)","MeanState","global","scalar","W m-2","40.0385","75.0"
"HydrologyCycle","LatentHeat","DOLCE","4597_2026-03-05_uncalib","Model Period Mean (intersection)","MeanState","global","scalar","W m-2","39.2199","75.0"
"HydrologyCycle","LatentHeat","DOLCE","4597_2026-03-05_uncalib","Model Period Mean (complement)","MeanState","global","scalar","W m-2","51.5302","75.0"
"HydrologyCycle","LatentHeat","DOLCE","4597_2026-03-05_uncalib","Spatial Distribution Score","MeanState","global","score","1","0.94588","75.0"
"HydrologyCycle","LatentHeat","DOLCE","4597_2026-03-05_uncalib","Phase Shift","MeanState","global","scalar","months","0.851204","75.0"
"HydrologyCycle","LatentHeat","DOLCE","4597_2026-03-05_uncalib","Seasonal Cycle Score","MeanState","global","score","1","0.884129","75.0"
"HydrologyCycle","LatentHeat","DOLCE","4597_2026-03-05_uncalib","Bias","MeanState","global","scalar","W m-2","7.30176","75.0"
"HydrologyCycle","LatentHeat","DOLCE","4597_2026-03-05_uncalib","Bias Score","MeanState","global","score","1","0.477293","75.0"
"HydrologyCycle","LatentHeat","DOLCE","4597_2026-03-05_uncalib","RMSE","MeanState","global","scalar","W m-2","13.2971","75.0"
"HydrologyCycle","LatentHeat","DOLCE","4597_2026-03-05_uncalib","RMSE Score","MeanState","global","score","1","0.523834","75.0"
"HydrologyCycle","LatentHeat","DOLCE","4597_2026-03-05_uncalib","Overall Score","MeanState","global","score","1","0.670994","75.0"
"HydrologyCycle","LatentHeat","DOLCE","4598_2026-03-05_latest","Benchmark Period Mean (intersection)","MeanState","global","scalar","W m-2","31.9056","75.0"
"HydrologyCycle","LatentHeat","DOLCE","4598_2026-03-05_latest","Benchmark Period Mean (complement)","MeanState","global","scalar","W m-2","32.095","75.0"
"HydrologyCycle","LatentHeat","DOLCE","4598_2026-03-05_latest","Period Mean (original grids)","MeanState","global","scalar","W m-2","39.9344","75.0"
"HydrologyCycle","LatentHeat","DOLCE","4598_2026-03-05_latest","Model Period Mean (intersection)","MeanState","global","scalar","W m-2","39.1393","75.0"
"HydrologyCycle","LatentHeat","DOLCE","4598_2026-03-05_latest","Model Period Mean (complement)","MeanState","global","scalar","W m-2","51.0728","75.0"
"HydrologyCycle","LatentHeat","DOLCE","4598_2026-03-05_latest","Spatial Distribution Score","MeanState","global","score","1","0.963379","75.0"
"HydrologyCycle","LatentHeat","DOLCE","4598_2026-03-05_latest","Phase Shift","MeanState","global","scalar","months","0.860669","75.0"
"HydrologyCycle","LatentHeat","DOLCE","4598_2026-03-05_latest","Seasonal Cycle Score","MeanState","global","score","1","0.877365","75.0"
"HydrologyCycle","LatentHeat","DOLCE","4598_2026-03-05_latest","Bias","MeanState","global","scalar","W m-2","7.229","75.0"
"HydrologyCycle","LatentHeat","DOLCE","4598_2026-03-05_latest","Bias Score","MeanState","global","score","1","0.555452","75.0"
"HydrologyCycle","LatentHeat","DOLCE","4598_2026-03-05_latest","RMSE","MeanState","global","scalar","W m-2","12.3438","75.0"
"HydrologyCycle","LatentHeat","DOLCE","4598_2026-03-05_latest","RMSE Score","MeanState","global","score","1","0.5507","75.0"
"HydrologyCycle","LatentHeat","DOLCE","4598_2026-03-05_latest","Overall Score","MeanState","global","score","1","0.699519","75.0"
"HydrologyCycle","LatentHeat","DOLCE","ENSEMBLE-CMIP6","Benchmark Period Mean (intersection)","MeanState","global","scalar","W m-2","31.8057","75.0"
"HydrologyCycle","LatentHeat","DOLCE","ENSEMBLE-CMIP6","Benchmark Period Mean (complement)","MeanState","global","scalar","W m-2","nan","75.0"
"HydrologyCycle","LatentHeat","DOLCE","ENSEMBLE-CMIP6","Period Mean (original grids)","MeanState","global","scalar","W m-2","49.4394","75.0"
"HydrologyCycle","LatentHeat","DOLCE","ENSEMBLE-CMIP6","Model Period Mean (intersection)","MeanState","global","scalar","W m-2","43.5805","75.0"
"HydrologyCycle","LatentHeat","DOLCE","ENSEMBLE-CMIP6","Model Period Mean (complement)","MeanState","global","scalar","W m-2","77.2815","75.0"
"HydrologyCycle","LatentHeat","DOLCE","ENSEMBLE-CMIP6","Spatial Distribution Score","MeanState","global","score","1","0.932444","75.0"
"HydrologyCycle","LatentHeat","DOLCE","ENSEMBLE-CMIP6","Phase Shift","MeanState","global","scalar","months","0.917513","75.0"
"HydrologyCycle","LatentHeat","DOLCE","ENSEMBLE-CMIP6","Seasonal Cycle Score","MeanState","global","score","1","0.837108","75.0"
"HydrologyCycle","LatentHeat","DOLCE","ENSEMBLE-CMIP6","Bias","MeanState","global","scalar","W m-2","11.8294","75.0"
"HydrologyCycle","LatentHeat","DOLCE","ENSEMBLE-CMIP6","Bias Score","MeanState","global","score","1","0.446657","75.0"
"HydrologyCycle","LatentHeat","DOLCE","ENSEMBLE-CMIP6","RMSE","MeanState","global","scalar","W m-2","14.9809","75.0"
"HydrologyCycle","LatentHeat","DOLCE","ENSEMBLE-CMIP6","RMSE Score","MeanState","global","score","1","0.559334","75.0"
"HydrologyCycle","LatentHeat","DOLCE","ENSEMBLE-CMIP6","Overall Score","MeanState","global","score","1","0.666975","75.0"
"HydrologyCycle","LatentHeat","CLASS","4597_2026-03-05_uncalib","Benchmark Period Mean (intersection)","MeanState","global","scalar","W m-2","36.3223","125.0"
"HydrologyCycle","LatentHeat","CLASS","4597_2026-03-05_uncalib","Benchmark Period Mean (complement)","MeanState","global","scalar","W m-2","41.1928","125.0"
"HydrologyCycle","LatentHeat","CLASS","4597_2026-03-05_uncalib","Period Mean (original grids)","MeanState","global","scalar","W m-2","40.1169","125.0"
"HydrologyCycle","LatentHeat","CLASS","4597_2026-03-05_uncalib","Model Period Mean (intersection)","MeanState","global","scalar","W m-2","43.95","125.0"
"HydrologyCycle","LatentHeat","CLASS","4597_2026-03-05_uncalib","Model Period Mean (complement)","MeanState","global","scalar","W m-2","24.6266","125.0"
"HydrologyCycle","LatentHeat","CLASS","4597_2026-03-05_uncalib","Spatial Distribution Score","MeanState","global","score","1","0.963989","125.0"
"HydrologyCycle","LatentHeat","CLASS","4597_2026-03-05_uncalib","Phase Shift","MeanState","global","scalar","months","1.10411","125.0"
"HydrologyCycle","LatentHeat","CLASS","4597_2026-03-05_uncalib","Seasonal Cycle Score","MeanState","global","score","1","0.820217","125.0"
"HydrologyCycle","LatentHeat","CLASS","4597_2026-03-05_uncalib","Bias","MeanState","global","scalar","W m-2","7.63333","125.0"
"HydrologyCycle","LatentHeat","CLASS","4597_2026-03-05_uncalib","Bias Score","MeanState","global","score","1","0.607456","125.0"
"HydrologyCycle","LatentHeat","CLASS","4597_2026-03-05_uncalib","RMSE","MeanState","global","scalar","W m-2","15.4137","125.0"
"HydrologyCycle","LatentHeat","CLASS","4597_2026-03-05_uncalib","RMSE Score","MeanState","global","score","1","0.57737","125.0"
"HydrologyCycle","LatentHeat","CLASS","4597_2026-03-05_uncalib","Overall Score","MeanState","global","score","1","0.709281","125.0"
"HydrologyCycle","LatentHeat","CLASS","4598_2026-03-05_latest","Benchmark Period Mean (intersection)","MeanState","global","scalar","W m-2","36.3223","125.0"
"HydrologyCycle","LatentHeat","CLASS","4598_2026-03-05_latest","Benchmark Period Mean (complement)","MeanState","global","scalar","W m-2","41.1928","125.0"
"HydrologyCycle","LatentHeat","CLASS","4598_2026-03-05_latest","Period Mean (original grids)","MeanState","global","scalar","W m-2","39.8768","125.0"
"HydrologyCycle","LatentHeat","CLASS","4598_2026-03-05_latest","Model Period Mean (intersection)","MeanState","global","scalar","W m-2","43.6542","125.0"
"HydrologyCycle","LatentHeat","CLASS","4598_2026-03-05_latest","Model Period Mean (complement)","MeanState","global","scalar","W m-2","24.6027","125.0"
"HydrologyCycle","LatentHeat","CLASS","4598_2026-03-05_latest","Spatial Distribution Score","MeanState","global","score","1","0.980288","125.0"
"HydrologyCycle","LatentHeat","CLASS","4598_2026-03-05_latest","Phase Shift","MeanState","global","scalar","months","1.14083","125.0"
"HydrologyCycle","LatentHeat","CLASS","4598_2026-03-05_latest","Seasonal Cycle Score","MeanState","global","score","1","0.810961","125.0"
"HydrologyCycle","LatentHeat","CLASS","4598_2026-03-05_latest","Bias","MeanState","global","scalar","W m-2","7.34538","125.0"
"HydrologyCycle","LatentHeat","CLASS","4598_2026-03-05_latest","Bias Score","MeanState","global","score","1","0.649284","125.0"
"HydrologyCycle","LatentHeat","CLASS","4598_2026-03-05_latest","RMSE","MeanState","global","scalar","W m-2","14.8196","125.0"
"HydrologyCycle","LatentHeat","CLASS","4598_2026-03-05_latest","RMSE Score","MeanState","global","score","1","0.592933","125.0"
"HydrologyCycle","LatentHeat","CLASS","4598_2026-03-05_latest","Overall Score","MeanState","global","score","1","0.72528","125.0"
"HydrologyCycle","LatentHeat","CLASS","ENSEMBLE-CMIP6","Benchmark Period Mean (intersection)","MeanState","global","scalar","W m-2","36.3533","125.0"
"HydrologyCycle","LatentHeat","CLASS","ENSEMBLE-CMIP6","Benchmark Period Mean (complement)","MeanState","global","scalar","W m-2","nan","125.0"
"HydrologyCycle","LatentHeat","CLASS","ENSEMBLE-CMIP6","Period Mean (original grids)","MeanState","global","scalar","W m-2","49.4491","125.0"
"HydrologyCycle","LatentHeat","CLASS","ENSEMBLE-CMIP6","Model Period Mean (intersection)","MeanState","global","scalar","W m-2","48.2505","125.0"
"HydrologyCycle","LatentHeat","CLASS","ENSEMBLE-CMIP6","Model Period Mean (complement)","MeanState","global","scalar","W m-2","52.7358","125.0"
"HydrologyCycle","LatentHeat","CLASS","ENSEMBLE-CMIP6","Spatial Distribution Score","MeanState","global","score","1","0.973106","125.0"
"HydrologyCycle","LatentHeat","CLASS","ENSEMBLE-CMIP6","Phase Shift","MeanState","global","scalar","months","1.1699","125.0"
"HydrologyCycle","LatentHeat","CLASS","ENSEMBLE-CMIP6","Seasonal Cycle Score","MeanState","global","score","1","0.808688","125.0"
"HydrologyCycle","LatentHeat","CLASS","ENSEMBLE-CMIP6","Bias","MeanState","global","scalar","W m-2","11.964","125.0"
"HydrologyCycle","LatentHeat","CLASS","ENSEMBLE-CMIP6","Bias Score","MeanState","global","score","1","0.589898","125.0"
"HydrologyCycle","LatentHeat","CLASS","ENSEMBLE-CMIP6","RMSE","MeanState","global","scalar","W m-2","17.1342","125.0"
"HydrologyCycle","LatentHeat","CLASS","ENSEMBLE-CMIP6","RMSE Score","MeanState","global","score","1","0.6023","125.0"
"HydrologyCycle","LatentHeat","CLASS","ENSEMBLE-CMIP6","Overall Score","MeanState","global","score","1","0.715258","125.0"
"HydrologyCycle","LatentHeat","WECANN","4597_2026-03-05_uncalib","Benchmark Period Mean (intersection)","MeanState","global","scalar","W m-2","39.5476","45.0"
"HydrologyCycle","LatentHeat","WECANN","4597_2026-03-05_uncalib","Benchmark Period Mean (complement)","MeanState","global","scalar","W m-2","43.8279","45.0"
"HydrologyCycle","LatentHeat","WECANN","4597_2026-03-05_uncalib","Period Mean (original grids)","MeanState","global","scalar","W m-2","40.5478","45.0"
"HydrologyCycle","LatentHeat","WECANN","4597_2026-03-05_uncalib","Model Period Mean (intersection)","MeanState","global","scalar","W m-2","44.6243","45.0"
"HydrologyCycle","LatentHeat","WECANN","4597_2026-03-05_uncalib","Model Period Mean (complement)","MeanState","global","scalar","W m-2","18.5623","45.0"
"HydrologyCycle","LatentHeat","WECANN","4597_2026-03-05_uncalib","Spatial Distribution Score","MeanState","global","score","1","0.924166","45.0"
"HydrologyCycle","LatentHeat","WECANN","4597_2026-03-05_uncalib","Phase Shift","MeanState","global","scalar","months","1.0241","45.0"
"HydrologyCycle","LatentHeat","WECANN","4597_2026-03-05_uncalib","Seasonal Cycle Score","MeanState","global","score","1","0.860546","45.0"
"HydrologyCycle","LatentHeat","WECANN","4597_2026-03-05_uncalib","Bias","MeanState","global","scalar","W m-2","5.07668","45.0"
"HydrologyCycle","LatentHeat","WECANN","4597_2026-03-05_uncalib","Bias Score","MeanState","global","score","1","0.563071","45.0"
"HydrologyCycle","LatentHeat","WECANN","4597_2026-03-05_uncalib","RMSE","MeanState","global","scalar","W m-2","14.3286","45.0"
"HydrologyCycle","LatentHeat","WECANN","4597_2026-03-05_uncalib","RMSE Score","MeanState","global","score","1","0.598471","45.0"
"HydrologyCycle","LatentHeat","WECANN","4597_2026-03-05_uncalib","Overall Score","MeanState","global","score","1","0.708945","45.0"
"HydrologyCycle","LatentHeat","WECANN","4598_2026-03-05_latest","Benchmark Period Mean (intersection)","MeanState","global","scalar","W m-2","39.5476","45.0"
"HydrologyCycle","LatentHeat","WECANN","4598_2026-03-05_latest","Benchmark Period Mean (complement)","MeanState","global","scalar","W m-2","43.8279","45.0"
"HydrologyCycle","LatentHeat","WECANN","4598_2026-03-05_latest","Period Mean (original grids)","MeanState","global","scalar","W m-2","40.096","45.0"
"HydrologyCycle","LatentHeat","WECANN","4598_2026-03-05_latest","Model Period Mean (intersection)","MeanState","global","scalar","W m-2","44.0716","45.0"
"HydrologyCycle","LatentHeat","WECANN","4598_2026-03-05_latest","Model Period Mean (complement)","MeanState","global","scalar","W m-2","18.6437","45.0"
"HydrologyCycle","LatentHeat","WECANN","4598_2026-03-05_latest","Spatial Distribution Score","MeanState","global","score","1","0.956048","45.0"
"HydrologyCycle","LatentHeat","WECANN","4598_2026-03-05_latest","Phase Shift","MeanState","global","scalar","months","1.02754","45.0"
"HydrologyCycle","LatentHeat","WECANN","4598_2026-03-05_latest","Seasonal Cycle Score","MeanState","global","score","1","0.864569","45.0"
"HydrologyCycle","LatentHeat","WECANN","4598_2026-03-05_latest","Bias","MeanState","global","scalar","W m-2","4.52399","45.0"
"HydrologyCycle","LatentHeat","WECANN","4598_2026-03-05_latest","Bias Score","MeanState","global","score","1","0.648456","45.0"
"HydrologyCycle","LatentHeat","WECANN","4598_2026-03-05_latest","RMSE","MeanState","global","scalar","W m-2","12.7975","45.0"
"HydrologyCycle","LatentHeat","WECANN","4598_2026-03-05_latest","RMSE Score","MeanState","global","score","1","0.620047","45.0"
"HydrologyCycle","LatentHeat","WECANN","4598_2026-03-05_latest","Overall Score","MeanState","global","score","1","0.741833","45.0"
"HydrologyCycle","LatentHeat","WECANN","ENSEMBLE-CMIP6","Benchmark Period Mean (intersection)","MeanState","global","scalar","W m-2","39.788","45.0"
"HydrologyCycle","LatentHeat","WECANN","ENSEMBLE-CMIP6","Benchmark Period Mean (complement)","MeanState","global","scalar","W m-2","nan","45.0"
"HydrologyCycle","LatentHeat","WECANN","ENSEMBLE-CMIP6","Period Mean (original grids)","MeanState","global","scalar","W m-2","49.5663","45.0"
"HydrologyCycle","LatentHeat","WECANN","ENSEMBLE-CMIP6","Model Period Mean (intersection)","MeanState","global","scalar","W m-2","49.5923","45.0"
"HydrologyCycle","LatentHeat","WECANN","ENSEMBLE-CMIP6","Model Period Mean (complement)","MeanState","global","scalar","W m-2","50.0874","45.0"
"HydrologyCycle","LatentHeat","WECANN","ENSEMBLE-CMIP6","Spatial Distribution Score","MeanState","global","score","1","0.933165","45.0"
"HydrologyCycle","LatentHeat","WECANN","ENSEMBLE-CMIP6","Phase Shift","MeanState","global","scalar","months","1.19078","45.0"
"HydrologyCycle","LatentHeat","WECANN","ENSEMBLE-CMIP6","Seasonal Cycle Score","MeanState","global","score","1","0.799603","45.0"
"HydrologyCycle","LatentHeat","WECANN","ENSEMBLE-CMIP6","Bias","MeanState","global","scalar","W m-2","10.1296","45.0"
"HydrologyCycle","LatentHeat","WECANN","ENSEMBLE-CMIP6","Bias Score","MeanState","global","score","1","0.565562","45.0"
"HydrologyCycle","LatentHeat","WECANN","ENSEMBLE-CMIP6","RMSE","MeanState","global","scalar","W m-2","14.9784","45.0"
"HydrologyCycle","LatentHeat","WECANN","ENSEMBLE-CMIP6","RMSE Score","MeanState","global","score","1","0.615295","45.0"
"HydrologyCycle","LatentHeat","WECANN","ENSEMBLE-CMIP6","Overall Score","MeanState","global","score","1","0.705784","45.0"
"HydrologyCycle","LatentHeat","ERA5","4597_2026-03-05_uncalib","Benchmark Period Mean (intersection)","MeanState","global","scalar","W m-2","41.8034","125.0"
"HydrologyCycle","LatentHeat","ERA5","4597_2026-03-05_uncalib","Benchmark Period Mean (complement)","MeanState","global","scalar","W m-2","81.4537","125.0"
"HydrologyCycle","LatentHeat","ERA5","4597_2026-03-05_uncalib","Period Mean (original grids)","MeanState","global","scalar","W m-2","40.33","125.0"
"HydrologyCycle","LatentHeat","ERA5","4597_2026-03-05_uncalib","Model Period Mean (intersection)","MeanState","global","scalar","W m-2","40.3323","125.0"
"HydrologyCycle","LatentHeat","ERA5","4597_2026-03-05_uncalib","Model Period Mean (complement)","MeanState","global","scalar","W m-2","nan","125.0"
"HydrologyCycle","LatentHeat","ERA5","4597_2026-03-05_uncalib","Spatial Distribution Score","MeanState","global","score","1","0.981406","125.0"
"HydrologyCycle","LatentHeat","ERA5","4597_2026-03-05_uncalib","Phase Shift","MeanState","global","scalar","months","0.880202","125.0"
"HydrologyCycle","LatentHeat","ERA5","4597_2026-03-05_uncalib","Seasonal Cycle Score","MeanState","global","score","1","0.872701","125.0"
"HydrologyCycle","LatentHeat","ERA5","4597_2026-03-05_uncalib","Bias","MeanState","global","scalar","W m-2","-1.87304","125.0"
"HydrologyCycle","LatentHeat","ERA5","4597_2026-03-05_uncalib","Bias Score","MeanState","global","score","1","0.673226","125.0"
"HydrologyCycle","LatentHeat","ERA5","4597_2026-03-05_uncalib","RMSE","MeanState","global","scalar","W m-2","11.192","125.0"
"HydrologyCycle","LatentHeat","ERA5","4597_2026-03-05_uncalib","RMSE Score","MeanState","global","score","1","0.666724","125.0"
"HydrologyCycle","LatentHeat","ERA5","4597_2026-03-05_uncalib","Overall Score","MeanState","global","score","1","0.772156","125.0"
"HydrologyCycle","LatentHeat","ERA5","4598_2026-03-05_latest","Benchmark Period Mean (intersection)","MeanState","global","scalar","W m-2","41.8034","125.0"
"HydrologyCycle","LatentHeat","ERA5","4598_2026-03-05_latest","Benchmark Period Mean (complement)","MeanState","global","scalar","W m-2","81.4537","125.0"
"HydrologyCycle","LatentHeat","ERA5","4598_2026-03-05_latest","Period Mean (original grids)","MeanState","global","scalar","W m-2","40.0334","125.0"
"HydrologyCycle","LatentHeat","ERA5","4598_2026-03-05_latest","Model Period Mean (intersection)","MeanState","global","scalar","W m-2","40.0354","125.0"
"HydrologyCycle","LatentHeat","ERA5","4598_2026-03-05_latest","Model Period Mean (complement)","MeanState","global","scalar","W m-2","nan","125.0"
"HydrologyCycle","LatentHeat","ERA5","4598_2026-03-05_latest","Spatial Distribution Score","MeanState","global","score","1","0.98134","125.0"
"HydrologyCycle","LatentHeat","ERA5","4598_2026-03-05_latest","Phase Shift","MeanState","global","scalar","months","0.908202","125.0"
"HydrologyCycle","LatentHeat","ERA5","4598_2026-03-05_latest","Seasonal Cycle Score","MeanState","global","score","1","0.864274","125.0"
"HydrologyCycle","LatentHeat","ERA5","4598_2026-03-05_latest","Bias","MeanState","global","scalar","W m-2","-2.16288","125.0"
"HydrologyCycle","LatentHeat","ERA5","4598_2026-03-05_latest","Bias Score","MeanState","global","score","1","0.664916","125.0"
"HydrologyCycle","LatentHeat","ERA5","4598_2026-03-05_latest","RMSE","MeanState","global","scalar","W m-2","10.8932","125.0"
"HydrologyCycle","LatentHeat","ERA5","4598_2026-03-05_latest","RMSE Score","MeanState","global","score","1","0.680371","125.0"
"HydrologyCycle","LatentHeat","ERA5","4598_2026-03-05_latest","Overall Score","MeanState","global","score","1","0.774254","125.0"
"HydrologyCycle","LatentHeat","ERA5","ENSEMBLE-CMIP6","Benchmark Period Mean (intersection)","MeanState","global","scalar","W m-2","47.1379","125.0"
"HydrologyCycle","LatentHeat","ERA5","ENSEMBLE-CMIP6","Benchmark Period Mean (complement)","MeanState","global","scalar","W m-2","nan","125.0"
"HydrologyCycle","LatentHeat","ERA5","ENSEMBLE-CMIP6","Period Mean (original grids)","MeanState","global","scalar","W m-2","49.173","125.0"
"HydrologyCycle","LatentHeat","ERA5","ENSEMBLE-CMIP6","Model Period Mean (intersection)","MeanState","global","scalar","W m-2","49.0576","125.0"
"HydrologyCycle","LatentHeat","ERA5","ENSEMBLE-CMIP6","Model Period Mean (complement)","MeanState","global","scalar","W m-2","nan","125.0"
"HydrologyCycle","LatentHeat","ERA5","ENSEMBLE-CMIP6","Spatial Distribution Score","MeanState","global","score","1","0.976036","125.0"
"HydrologyCycle","LatentHeat","ERA5","ENSEMBLE-CMIP6","Phase Shift","MeanState","global","scalar","months","1.0922","125.0"
"HydrologyCycle","LatentHeat","ERA5","ENSEMBLE-CMIP6","Seasonal Cycle Score","MeanState","global","score","1","0.80515","125.0"
"HydrologyCycle","LatentHeat","ERA5","ENSEMBLE-CMIP6","Bias","MeanState","global","scalar","W m-2","1.97851","125.0"
"HydrologyCycle","LatentHeat","ERA5","ENSEMBLE-CMIP6","Bias Score","MeanState","global","score","1","0.636791","125.0"
"HydrologyCycle","LatentHeat","ERA5","ENSEMBLE-CMIP6","RMSE","MeanState","global","scalar","W m-2","13.8217","125.0"
"HydrologyCycle","LatentHeat","ERA5","ENSEMBLE-CMIP6","RMSE Score","MeanState","global","score","1","0.630443","125.0"
"HydrologyCycle","LatentHeat","ERA5","ENSEMBLE-CMIP6","Overall Score","MeanState","global","score","1","0.735772","125.0"
"HydrologyCycle","Runoff","Dai","4597_2026-03-05_uncalib","Period Mean","MeanState","global","scalar","mm d-1","0.804594","75.0"
"HydrologyCycle","Runoff","Dai","4597_2026-03-05_uncalib","Bias","MeanState","global","scalar","mm d-1","0.0103943","75.0"
"HydrologyCycle","Runoff","Dai","4597_2026-03-05_uncalib","Bias Score","MeanState","global","score","1","0.79761","75.0"
"HydrologyCycle","Runoff","Dai","4597_2026-03-05_uncalib","Interannual Variability Score","MeanState","global","score","1","0.63531","75.0"
"HydrologyCycle","Runoff","Dai","4597_2026-03-05_uncalib","Spatial Distribution Score","MeanState","global","score","1","0.813216","75.0"
"HydrologyCycle","Runoff","Dai","4597_2026-03-05_uncalib","Overall Score","MeanState","global","score","1","0.748712","75.0"
"HydrologyCycle","Runoff","Dai","4598_2026-03-05_latest","Period Mean","MeanState","global","scalar","mm d-1","0.816127","75.0"
"HydrologyCycle","Runoff","Dai","4598_2026-03-05_latest","Bias","MeanState","global","scalar","mm d-1","0.0219278","75.0"
"HydrologyCycle","Runoff","Dai","4598_2026-03-05_latest","Bias Score","MeanState","global","score","1","0.811499","75.0"
"HydrologyCycle","Runoff","Dai","4598_2026-03-05_latest","Interannual Variability Score","MeanState","global","score","1","0.643617","75.0"
"HydrologyCycle","Runoff","Dai","4598_2026-03-05_latest","Spatial Distribution Score","MeanState","global","score","1","0.814145","75.0"
"HydrologyCycle","Runoff","Dai","4598_2026-03-05_latest","Overall Score","MeanState","global","score","1","0.75642","75.0"
"HydrologyCycle","Runoff","Dai","ENSEMBLE-CMIP6","Period Mean","MeanState","global","scalar","mm d-1","0.940506","75.0"
"HydrologyCycle","Runoff","Dai","ENSEMBLE-CMIP6","Bias","MeanState","global","scalar","mm d-1","0.115097","75.0"
"HydrologyCycle","Runoff","Dai","ENSEMBLE-CMIP6","Bias Score","MeanState","global","score","1","0.789254","75.0"
"HydrologyCycle","Runoff","Dai","ENSEMBLE-CMIP6","Interannual Variability Score","MeanState","global","score","1","0.514327","75.0"
"HydrologyCycle","Runoff","Dai","ENSEMBLE-CMIP6","Spatial Distribution Score","MeanState","global","score","1","0.90263","75.0"
"HydrologyCycle","Runoff","Dai","ENSEMBLE-CMIP6","Overall Score","MeanState","global","score","1","0.735404","75.0"
"HydrologyCycle","Runoff","LORA","4597_2026-03-05_uncalib","Benchmark Period Mean (intersection)","MeanState","global","scalar","mm d-1","0.829896","75.0"
"HydrologyCycle","Runoff","LORA","4597_2026-03-05_uncalib","Benchmark Period Mean (complement)","MeanState","global","scalar","mm d-1","1.45261","75.0"
"HydrologyCycle","Runoff","LORA","4597_2026-03-05_uncalib","Period Mean (original grids)","MeanState","global","scalar","mm d-1","0.726271","75.0"
"HydrologyCycle","Runoff","LORA","4597_2026-03-05_uncalib","Model Period Mean (intersection)","MeanState","global","scalar","mm d-1","0.778738","75.0"
"HydrologyCycle","Runoff","LORA","4597_2026-03-05_uncalib","Model Period Mean (complement)","MeanState","global","scalar","mm d-1","0.452641","75.0"
"HydrologyCycle","Runoff","LORA","4597_2026-03-05_uncalib","Spatial Distribution Score","MeanState","global","score","1","0.85633","75.0"
"HydrologyCycle","Runoff","LORA","4597_2026-03-05_uncalib","Phase Shift","MeanState","global","scalar","months","1.28659","75.0"
"HydrologyCycle","Runoff","LORA","4597_2026-03-05_uncalib","Seasonal Cycle Score","MeanState","global","score","1","0.872602","75.0"
"HydrologyCycle","Runoff","LORA","4597_2026-03-05_uncalib","Bias","MeanState","global","scalar","mm d-1","-0.05252","75.0"
"HydrologyCycle","Runoff","LORA","4597_2026-03-05_uncalib","Bias Score","MeanState","global","score","1","0.598427","75.0"
"HydrologyCycle","Runoff","LORA","4597_2026-03-05_uncalib","RMSE","MeanState","global","scalar","mm d-1","0.904526","75.0"
"HydrologyCycle","Runoff","LORA","4597_2026-03-05_uncalib","RMSE Score","MeanState","global","score","1","0.469267","75.0"
"HydrologyCycle","Runoff","LORA","4597_2026-03-05_uncalib","Overall Score","MeanState","global","score","1","0.653179","75.0"
"HydrologyCycle","Runoff","LORA","4598_2026-03-05_latest","Benchmark Period Mean (intersection)","MeanState","global","scalar","mm d-1","0.829896","75.0"
"HydrologyCycle","Runoff","LORA","4598_2026-03-05_latest","Benchmark Period Mean (complement)","MeanState","global","scalar","mm d-1","1.45261","75.0"
"HydrologyCycle","Runoff","LORA","4598_2026-03-05_latest","Period Mean (original grids)","MeanState","global","scalar","mm d-1","0.751768","75.0"
"HydrologyCycle","Runoff","LORA","4598_2026-03-05_latest","Model Period Mean (intersection)","MeanState","global","scalar","mm d-1","0.806527","75.0"
"HydrologyCycle","Runoff","LORA","4598_2026-03-05_latest","Model Period Mean (complement)","MeanState","global","scalar","mm d-1","0.466609","75.0"
"HydrologyCycle","Runoff","LORA","4598_2026-03-05_latest","Spatial Distribution Score","MeanState","global","score","1","0.848107","75.0"
"HydrologyCycle","Runoff","LORA","4598_2026-03-05_latest","Phase Shift","MeanState","global","scalar","months","1.31801","75.0"
"HydrologyCycle","Runoff","LORA","4598_2026-03-05_latest","Seasonal Cycle Score","MeanState","global","score","1","0.865997","75.0"
"HydrologyCycle","Runoff","LORA","4598_2026-03-05_latest","Bias","MeanState","global","scalar","mm d-1","-0.0246883","75.0"
"HydrologyCycle","Runoff","LORA","4598_2026-03-05_latest","Bias Score","MeanState","global","score","1","0.602517","75.0"
"HydrologyCycle","Runoff","LORA","4598_2026-03-05_latest","RMSE","MeanState","global","scalar","mm d-1","0.913488","75.0"
"HydrologyCycle","Runoff","LORA","4598_2026-03-05_latest","RMSE Score","MeanState","global","score","1","0.457392","75.0"
"HydrologyCycle","Runoff","LORA","4598_2026-03-05_latest","Overall Score","MeanState","global","score","1","0.646281","75.0"
"HydrologyCycle","Runoff","LORA","ENSEMBLE-CMIP6","Benchmark Period Mean (intersection)","MeanState","global","scalar","mm d-1","0.81774","75.0"
"HydrologyCycle","Runoff","LORA","ENSEMBLE-CMIP6","Benchmark Period Mean (complement)","MeanState","global","scalar","mm d-1","nan","75.0"
"HydrologyCycle","Runoff","LORA","ENSEMBLE-CMIP6","Period Mean (original grids)","MeanState","global","scalar","mm d-1","0.826464","75.0"
"HydrologyCycle","Runoff","LORA","ENSEMBLE-CMIP6","Model Period Mean (intersection)","MeanState","global","scalar","mm d-1","0.82945","75.0"
"HydrologyCycle","Runoff","LORA","ENSEMBLE-CMIP6","Model Period Mean (complement)","MeanState","global","scalar","mm d-1","0.778604","75.0"
"HydrologyCycle","Runoff","LORA","ENSEMBLE-CMIP6","Spatial Distribution Score","MeanState","global","score","1","0.855338","75.0"
"HydrologyCycle","Runoff","LORA","ENSEMBLE-CMIP6","Phase Shift","MeanState","global","scalar","months","1.17339","75.0"
"HydrologyCycle","Runoff","LORA","ENSEMBLE-CMIP6","Seasonal Cycle Score","MeanState","global","score","1","0.894077","75.0"
"HydrologyCycle","Runoff","LORA","ENSEMBLE-CMIP6","Bias","MeanState","global","scalar","mm d-1","0.0107696","75.0"
"HydrologyCycle","Runoff","LORA","ENSEMBLE-CMIP6","Bias Score","MeanState","global","score","1","0.586133","75.0"
"HydrologyCycle","Runoff","LORA","ENSEMBLE-CMIP6","RMSE","MeanState","global","scalar","mm d-1","0.806957","75.0"
"HydrologyCycle","Runoff","LORA","ENSEMBLE-CMIP6","RMSE Score","MeanState","global","score","1","0.536736","75.0"
"HydrologyCycle","Runoff","LORA","ENSEMBLE-CMIP6","Overall Score","MeanState","global","score","1","0.681804","75.0"
"HydrologyCycle","Runoff","CLASS","4597_2026-03-05_uncalib","Benchmark Period Mean (intersection)","MeanState","global","scalar","mm d-1","0.719658","125.0"
"HydrologyCycle","Runoff","CLASS","4597_2026-03-05_uncalib","Benchmark Period Mean (complement)","MeanState","global","scalar","mm d-1","1.44494","125.0"
"HydrologyCycle","Runoff","CLASS","4597_2026-03-05_uncalib","Period Mean (original grids)","MeanState","global","scalar","mm d-1","0.715154","125.0"
"HydrologyCycle","Runoff","CLASS","4597_2026-03-05_uncalib","Model Period Mean (intersection)","MeanState","global","scalar","mm d-1","0.753991","125.0"
"HydrologyCycle","Runoff","CLASS","4597_2026-03-05_uncalib","Model Period Mean (complement)","MeanState","global","scalar","mm d-1","0.561922","125.0"
"HydrologyCycle","Runoff","CLASS","4597_2026-03-05_uncalib","Spatial Distribution Score","MeanState","global","score","1","0.818064","125.0"
"HydrologyCycle","Runoff","CLASS","4597_2026-03-05_uncalib","Phase Shift","MeanState","global","scalar","months","1.53605","125.0"
"HydrologyCycle","Runoff","CLASS","4597_2026-03-05_uncalib","Seasonal Cycle Score","MeanState","global","score","1","0.831103","125.0"
"HydrologyCycle","Runoff","CLASS","4597_2026-03-05_uncalib","Bias","MeanState","global","scalar","mm d-1","0.0341955","125.0"
"HydrologyCycle","Runoff","CLASS","4597_2026-03-05_uncalib","Bias Score","MeanState","global","score","1","0.594134","125.0"
"HydrologyCycle","Runoff","CLASS","4597_2026-03-05_uncalib","RMSE","MeanState","global","scalar","mm d-1","0.920669","125.0"
"HydrologyCycle","Runoff","CLASS","4597_2026-03-05_uncalib","RMSE Score","MeanState","global","score","1","0.407489","125.0"
"HydrologyCycle","Runoff","CLASS","4597_2026-03-05_uncalib","Overall Score","MeanState","global","score","1","0.611656","125.0"
"HydrologyCycle","Runoff","CLASS","4598_2026-03-05_latest","Benchmark Period Mean (intersection)","MeanState","global","scalar","mm d-1","0.719658","125.0"
"HydrologyCycle","Runoff","CLASS","4598_2026-03-05_latest","Benchmark Period Mean (complement)","MeanState","global","scalar","mm d-1","1.44494","125.0"
"HydrologyCycle","Runoff","CLASS","4598_2026-03-05_latest","Period Mean (original grids)","MeanState","global","scalar","mm d-1","0.741282","125.0"
"HydrologyCycle","Runoff","CLASS","4598_2026-03-05_latest","Model Period Mean (intersection)","MeanState","global","scalar","mm d-1","0.782324","125.0"
"HydrologyCycle","Runoff","CLASS","4598_2026-03-05_latest","Model Period Mean (complement)","MeanState","global","scalar","mm d-1","0.579717","125.0"
"HydrologyCycle","Runoff","CLASS","4598_2026-03-05_latest","Spatial Distribution Score","MeanState","global","score","1","0.803901","125.0"
"HydrologyCycle","Runoff","CLASS","4598_2026-03-05_latest","Phase Shift","MeanState","global","scalar","months","1.57073","125.0"
"HydrologyCycle","Runoff","CLASS","4598_2026-03-05_latest","Seasonal Cycle Score","MeanState","global","score","1","0.823977","125.0"
"HydrologyCycle","Runoff","CLASS","4598_2026-03-05_latest","Bias","MeanState","global","scalar","mm d-1","0.0626389","125.0"
"HydrologyCycle","Runoff","CLASS","4598_2026-03-05_latest","Bias Score","MeanState","global","score","1","0.596572","125.0"
"HydrologyCycle","Runoff","CLASS","4598_2026-03-05_latest","RMSE","MeanState","global","scalar","mm d-1","0.929259","125.0"
"HydrologyCycle","Runoff","CLASS","4598_2026-03-05_latest","RMSE Score","MeanState","global","score","1","0.396351","125.0"
"HydrologyCycle","Runoff","CLASS","4598_2026-03-05_latest","Overall Score","MeanState","global","score","1","0.60343","125.0"
"HydrologyCycle","Runoff","CLASS","ENSEMBLE-CMIP6","Benchmark Period Mean (intersection)","MeanState","global","scalar","mm d-1","0.724285","125.0"
"HydrologyCycle","Runoff","CLASS","ENSEMBLE-CMIP6","Benchmark Period Mean (complement)","MeanState","global","scalar","mm d-1","nan","125.0"
"HydrologyCycle","Runoff","CLASS","ENSEMBLE-CMIP6","Period Mean (original grids)","MeanState","global","scalar","mm d-1","0.833505","125.0"
"HydrologyCycle","Runoff","CLASS","ENSEMBLE-CMIP6","Model Period Mean (intersection)","MeanState","global","scalar","mm d-1","0.829329","125.0"
"HydrologyCycle","Runoff","CLASS","ENSEMBLE-CMIP6","Model Period Mean (complement)","MeanState","global","scalar","mm d-1","0.809599","125.0"
"HydrologyCycle","Runoff","CLASS","ENSEMBLE-CMIP6","Spatial Distribution Score","MeanState","global","score","1","0.882003","125.0"
"HydrologyCycle","Runoff","CLASS","ENSEMBLE-CMIP6","Phase Shift","MeanState","global","scalar","months","1.51239","125.0"
"HydrologyCycle","Runoff","CLASS","ENSEMBLE-CMIP6","Seasonal Cycle Score","MeanState","global","score","1","0.8413","125.0"
"HydrologyCycle","Runoff","CLASS","ENSEMBLE-CMIP6","Bias","MeanState","global","scalar","mm d-1","0.104498","125.0"
"HydrologyCycle","Runoff","CLASS","ENSEMBLE-CMIP6","Bias Score","MeanState","global","score","1","0.570672","125.0"
"HydrologyCycle","Runoff","CLASS","ENSEMBLE-CMIP6","RMSE","MeanState","global","scalar","mm d-1","0.784258","125.0"
"HydrologyCycle","Runoff","CLASS","ENSEMBLE-CMIP6","RMSE Score","MeanState","global","score","1","0.467276","125.0"
"HydrologyCycle","Runoff","CLASS","ENSEMBLE-CMIP6","Overall Score","MeanState","global","score","1","0.645705","125.0"
"HydrologyCycle","Runoff","ERA5","4597_2026-03-05_uncalib","Benchmark Period Mean (intersection)","MeanState","global","scalar","mm d-1","0.739128","125.0"
"HydrologyCycle","Runoff","ERA5","4597_2026-03-05_uncalib","Benchmark Period Mean (complement)","MeanState","global","scalar","mm d-1","0.0922164","125.0"
"HydrologyCycle","Runoff","ERA5","4597_2026-03-05_uncalib","Period Mean (original grids)","MeanState","global","scalar","mm d-1","0.728982","125.0"
"HydrologyCycle","Runoff","ERA5","4597_2026-03-05_uncalib","Model Period Mean (intersection)","MeanState","global","scalar","mm d-1","0.728372","125.0"
"HydrologyCycle","Runoff","ERA5","4597_2026-03-05_uncalib","Model Period Mean (complement)","MeanState","global","scalar","mm d-1","nan","125.0"
"HydrologyCycle","Runoff","ERA5","4597_2026-03-05_uncalib","Spatial Distribution Score","MeanState","global","score","1","0.933306","125.0"
"HydrologyCycle","Runoff","ERA5","4597_2026-03-05_uncalib","Phase Shift","MeanState","global","scalar","months","1.24429","125.0"
"HydrologyCycle","Runoff","ERA5","4597_2026-03-05_uncalib","Seasonal Cycle Score","MeanState","global","score","1","0.891703","125.0"
"HydrologyCycle","Runoff","ERA5","4597_2026-03-05_uncalib","Bias","MeanState","global","scalar","mm d-1","0.00650568","125.0"
"HydrologyCycle","Runoff","ERA5","4597_2026-03-05_uncalib","Bias Score","MeanState","global","score","1","0.741966","125.0"
"HydrologyCycle","Runoff","ERA5","4597_2026-03-05_uncalib","RMSE","MeanState","global","scalar","mm d-1","0.551123","125.0"
"HydrologyCycle","Runoff","ERA5","4597_2026-03-05_uncalib","RMSE Score","MeanState","global","score","1","0.666977","125.0"
"HydrologyCycle","Runoff","ERA5","4597_2026-03-05_uncalib","Overall Score","MeanState","global","score","1","0.780186","125.0"
"HydrologyCycle","Runoff","ERA5","4598_2026-03-05_latest","Benchmark Period Mean (intersection)","MeanState","global","scalar","mm d-1","0.739128","125.0"
"HydrologyCycle","Runoff","ERA5","4598_2026-03-05_latest","Benchmark Period Mean (complement)","MeanState","global","scalar","mm d-1","0.0922164","125.0"
"HydrologyCycle","Runoff","ERA5","4598_2026-03-05_latest","Period Mean (original grids)","MeanState","global","scalar","mm d-1","0.756076","125.0"
"HydrologyCycle","Runoff","ERA5","4598_2026-03-05_latest","Model Period Mean (intersection)","MeanState","global","scalar","mm d-1","0.755473","125.0"
"HydrologyCycle","Runoff","ERA5","4598_2026-03-05_latest","Model Period Mean (complement)","MeanState","global","scalar","mm d-1","nan","125.0"
"HydrologyCycle","Runoff","ERA5","4598_2026-03-05_latest","Spatial Distribution Score","MeanState","global","score","1","0.934642","125.0"
"HydrologyCycle","Runoff","ERA5","4598_2026-03-05_latest","Phase Shift","MeanState","global","scalar","months","1.25507","125.0"
"HydrologyCycle","Runoff","ERA5","4598_2026-03-05_latest","Seasonal Cycle Score","MeanState","global","score","1","0.887065","125.0"
"HydrologyCycle","Runoff","ERA5","4598_2026-03-05_latest","Bias","MeanState","global","scalar","mm d-1","0.0337542","125.0"
"HydrologyCycle","Runoff","ERA5","4598_2026-03-05_latest","Bias Score","MeanState","global","score","1","0.733189","125.0"
"HydrologyCycle","Runoff","ERA5","4598_2026-03-05_latest","RMSE","MeanState","global","scalar","mm d-1","0.549293","125.0"
"HydrologyCycle","Runoff","ERA5","4598_2026-03-05_latest","RMSE Score","MeanState","global","score","1","0.663388","125.0"
"HydrologyCycle","Runoff","ERA5","4598_2026-03-05_latest","Overall Score","MeanState","global","score","1","0.776334","125.0"
"HydrologyCycle","Runoff","ERA5","ENSEMBLE-CMIP6","Benchmark Period Mean (intersection)","MeanState","global","scalar","mm d-1","0.693191","125.0"
"HydrologyCycle","Runoff","ERA5","ENSEMBLE-CMIP6","Benchmark Period Mean (complement)","MeanState","global","scalar","mm d-1","nan","125.0"
"HydrologyCycle","Runoff","ERA5","ENSEMBLE-CMIP6","Period Mean (original grids)","MeanState","global","scalar","mm d-1","0.827396","125.0"
"HydrologyCycle","Runoff","ERA5","ENSEMBLE-CMIP6","Model Period Mean (intersection)","MeanState","global","scalar","mm d-1","0.818281","125.0"
"HydrologyCycle","Runoff","ERA5","ENSEMBLE-CMIP6","Model Period Mean (complement)","MeanState","global","scalar","mm d-1","nan","125.0"
"HydrologyCycle","Runoff","ERA5","ENSEMBLE-CMIP6","Spatial Distribution Score","MeanState","global","score","1","0.760928","125.0"
"HydrologyCycle","Runoff","ERA5","ENSEMBLE-CMIP6","Phase Shift","MeanState","global","scalar","months","1.63259","125.0"
"HydrologyCycle","Runoff","ERA5","ENSEMBLE-CMIP6","Seasonal Cycle Score","MeanState","global","score","1","0.855389","125.0"
"HydrologyCycle","Runoff","ERA5","ENSEMBLE-CMIP6","Bias","MeanState","global","scalar","mm d-1","0.125945","125.0"
"HydrologyCycle","Runoff","ERA5","ENSEMBLE-CMIP6","Bias Score","MeanState","global","score","1","0.611754","125.0"
"HydrologyCycle","Runoff","ERA5","ENSEMBLE-CMIP6","RMSE","MeanState","global","scalar","mm d-1","0.790897","125.0"
"HydrologyCycle","Runoff","ERA5","ENSEMBLE-CMIP6","RMSE Score","MeanState","global","score","1","0.575428","125.0"
"HydrologyCycle","Runoff","ERA5","ENSEMBLE-CMIP6","Overall Score","MeanState","global","score","1","0.675785","125.0"
"HydrologyCycle","SurfaceRunoff","ERA5","4597_2026-03-05_uncalib","Benchmark Period Mean (intersection)","MeanState","global","scalar","mm d-1","0.281217","125.0"
"HydrologyCycle","SurfaceRunoff","ERA5","4597_2026-03-05_uncalib","Benchmark Period Mean (complement)","MeanState","global","scalar","mm d-1","0.0311999","125.0"
"HydrologyCycle","SurfaceRunoff","ERA5","4597_2026-03-05_uncalib","Period Mean (original grids)","MeanState","global","scalar","mm d-1","0.370858","125.0"
"HydrologyCycle","SurfaceRunoff","ERA5","4597_2026-03-05_uncalib","Model Period Mean (intersection)","MeanState","global","scalar","mm d-1","0.370417","125.0"
"HydrologyCycle","SurfaceRunoff","ERA5","4597_2026-03-05_uncalib","Model Period Mean (complement)","MeanState","global","scalar","mm d-1","nan","125.0"
"HydrologyCycle","SurfaceRunoff","ERA5","4597_2026-03-05_uncalib","Spatial Distribution Score","MeanState","global","score","1","0.800206","125.0"
"HydrologyCycle","SurfaceRunoff","ERA5","4597_2026-03-05_uncalib","Phase Shift","MeanState","global","scalar","months","1.26837","125.0"
"HydrologyCycle","SurfaceRunoff","ERA5","4597_2026-03-05_uncalib","Seasonal Cycle Score","MeanState","global","score","1","0.853813","125.0"
"HydrologyCycle","SurfaceRunoff","ERA5","4597_2026-03-05_uncalib","Bias","MeanState","global","scalar","mm d-1","0.0965743","125.0"
"HydrologyCycle","SurfaceRunoff","ERA5","4597_2026-03-05_uncalib","Bias Score","MeanState","global","score","1","0.566504","125.0"
"HydrologyCycle","SurfaceRunoff","ERA5","4597_2026-03-05_uncalib","RMSE","MeanState","global","scalar","mm d-1","0.566329","125.0"
"HydrologyCycle","SurfaceRunoff","ERA5","4597_2026-03-05_uncalib","RMSE Score","MeanState","global","score","1","0.577715","125.0"
"HydrologyCycle","SurfaceRunoff","ERA5","4597_2026-03-05_uncalib","Overall Score","MeanState","global","score","1","0.675191","125.0"
"HydrologyCycle","SurfaceRunoff","ERA5","4598_2026-03-05_latest","Benchmark Period Mean (intersection)","MeanState","global","scalar","mm d-1","0.281217","125.0"
"HydrologyCycle","SurfaceRunoff","ERA5","4598_2026-03-05_latest","Benchmark Period Mean (complement)","MeanState","global","scalar","mm d-1","0.0311999","125.0"
"HydrologyCycle","SurfaceRunoff","ERA5","4598_2026-03-05_latest","Period Mean (original grids)","MeanState","global","scalar","mm d-1","0.370136","125.0"
"HydrologyCycle","SurfaceRunoff","ERA5","4598_2026-03-05_latest","Model Period Mean (intersection)","MeanState","global","scalar","mm d-1","0.36969","125.0"
"HydrologyCycle","SurfaceRunoff","ERA5","4598_2026-03-05_latest","Model Period Mean (complement)","MeanState","global","scalar","mm d-1","nan","125.0"
"HydrologyCycle","SurfaceRunoff","ERA5","4598_2026-03-05_latest","Spatial Distribution Score","MeanState","global","score","1","0.8056","125.0"
"HydrologyCycle","SurfaceRunoff","ERA5","4598_2026-03-05_latest","Phase Shift","MeanState","global","scalar","months","1.23563","125.0"
"HydrologyCycle","SurfaceRunoff","ERA5","4598_2026-03-05_latest","Seasonal Cycle Score","MeanState","global","score","1","0.857638","125.0"
"HydrologyCycle","SurfaceRunoff","ERA5","4598_2026-03-05_latest","Bias","MeanState","global","scalar","mm d-1","0.0959614","125.0"
"HydrologyCycle","SurfaceRunoff","ERA5","4598_2026-03-05_latest","Bias Score","MeanState","global","score","1","0.570252","125.0"
"HydrologyCycle","SurfaceRunoff","ERA5","4598_2026-03-05_latest","RMSE","MeanState","global","scalar","mm d-1","0.547236","125.0"
"HydrologyCycle","SurfaceRunoff","ERA5","4598_2026-03-05_latest","RMSE Score","MeanState","global","score","1","0.585312","125.0"
"HydrologyCycle","SurfaceRunoff","ERA5","4598_2026-03-05_latest","Overall Score","MeanState","global","score","1","0.680823","125.0"
"HydrologyCycle","SubsurfaceRunoff","ERA5","4597_2026-03-05_uncalib","Benchmark Period Mean (intersection)","MeanState","global","scalar","mm d-1","0.457911","125.0"
"HydrologyCycle","SubsurfaceRunoff","ERA5","4597_2026-03-05_uncalib","Benchmark Period Mean (complement)","MeanState","global","scalar","mm d-1","0.0610165","125.0"
"HydrologyCycle","SubsurfaceRunoff","ERA5","4597_2026-03-05_uncalib","Period Mean (original grids)","MeanState","global","scalar","mm d-1","0.358125","125.0"
"HydrologyCycle","SubsurfaceRunoff","ERA5","4597_2026-03-05_uncalib","Model Period Mean (intersection)","MeanState","global","scalar","mm d-1","0.357955","125.0"
"HydrologyCycle","SubsurfaceRunoff","ERA5","4597_2026-03-05_uncalib","Model Period Mean (complement)","MeanState","global","scalar","mm d-1","nan","125.0"
"HydrologyCycle","SubsurfaceRunoff","ERA5","4597_2026-03-05_uncalib","Spatial Distribution Score","MeanState","global","score","1","0.891576","125.0"
"HydrologyCycle","SubsurfaceRunoff","ERA5","4597_2026-03-05_uncalib","Phase Shift","MeanState","global","scalar","months","1.8167","125.0"
"HydrologyCycle","SubsurfaceRunoff","ERA5","4597_2026-03-05_uncalib","Seasonal Cycle Score","MeanState","global","score","1","0.785856","125.0"
"HydrologyCycle","SubsurfaceRunoff","ERA5","4597_2026-03-05_uncalib","Bias","MeanState","global","scalar","mm d-1","-0.0900686","125.0"
"HydrologyCycle","SubsurfaceRunoff","ERA5","4597_2026-03-05_uncalib","Bias Score","MeanState","global","score","1","0.594898","125.0"
"HydrologyCycle","SubsurfaceRunoff","ERA5","4597_2026-03-05_uncalib","RMSE","MeanState","global","scalar","mm d-1","0.320207","125.0"
"HydrologyCycle","SubsurfaceRunoff","ERA5","4597_2026-03-05_uncalib","RMSE Score","MeanState","global","score","1","0.674339","125.0"
"HydrologyCycle","SubsurfaceRunoff","ERA5","4597_2026-03-05_uncalib","Overall Score","MeanState","global","score","1","0.724202","125.0"
"HydrologyCycle","SubsurfaceRunoff","ERA5","4598_2026-03-05_latest","Benchmark Period Mean (intersection)","MeanState","global","scalar","mm d-1","0.457911","125.0"
"HydrologyCycle","SubsurfaceRunoff","ERA5","4598_2026-03-05_latest","Benchmark Period Mean (complement)","MeanState","global","scalar","mm d-1","0.0610165","125.0"
"HydrologyCycle","SubsurfaceRunoff","ERA5","4598_2026-03-05_latest","Period Mean (original grids)","MeanState","global","scalar","mm d-1","0.38594","125.0"
"HydrologyCycle","SubsurfaceRunoff","ERA5","4598_2026-03-05_latest","Model Period Mean (intersection)","MeanState","global","scalar","mm d-1","0.385783","125.0"
"HydrologyCycle","SubsurfaceRunoff","ERA5","4598_2026-03-05_latest","Model Period Mean (complement)","MeanState","global","scalar","mm d-1","nan","125.0"
"HydrologyCycle","SubsurfaceRunoff","ERA5","4598_2026-03-05_latest","Spatial Distribution Score","MeanState","global","score","1","0.888902","125.0"
"HydrologyCycle","SubsurfaceRunoff","ERA5","4598_2026-03-05_latest","Phase Shift","MeanState","global","scalar","months","1.83409","125.0"
"HydrologyCycle","SubsurfaceRunoff","ERA5","4598_2026-03-05_latest","Seasonal Cycle Score","MeanState","global","score","1","0.777887","125.0"
"HydrologyCycle","SubsurfaceRunoff","ERA5","4598_2026-03-05_latest","Bias","MeanState","global","scalar","mm d-1","-0.0622072","125.0"
"HydrologyCycle","SubsurfaceRunoff","ERA5","4598_2026-03-05_latest","Bias Score","MeanState","global","score","1","0.593067","125.0"
"HydrologyCycle","SubsurfaceRunoff","ERA5","4598_2026-03-05_latest","RMSE","MeanState","global","scalar","mm d-1","0.325645","125.0"
"HydrologyCycle","SubsurfaceRunoff","ERA5","4598_2026-03-05_latest","RMSE Score","MeanState","global","score","1","0.668559","125.0"
"HydrologyCycle","SubsurfaceRunoff","ERA5","4598_2026-03-05_latest","Overall Score","MeanState","global","score","1","0.719395","125.0"
"HydrologyCycle","SensibleHeat","FLUXCOM","4597_2026-03-05_uncalib","Benchmark Period Mean (intersection)","MeanState","global","scalar","watt/m2","40.7646","30.0"
"HydrologyCycle","SensibleHeat","FLUXCOM","4597_2026-03-05_uncalib","Benchmark Period Mean (complement)","MeanState","global","scalar","watt/m2","35.6137","30.0"
"HydrologyCycle","SensibleHeat","FLUXCOM","4597_2026-03-05_uncalib","Period Mean (original grids)","MeanState","global","scalar","watt/m2","29.0034","30.0"
"HydrologyCycle","SensibleHeat","FLUXCOM","4597_2026-03-05_uncalib","Model Period Mean (intersection)","MeanState","global","scalar","watt/m2","34.0344","30.0"
"HydrologyCycle","SensibleHeat","FLUXCOM","4597_2026-03-05_uncalib","Model Period Mean (complement)","MeanState","global","scalar","watt/m2","11.351","30.0"
"HydrologyCycle","SensibleHeat","FLUXCOM","4597_2026-03-05_uncalib","Spatial Distribution Score","MeanState","global","score","1","0.799882","30.0"
"HydrologyCycle","SensibleHeat","FLUXCOM","4597_2026-03-05_uncalib","Phase Shift","MeanState","global","scalar","months","1.12678","30.0"
"HydrologyCycle","SensibleHeat","FLUXCOM","4597_2026-03-05_uncalib","Seasonal Cycle Score","MeanState","global","score","1","0.86664","30.0"
"HydrologyCycle","SensibleHeat","FLUXCOM","4597_2026-03-05_uncalib","Bias","MeanState","global","scalar","watt/m2","-6.72932","30.0"
"HydrologyCycle","SensibleHeat","FLUXCOM","4597_2026-03-05_uncalib","Bias Score","MeanState","global","score","1","0.562249","30.0"
"HydrologyCycle","SensibleHeat","FLUXCOM","4597_2026-03-05_uncalib","RMSE","MeanState","global","scalar","watt/m2","19.3459","30.0"
"HydrologyCycle","SensibleHeat","FLUXCOM","4597_2026-03-05_uncalib","RMSE Score","MeanState","global","score","1","0.528118","30.0"
"HydrologyCycle","SensibleHeat","FLUXCOM","4597_2026-03-05_uncalib","Overall Score","MeanState","global","score","1","0.657002","30.0"
"HydrologyCycle","SensibleHeat","FLUXCOM","4598_2026-03-05_latest","Benchmark Period Mean (intersection)","MeanState","global","scalar","watt/m2","40.7646","30.0"
"HydrologyCycle","SensibleHeat","FLUXCOM","4598_2026-03-05_latest","Benchmark Period Mean (complement)","MeanState","global","scalar","watt/m2","35.6137","30.0"
"HydrologyCycle","SensibleHeat","FLUXCOM","4598_2026-03-05_latest","Period Mean (original grids)","MeanState","global","scalar","watt/m2","30.0504","30.0"
"HydrologyCycle","SensibleHeat","FLUXCOM","4598_2026-03-05_latest","Model Period Mean (intersection)","MeanState","global","scalar","watt/m2","35.0868","30.0"
"HydrologyCycle","SensibleHeat","FLUXCOM","4598_2026-03-05_latest","Model Period Mean (complement)","MeanState","global","scalar","watt/m2","12.3867","30.0"
"HydrologyCycle","SensibleHeat","FLUXCOM","4598_2026-03-05_latest","Spatial Distribution Score","MeanState","global","score","1","0.858786","30.0"
"HydrologyCycle","SensibleHeat","FLUXCOM","4598_2026-03-05_latest","Phase Shift","MeanState","global","scalar","months","1.05454","30.0"
"HydrologyCycle","SensibleHeat","FLUXCOM","4598_2026-03-05_latest","Seasonal Cycle Score","MeanState","global","score","1","0.873282","30.0"
"HydrologyCycle","SensibleHeat","FLUXCOM","4598_2026-03-05_latest","Bias","MeanState","global","scalar","watt/m2","-5.68562","30.0"
"HydrologyCycle","SensibleHeat","FLUXCOM","4598_2026-03-05_latest","Bias Score","MeanState","global","score","1","0.620054","30.0"
"HydrologyCycle","SensibleHeat","FLUXCOM","4598_2026-03-05_latest","RMSE","MeanState","global","scalar","watt/m2","17.6148","30.0"
"HydrologyCycle","SensibleHeat","FLUXCOM","4598_2026-03-05_latest","RMSE Score","MeanState","global","score","1","0.536152","30.0"
"HydrologyCycle","SensibleHeat","FLUXCOM","4598_2026-03-05_latest","Overall Score","MeanState","global","score","1","0.684885","30.0"
"HydrologyCycle","SensibleHeat","FLUXCOM","ENSEMBLE-CMIP6","Benchmark Period Mean (intersection)","MeanState","global","scalar","watt/m2","40.6316","30.0"
"HydrologyCycle","SensibleHeat","FLUXCOM","ENSEMBLE-CMIP6","Benchmark Period Mean (complement)","MeanState","global","scalar","watt/m2","nan","30.0"
"HydrologyCycle","SensibleHeat","FLUXCOM","ENSEMBLE-CMIP6","Period Mean (original grids)","MeanState","global","scalar","watt/m2","29.5815","30.0"
"HydrologyCycle","SensibleHeat","FLUXCOM","ENSEMBLE-CMIP6","Model Period Mean (intersection)","MeanState","global","scalar","watt/m2","35.0422","30.0"
"HydrologyCycle","SensibleHeat","FLUXCOM","ENSEMBLE-CMIP6","Model Period Mean (complement)","MeanState","global","scalar","watt/m2","16.5999","30.0"
"HydrologyCycle","SensibleHeat","FLUXCOM","ENSEMBLE-CMIP6","Spatial Distribution Score","MeanState","global","score","1","0.915749","30.0"
"HydrologyCycle","SensibleHeat","FLUXCOM","ENSEMBLE-CMIP6","Phase Shift","MeanState","global","scalar","months","1.00815","30.0"
"HydrologyCycle","SensibleHeat","FLUXCOM","ENSEMBLE-CMIP6","Seasonal Cycle Score","MeanState","global","score","1","0.893902","30.0"
"HydrologyCycle","SensibleHeat","FLUXCOM","ENSEMBLE-CMIP6","Bias","MeanState","global","scalar","watt/m2","-5.62284","30.0"
"HydrologyCycle","SensibleHeat","FLUXCOM","ENSEMBLE-CMIP6","Bias Score","MeanState","global","score","1","0.630729","30.0"
"HydrologyCycle","SensibleHeat","FLUXCOM","ENSEMBLE-CMIP6","RMSE","MeanState","global","scalar","watt/m2","15.8877","30.0"
"HydrologyCycle","SensibleHeat","FLUXCOM","ENSEMBLE-CMIP6","RMSE Score","MeanState","global","score","1","0.58357","30.0"
"HydrologyCycle","SensibleHeat","FLUXCOM","ENSEMBLE-CMIP6","Overall Score","MeanState","global","score","1","0.721504","30.0"
"HydrologyCycle","SensibleHeat","CLASS","4597_2026-03-05_uncalib","Benchmark Period Mean (intersection)","MeanState","global","scalar","W m-2","34.8893","50.0"
"HydrologyCycle","SensibleHeat","CLASS","4597_2026-03-05_uncalib","Benchmark Period Mean (complement)","MeanState","global","scalar","W m-2","27.9084","50.0"
"HydrologyCycle","SensibleHeat","CLASS","4597_2026-03-05_uncalib","Period Mean (original grids)","MeanState","global","scalar","W m-2","29.014","50.0"
"HydrologyCycle","SensibleHeat","CLASS","4597_2026-03-05_uncalib","Model Period Mean (intersection)","MeanState","global","scalar","W m-2","35.3481","50.0"
"HydrologyCycle","SensibleHeat","CLASS","4597_2026-03-05_uncalib","Model Period Mean (complement)","MeanState","global","scalar","W m-2","3.23971","50.0"
"HydrologyCycle","SensibleHeat","CLASS","4597_2026-03-05_uncalib","Spatial Distribution Score","MeanState","global","score","1","0.966727","50.0"
"HydrologyCycle","SensibleHeat","CLASS","4597_2026-03-05_uncalib","Phase Shift","MeanState","global","scalar","months","1.18071","50.0"
"HydrologyCycle","SensibleHeat","CLASS","4597_2026-03-05_uncalib","Seasonal Cycle Score","MeanState","global","score","1","0.853833","50.0"
"HydrologyCycle","SensibleHeat","CLASS","4597_2026-03-05_uncalib","Bias","MeanState","global","scalar","W m-2","0.449861","50.0"
"HydrologyCycle","SensibleHeat","CLASS","4597_2026-03-05_uncalib","Bias Score","MeanState","global","score","1","0.623708","50.0"
"HydrologyCycle","SensibleHeat","CLASS","4597_2026-03-05_uncalib","RMSE","MeanState","global","scalar","W m-2","15.8295","50.0"
"HydrologyCycle","SensibleHeat","CLASS","4597_2026-03-05_uncalib","RMSE Score","MeanState","global","score","1","0.585122","50.0"
"HydrologyCycle","SensibleHeat","CLASS","4597_2026-03-05_uncalib","Overall Score","MeanState","global","score","1","0.722903","50.0"
"HydrologyCycle","SensibleHeat","CLASS","4598_2026-03-05_latest","Benchmark Period Mean (intersection)","MeanState","global","scalar","W m-2","34.8893","50.0"
"HydrologyCycle","SensibleHeat","CLASS","4598_2026-03-05_latest","Benchmark Period Mean (complement)","MeanState","global","scalar","W m-2","27.9084","50.0"
"HydrologyCycle","SensibleHeat","CLASS","4598_2026-03-05_latest","Period Mean (original grids)","MeanState","global","scalar","W m-2","30.0783","50.0"
"HydrologyCycle","SensibleHeat","CLASS","4598_2026-03-05_latest","Model Period Mean (intersection)","MeanState","global","scalar","W m-2","36.3258","50.0"
"HydrologyCycle","SensibleHeat","CLASS","4598_2026-03-05_latest","Model Period Mean (complement)","MeanState","global","scalar","W m-2","4.66439","50.0"
"HydrologyCycle","SensibleHeat","CLASS","4598_2026-03-05_latest","Spatial Distribution Score","MeanState","global","score","1","0.973775","50.0"
"HydrologyCycle","SensibleHeat","CLASS","4598_2026-03-05_latest","Phase Shift","MeanState","global","scalar","months","1.13635","50.0"
"HydrologyCycle","SensibleHeat","CLASS","4598_2026-03-05_latest","Seasonal Cycle Score","MeanState","global","score","1","0.855618","50.0"
"HydrologyCycle","SensibleHeat","CLASS","4598_2026-03-05_latest","Bias","MeanState","global","scalar","W m-2","1.42337","50.0"
"HydrologyCycle","SensibleHeat","CLASS","4598_2026-03-05_latest","Bias Score","MeanState","global","score","1","0.641773","50.0"
"HydrologyCycle","SensibleHeat","CLASS","4598_2026-03-05_latest","RMSE","MeanState","global","scalar","W m-2","15.313","50.0"
"HydrologyCycle","SensibleHeat","CLASS","4598_2026-03-05_latest","RMSE Score","MeanState","global","score","1","0.587582","50.0"
"HydrologyCycle","SensibleHeat","CLASS","4598_2026-03-05_latest","Overall Score","MeanState","global","score","1","0.729266","50.0"
"HydrologyCycle","SensibleHeat","CLASS","ENSEMBLE-CMIP6","Benchmark Period Mean (intersection)","MeanState","global","scalar","W m-2","34.8448","50.0"
"HydrologyCycle","SensibleHeat","CLASS","ENSEMBLE-CMIP6","Benchmark Period Mean (complement)","MeanState","global","scalar","W m-2","nan","50.0"
"HydrologyCycle","SensibleHeat","CLASS","ENSEMBLE-CMIP6","Period Mean (original grids)","MeanState","global","scalar","W m-2","29.6225","50.0"
"HydrologyCycle","SensibleHeat","CLASS","ENSEMBLE-CMIP6","Model Period Mean (intersection)","MeanState","global","scalar","W m-2","37.8588","50.0"
"HydrologyCycle","SensibleHeat","CLASS","ENSEMBLE-CMIP6","Model Period Mean (complement)","MeanState","global","scalar","W m-2","9.91536","50.0"
"HydrologyCycle","SensibleHeat","CLASS","ENSEMBLE-CMIP6","Spatial Distribution Score","MeanState","global","score","1","0.976509","50.0"
"HydrologyCycle","SensibleHeat","CLASS","ENSEMBLE-CMIP6","Phase Shift","MeanState","global","scalar","months","1.06334","50.0"
"HydrologyCycle","SensibleHeat","CLASS","ENSEMBLE-CMIP6","Seasonal Cycle Score","MeanState","global","score","1","0.881728","50.0"
"HydrologyCycle","SensibleHeat","CLASS","ENSEMBLE-CMIP6","Bias","MeanState","global","scalar","W m-2","2.97258","50.0"
"HydrologyCycle","SensibleHeat","CLASS","ENSEMBLE-CMIP6","Bias Score","MeanState","global","score","1","0.710983","50.0"
"HydrologyCycle","SensibleHeat","CLASS","ENSEMBLE-CMIP6","RMSE","MeanState","global","scalar","W m-2","12.8343","50.0"
"HydrologyCycle","SensibleHeat","CLASS","ENSEMBLE-CMIP6","RMSE Score","MeanState","global","score","1","0.629019","50.0"
"HydrologyCycle","SensibleHeat","CLASS","ENSEMBLE-CMIP6","Overall Score","MeanState","global","score","1","0.765452","50.0"
"HydrologyCycle","SensibleHeat","WECANN","4597_2026-03-05_uncalib","Benchmark Period Mean (intersection)","MeanState","global","scalar","W m-2","38.883","30.0"
"HydrologyCycle","SensibleHeat","WECANN","4597_2026-03-05_uncalib","Benchmark Period Mean (complement)","MeanState","global","scalar","W m-2","43.9275","30.0"
"HydrologyCycle","SensibleHeat","WECANN","4597_2026-03-05_uncalib","Period Mean (original grids)","MeanState","global","scalar","W m-2","28.7638","30.0"
"HydrologyCycle","SensibleHeat","WECANN","4597_2026-03-05_uncalib","Model Period Mean (intersection)","MeanState","global","scalar","W m-2","34.417","30.0"
"HydrologyCycle","SensibleHeat","WECANN","4597_2026-03-05_uncalib","Model Period Mean (complement)","MeanState","global","scalar","W m-2","-1.9253","30.0"
"HydrologyCycle","SensibleHeat","WECANN","4597_2026-03-05_uncalib","Spatial Distribution Score","MeanState","global","score","1","0.816823","30.0"
"HydrologyCycle","SensibleHeat","WECANN","4597_2026-03-05_uncalib","Phase Shift","MeanState","global","scalar","months","0.913525","30.0"
"HydrologyCycle","SensibleHeat","WECANN","4597_2026-03-05_uncalib","Seasonal Cycle Score","MeanState","global","score","1","0.903266","30.0"
"HydrologyCycle","SensibleHeat","WECANN","4597_2026-03-05_uncalib","Bias","MeanState","global","scalar","W m-2","-4.466","30.0"
"HydrologyCycle","SensibleHeat","WECANN","4597_2026-03-05_uncalib","Bias Score","MeanState","global","score","1","0.576187","30.0"
"HydrologyCycle","SensibleHeat","WECANN","4597_2026-03-05_uncalib","RMSE","MeanState","global","scalar","W m-2","15.4522","30.0"
"HydrologyCycle","SensibleHeat","WECANN","4597_2026-03-05_uncalib","RMSE Score","MeanState","global","score","1","0.606275","30.0"
"HydrologyCycle","SensibleHeat","WECANN","4597_2026-03-05_uncalib","Overall Score","MeanState","global","score","1","0.701765","30.0"
"HydrologyCycle","SensibleHeat","WECANN","4598_2026-03-05_latest","Benchmark Period Mean (intersection)","MeanState","global","scalar","W m-2","38.883","30.0"
"HydrologyCycle","SensibleHeat","WECANN","4598_2026-03-05_latest","Benchmark Period Mean (complement)","MeanState","global","scalar","W m-2","43.9275","30.0"
"HydrologyCycle","SensibleHeat","WECANN","4598_2026-03-05_latest","Period Mean (original grids)","MeanState","global","scalar","W m-2","29.9859","30.0"
"HydrologyCycle","SensibleHeat","WECANN","4598_2026-03-05_latest","Model Period Mean (intersection)","MeanState","global","scalar","W m-2","35.6105","30.0"
"HydrologyCycle","SensibleHeat","WECANN","4598_2026-03-05_latest","Model Period Mean (complement)","MeanState","global","scalar","W m-2","-0.537447","30.0"
"HydrologyCycle","SensibleHeat","WECANN","4598_2026-03-05_latest","Spatial Distribution Score","MeanState","global","score","1","0.865104","30.0"
"HydrologyCycle","SensibleHeat","WECANN","4598_2026-03-05_latest","Phase Shift","MeanState","global","scalar","months","0.863029","30.0"
"HydrologyCycle","SensibleHeat","WECANN","4598_2026-03-05_latest","Seasonal Cycle Score","MeanState","global","score","1","0.907796","30.0"
"HydrologyCycle","SensibleHeat","WECANN","4598_2026-03-05_latest","Bias","MeanState","global","scalar","W m-2","-3.27248","30.0"
"HydrologyCycle","SensibleHeat","WECANN","4598_2026-03-05_latest","Bias Score","MeanState","global","score","1","0.616536","30.0"
"HydrologyCycle","SensibleHeat","WECANN","4598_2026-03-05_latest","RMSE","MeanState","global","scalar","W m-2","14.1046","30.0"
"HydrologyCycle","SensibleHeat","WECANN","4598_2026-03-05_latest","RMSE Score","MeanState","global","score","1","0.612204","30.0"
"HydrologyCycle","SensibleHeat","WECANN","4598_2026-03-05_latest","Overall Score","MeanState","global","score","1","0.722769","30.0"
"HydrologyCycle","SensibleHeat","WECANN","ENSEMBLE-CMIP6","Benchmark Period Mean (intersection)","MeanState","global","scalar","W m-2","38.9569","30.0"
"HydrologyCycle","SensibleHeat","WECANN","ENSEMBLE-CMIP6","Benchmark Period Mean (complement)","MeanState","global","scalar","W m-2","nan","30.0"
"HydrologyCycle","SensibleHeat","WECANN","ENSEMBLE-CMIP6","Period Mean (original grids)","MeanState","global","scalar","W m-2","29.6227","30.0"
"HydrologyCycle","SensibleHeat","WECANN","ENSEMBLE-CMIP6","Model Period Mean (intersection)","MeanState","global","scalar","W m-2","36.7211","30.0"
"HydrologyCycle","SensibleHeat","WECANN","ENSEMBLE-CMIP6","Model Period Mean (complement)","MeanState","global","scalar","W m-2","6.19517","30.0"
"HydrologyCycle","SensibleHeat","WECANN","ENSEMBLE-CMIP6","Spatial Distribution Score","MeanState","global","score","1","0.923132","30.0"
"HydrologyCycle","SensibleHeat","WECANN","ENSEMBLE-CMIP6","Phase Shift","MeanState","global","scalar","months","0.945978","30.0"
"HydrologyCycle","SensibleHeat","WECANN","ENSEMBLE-CMIP6","Seasonal Cycle Score","MeanState","global","score","1","0.89563","30.0"
"HydrologyCycle","SensibleHeat","WECANN","ENSEMBLE-CMIP6","Bias","MeanState","global","scalar","W m-2","-2.39369","30.0"
"HydrologyCycle","SensibleHeat","WECANN","ENSEMBLE-CMIP6","Bias Score","MeanState","global","score","1","0.660317","30.0"
"HydrologyCycle","SensibleHeat","WECANN","ENSEMBLE-CMIP6","RMSE","MeanState","global","scalar","W m-2","12.5731","30.0"
"HydrologyCycle","SensibleHeat","WECANN","ENSEMBLE-CMIP6","RMSE Score","MeanState","global","score","1","0.632831","30.0"
"HydrologyCycle","SensibleHeat","WECANN","ENSEMBLE-CMIP6","Overall Score","MeanState","global","score","1","0.748948","30.0"
"HydrologyCycle","SensibleHeat","ERA5","4597_2026-03-05_uncalib","Benchmark Period Mean (intersection)","MeanState","global","scalar","W m-2","28.9344","50.0"
"HydrologyCycle","SensibleHeat","ERA5","4597_2026-03-05_uncalib","Benchmark Period Mean (complement)","MeanState","global","scalar","W m-2","12.2765","50.0"
"HydrologyCycle","SensibleHeat","ERA5","4597_2026-03-05_uncalib","Period Mean (original grids)","MeanState","global","scalar","W m-2","28.9651","50.0"
"HydrologyCycle","SensibleHeat","ERA5","4597_2026-03-05_uncalib","Model Period Mean (intersection)","MeanState","global","scalar","W m-2","28.9699","50.0"
"HydrologyCycle","SensibleHeat","ERA5","4597_2026-03-05_uncalib","Model Period Mean (complement)","MeanState","global","scalar","W m-2","nan","50.0"
"HydrologyCycle","SensibleHeat","ERA5","4597_2026-03-05_uncalib","Spatial Distribution Score","MeanState","global","score","1","0.965809","50.0"
"HydrologyCycle","SensibleHeat","ERA5","4597_2026-03-05_uncalib","Phase Shift","MeanState","global","scalar","months","1.00181","50.0"
"HydrologyCycle","SensibleHeat","ERA5","4597_2026-03-05_uncalib","Seasonal Cycle Score","MeanState","global","score","1","0.926743","50.0"
"HydrologyCycle","SensibleHeat","ERA5","4597_2026-03-05_uncalib","Bias","MeanState","global","scalar","W m-2","0.404312","50.0"
"HydrologyCycle","SensibleHeat","ERA5","4597_2026-03-05_uncalib","Bias Score","MeanState","global","score","1","0.658058","50.0"
"HydrologyCycle","SensibleHeat","ERA5","4597_2026-03-05_uncalib","RMSE","MeanState","global","scalar","W m-2","14.494","50.0"
"HydrologyCycle","SensibleHeat","ERA5","4597_2026-03-05_uncalib","RMSE Score","MeanState","global","score","1","0.724776","50.0"
"HydrologyCycle","SensibleHeat","ERA5","4597_2026-03-05_uncalib","Overall Score","MeanState","global","score","1","0.800032","50.0"
"HydrologyCycle","SensibleHeat","ERA5","4598_2026-03-05_latest","Benchmark Period Mean (intersection)","MeanState","global","scalar","W m-2","28.9344","50.0"
"HydrologyCycle","SensibleHeat","ERA5","4598_2026-03-05_latest","Benchmark Period Mean (complement)","MeanState","global","scalar","W m-2","12.2765","50.0"
"HydrologyCycle","SensibleHeat","ERA5","4598_2026-03-05_latest","Period Mean (original grids)","MeanState","global","scalar","W m-2","30.0499","50.0"
"HydrologyCycle","SensibleHeat","ERA5","4598_2026-03-05_latest","Model Period Mean (intersection)","MeanState","global","scalar","W m-2","30.055","50.0"
"HydrologyCycle","SensibleHeat","ERA5","4598_2026-03-05_latest","Model Period Mean (complement)","MeanState","global","scalar","W m-2","nan","50.0"
"HydrologyCycle","SensibleHeat","ERA5","4598_2026-03-05_latest","Spatial Distribution Score","MeanState","global","score","1","0.96611","50.0"
"HydrologyCycle","SensibleHeat","ERA5","4598_2026-03-05_latest","Phase Shift","MeanState","global","scalar","months","0.926317","50.0"
"HydrologyCycle","SensibleHeat","ERA5","4598_2026-03-05_latest","Seasonal Cycle Score","MeanState","global","score","1","0.923154","50.0"
"HydrologyCycle","SensibleHeat","ERA5","4598_2026-03-05_latest","Bias","MeanState","global","scalar","W m-2","1.47855","50.0"
"HydrologyCycle","SensibleHeat","ERA5","4598_2026-03-05_latest","Bias Score","MeanState","global","score","1","0.690728","50.0"
"HydrologyCycle","SensibleHeat","ERA5","4598_2026-03-05_latest","RMSE","MeanState","global","scalar","W m-2","13.9228","50.0"
"HydrologyCycle","SensibleHeat","ERA5","4598_2026-03-05_latest","RMSE Score","MeanState","global","score","1","0.716559","50.0"
"HydrologyCycle","SensibleHeat","ERA5","4598_2026-03-05_latest","Overall Score","MeanState","global","score","1","0.802622","50.0"
"HydrologyCycle","SensibleHeat","ERA5","ENSEMBLE-CMIP6","Benchmark Period Mean (intersection)","MeanState","global","scalar","W m-2","25.973","50.0"
"HydrologyCycle","SensibleHeat","ERA5","ENSEMBLE-CMIP6","Benchmark Period Mean (complement)","MeanState","global","scalar","W m-2","nan","50.0"
"HydrologyCycle","SensibleHeat","ERA5","ENSEMBLE-CMIP6","Period Mean (original grids)","MeanState","global","scalar","W m-2","29.5831","50.0"
"HydrologyCycle","SensibleHeat","ERA5","ENSEMBLE-CMIP6","Model Period Mean (intersection)","MeanState","global","scalar","W m-2","29.4543","50.0"
"HydrologyCycle","SensibleHeat","ERA5","ENSEMBLE-CMIP6","Model Period Mean (complement)","MeanState","global","scalar","W m-2","nan","50.0"
"HydrologyCycle","SensibleHeat","ERA5","ENSEMBLE-CMIP6","Spatial Distribution Score","MeanState","global","score","1","0.965192","50.0"
"HydrologyCycle","SensibleHeat","ERA5","ENSEMBLE-CMIP6","Phase Shift","MeanState","global","scalar","months","1.05178","50.0"
"HydrologyCycle","SensibleHeat","ERA5","ENSEMBLE-CMIP6","Seasonal Cycle Score","MeanState","global","score","1","0.886666","50.0"
"HydrologyCycle","SensibleHeat","ERA5","ENSEMBLE-CMIP6","Bias","MeanState","global","scalar","W m-2","3.48961","50.0"
"HydrologyCycle","SensibleHeat","ERA5","ENSEMBLE-CMIP6","Bias Score","MeanState","global","score","1","0.645453","50.0"
"HydrologyCycle","SensibleHeat","ERA5","ENSEMBLE-CMIP6","RMSE","MeanState","global","scalar","W m-2","12.6992","50.0"
"HydrologyCycle","SensibleHeat","ERA5","ENSEMBLE-CMIP6","RMSE Score","MeanState","global","score","1","0.666037","50.0"
"HydrologyCycle","SensibleHeat","ERA5","ENSEMBLE-CMIP6","Overall Score","MeanState","global","score","1","0.765877","50.0"
"HydrologyCycle","TerrestrialWaterStorageAnomaly","GRACE","4597_2026-03-05_uncalib","Anomaly Magnitude","MeanState","global","scalar","cm","11.0384","125.0"
"HydrologyCycle","TerrestrialWaterStorageAnomaly","GRACE","4597_2026-03-05_uncalib","RMSE","MeanState","global","scalar","cm","9.98111","125.0"
"HydrologyCycle","TerrestrialWaterStorageAnomaly","GRACE","4597_2026-03-05_uncalib","RMSE Score","MeanState","global","score","1","0.292419","125.0"
"HydrologyCycle","TerrestrialWaterStorageAnomaly","GRACE","4597_2026-03-05_uncalib","Interannual Variability Score","MeanState","global","score","1","0.553059","125.0"
"HydrologyCycle","TerrestrialWaterStorageAnomaly","GRACE","4597_2026-03-05_uncalib","Overall Score","MeanState","global","score","1","0.379299","125.0"
"HydrologyCycle","TerrestrialWaterStorageAnomaly","GRACE","4598_2026-03-05_latest","Anomaly Magnitude","MeanState","global","scalar","cm","10.438","125.0"
"HydrologyCycle","TerrestrialWaterStorageAnomaly","GRACE","4598_2026-03-05_latest","RMSE","MeanState","global","scalar","cm","9.5683","125.0"
"HydrologyCycle","TerrestrialWaterStorageAnomaly","GRACE","4598_2026-03-05_latest","RMSE Score","MeanState","global","score","1","0.282197","125.0"
"HydrologyCycle","TerrestrialWaterStorageAnomaly","GRACE","4598_2026-03-05_latest","Interannual Variability Score","MeanState","global","score","1","0.603089","125.0"
"HydrologyCycle","TerrestrialWaterStorageAnomaly","GRACE","4598_2026-03-05_latest","Overall Score","MeanState","global","score","1","0.389161","125.0"
"HydrologyCycle","TerrestrialWaterStorageAnomaly","GRACE","ENSEMBLE-CMIP6","Anomaly Magnitude","MeanState","global","scalar","cm","8.6263","125.0"
"HydrologyCycle","TerrestrialWaterStorageAnomaly","GRACE","ENSEMBLE-CMIP6","RMSE","MeanState","global","scalar","cm","8.56167","125.0"
"HydrologyCycle","TerrestrialWaterStorageAnomaly","GRACE","ENSEMBLE-CMIP6","RMSE Score","MeanState","global","score","1","0.294754","125.0"
"HydrologyCycle","TerrestrialWaterStorageAnomaly","GRACE","ENSEMBLE-CMIP6","Interannual Variability Score","MeanState","global","score","1","0.783214","125.0"
"HydrologyCycle","TerrestrialWaterStorageAnomaly","GRACE","ENSEMBLE-CMIP6","Overall Score","MeanState","global","score","1","0.457574","125.0"
"HydrologyCycle","TerrestrialWaterStorageAnomaly","ERA5","ENSEMBLE-CMIP6","Anomaly Magnitude","MeanState","global","scalar","cm","19.2925","125.0"
"HydrologyCycle","TerrestrialWaterStorageAnomaly","ERA5","ENSEMBLE-CMIP6","RMSE","MeanState","global","scalar","cm","49.6087","125.0"
"HydrologyCycle","TerrestrialWaterStorageAnomaly","ERA5","ENSEMBLE-CMIP6","RMSE Score","MeanState","global","score","1","0.410721","125.0"
"HydrologyCycle","TerrestrialWaterStorageAnomaly","ERA5","ENSEMBLE-CMIP6","Interannual Variability Score","MeanState","global","score","1","0.526571","125.0"
"HydrologyCycle","TerrestrialWaterStorageAnomaly","ERA5","ENSEMBLE-CMIP6","Overall Score","MeanState","global","score","1","0.449338","125.0"
"HydrologyCycle","SnowWaterEquivalent","CanSISE","4597_2026-03-05_uncalib","Benchmark Period Mean (intersection)","MeanState","global","scalar","cm","1.63121","125.0"
"HydrologyCycle","SnowWaterEquivalent","CanSISE","4597_2026-03-05_uncalib","Benchmark Period Mean (complement)","MeanState","global","scalar","cm","0.417856","125.0"
"HydrologyCycle","SnowWaterEquivalent","CanSISE","4597_2026-03-05_uncalib","Period Mean (original grids)","MeanState","global","scalar","cm","8.07044","125.0"
"HydrologyCycle","SnowWaterEquivalent","CanSISE","4597_2026-03-05_uncalib","Model Period Mean (intersection)","MeanState","global","scalar","cm","3.25629","125.0"
"HydrologyCycle","SnowWaterEquivalent","CanSISE","4597_2026-03-05_uncalib","Model Period Mean (complement)","MeanState","global","scalar","cm","21.5647","125.0"
"HydrologyCycle","SnowWaterEquivalent","CanSISE","4597_2026-03-05_uncalib","Spatial Distribution Score","MeanState","global","score","1","0.107403","125.0"
"HydrologyCycle","SnowWaterEquivalent","CanSISE","4597_2026-03-05_uncalib","Phase Shift","MeanState","global","scalar","months","1.10935","125.0"
"HydrologyCycle","SnowWaterEquivalent","CanSISE","4597_2026-03-05_uncalib","Seasonal Cycle Score","MeanState","global","score","1","0.860667","125.0"
"HydrologyCycle","SnowWaterEquivalent","CanSISE","4597_2026-03-05_uncalib","Bias","MeanState","global","scalar","cm","1.68435","125.0"
"HydrologyCycle","SnowWaterEquivalent","CanSISE","4597_2026-03-05_uncalib","Bias Score","MeanState","global","score","1","0.617524","125.0"
"HydrologyCycle","SnowWaterEquivalent","CanSISE","4597_2026-03-05_uncalib","RMSE","MeanState","global","scalar","cm","2.4424","125.0"
"HydrologyCycle","SnowWaterEquivalent","CanSISE","4597_2026-03-05_uncalib","RMSE Score","MeanState","global","score","1","0.495842","125.0"
"HydrologyCycle","SnowWaterEquivalent","CanSISE","4597_2026-03-05_uncalib","Overall Score","MeanState","global","score","1","0.515455","125.0"
"HydrologyCycle","SnowWaterEquivalent","CanSISE","4598_2026-03-05_latest","Benchmark Period Mean (intersection)","MeanState","global","scalar","cm","1.63121","125.0"
"HydrologyCycle","SnowWaterEquivalent","CanSISE","4598_2026-03-05_latest","Benchmark Period Mean (complement)","MeanState","global","scalar","cm","0.417856","125.0"
"HydrologyCycle","SnowWaterEquivalent","CanSISE","4598_2026-03-05_latest","Period Mean (original grids)","MeanState","global","scalar","cm","6.82082","125.0"
"HydrologyCycle","SnowWaterEquivalent","CanSISE","4598_2026-03-05_latest","Model Period Mean (intersection)","MeanState","global","scalar","cm","2.62089","125.0"
"HydrologyCycle","SnowWaterEquivalent","CanSISE","4598_2026-03-05_latest","Model Period Mean (complement)","MeanState","global","scalar","cm","18.5964","125.0"
"HydrologyCycle","SnowWaterEquivalent","CanSISE","4598_2026-03-05_latest","Spatial Distribution Score","MeanState","global","score","1","0.175044","125.0"
"HydrologyCycle","SnowWaterEquivalent","CanSISE","4598_2026-03-05_latest","Phase Shift","MeanState","global","scalar","months","0.985939","125.0"
"HydrologyCycle","SnowWaterEquivalent","CanSISE","4598_2026-03-05_latest","Seasonal Cycle Score","MeanState","global","score","1","0.874567","125.0"
"HydrologyCycle","SnowWaterEquivalent","CanSISE","4598_2026-03-05_latest","Bias","MeanState","global","scalar","cm","1.04833","125.0"
"HydrologyCycle","SnowWaterEquivalent","CanSISE","4598_2026-03-05_latest","Bias Score","MeanState","global","score","1","0.641269","125.0"
"HydrologyCycle","SnowWaterEquivalent","CanSISE","4598_2026-03-05_latest","RMSE","MeanState","global","scalar","cm","1.66647","125.0"
"HydrologyCycle","SnowWaterEquivalent","CanSISE","4598_2026-03-05_latest","RMSE Score","MeanState","global","score","1","0.52824","125.0"
"HydrologyCycle","SnowWaterEquivalent","CanSISE","4598_2026-03-05_latest","Overall Score","MeanState","global","score","1","0.549472","125.0"
"HydrologyCycle","Permafrost","Brown2002","4597_2026-03-05_uncalib","Total Area","MeanState","global","scalar","1e6 km2","27.9886","1.0"
"HydrologyCycle","Permafrost","Brown2002","4597_2026-03-05_uncalib","Overlap Continuous Area","MeanState","global","scalar","1e6 km2","10.4393","1.0"
"HydrologyCycle","Permafrost","Brown2002","4597_2026-03-05_uncalib","Overlap Discontinuous Area","MeanState","global","scalar","1e6 km2","4.23634","1.0"
"HydrologyCycle","Permafrost","Brown2002","4597_2026-03-05_uncalib","Missed Continuous Area","MeanState","global","scalar","1e6 km2","0.602264","1.0"
"HydrologyCycle","Permafrost","Brown2002","4597_2026-03-05_uncalib","Missed Discontinuous Area","MeanState","global","scalar","1e6 km2","0.200435","1.0"
"HydrologyCycle","Permafrost","Brown2002","4597_2026-03-05_uncalib","Excess Area","MeanState","global","scalar","1e6 km2","13.505","1.0"
"HydrologyCycle","Permafrost","Brown2002","4597_2026-03-05_uncalib","Missed Continuous Score","MeanState","global","score","1","0.945455","1.0"
"HydrologyCycle","Permafrost","Brown2002","4597_2026-03-05_uncalib","Missed Discontinuous Score","MeanState","global","score","1","0.954824","1.0"
"HydrologyCycle","Permafrost","Brown2002","4597_2026-03-05_uncalib","Excess Score","MeanState","global","score","1","0.372982","1.0"
"HydrologyCycle","Permafrost","Brown2002","4597_2026-03-05_uncalib","Overall Score","MeanState","global","score","1","0.66078","1.0"
"HydrologyCycle","Permafrost","Brown2002","4598_2026-03-05_latest","Total Area","MeanState","global","scalar","1e6 km2","27.889","1.0"
"HydrologyCycle","Permafrost","Brown2002","4598_2026-03-05_latest","Overlap Continuous Area","MeanState","global","scalar","1e6 km2","10.4393","1.0"
"HydrologyCycle","Permafrost","Brown2002","4598_2026-03-05_latest","Overlap Discontinuous Area","MeanState","global","scalar","1e6 km2","4.22304","1.0"
"HydrologyCycle","Permafrost","Brown2002","4598_2026-03-05_latest","Missed Continuous Area","MeanState","global","scalar","1e6 km2","0.602264","1.0"
"HydrologyCycle","Permafrost","Brown2002","4598_2026-03-05_latest","Missed Discontinuous Area","MeanState","global","scalar","1e6 km2","0.213731","1.0"
"HydrologyCycle","Permafrost","Brown2002","4598_2026-03-05_latest","Excess Area","MeanState","global","scalar","1e6 km2","13.4184","1.0"
"HydrologyCycle","Permafrost","Brown2002","4598_2026-03-05_latest","Missed Continuous Score","MeanState","global","score","1","0.945455","1.0"
"HydrologyCycle","Permafrost","Brown2002","4598_2026-03-05_latest","Missed Discontinuous Score","MeanState","global","score","1","0.951827","1.0"
"HydrologyCycle","Permafrost","Brown2002","4598_2026-03-05_latest","Excess Score","MeanState","global","score","1","0.374315","1.0"
"HydrologyCycle","Permafrost","Brown2002","4598_2026-03-05_latest","Overall Score","MeanState","global","score","1","0.660947","1.0"
"HydrologyCycle","Permafrost","Brown2002","ENSEMBLE-CMIP6","Total Area","MeanState","global","scalar","1e6 km2","0.988856","1.0"
"HydrologyCycle","Permafrost","Brown2002","ENSEMBLE-CMIP6","Overlap Continuous Area","MeanState","global","scalar","1e6 km2","0.44423","1.0"
"HydrologyCycle","Permafrost","Brown2002","ENSEMBLE-CMIP6","Overlap Discontinuous Area","MeanState","global","scalar","1e6 km2","0.0134117","1.0"
"HydrologyCycle","Permafrost","Brown2002","ENSEMBLE-CMIP6","Missed Continuous Area","MeanState","global","scalar","1e6 km2","10.5969","1.0"
"HydrologyCycle","Permafrost","Brown2002","ENSEMBLE-CMIP6","Missed Discontinuous Area","MeanState","global","scalar","1e6 km2","4.43007","1.0"
"HydrologyCycle","Permafrost","Brown2002","ENSEMBLE-CMIP6","Excess Area","MeanState","global","scalar","1e6 km2","0.6712","1.0"
"HydrologyCycle","Permafrost","Brown2002","ENSEMBLE-CMIP6","Missed Continuous Score","MeanState","global","score","1","0.0402341","1.0"
"HydrologyCycle","Permafrost","Brown2002","ENSEMBLE-CMIP6","Missed Discontinuous Score","MeanState","global","score","1","0.00301829","1.0"
"HydrologyCycle","Permafrost","Brown2002","ENSEMBLE-CMIP6","Excess Score","MeanState","global","score","1","0.449237","1.0"
"HydrologyCycle","Permafrost","Brown2002","ENSEMBLE-CMIP6","Overall Score","MeanState","global","score","1","0.238533","1.0"
"HydrologyCycle","Permafrost","Obu2018","4597_2026-03-05_uncalib","Total Area","MeanState","global","scalar","1e6 km2","28.3134","1.0"
"HydrologyCycle","Permafrost","Obu2018","4597_2026-03-05_uncalib","Overlap Continuous Area","MeanState","global","scalar","1e6 km2","10.2981","1.0"
"HydrologyCycle","Permafrost","Obu2018","4597_2026-03-05_uncalib","Overlap Discontinuous Area","MeanState","global","scalar","1e6 km2","3.43502","1.0"
"HydrologyCycle","Permafrost","Obu2018","4597_2026-03-05_uncalib","Missed Continuous Area","MeanState","global","scalar","1e6 km2","1.20166","1.0"
"HydrologyCycle","Permafrost","Obu2018","4597_2026-03-05_uncalib","Missed Discontinuous Area","MeanState","global","scalar","1e6 km2","0.271268","1.0"
"HydrologyCycle","Permafrost","Obu2018","4597_2026-03-05_uncalib","Excess Area","MeanState","global","scalar","1e6 km2","14.6699","1.0"
"HydrologyCycle","Permafrost","Obu2018","4597_2026-03-05_uncalib","Missed Continuous Score","MeanState","global","score","1","0.895506","1.0"
"HydrologyCycle","Permafrost","Obu2018","4597_2026-03-05_uncalib","Missed Discontinuous Score","MeanState","global","score","1","0.926809","1.0"
"HydrologyCycle","Permafrost","Obu2018","4597_2026-03-05_uncalib","Excess Score","MeanState","global","score","1","0.363719","1.0"
"HydrologyCycle","Permafrost","Obu2018","4597_2026-03-05_uncalib","Overall Score","MeanState","global","score","1","0.634829","1.0"
"HydrologyCycle","Permafrost","Obu2018","4598_2026-03-05_latest","Total Area","MeanState","global","scalar","1e6 km2","28.1865","1.0"
"HydrologyCycle","Permafrost","Obu2018","4598_2026-03-05_latest","Overlap Continuous Area","MeanState","global","scalar","1e6 km2","10.2965","1.0"
"HydrologyCycle","Permafrost","Obu2018","4598_2026-03-05_latest","Overlap Discontinuous Area","MeanState","global","scalar","1e6 km2","3.42143","1.0"
"HydrologyCycle","Permafrost","Obu2018","4598_2026-03-05_latest","Missed Continuous Area","MeanState","global","scalar","1e6 km2","1.2033","1.0"
"HydrologyCycle","Permafrost","Obu2018","4598_2026-03-05_latest","Missed Discontinuous Area","MeanState","global","scalar","1e6 km2","0.284852","1.0"
"HydrologyCycle","Permafrost","Obu2018","4598_2026-03-05_latest","Excess Area","MeanState","global","scalar","1e6 km2","14.5594","1.0"
"HydrologyCycle","Permafrost","Obu2018","4598_2026-03-05_latest","Missed Continuous Score","MeanState","global","score","1","0.895363","1.0"
"HydrologyCycle","Permafrost","Obu2018","4598_2026-03-05_latest","Missed Discontinuous Score","MeanState","global","score","1","0.923143","1.0"
"HydrologyCycle","Permafrost","Obu2018","4598_2026-03-05_latest","Excess Score","MeanState","global","score","1","0.365298","1.0"
"HydrologyCycle","Permafrost","Obu2018","4598_2026-03-05_latest","Overall Score","MeanState","global","score","1","0.634961","1.0"
"HydrologyCycle","Permafrost","Obu2018","ENSEMBLE-CMIP6","Total Area","MeanState","global","scalar","1e6 km2","0.701414","1.0"
"HydrologyCycle","Permafrost","Obu2018","ENSEMBLE-CMIP6","Overlap Continuous Area","MeanState","global","scalar","1e6 km2","0.533137","1.0"
"HydrologyCycle","Permafrost","Obu2018","ENSEMBLE-CMIP6","Overlap Discontinuous Area","MeanState","global","scalar","1e6 km2","0.00678869","1.0"
"HydrologyCycle","Permafrost","Obu2018","ENSEMBLE-CMIP6","Missed Continuous Area","MeanState","global","scalar","1e6 km2","10.9665","1.0"
"HydrologyCycle","Permafrost","Obu2018","ENSEMBLE-CMIP6","Missed Discontinuous Area","MeanState","global","scalar","1e6 km2","3.69893","1.0"
"HydrologyCycle","Permafrost","Obu2018","ENSEMBLE-CMIP6","Excess Area","MeanState","global","scalar","1e6 km2","0.328572","1.0"
"HydrologyCycle","Permafrost","Obu2018","ENSEMBLE-CMIP6","Missed Continuous Score","MeanState","global","score","1","0.0463611","1.0"
"HydrologyCycle","Permafrost","Obu2018","ENSEMBLE-CMIP6","Missed Discontinuous Score","MeanState","global","score","1","0.00183195","1.0"
"HydrologyCycle","Permafrost","Obu2018","ENSEMBLE-CMIP6","Excess Score","MeanState","global","score","1","0.760088","1.0"
"HydrologyCycle","Permafrost","Obu2018","ENSEMBLE-CMIP6","Overall Score","MeanState","global","score","1","0.395803","1.0"
"HydrologyCycle","SurfaceSoilMoisture","WangMao","4597_2026-03-05_uncalib","Benchmark Period Mean (intersection)","MeanState","global","scalar","kg m-2","23.8017","45.0"
"HydrologyCycle","SurfaceSoilMoisture","WangMao","4597_2026-03-05_uncalib","Benchmark Period Mean (complement)","MeanState","global","scalar","kg m-2","22.9653","45.0"
"HydrologyCycle","SurfaceSoilMoisture","WangMao","4597_2026-03-05_uncalib","Period Mean (original grids)","MeanState","global","scalar","kg m-2","30.6615","45.0"
"HydrologyCycle","SurfaceSoilMoisture","WangMao","4597_2026-03-05_uncalib","Model Period Mean (intersection)","MeanState","global","scalar","kg m-2","29.0979","45.0"
"HydrologyCycle","SurfaceSoilMoisture","WangMao","4597_2026-03-05_uncalib","Model Period Mean (complement)","MeanState","global","scalar","kg m-2","39.4762","45.0"
"HydrologyCycle","SurfaceSoilMoisture","WangMao","4597_2026-03-05_uncalib","Spatial Distribution Score","MeanState","global","score","1","0.719017","45.0"
"HydrologyCycle","SurfaceSoilMoisture","WangMao","4597_2026-03-05_uncalib","Phase Shift","MeanState","global","scalar","months","1.41461","45.0"
"HydrologyCycle","SurfaceSoilMoisture","WangMao","4597_2026-03-05_uncalib","Seasonal Cycle Score","MeanState","global","score","1","0.789829","45.0"
"HydrologyCycle","SurfaceSoilMoisture","WangMao","4597_2026-03-05_uncalib","Bias","MeanState","global","scalar","kg m-2","5.28151","45.0"
"HydrologyCycle","SurfaceSoilMoisture","WangMao","4597_2026-03-05_uncalib","Bias Score","MeanState","global","score","1","0.348764","45.0"
"HydrologyCycle","SurfaceSoilMoisture","WangMao","4597_2026-03-05_uncalib","RMSE","MeanState","global","scalar","kg m-2","8.16839","45.0"
"HydrologyCycle","SurfaceSoilMoisture","WangMao","4597_2026-03-05_uncalib","RMSE Score","MeanState","global","score","1","0.534479","45.0"
"HydrologyCycle","SurfaceSoilMoisture","WangMao","4597_2026-03-05_uncalib","Overall Score","MeanState","global","score","1","0.585314","45.0"
"HydrologyCycle","SurfaceSoilMoisture","WangMao","4598_2026-03-05_latest","Benchmark Period Mean (intersection)","MeanState","global","scalar","kg m-2","23.8017","45.0"
"HydrologyCycle","SurfaceSoilMoisture","WangMao","4598_2026-03-05_latest","Benchmark Period Mean (complement)","MeanState","global","scalar","kg m-2","22.9653","45.0"
"HydrologyCycle","SurfaceSoilMoisture","WangMao","4598_2026-03-05_latest","Period Mean (original grids)","MeanState","global","scalar","kg m-2","30.2764","45.0"
"HydrologyCycle","SurfaceSoilMoisture","WangMao","4598_2026-03-05_latest","Model Period Mean (intersection)","MeanState","global","scalar","kg m-2","28.6552","45.0"
"HydrologyCycle","SurfaceSoilMoisture","WangMao","4598_2026-03-05_latest","Model Period Mean (complement)","MeanState","global","scalar","kg m-2","39.4137","45.0"
"HydrologyCycle","SurfaceSoilMoisture","WangMao","4598_2026-03-05_latest","Spatial Distribution Score","MeanState","global","score","1","0.712218","45.0"
"HydrologyCycle","SurfaceSoilMoisture","WangMao","4598_2026-03-05_latest","Phase Shift","MeanState","global","scalar","months","1.46849","45.0"
"HydrologyCycle","SurfaceSoilMoisture","WangMao","4598_2026-03-05_latest","Seasonal Cycle Score","MeanState","global","score","1","0.78083","45.0"
"HydrologyCycle","SurfaceSoilMoisture","WangMao","4598_2026-03-05_latest","Bias","MeanState","global","scalar","kg m-2","4.83891","45.0"
"HydrologyCycle","SurfaceSoilMoisture","WangMao","4598_2026-03-05_latest","Bias Score","MeanState","global","score","1","0.345987","45.0"
"HydrologyCycle","SurfaceSoilMoisture","WangMao","4598_2026-03-05_latest","RMSE","MeanState","global","scalar","kg m-2","8.21507","45.0"
"HydrologyCycle","SurfaceSoilMoisture","WangMao","4598_2026-03-05_latest","RMSE Score","MeanState","global","score","1","0.521501","45.0"
"HydrologyCycle","SurfaceSoilMoisture","WangMao","4598_2026-03-05_latest","Overall Score","MeanState","global","score","1","0.576407","45.0"
"HydrologyCycle","SurfaceSoilMoisture","WangMao","ENSEMBLE-CMIP6","Benchmark Period Mean (intersection)","MeanState","global","scalar","kg m-2","23.9098","45.0"
"HydrologyCycle","SurfaceSoilMoisture","WangMao","ENSEMBLE-CMIP6","Benchmark Period Mean (complement)","MeanState","global","scalar","kg m-2","nan","45.0"
"HydrologyCycle","SurfaceSoilMoisture","WangMao","ENSEMBLE-CMIP6","Period Mean (original grids)","MeanState","global","scalar","kg m-2","22.6547","45.0"
"HydrologyCycle","SurfaceSoilMoisture","WangMao","ENSEMBLE-CMIP6","Model Period Mean (intersection)","MeanState","global","scalar","kg m-2","22.4519","45.0"
"HydrologyCycle","SurfaceSoilMoisture","WangMao","ENSEMBLE-CMIP6","Model Period Mean (complement)","MeanState","global","scalar","kg m-2","22.6252","45.0"
"HydrologyCycle","SurfaceSoilMoisture","WangMao","ENSEMBLE-CMIP6","Spatial Distribution Score","MeanState","global","score","1","0.989188","45.0"
"HydrologyCycle","SurfaceSoilMoisture","WangMao","ENSEMBLE-CMIP6","Phase Shift","MeanState","global","scalar","months","0.921722","45.0"
"HydrologyCycle","SurfaceSoilMoisture","WangMao","ENSEMBLE-CMIP6","Seasonal Cycle Score","MeanState","global","score","1","0.878188","45.0"
"HydrologyCycle","SurfaceSoilMoisture","WangMao","ENSEMBLE-CMIP6","Bias","MeanState","global","scalar","kg m-2","-1.47131","45.0"
"HydrologyCycle","SurfaceSoilMoisture","WangMao","ENSEMBLE-CMIP6","Bias Score","MeanState","global","score","1","0.447415","45.0"
"HydrologyCycle","SurfaceSoilMoisture","WangMao","ENSEMBLE-CMIP6","RMSE","MeanState","global","scalar","kg m-2","4.13799","45.0"
"HydrologyCycle","SurfaceSoilMoisture","WangMao","ENSEMBLE-CMIP6","RMSE Score","MeanState","global","score","1","0.601022","45.0"
"HydrologyCycle","SurfaceSoilMoisture","WangMao","ENSEMBLE-CMIP6","Overall Score","MeanState","global","score","1","0.703367","45.0"
"HydrologyCycle","SnowCoverFraction","MODIS","4597_2026-03-05_uncalib","Benchmark Period Mean (intersection)","MeanState","global","scalar","1","0.237757","15.0"
"HydrologyCycle","SnowCoverFraction","MODIS","4597_2026-03-05_uncalib","Benchmark Period Mean (complement)","MeanState","global","scalar","1","0.235552","15.0"
"HydrologyCycle","SnowCoverFraction","MODIS","4597_2026-03-05_uncalib","Period Mean (original grids)","MeanState","global","scalar","1","0.265202","15.0"
"HydrologyCycle","SnowCoverFraction","MODIS","4597_2026-03-05_uncalib","Model Period Mean (intersection)","MeanState","global","scalar","1","0.259561","15.0"
"HydrologyCycle","SnowCoverFraction","MODIS","4597_2026-03-05_uncalib","Model Period Mean (complement)","MeanState","global","scalar","1","0.368705","15.0"
"HydrologyCycle","SnowCoverFraction","MODIS","4597_2026-03-05_uncalib","Spatial Distribution Score","MeanState","global","score","1","0.994751","15.0"
"HydrologyCycle","SnowCoverFraction","MODIS","4597_2026-03-05_uncalib","Phase Shift","MeanState","global","scalar","months","0.583191","15.0"
"HydrologyCycle","SnowCoverFraction","MODIS","4597_2026-03-05_uncalib","Seasonal Cycle Score","MeanState","global","score","1","0.923164","15.0"
"HydrologyCycle","SnowCoverFraction","MODIS","4597_2026-03-05_uncalib","Bias","MeanState","global","scalar","1","0.0217106","15.0"
"HydrologyCycle","SnowCoverFraction","MODIS","4597_2026-03-05_uncalib","Bias Score","MeanState","global","score","1","0.881567","15.0"
"HydrologyCycle","SnowCoverFraction","MODIS","4597_2026-03-05_uncalib","RMSE","MeanState","global","scalar","1","0.0681518","15.0"
"HydrologyCycle","SnowCoverFraction","MODIS","4597_2026-03-05_uncalib","RMSE Score","MeanState","global","score","1","0.660231","15.0"
"HydrologyCycle","SnowCoverFraction","MODIS","4597_2026-03-05_uncalib","Overall Score","MeanState","global","score","1","0.823989","15.0"
"HydrologyCycle","SnowCoverFraction","MODIS","4598_2026-03-05_latest","Benchmark Period Mean (intersection)","MeanState","global","scalar","1","0.237757","15.0"
"HydrologyCycle","SnowCoverFraction","MODIS","4598_2026-03-05_latest","Benchmark Period Mean (complement)","MeanState","global","scalar","1","0.235552","15.0"
"HydrologyCycle","SnowCoverFraction","MODIS","4598_2026-03-05_latest","Period Mean (original grids)","MeanState","global","scalar","1","0.257694","15.0"
"HydrologyCycle","SnowCoverFraction","MODIS","4598_2026-03-05_latest","Model Period Mean (intersection)","MeanState","global","scalar","1","0.251931","15.0"
"HydrologyCycle","SnowCoverFraction","MODIS","4598_2026-03-05_latest","Model Period Mean (complement)","MeanState","global","scalar","1","0.363395","15.0"
"HydrologyCycle","SnowCoverFraction","MODIS","4598_2026-03-05_latest","Spatial Distribution Score","MeanState","global","score","1","0.996443","15.0"
"HydrologyCycle","SnowCoverFraction","MODIS","4598_2026-03-05_latest","Phase Shift","MeanState","global","scalar","months","0.556944","15.0"
"HydrologyCycle","SnowCoverFraction","MODIS","4598_2026-03-05_latest","Seasonal Cycle Score","MeanState","global","score","1","0.926705","15.0"
"HydrologyCycle","SnowCoverFraction","MODIS","4598_2026-03-05_latest","Bias","MeanState","global","scalar","1","0.0140934","15.0"
"HydrologyCycle","SnowCoverFraction","MODIS","4598_2026-03-05_latest","Bias Score","MeanState","global","score","1","0.889588","15.0"
"HydrologyCycle","SnowCoverFraction","MODIS","4598_2026-03-05_latest","RMSE","MeanState","global","scalar","1","0.0594247","15.0"
"HydrologyCycle","SnowCoverFraction","MODIS","4598_2026-03-05_latest","RMSE Score","MeanState","global","score","1","0.677884","15.0"
"HydrologyCycle","SnowCoverFraction","MODIS","4598_2026-03-05_latest","Overall Score","MeanState","global","score","1","0.833701","15.0"
"RadiationandEnergyCycle","Albedo","CERESed4.2","4597_2026-03-05_uncalib","Benchmark Period Mean (intersection)","MeanState","global","scalar","1","0.266264","20.0"
"RadiationandEnergyCycle","Albedo","CERESed4.2","4597_2026-03-05_uncalib","Benchmark Period Mean (complement)","MeanState","global","scalar","1","0.162269","20.0"
"RadiationandEnergyCycle","Albedo","CERESed4.2","4597_2026-03-05_uncalib","Period Mean (original grids)","MeanState","global","scalar","1","0.298696","20.0"
"RadiationandEnergyCycle","Albedo","CERESed4.2","4597_2026-03-05_uncalib","Model Period Mean (intersection)","MeanState","global","scalar","1","0.298626","20.0"
"RadiationandEnergyCycle","Albedo","CERESed4.2","4597_2026-03-05_uncalib","Model Period Mean (complement)","MeanState","global","scalar","1","nan","20.0"
"RadiationandEnergyCycle","Albedo","CERESed4.2","4597_2026-03-05_uncalib","Spatial Distribution Score","MeanState","global","score","1","0.994173","20.0"
"RadiationandEnergyCycle","Albedo","CERESed4.2","4597_2026-03-05_uncalib","Phase Shift","MeanState","global","scalar","months","2.30991","20.0"
"RadiationandEnergyCycle","Albedo","CERESed4.2","4597_2026-03-05_uncalib","Seasonal Cycle Score","MeanState","global","score","1","0.636995","20.0"
"RadiationandEnergyCycle","Albedo","CERESed4.2","4597_2026-03-05_uncalib","Bias","MeanState","global","scalar","1","0.0323616","20.0"
"RadiationandEnergyCycle","Albedo","CERESed4.2","4597_2026-03-05_uncalib","Bias Score","MeanState","global","score","1","0.452079","20.0"
"RadiationandEnergyCycle","Albedo","CERESed4.2","4597_2026-03-05_uncalib","RMSE","MeanState","global","scalar","1","0.0652496","20.0"
"RadiationandEnergyCycle","Albedo","CERESed4.2","4597_2026-03-05_uncalib","RMSE Score","MeanState","global","score","1","0.507051","20.0"
"RadiationandEnergyCycle","Albedo","CERESed4.2","4597_2026-03-05_uncalib","Overall Score","MeanState","global","score","1","0.61947","20.0"
"RadiationandEnergyCycle","Albedo","CERESed4.2","4598_2026-03-05_latest","Benchmark Period Mean (intersection)","MeanState","global","scalar","1","0.266264","20.0"
"RadiationandEnergyCycle","Albedo","CERESed4.2","4598_2026-03-05_latest","Benchmark Period Mean (complement)","MeanState","global","scalar","1","0.162269","20.0"
"RadiationandEnergyCycle","Albedo","CERESed4.2","4598_2026-03-05_latest","Period Mean (original grids)","MeanState","global","scalar","1","0.290074","20.0"
"RadiationandEnergyCycle","Albedo","CERESed4.2","4598_2026-03-05_latest","Model Period Mean (intersection)","MeanState","global","scalar","1","0.290003","20.0"
"RadiationandEnergyCycle","Albedo","CERESed4.2","4598_2026-03-05_latest","Model Period Mean (complement)","MeanState","global","scalar","1","nan","20.0"
"RadiationandEnergyCycle","Albedo","CERESed4.2","4598_2026-03-05_latest","Spatial Distribution Score","MeanState","global","score","1","0.994811","20.0"
"RadiationandEnergyCycle","Albedo","CERESed4.2","4598_2026-03-05_latest","Phase Shift","MeanState","global","scalar","months","2.00827","20.0"
"RadiationandEnergyCycle","Albedo","CERESed4.2","4598_2026-03-05_latest","Seasonal Cycle Score","MeanState","global","score","1","0.684436","20.0"
"RadiationandEnergyCycle","Albedo","CERESed4.2","4598_2026-03-05_latest","Bias","MeanState","global","scalar","1","0.0237394","20.0"
"RadiationandEnergyCycle","Albedo","CERESed4.2","4598_2026-03-05_latest","Bias Score","MeanState","global","score","1","0.453569","20.0"
"RadiationandEnergyCycle","Albedo","CERESed4.2","4598_2026-03-05_latest","RMSE","MeanState","global","scalar","1","0.0647756","20.0"
"RadiationandEnergyCycle","Albedo","CERESed4.2","4598_2026-03-05_latest","RMSE Score","MeanState","global","score","1","0.48479","20.0"
"RadiationandEnergyCycle","Albedo","CERESed4.2","4598_2026-03-05_latest","Overall Score","MeanState","global","score","1","0.620479","20.0"
"RadiationandEnergyCycle","Albedo","CERESed4.2","ENSEMBLE-CMIP6","Benchmark Period Mean (intersection)","MeanState","global","scalar","1","0.252855","20.0"
"RadiationandEnergyCycle","Albedo","CERESed4.2","ENSEMBLE-CMIP6","Benchmark Period Mean (complement)","MeanState","global","scalar","1","nan","20.0"
"RadiationandEnergyCycle","Albedo","CERESed4.2","ENSEMBLE-CMIP6","Period Mean (original grids)","MeanState","global","scalar","1","0.252134","20.0"
"RadiationandEnergyCycle","Albedo","CERESed4.2","ENSEMBLE-CMIP6","Model Period Mean (intersection)","MeanState","global","scalar","1","0.25194","20.0"
"RadiationandEnergyCycle","Albedo","CERESed4.2","ENSEMBLE-CMIP6","Model Period Mean (complement)","MeanState","global","scalar","1","nan","20.0"
"RadiationandEnergyCycle","Albedo","CERESed4.2","ENSEMBLE-CMIP6","Spatial Distribution Score","MeanState","global","score","1","0.996292","20.0"
"RadiationandEnergyCycle","Albedo","CERESed4.2","ENSEMBLE-CMIP6","Phase Shift","MeanState","global","scalar","months","2.09518","20.0"
"RadiationandEnergyCycle","Albedo","CERESed4.2","ENSEMBLE-CMIP6","Seasonal Cycle Score","MeanState","global","score","1","0.67092","20.0"
"RadiationandEnergyCycle","Albedo","CERESed4.2","ENSEMBLE-CMIP6","Bias","MeanState","global","scalar","1","-0.00126613","20.0"
"RadiationandEnergyCycle","Albedo","CERESed4.2","ENSEMBLE-CMIP6","Bias Score","MeanState","global","score","1","0.491958","20.0"
"RadiationandEnergyCycle","Albedo","CERESed4.2","ENSEMBLE-CMIP6","RMSE","MeanState","global","scalar","1","0.042816","20.0"
"RadiationandEnergyCycle","Albedo","CERESed4.2","ENSEMBLE-CMIP6","RMSE Score","MeanState","global","score","1","0.566361","20.0"
"RadiationandEnergyCycle","Albedo","CERESed4.2","ENSEMBLE-CMIP6","Overall Score","MeanState","global","score","1","0.658378","20.0"
"RadiationandEnergyCycle","Albedo","GEWEX.SRB","4597_2026-03-05_uncalib","Benchmark Period Mean (intersection)","MeanState","global","scalar","1","0.252923","20.0"
"RadiationandEnergyCycle","Albedo","GEWEX.SRB","4597_2026-03-05_uncalib","Benchmark Period Mean (complement)","MeanState","global","scalar","1","0.144084","20.0"
"RadiationandEnergyCycle","Albedo","GEWEX.SRB","4597_2026-03-05_uncalib","Period Mean (original grids)","MeanState","global","scalar","1","0.299801","20.0"
"RadiationandEnergyCycle","Albedo","GEWEX.SRB","4597_2026-03-05_uncalib","Model Period Mean (intersection)","MeanState","global","scalar","1","0.299733","20.0"
"RadiationandEnergyCycle","Albedo","GEWEX.SRB","4597_2026-03-05_uncalib","Model Period Mean (complement)","MeanState","global","scalar","1","nan","20.0"
"RadiationandEnergyCycle","Albedo","GEWEX.SRB","4597_2026-03-05_uncalib","Spatial Distribution Score","MeanState","global","score","1","0.988842","20.0"
"RadiationandEnergyCycle","Albedo","GEWEX.SRB","4597_2026-03-05_uncalib","Phase Shift","MeanState","global","scalar","months","2.48893","20.0"
"RadiationandEnergyCycle","Albedo","GEWEX.SRB","4597_2026-03-05_uncalib","Seasonal Cycle Score","MeanState","global","score","1","0.604115","20.0"
"RadiationandEnergyCycle","Albedo","GEWEX.SRB","4597_2026-03-05_uncalib","Bias","MeanState","global","scalar","1","0.046692","20.0"
"RadiationandEnergyCycle","Albedo","GEWEX.SRB","4597_2026-03-05_uncalib","Bias Score","MeanState","global","score","1","0.416739","20.0"
"RadiationandEnergyCycle","Albedo","GEWEX.SRB","4597_2026-03-05_uncalib","RMSE","MeanState","global","scalar","1","0.100492","20.0"
"RadiationandEnergyCycle","Albedo","GEWEX.SRB","4597_2026-03-05_uncalib","RMSE Score","MeanState","global","score","1","0.440344","20.0"
"RadiationandEnergyCycle","Albedo","GEWEX.SRB","4597_2026-03-05_uncalib","Overall Score","MeanState","global","score","1","0.578077","20.0"
"RadiationandEnergyCycle","Albedo","GEWEX.SRB","4598_2026-03-05_latest","Benchmark Period Mean (intersection)","MeanState","global","scalar","1","0.252923","20.0"
"RadiationandEnergyCycle","Albedo","GEWEX.SRB","4598_2026-03-05_latest","Benchmark Period Mean (complement)","MeanState","global","scalar","1","0.144084","20.0"
"RadiationandEnergyCycle","Albedo","GEWEX.SRB","4598_2026-03-05_latest","Period Mean (original grids)","MeanState","global","scalar","1","0.291011","20.0"
"RadiationandEnergyCycle","Albedo","GEWEX.SRB","4598_2026-03-05_latest","Model Period Mean (intersection)","MeanState","global","scalar","1","0.290943","20.0"
"RadiationandEnergyCycle","Albedo","GEWEX.SRB","4598_2026-03-05_latest","Model Period Mean (complement)","MeanState","global","scalar","1","nan","20.0"
"RadiationandEnergyCycle","Albedo","GEWEX.SRB","4598_2026-03-05_latest","Spatial Distribution Score","MeanState","global","score","1","0.991199","20.0"
"RadiationandEnergyCycle","Albedo","GEWEX.SRB","4598_2026-03-05_latest","Phase Shift","MeanState","global","scalar","months","2.31223","20.0"
"RadiationandEnergyCycle","Albedo","GEWEX.SRB","4598_2026-03-05_latest","Seasonal Cycle Score","MeanState","global","score","1","0.634534","20.0"
"RadiationandEnergyCycle","Albedo","GEWEX.SRB","4598_2026-03-05_latest","Bias","MeanState","global","scalar","1","0.0379324","20.0"
"RadiationandEnergyCycle","Albedo","GEWEX.SRB","4598_2026-03-05_latest","Bias Score","MeanState","global","score","1","0.426343","20.0"
"RadiationandEnergyCycle","Albedo","GEWEX.SRB","4598_2026-03-05_latest","RMSE","MeanState","global","scalar","1","0.102004","20.0"
"RadiationandEnergyCycle","Albedo","GEWEX.SRB","4598_2026-03-05_latest","RMSE Score","MeanState","global","score","1","0.423187","20.0"
"RadiationandEnergyCycle","Albedo","GEWEX.SRB","4598_2026-03-05_latest","Overall Score","MeanState","global","score","1","0.57969","20.0"
"RadiationandEnergyCycle","Albedo","GEWEX.SRB","ENSEMBLE-CMIP6","Benchmark Period Mean (intersection)","MeanState","global","scalar","1","0.23463","20.0"
"RadiationandEnergyCycle","Albedo","GEWEX.SRB","ENSEMBLE-CMIP6","Benchmark Period Mean (complement)","MeanState","global","scalar","1","nan","20.0"
"RadiationandEnergyCycle","Albedo","GEWEX.SRB","ENSEMBLE-CMIP6","Period Mean (original grids)","MeanState","global","scalar","1","0.254334","20.0"
"RadiationandEnergyCycle","Albedo","GEWEX.SRB","ENSEMBLE-CMIP6","Model Period Mean (intersection)","MeanState","global","scalar","1","0.25417","20.0"
"RadiationandEnergyCycle","Albedo","GEWEX.SRB","ENSEMBLE-CMIP6","Model Period Mean (complement)","MeanState","global","scalar","1","nan","20.0"
"RadiationandEnergyCycle","Albedo","GEWEX.SRB","ENSEMBLE-CMIP6","Spatial Distribution Score","MeanState","global","score","1","0.984801","20.0"
"RadiationandEnergyCycle","Albedo","GEWEX.SRB","ENSEMBLE-CMIP6","Phase Shift","MeanState","global","scalar","months","2.6019","20.0"
"RadiationandEnergyCycle","Albedo","GEWEX.SRB","ENSEMBLE-CMIP6","Seasonal Cycle Score","MeanState","global","score","1","0.581349","20.0"
"RadiationandEnergyCycle","Albedo","GEWEX.SRB","ENSEMBLE-CMIP6","Bias","MeanState","global","scalar","1","0.0194493","20.0"
"RadiationandEnergyCycle","Albedo","GEWEX.SRB","ENSEMBLE-CMIP6","Bias Score","MeanState","global","score","1","0.511547","20.0"
"RadiationandEnergyCycle","Albedo","GEWEX.SRB","ENSEMBLE-CMIP6","RMSE","MeanState","global","scalar","1","0.0630097","20.0"
"RadiationandEnergyCycle","Albedo","GEWEX.SRB","ENSEMBLE-CMIP6","RMSE Score","MeanState","global","score","1","0.570043","20.0"
"RadiationandEnergyCycle","Albedo","GEWEX.SRB","ENSEMBLE-CMIP6","Overall Score","MeanState","global","score","1","0.643556","20.0"
"RadiationandEnergyCycle","SurfaceUpwardSWRadiation","CERESed4.2","4597_2026-03-05_uncalib","Benchmark Period Mean (intersection)","MeanState","global","scalar","W m-2","46.0168","15.0"
"RadiationandEnergyCycle","SurfaceUpwardSWRadiation","CERESed4.2","4597_2026-03-05_uncalib","Benchmark Period Mean (complement)","MeanState","global","scalar","W m-2","23.9887","15.0"
"RadiationandEnergyCycle","SurfaceUpwardSWRadiation","CERESed4.2","4597_2026-03-05_uncalib","Period Mean (original grids)","MeanState","global","scalar","W m-2","52.8729","15.0"
"RadiationandEnergyCycle","SurfaceUpwardSWRadiation","CERESed4.2","4597_2026-03-05_uncalib","Model Period Mean (intersection)","MeanState","global","scalar","W m-2","52.864","15.0"
"RadiationandEnergyCycle","SurfaceUpwardSWRadiation","CERESed4.2","4597_2026-03-05_uncalib","Model Period Mean (complement)","MeanState","global","scalar","W m-2","nan","15.0"
"RadiationandEnergyCycle","SurfaceUpwardSWRadiation","CERESed4.2","4597_2026-03-05_uncalib","Spatial Distribution Score","MeanState","global","score","1","0.988268","15.0"
"RadiationandEnergyCycle","SurfaceUpwardSWRadiation","CERESed4.2","4597_2026-03-05_uncalib","Phase Shift","MeanState","global","scalar","months","0.786882","15.0"
"RadiationandEnergyCycle","SurfaceUpwardSWRadiation","CERESed4.2","4597_2026-03-05_uncalib","Seasonal Cycle Score","MeanState","global","score","1","0.894968","15.0"
"RadiationandEnergyCycle","SurfaceUpwardSWRadiation","CERESed4.2","4597_2026-03-05_uncalib","Bias","MeanState","global","scalar","W m-2","6.84721","15.0"
"RadiationandEnergyCycle","SurfaceUpwardSWRadiation","CERESed4.2","4597_2026-03-05_uncalib","Bias Score","MeanState","global","score","1","0.594307","15.0"
"RadiationandEnergyCycle","SurfaceUpwardSWRadiation","CERESed4.2","4597_2026-03-05_uncalib","RMSE","MeanState","global","scalar","W m-2","12.3996","15.0"
"RadiationandEnergyCycle","SurfaceUpwardSWRadiation","CERESed4.2","4597_2026-03-05_uncalib","RMSE Score","MeanState","global","score","1","0.642175","15.0"
"RadiationandEnergyCycle","SurfaceUpwardSWRadiation","CERESed4.2","4597_2026-03-05_uncalib","Overall Score","MeanState","global","score","1","0.752379","15.0"
"RadiationandEnergyCycle","SurfaceUpwardSWRadiation","CERESed4.2","4598_2026-03-05_latest","Benchmark Period Mean (intersection)","MeanState","global","scalar","W m-2","46.0168","15.0"
"RadiationandEnergyCycle","SurfaceUpwardSWRadiation","CERESed4.2","4598_2026-03-05_latest","Benchmark Period Mean (complement)","MeanState","global","scalar","W m-2","23.9887","15.0"
"RadiationandEnergyCycle","SurfaceUpwardSWRadiation","CERESed4.2","4598_2026-03-05_latest","Period Mean (original grids)","MeanState","global","scalar","W m-2","51.4173","15.0"
"RadiationandEnergyCycle","SurfaceUpwardSWRadiation","CERESed4.2","4598_2026-03-05_latest","Model Period Mean (intersection)","MeanState","global","scalar","W m-2","51.408","15.0"
"RadiationandEnergyCycle","SurfaceUpwardSWRadiation","CERESed4.2","4598_2026-03-05_latest","Model Period Mean (complement)","MeanState","global","scalar","W m-2","nan","15.0"
"RadiationandEnergyCycle","SurfaceUpwardSWRadiation","CERESed4.2","4598_2026-03-05_latest","Spatial Distribution Score","MeanState","global","score","1","0.991843","15.0"
"RadiationandEnergyCycle","SurfaceUpwardSWRadiation","CERESed4.2","4598_2026-03-05_latest","Phase Shift","MeanState","global","scalar","months","0.776271","15.0"
"RadiationandEnergyCycle","SurfaceUpwardSWRadiation","CERESed4.2","4598_2026-03-05_latest","Seasonal Cycle Score","MeanState","global","score","1","0.896442","15.0"
"RadiationandEnergyCycle","SurfaceUpwardSWRadiation","CERESed4.2","4598_2026-03-05_latest","Bias","MeanState","global","scalar","W m-2","5.39123","15.0"
"RadiationandEnergyCycle","SurfaceUpwardSWRadiation","CERESed4.2","4598_2026-03-05_latest","Bias Score","MeanState","global","score","1","0.604001","15.0"
"RadiationandEnergyCycle","SurfaceUpwardSWRadiation","CERESed4.2","4598_2026-03-05_latest","RMSE","MeanState","global","scalar","W m-2","11.5162","15.0"
"RadiationandEnergyCycle","SurfaceUpwardSWRadiation","CERESed4.2","4598_2026-03-05_latest","RMSE Score","MeanState","global","score","1","0.652719","15.0"
"RadiationandEnergyCycle","SurfaceUpwardSWRadiation","CERESed4.2","4598_2026-03-05_latest","Overall Score","MeanState","global","score","1","0.759545","15.0"
"RadiationandEnergyCycle","SurfaceUpwardSWRadiation","CERESed4.2","ENSEMBLE-CMIP6","Benchmark Period Mean (intersection)","MeanState","global","scalar","W m-2","43.1394","15.0"
"RadiationandEnergyCycle","SurfaceUpwardSWRadiation","CERESed4.2","ENSEMBLE-CMIP6","Benchmark Period Mean (complement)","MeanState","global","scalar","W m-2","nan","15.0"
"RadiationandEnergyCycle","SurfaceUpwardSWRadiation","CERESed4.2","ENSEMBLE-CMIP6","Period Mean (original grids)","MeanState","global","scalar","W m-2","43.8475","15.0"
"RadiationandEnergyCycle","SurfaceUpwardSWRadiation","CERESed4.2","ENSEMBLE-CMIP6","Model Period Mean (intersection)","MeanState","global","scalar","W m-2","43.7478","15.0"
"RadiationandEnergyCycle","SurfaceUpwardSWRadiation","CERESed4.2","ENSEMBLE-CMIP6","Model Period Mean (complement)","MeanState","global","scalar","W m-2","nan","15.0"
"RadiationandEnergyCycle","SurfaceUpwardSWRadiation","CERESed4.2","ENSEMBLE-CMIP6","Spatial Distribution Score","MeanState","global","score","1","0.992659","15.0"
"RadiationandEnergyCycle","SurfaceUpwardSWRadiation","CERESed4.2","ENSEMBLE-CMIP6","Phase Shift","MeanState","global","scalar","months","0.827667","15.0"
"RadiationandEnergyCycle","SurfaceUpwardSWRadiation","CERESed4.2","ENSEMBLE-CMIP6","Seasonal Cycle Score","MeanState","global","score","1","0.895098","15.0"
"RadiationandEnergyCycle","SurfaceUpwardSWRadiation","CERESed4.2","ENSEMBLE-CMIP6","Bias","MeanState","global","scalar","W m-2","0.543665","15.0"
"RadiationandEnergyCycle","SurfaceUpwardSWRadiation","CERESed4.2","ENSEMBLE-CMIP6","Bias Score","MeanState","global","score","1","0.624572","15.0"
"RadiationandEnergyCycle","SurfaceUpwardSWRadiation","CERESed4.2","ENSEMBLE-CMIP6","RMSE","MeanState","global","scalar","W m-2","9.13908","15.0"
"RadiationandEnergyCycle","SurfaceUpwardSWRadiation","CERESed4.2","ENSEMBLE-CMIP6","RMSE Score","MeanState","global","score","1","0.672327","15.0"
"RadiationandEnergyCycle","SurfaceUpwardSWRadiation","CERESed4.2","ENSEMBLE-CMIP6","Overall Score","MeanState","global","score","1","0.771397","15.0"
"RadiationandEnergyCycle","SurfaceUpwardSWRadiation","GEWEX.SRB","4597_2026-03-05_uncalib","Benchmark Period Mean (intersection)","MeanState","global","scalar","Watt m-2","45.9921","15.0"
"RadiationandEnergyCycle","SurfaceUpwardSWRadiation","GEWEX.SRB","4597_2026-03-05_uncalib","Benchmark Period Mean (complement)","MeanState","global","scalar","Watt m-2","22.1939","15.0"
"RadiationandEnergyCycle","SurfaceUpwardSWRadiation","GEWEX.SRB","4597_2026-03-05_uncalib","Period Mean (original grids)","MeanState","global","scalar","Watt m-2","53.043","15.0"
"RadiationandEnergyCycle","SurfaceUpwardSWRadiation","GEWEX.SRB","4597_2026-03-05_uncalib","Model Period Mean (intersection)","MeanState","global","scalar","Watt m-2","53.0352","15.0"
"RadiationandEnergyCycle","SurfaceUpwardSWRadiation","GEWEX.SRB","4597_2026-03-05_uncalib","Model Period Mean (complement)","MeanState","global","scalar","Watt m-2","nan","15.0"
"RadiationandEnergyCycle","SurfaceUpwardSWRadiation","GEWEX.SRB","4597_2026-03-05_uncalib","Spatial Distribution Score","MeanState","global","score","1","0.859657","15.0"
"RadiationandEnergyCycle","SurfaceUpwardSWRadiation","GEWEX.SRB","4597_2026-03-05_uncalib","Phase Shift","MeanState","global","scalar","months","0.960371","15.0"
"RadiationandEnergyCycle","SurfaceUpwardSWRadiation","GEWEX.SRB","4597_2026-03-05_uncalib","Seasonal Cycle Score","MeanState","global","score","1","0.86776","15.0"
"RadiationandEnergyCycle","SurfaceUpwardSWRadiation","GEWEX.SRB","4597_2026-03-05_uncalib","Bias","MeanState","global","scalar","Watt m-2","7.03587","15.0"
"RadiationandEnergyCycle","SurfaceUpwardSWRadiation","GEWEX.SRB","4597_2026-03-05_uncalib","Bias Score","MeanState","global","score","1","0.510065","15.0"
"RadiationandEnergyCycle","SurfaceUpwardSWRadiation","GEWEX.SRB","4597_2026-03-05_uncalib","RMSE","MeanState","global","scalar","Watt m-2","18.4754","15.0"
"RadiationandEnergyCycle","SurfaceUpwardSWRadiation","GEWEX.SRB","4597_2026-03-05_uncalib","RMSE Score","MeanState","global","score","1","0.556","15.0"
"RadiationandEnergyCycle","SurfaceUpwardSWRadiation","GEWEX.SRB","4597_2026-03-05_uncalib","Overall Score","MeanState","global","score","1","0.669896","15.0"
"RadiationandEnergyCycle","SurfaceUpwardSWRadiation","GEWEX.SRB","4598_2026-03-05_latest","Benchmark Period Mean (intersection)","MeanState","global","scalar","Watt m-2","45.9921","15.0"
"RadiationandEnergyCycle","SurfaceUpwardSWRadiation","GEWEX.SRB","4598_2026-03-05_latest","Benchmark Period Mean (complement)","MeanState","global","scalar","Watt m-2","22.1939","15.0"
"RadiationandEnergyCycle","SurfaceUpwardSWRadiation","GEWEX.SRB","4598_2026-03-05_latest","Period Mean (original grids)","MeanState","global","scalar","Watt m-2","51.5602","15.0"
"RadiationandEnergyCycle","SurfaceUpwardSWRadiation","GEWEX.SRB","4598_2026-03-05_latest","Model Period Mean (intersection)","MeanState","global","scalar","Watt m-2","51.5519","15.0"
"RadiationandEnergyCycle","SurfaceUpwardSWRadiation","GEWEX.SRB","4598_2026-03-05_latest","Model Period Mean (complement)","MeanState","global","scalar","Watt m-2","nan","15.0"
"RadiationandEnergyCycle","SurfaceUpwardSWRadiation","GEWEX.SRB","4598_2026-03-05_latest","Spatial Distribution Score","MeanState","global","score","1","0.848993","15.0"
"RadiationandEnergyCycle","SurfaceUpwardSWRadiation","GEWEX.SRB","4598_2026-03-05_latest","Phase Shift","MeanState","global","scalar","months","0.953934","15.0"
"RadiationandEnergyCycle","SurfaceUpwardSWRadiation","GEWEX.SRB","4598_2026-03-05_latest","Seasonal Cycle Score","MeanState","global","score","1","0.868549","15.0"
"RadiationandEnergyCycle","SurfaceUpwardSWRadiation","GEWEX.SRB","4598_2026-03-05_latest","Bias","MeanState","global","scalar","Watt m-2","5.55745","15.0"
"RadiationandEnergyCycle","SurfaceUpwardSWRadiation","GEWEX.SRB","4598_2026-03-05_latest","Bias Score","MeanState","global","score","1","0.522501","15.0"
"RadiationandEnergyCycle","SurfaceUpwardSWRadiation","GEWEX.SRB","4598_2026-03-05_latest","RMSE","MeanState","global","scalar","Watt m-2","16.7942","15.0"
"RadiationandEnergyCycle","SurfaceUpwardSWRadiation","GEWEX.SRB","4598_2026-03-05_latest","RMSE Score","MeanState","global","score","1","0.573286","15.0"
"RadiationandEnergyCycle","SurfaceUpwardSWRadiation","GEWEX.SRB","4598_2026-03-05_latest","Overall Score","MeanState","global","score","1","0.677323","15.0"
"RadiationandEnergyCycle","SurfaceUpwardSWRadiation","GEWEX.SRB","ENSEMBLE-CMIP6","Benchmark Period Mean (intersection)","MeanState","global","scalar","Watt m-2","42.2847","15.0"
"RadiationandEnergyCycle","SurfaceUpwardSWRadiation","GEWEX.SRB","ENSEMBLE-CMIP6","Benchmark Period Mean (complement)","MeanState","global","scalar","Watt m-2","nan","15.0"
"RadiationandEnergyCycle","SurfaceUpwardSWRadiation","GEWEX.SRB","ENSEMBLE-CMIP6","Period Mean (original grids)","MeanState","global","scalar","Watt m-2","44.1978","15.0"
"RadiationandEnergyCycle","SurfaceUpwardSWRadiation","GEWEX.SRB","ENSEMBLE-CMIP6","Model Period Mean (intersection)","MeanState","global","scalar","Watt m-2","44.1009","15.0"
"RadiationandEnergyCycle","SurfaceUpwardSWRadiation","GEWEX.SRB","ENSEMBLE-CMIP6","Model Period Mean (complement)","MeanState","global","scalar","Watt m-2","nan","15.0"
"RadiationandEnergyCycle","SurfaceUpwardSWRadiation","GEWEX.SRB","ENSEMBLE-CMIP6","Spatial Distribution Score","MeanState","global","score","1","0.882535","15.0"
"RadiationandEnergyCycle","SurfaceUpwardSWRadiation","GEWEX.SRB","ENSEMBLE-CMIP6","Phase Shift","MeanState","global","scalar","months","0.828011","15.0"
"RadiationandEnergyCycle","SurfaceUpwardSWRadiation","GEWEX.SRB","ENSEMBLE-CMIP6","Seasonal Cycle Score","MeanState","global","score","1","0.89688","15.0"
"RadiationandEnergyCycle","SurfaceUpwardSWRadiation","GEWEX.SRB","ENSEMBLE-CMIP6","Bias","MeanState","global","scalar","Watt m-2","1.79032","15.0"
"RadiationandEnergyCycle","SurfaceUpwardSWRadiation","GEWEX.SRB","ENSEMBLE-CMIP6","Bias Score","MeanState","global","score","1","0.606826","15.0"
"RadiationandEnergyCycle","SurfaceUpwardSWRadiation","GEWEX.SRB","ENSEMBLE-CMIP6","RMSE","MeanState","global","scalar","Watt m-2","11.7535","15.0"
"RadiationandEnergyCycle","SurfaceUpwardSWRadiation","GEWEX.SRB","ENSEMBLE-CMIP6","RMSE Score","MeanState","global","score","1","0.674621","15.0"
"RadiationandEnergyCycle","SurfaceUpwardSWRadiation","GEWEX.SRB","ENSEMBLE-CMIP6","Overall Score","MeanState","global","score","1","0.747096","15.0"
"RadiationandEnergyCycle","SurfaceUpwardSWRadiation","WRMC.BSRN","4597_2026-03-05_uncalib","Period Mean (original grids)","MeanState","global","scalar","Watt m-2","46.2549","12.0"
"RadiationandEnergyCycle","SurfaceUpwardSWRadiation","WRMC.BSRN","4597_2026-03-05_uncalib","Bias","MeanState","global","scalar","Watt m-2","0.388646","12.0"
"RadiationandEnergyCycle","SurfaceUpwardSWRadiation","WRMC.BSRN","4597_2026-03-05_uncalib","Bias Score","MeanState","global","score","1","0.527594","12.0"
"RadiationandEnergyCycle","SurfaceUpwardSWRadiation","WRMC.BSRN","4597_2026-03-05_uncalib","Phase Shift","MeanState","global","scalar","months","1.32179","12.0"
"RadiationandEnergyCycle","SurfaceUpwardSWRadiation","WRMC.BSRN","4597_2026-03-05_uncalib","Seasonal Cycle Score","MeanState","global","score","1","0.769752","12.0"
"RadiationandEnergyCycle","SurfaceUpwardSWRadiation","WRMC.BSRN","4597_2026-03-05_uncalib","RMSE","MeanState","global","scalar","Watt m-2","18.4974","12.0"
"RadiationandEnergyCycle","SurfaceUpwardSWRadiation","WRMC.BSRN","4597_2026-03-05_uncalib","RMSE Score","MeanState","global","score","1","0.503173","12.0"
"RadiationandEnergyCycle","SurfaceUpwardSWRadiation","WRMC.BSRN","4597_2026-03-05_uncalib","Overall Score","MeanState","global","score","1","0.575923","12.0"
"RadiationandEnergyCycle","SurfaceUpwardSWRadiation","WRMC.BSRN","4598_2026-03-05_latest","Period Mean (original grids)","MeanState","global","scalar","Watt m-2","45.2082","12.0"
"RadiationandEnergyCycle","SurfaceUpwardSWRadiation","WRMC.BSRN","4598_2026-03-05_latest","Bias","MeanState","global","scalar","Watt m-2","-0.952224","12.0"
"RadiationandEnergyCycle","SurfaceUpwardSWRadiation","WRMC.BSRN","4598_2026-03-05_latest","Bias Score","MeanState","global","score","1","0.537659","12.0"
"RadiationandEnergyCycle","SurfaceUpwardSWRadiation","WRMC.BSRN","4598_2026-03-05_latest","Phase Shift","MeanState","global","scalar","months","1.23846","12.0"
"RadiationandEnergyCycle","SurfaceUpwardSWRadiation","WRMC.BSRN","4598_2026-03-05_latest","Seasonal Cycle Score","MeanState","global","score","1","0.789833","12.0"
"RadiationandEnergyCycle","SurfaceUpwardSWRadiation","WRMC.BSRN","4598_2026-03-05_latest","RMSE","MeanState","global","scalar","Watt m-2","17.2657","12.0"
"RadiationandEnergyCycle","SurfaceUpwardSWRadiation","WRMC.BSRN","4598_2026-03-05_latest","RMSE Score","MeanState","global","score","1","0.523915","12.0"
"RadiationandEnergyCycle","SurfaceUpwardSWRadiation","WRMC.BSRN","4598_2026-03-05_latest","Overall Score","MeanState","global","score","1","0.593831","12.0"
"RadiationandEnergyCycle","SurfaceUpwardSWRadiation","WRMC.BSRN","ENSEMBLE-CMIP6","Period Mean (original grids)","MeanState","global","scalar","Watt m-2","38.6546","12.0"
"RadiationandEnergyCycle","SurfaceUpwardSWRadiation","WRMC.BSRN","ENSEMBLE-CMIP6","Bias","MeanState","global","scalar","Watt m-2","-8.73181","12.0"
"RadiationandEnergyCycle","SurfaceUpwardSWRadiation","WRMC.BSRN","ENSEMBLE-CMIP6","Bias Score","MeanState","global","score","1","0.671681","12.0"
"RadiationandEnergyCycle","SurfaceUpwardSWRadiation","WRMC.BSRN","ENSEMBLE-CMIP6","Phase Shift","MeanState","global","scalar","months","1.35556","12.0"
"RadiationandEnergyCycle","SurfaceUpwardSWRadiation","WRMC.BSRN","ENSEMBLE-CMIP6","Seasonal Cycle Score","MeanState","global","score","1","0.782576","12.0"
"RadiationandEnergyCycle","SurfaceUpwardSWRadiation","WRMC.BSRN","ENSEMBLE-CMIP6","RMSE","MeanState","global","scalar","Watt m-2","20.6682","12.0"
"RadiationandEnergyCycle","SurfaceUpwardSWRadiation","WRMC.BSRN","ENSEMBLE-CMIP6","RMSE Score","MeanState","global","score","1","0.52722","12.0"
"RadiationandEnergyCycle","SurfaceUpwardSWRadiation","WRMC.BSRN","ENSEMBLE-CMIP6","Overall Score","MeanState","global","score","1","0.627174","12.0"
"RadiationandEnergyCycle","SurfaceUpwardSWRadiation","ERA5","4597_2026-03-05_uncalib","Benchmark Period Mean (intersection)","MeanState","global","scalar","W m-2","50.5161","15.0"
"RadiationandEnergyCycle","SurfaceUpwardSWRadiation","ERA5","4597_2026-03-05_uncalib","Benchmark Period Mean (complement)","MeanState","global","scalar","W m-2","21.0669","15.0"
"RadiationandEnergyCycle","SurfaceUpwardSWRadiation","ERA5","4597_2026-03-05_uncalib","Period Mean (original grids)","MeanState","global","scalar","W m-2","52.8729","15.0"
"RadiationandEnergyCycle","SurfaceUpwardSWRadiation","ERA5","4597_2026-03-05_uncalib","Model Period Mean (intersection)","MeanState","global","scalar","W m-2","52.8743","15.0"
"RadiationandEnergyCycle","SurfaceUpwardSWRadiation","ERA5","4597_2026-03-05_uncalib","Model Period Mean (complement)","MeanState","global","scalar","W m-2","nan","15.0"
"RadiationandEnergyCycle","SurfaceUpwardSWRadiation","ERA5","4597_2026-03-05_uncalib","Spatial Distribution Score","MeanState","global","score","1","0.989894","15.0"
"RadiationandEnergyCycle","SurfaceUpwardSWRadiation","ERA5","4597_2026-03-05_uncalib","Phase Shift","MeanState","global","scalar","months","0.606202","15.0"
"RadiationandEnergyCycle","SurfaceUpwardSWRadiation","ERA5","4597_2026-03-05_uncalib","Seasonal Cycle Score","MeanState","global","score","1","0.917658","15.0"
"RadiationandEnergyCycle","SurfaceUpwardSWRadiation","ERA5","4597_2026-03-05_uncalib","Bias","MeanState","global","scalar","W m-2","2.67726","15.0"
"RadiationandEnergyCycle","SurfaceUpwardSWRadiation","ERA5","4597_2026-03-05_uncalib","Bias Score","MeanState","global","score","1","0.658599","15.0"
"RadiationandEnergyCycle","SurfaceUpwardSWRadiation","ERA5","4597_2026-03-05_uncalib","RMSE","MeanState","global","scalar","W m-2","9.91152","15.0"
"RadiationandEnergyCycle","SurfaceUpwardSWRadiation","ERA5","4597_2026-03-05_uncalib","RMSE Score","MeanState","global","score","1","0.685168","15.0"
"RadiationandEnergyCycle","SurfaceUpwardSWRadiation","ERA5","4597_2026-03-05_uncalib","Overall Score","MeanState","global","score","1","0.787298","15.0"
"RadiationandEnergyCycle","SurfaceUpwardSWRadiation","ERA5","4598_2026-03-05_latest","Benchmark Period Mean (intersection)","MeanState","global","scalar","W m-2","50.5161","15.0"
"RadiationandEnergyCycle","SurfaceUpwardSWRadiation","ERA5","4598_2026-03-05_latest","Benchmark Period Mean (complement)","MeanState","global","scalar","W m-2","21.0669","15.0"
"RadiationandEnergyCycle","SurfaceUpwardSWRadiation","ERA5","4598_2026-03-05_latest","Period Mean (original grids)","MeanState","global","scalar","W m-2","51.4173","15.0"
"RadiationandEnergyCycle","SurfaceUpwardSWRadiation","ERA5","4598_2026-03-05_latest","Model Period Mean (intersection)","MeanState","global","scalar","W m-2","51.4186","15.0"
"RadiationandEnergyCycle","SurfaceUpwardSWRadiation","ERA5","4598_2026-03-05_latest","Model Period Mean (complement)","MeanState","global","scalar","W m-2","nan","15.0"
"RadiationandEnergyCycle","SurfaceUpwardSWRadiation","ERA5","4598_2026-03-05_latest","Spatial Distribution Score","MeanState","global","score","1","0.987894","15.0"
"RadiationandEnergyCycle","SurfaceUpwardSWRadiation","ERA5","4598_2026-03-05_latest","Phase Shift","MeanState","global","scalar","months","0.596223","15.0"
"RadiationandEnergyCycle","SurfaceUpwardSWRadiation","ERA5","4598_2026-03-05_latest","Seasonal Cycle Score","MeanState","global","score","1","0.919649","15.0"
"RadiationandEnergyCycle","SurfaceUpwardSWRadiation","ERA5","4598_2026-03-05_latest","Bias","MeanState","global","scalar","W m-2","1.23137","15.0"
"RadiationandEnergyCycle","SurfaceUpwardSWRadiation","ERA5","4598_2026-03-05_latest","Bias Score","MeanState","global","score","1","0.669711","15.0"
"RadiationandEnergyCycle","SurfaceUpwardSWRadiation","ERA5","4598_2026-03-05_latest","RMSE","MeanState","global","scalar","W m-2","9.58377","15.0"
"RadiationandEnergyCycle","SurfaceUpwardSWRadiation","ERA5","4598_2026-03-05_latest","RMSE Score","MeanState","global","score","1","0.695803","15.0"
"RadiationandEnergyCycle","SurfaceUpwardSWRadiation","ERA5","4598_2026-03-05_latest","Overall Score","MeanState","global","score","1","0.793772","15.0"
"RadiationandEnergyCycle","SurfaceUpwardSWRadiation","ERA5","ENSEMBLE-CMIP6","Benchmark Period Mean (intersection)","MeanState","global","scalar","W m-2","46.8317","15.0"
"RadiationandEnergyCycle","SurfaceUpwardSWRadiation","ERA5","ENSEMBLE-CMIP6","Benchmark Period Mean (complement)","MeanState","global","scalar","W m-2","nan","15.0"
"RadiationandEnergyCycle","SurfaceUpwardSWRadiation","ERA5","ENSEMBLE-CMIP6","Period Mean (original grids)","MeanState","global","scalar","W m-2","44.1477","15.0"
"RadiationandEnergyCycle","SurfaceUpwardSWRadiation","ERA5","ENSEMBLE-CMIP6","Model Period Mean (intersection)","MeanState","global","scalar","W m-2","44.2494","15.0"
"RadiationandEnergyCycle","SurfaceUpwardSWRadiation","ERA5","ENSEMBLE-CMIP6","Model Period Mean (complement)","MeanState","global","scalar","W m-2","nan","15.0"
"RadiationandEnergyCycle","SurfaceUpwardSWRadiation","ERA5","ENSEMBLE-CMIP6","Spatial Distribution Score","MeanState","global","score","1","0.983242","15.0"
"RadiationandEnergyCycle","SurfaceUpwardSWRadiation","ERA5","ENSEMBLE-CMIP6","Phase Shift","MeanState","global","scalar","months","0.716494","15.0"
"RadiationandEnergyCycle","SurfaceUpwardSWRadiation","ERA5","ENSEMBLE-CMIP6","Seasonal Cycle Score","MeanState","global","score","1","0.912437","15.0"
"RadiationandEnergyCycle","SurfaceUpwardSWRadiation","ERA5","ENSEMBLE-CMIP6","Bias","MeanState","global","scalar","W m-2","-2.57317","15.0"
"RadiationandEnergyCycle","SurfaceUpwardSWRadiation","ERA5","ENSEMBLE-CMIP6","Bias Score","MeanState","global","score","1","0.620805","15.0"
"RadiationandEnergyCycle","SurfaceUpwardSWRadiation","ERA5","ENSEMBLE-CMIP6","RMSE","MeanState","global","scalar","W m-2","10.475","15.0"
"RadiationandEnergyCycle","SurfaceUpwardSWRadiation","ERA5","ENSEMBLE-CMIP6","RMSE Score","MeanState","global","score","1","0.67514","15.0"
"RadiationandEnergyCycle","SurfaceUpwardSWRadiation","ERA5","ENSEMBLE-CMIP6","Overall Score","MeanState","global","score","1","0.773353","15.0"
"RadiationandEnergyCycle","SurfaceNetSWRadiation","CERESed4.2","4597_2026-03-05_uncalib","Benchmark Period Mean (intersection)","MeanState","global","scalar","W m-2","140.596","15.0"
"RadiationandEnergyCycle","SurfaceNetSWRadiation","CERESed4.2","4597_2026-03-05_uncalib","Benchmark Period Mean (complement)","MeanState","global","scalar","W m-2","159.807","15.0"
"RadiationandEnergyCycle","SurfaceNetSWRadiation","CERESed4.2","4597_2026-03-05_uncalib","Period Mean (original grids)","MeanState","global","scalar","W m-2","136.624","15.0"
"RadiationandEnergyCycle","SurfaceNetSWRadiation","CERESed4.2","4597_2026-03-05_uncalib","Model Period Mean (intersection)","MeanState","global","scalar","W m-2","136.63","15.0"
"RadiationandEnergyCycle","SurfaceNetSWRadiation","CERESed4.2","4597_2026-03-05_uncalib","Model Period Mean (complement)","MeanState","global","scalar","W m-2","nan","15.0"
"RadiationandEnergyCycle","SurfaceNetSWRadiation","CERESed4.2","4597_2026-03-05_uncalib","Spatial Distribution Score","MeanState","global","score","1","0.996941","15.0"
"RadiationandEnergyCycle","SurfaceNetSWRadiation","CERESed4.2","4597_2026-03-05_uncalib","Phase Shift","MeanState","global","scalar","months","0.415073","15.0"
"RadiationandEnergyCycle","SurfaceNetSWRadiation","CERESed4.2","4597_2026-03-05_uncalib","Seasonal Cycle Score","MeanState","global","score","1","0.952915","15.0"
"RadiationandEnergyCycle","SurfaceNetSWRadiation","CERESed4.2","4597_2026-03-05_uncalib","Bias","MeanState","global","scalar","W m-2","-3.96684","15.0"
"RadiationandEnergyCycle","SurfaceNetSWRadiation","CERESed4.2","4597_2026-03-05_uncalib","Bias Score","MeanState","global","score","1","0.805512","15.0"
"RadiationandEnergyCycle","SurfaceNetSWRadiation","CERESed4.2","4597_2026-03-05_uncalib","RMSE","MeanState","global","scalar","W m-2","13.5724","15.0"
"RadiationandEnergyCycle","SurfaceNetSWRadiation","CERESed4.2","4597_2026-03-05_uncalib","RMSE Score","MeanState","global","score","1","0.796299","15.0"
"RadiationandEnergyCycle","SurfaceNetSWRadiation","CERESed4.2","4597_2026-03-05_uncalib","Overall Score","MeanState","global","score","1","0.869593","15.0"
"RadiationandEnergyCycle","SurfaceNetSWRadiation","CERESed4.2","4598_2026-03-05_latest","Benchmark Period Mean (intersection)","MeanState","global","scalar","W m-2","140.596","15.0"
"RadiationandEnergyCycle","SurfaceNetSWRadiation","CERESed4.2","4598_2026-03-05_latest","Benchmark Period Mean (complement)","MeanState","global","scalar","W m-2","159.807","15.0"
"RadiationandEnergyCycle","SurfaceNetSWRadiation","CERESed4.2","4598_2026-03-05_latest","Period Mean (original grids)","MeanState","global","scalar","W m-2","138.08","15.0"
"RadiationandEnergyCycle","SurfaceNetSWRadiation","CERESed4.2","4598_2026-03-05_latest","Model Period Mean (intersection)","MeanState","global","scalar","W m-2","138.086","15.0"
"RadiationandEnergyCycle","SurfaceNetSWRadiation","CERESed4.2","4598_2026-03-05_latest","Model Period Mean (complement)","MeanState","global","scalar","W m-2","nan","15.0"
"RadiationandEnergyCycle","SurfaceNetSWRadiation","CERESed4.2","4598_2026-03-05_latest","Spatial Distribution Score","MeanState","global","score","1","0.997731","15.0"
"RadiationandEnergyCycle","SurfaceNetSWRadiation","CERESed4.2","4598_2026-03-05_latest","Phase Shift","MeanState","global","scalar","months","0.405535","15.0"
"RadiationandEnergyCycle","SurfaceNetSWRadiation","CERESed4.2","4598_2026-03-05_latest","Seasonal Cycle Score","MeanState","global","score","1","0.953853","15.0"
"RadiationandEnergyCycle","SurfaceNetSWRadiation","CERESed4.2","4598_2026-03-05_latest","Bias","MeanState","global","scalar","W m-2","-2.51085","15.0"
"RadiationandEnergyCycle","SurfaceNetSWRadiation","CERESed4.2","4598_2026-03-05_latest","Bias Score","MeanState","global","score","1","0.811237","15.0"
"RadiationandEnergyCycle","SurfaceNetSWRadiation","CERESed4.2","4598_2026-03-05_latest","RMSE","MeanState","global","scalar","W m-2","12.7618","15.0"
"RadiationandEnergyCycle","SurfaceNetSWRadiation","CERESed4.2","4598_2026-03-05_latest","RMSE Score","MeanState","global","score","1","0.797257","15.0"
"RadiationandEnergyCycle","SurfaceNetSWRadiation","CERESed4.2","4598_2026-03-05_latest","Overall Score","MeanState","global","score","1","0.871467","15.0"
"RadiationandEnergyCycle","SurfaceNetSWRadiation","CERESed4.2","ENSEMBLE-CMIP6","Benchmark Period Mean (intersection)","MeanState","global","scalar","W m-2","143.27","15.0"
"RadiationandEnergyCycle","SurfaceNetSWRadiation","CERESed4.2","ENSEMBLE-CMIP6","Benchmark Period Mean (complement)","MeanState","global","scalar","W m-2","nan","15.0"
"RadiationandEnergyCycle","SurfaceNetSWRadiation","CERESed4.2","ENSEMBLE-CMIP6","Period Mean (original grids)","MeanState","global","scalar","W m-2","147.682","15.0"
"RadiationandEnergyCycle","SurfaceNetSWRadiation","CERESed4.2","ENSEMBLE-CMIP6","Model Period Mean (intersection)","MeanState","global","scalar","W m-2","147.515","15.0"
"RadiationandEnergyCycle","SurfaceNetSWRadiation","CERESed4.2","ENSEMBLE-CMIP6","Model Period Mean (complement)","MeanState","global","scalar","W m-2","nan","15.0"
"RadiationandEnergyCycle","SurfaceNetSWRadiation","CERESed4.2","ENSEMBLE-CMIP6","Spatial Distribution Score","MeanState","global","score","1","0.996171","15.0"
"RadiationandEnergyCycle","SurfaceNetSWRadiation","CERESed4.2","ENSEMBLE-CMIP6","Phase Shift","MeanState","global","scalar","months","0.548377","15.0"
"RadiationandEnergyCycle","SurfaceNetSWRadiation","CERESed4.2","ENSEMBLE-CMIP6","Seasonal Cycle Score","MeanState","global","score","1","0.942652","15.0"
"RadiationandEnergyCycle","SurfaceNetSWRadiation","CERESed4.2","ENSEMBLE-CMIP6","Bias","MeanState","global","scalar","W m-2","4.30462","15.0"
"RadiationandEnergyCycle","SurfaceNetSWRadiation","CERESed4.2","ENSEMBLE-CMIP6","Bias Score","MeanState","global","score","1","0.787591","15.0"
"RadiationandEnergyCycle","SurfaceNetSWRadiation","CERESed4.2","ENSEMBLE-CMIP6","RMSE","MeanState","global","scalar","W m-2","13.4801","15.0"
"RadiationandEnergyCycle","SurfaceNetSWRadiation","CERESed4.2","ENSEMBLE-CMIP6","RMSE Score","MeanState","global","score","1","0.781953","15.0"
"RadiationandEnergyCycle","SurfaceNetSWRadiation","CERESed4.2","ENSEMBLE-CMIP6","Overall Score","MeanState","global","score","1","0.858064","15.0"
"RadiationandEnergyCycle","SurfaceNetSWRadiation","GEWEX.SRB","4597_2026-03-05_uncalib","Benchmark Period Mean (intersection)","MeanState","global","scalar","Watt m-2","141.099","15.0"
"RadiationandEnergyCycle","SurfaceNetSWRadiation","GEWEX.SRB","4597_2026-03-05_uncalib","Benchmark Period Mean (complement)","MeanState","global","scalar","Watt m-2","164.195","15.0"
"RadiationandEnergyCycle","SurfaceNetSWRadiation","GEWEX.SRB","4597_2026-03-05_uncalib","Period Mean (original grids)","MeanState","global","scalar","Watt m-2","136.929","15.0"
"RadiationandEnergyCycle","SurfaceNetSWRadiation","GEWEX.SRB","4597_2026-03-05_uncalib","Model Period Mean (intersection)","MeanState","global","scalar","Watt m-2","136.935","15.0"
"RadiationandEnergyCycle","SurfaceNetSWRadiation","GEWEX.SRB","4597_2026-03-05_uncalib","Model Period Mean (complement)","MeanState","global","scalar","Watt m-2","nan","15.0"
"RadiationandEnergyCycle","SurfaceNetSWRadiation","GEWEX.SRB","4597_2026-03-05_uncalib","Spatial Distribution Score","MeanState","global","score","1","0.978514","15.0"
"RadiationandEnergyCycle","SurfaceNetSWRadiation","GEWEX.SRB","4597_2026-03-05_uncalib","Phase Shift","MeanState","global","scalar","months","0.53883","15.0"
"RadiationandEnergyCycle","SurfaceNetSWRadiation","GEWEX.SRB","4597_2026-03-05_uncalib","Seasonal Cycle Score","MeanState","global","score","1","0.946116","15.0"
"RadiationandEnergyCycle","SurfaceNetSWRadiation","GEWEX.SRB","4597_2026-03-05_uncalib","Bias","MeanState","global","scalar","Watt m-2","-4.12701","15.0"
"RadiationandEnergyCycle","SurfaceNetSWRadiation","GEWEX.SRB","4597_2026-03-05_uncalib","Bias Score","MeanState","global","score","1","0.745054","15.0"
"RadiationandEnergyCycle","SurfaceNetSWRadiation","GEWEX.SRB","4597_2026-03-05_uncalib","RMSE","MeanState","global","scalar","Watt m-2","17.6364","15.0"
"RadiationandEnergyCycle","SurfaceNetSWRadiation","GEWEX.SRB","4597_2026-03-05_uncalib","RMSE Score","MeanState","global","score","1","0.737532","15.0"
"RadiationandEnergyCycle","SurfaceNetSWRadiation","GEWEX.SRB","4597_2026-03-05_uncalib","Overall Score","MeanState","global","score","1","0.82895","15.0"
"RadiationandEnergyCycle","SurfaceNetSWRadiation","GEWEX.SRB","4598_2026-03-05_latest","Benchmark Period Mean (intersection)","MeanState","global","scalar","Watt m-2","141.099","15.0"
"RadiationandEnergyCycle","SurfaceNetSWRadiation","GEWEX.SRB","4598_2026-03-05_latest","Benchmark Period Mean (complement)","MeanState","global","scalar","Watt m-2","164.195","15.0"
"RadiationandEnergyCycle","SurfaceNetSWRadiation","GEWEX.SRB","4598_2026-03-05_latest","Period Mean (original grids)","MeanState","global","scalar","Watt m-2","138.412","15.0"
"RadiationandEnergyCycle","SurfaceNetSWRadiation","GEWEX.SRB","4598_2026-03-05_latest","Model Period Mean (intersection)","MeanState","global","scalar","Watt m-2","138.419","15.0"
"RadiationandEnergyCycle","SurfaceNetSWRadiation","GEWEX.SRB","4598_2026-03-05_latest","Model Period Mean (complement)","MeanState","global","scalar","Watt m-2","nan","15.0"
"RadiationandEnergyCycle","SurfaceNetSWRadiation","GEWEX.SRB","4598_2026-03-05_latest","Spatial Distribution Score","MeanState","global","score","1","0.981015","15.0"
"RadiationandEnergyCycle","SurfaceNetSWRadiation","GEWEX.SRB","4598_2026-03-05_latest","Phase Shift","MeanState","global","scalar","months","0.524742","15.0"
"RadiationandEnergyCycle","SurfaceNetSWRadiation","GEWEX.SRB","4598_2026-03-05_latest","Seasonal Cycle Score","MeanState","global","score","1","0.947618","15.0"
"RadiationandEnergyCycle","SurfaceNetSWRadiation","GEWEX.SRB","4598_2026-03-05_latest","Bias","MeanState","global","scalar","Watt m-2","-2.64859","15.0"
"RadiationandEnergyCycle","SurfaceNetSWRadiation","GEWEX.SRB","4598_2026-03-05_latest","Bias Score","MeanState","global","score","1","0.755574","15.0"
"RadiationandEnergyCycle","SurfaceNetSWRadiation","GEWEX.SRB","4598_2026-03-05_latest","RMSE","MeanState","global","scalar","Watt m-2","17.1036","15.0"
"RadiationandEnergyCycle","SurfaceNetSWRadiation","GEWEX.SRB","4598_2026-03-05_latest","RMSE Score","MeanState","global","score","1","0.734339","15.0"
"RadiationandEnergyCycle","SurfaceNetSWRadiation","GEWEX.SRB","4598_2026-03-05_latest","Overall Score","MeanState","global","score","1","0.830577","15.0"
"RadiationandEnergyCycle","SurfaceNetSWRadiation","GEWEX.SRB","ENSEMBLE-CMIP6","Benchmark Period Mean (intersection)","MeanState","global","scalar","Watt m-2","144.734","15.0"
"RadiationandEnergyCycle","SurfaceNetSWRadiation","GEWEX.SRB","ENSEMBLE-CMIP6","Benchmark Period Mean (complement)","MeanState","global","scalar","Watt m-2","nan","15.0"
"RadiationandEnergyCycle","SurfaceNetSWRadiation","GEWEX.SRB","ENSEMBLE-CMIP6","Period Mean (original grids)","MeanState","global","scalar","Watt m-2","147.196","15.0"
"RadiationandEnergyCycle","SurfaceNetSWRadiation","GEWEX.SRB","ENSEMBLE-CMIP6","Model Period Mean (intersection)","MeanState","global","scalar","Watt m-2","147.028","15.0"
"RadiationandEnergyCycle","SurfaceNetSWRadiation","GEWEX.SRB","ENSEMBLE-CMIP6","Model Period Mean (complement)","MeanState","global","scalar","Watt m-2","nan","15.0"
"RadiationandEnergyCycle","SurfaceNetSWRadiation","GEWEX.SRB","ENSEMBLE-CMIP6","Spatial Distribution Score","MeanState","global","score","1","0.953644","15.0"
"RadiationandEnergyCycle","SurfaceNetSWRadiation","GEWEX.SRB","ENSEMBLE-CMIP6","Phase Shift","MeanState","global","scalar","months","0.505277","15.0"
"RadiationandEnergyCycle","SurfaceNetSWRadiation","GEWEX.SRB","ENSEMBLE-CMIP6","Seasonal Cycle Score","MeanState","global","score","1","0.951027","15.0"
"RadiationandEnergyCycle","SurfaceNetSWRadiation","GEWEX.SRB","ENSEMBLE-CMIP6","Bias","MeanState","global","scalar","Watt m-2","2.30903","15.0"
"RadiationandEnergyCycle","SurfaceNetSWRadiation","GEWEX.SRB","ENSEMBLE-CMIP6","Bias Score","MeanState","global","score","1","0.722105","15.0"
"RadiationandEnergyCycle","SurfaceNetSWRadiation","GEWEX.SRB","ENSEMBLE-CMIP6","RMSE","MeanState","global","scalar","Watt m-2","17.1809","15.0"
"RadiationandEnergyCycle","SurfaceNetSWRadiation","GEWEX.SRB","ENSEMBLE-CMIP6","RMSE Score","MeanState","global","score","1","0.757456","15.0"
"RadiationandEnergyCycle","SurfaceNetSWRadiation","GEWEX.SRB","ENSEMBLE-CMIP6","Overall Score","MeanState","global","score","1","0.828338","15.0"
"RadiationandEnergyCycle","SurfaceNetSWRadiation","WRMC.BSRN","4597_2026-03-05_uncalib","Period Mean (original grids)","MeanState","global","scalar","Watt m-2","133.336","12.0"
"RadiationandEnergyCycle","SurfaceNetSWRadiation","WRMC.BSRN","4597_2026-03-05_uncalib","Bias","MeanState","global","scalar","Watt m-2","8.15996","12.0"
"RadiationandEnergyCycle","SurfaceNetSWRadiation","WRMC.BSRN","4597_2026-03-05_uncalib","Bias Score","MeanState","global","score","1","0.780465","12.0"
"RadiationandEnergyCycle","SurfaceNetSWRadiation","WRMC.BSRN","4597_2026-03-05_uncalib","Phase Shift","MeanState","global","scalar","months","0.169444","12.0"
"RadiationandEnergyCycle","SurfaceNetSWRadiation","WRMC.BSRN","4597_2026-03-05_uncalib","Seasonal Cycle Score","MeanState","global","score","1","0.988776","12.0"
"RadiationandEnergyCycle","SurfaceNetSWRadiation","WRMC.BSRN","4597_2026-03-05_uncalib","RMSE","MeanState","global","scalar","Watt m-2","23.7188","12.0"
"RadiationandEnergyCycle","SurfaceNetSWRadiation","WRMC.BSRN","4597_2026-03-05_uncalib","RMSE Score","MeanState","global","score","1","0.777566","12.0"
"RadiationandEnergyCycle","SurfaceNetSWRadiation","WRMC.BSRN","4597_2026-03-05_uncalib","Overall Score","MeanState","global","score","1","0.831093","12.0"
"RadiationandEnergyCycle","SurfaceNetSWRadiation","WRMC.BSRN","4598_2026-03-05_latest","Period Mean (original grids)","MeanState","global","scalar","Watt m-2","134.382","12.0"
"RadiationandEnergyCycle","SurfaceNetSWRadiation","WRMC.BSRN","4598_2026-03-05_latest","Bias","MeanState","global","scalar","Watt m-2","9.46782","12.0"
"RadiationandEnergyCycle","SurfaceNetSWRadiation","WRMC.BSRN","4598_2026-03-05_latest","Bias Score","MeanState","global","score","1","0.789455","12.0"
"RadiationandEnergyCycle","SurfaceNetSWRadiation","WRMC.BSRN","4598_2026-03-05_latest","Phase Shift","MeanState","global","scalar","months","0.169444","12.0"
"RadiationandEnergyCycle","SurfaceNetSWRadiation","WRMC.BSRN","4598_2026-03-05_latest","Seasonal Cycle Score","MeanState","global","score","1","0.988776","12.0"
"RadiationandEnergyCycle","SurfaceNetSWRadiation","WRMC.BSRN","4598_2026-03-05_latest","RMSE","MeanState","global","scalar","Watt m-2","23.0158","12.0"
"RadiationandEnergyCycle","SurfaceNetSWRadiation","WRMC.BSRN","4598_2026-03-05_latest","RMSE Score","MeanState","global","score","1","0.785969","12.0"
"RadiationandEnergyCycle","SurfaceNetSWRadiation","WRMC.BSRN","4598_2026-03-05_latest","Overall Score","MeanState","global","score","1","0.837542","12.0"
"RadiationandEnergyCycle","SurfaceNetSWRadiation","WRMC.BSRN","ENSEMBLE-CMIP6","Period Mean (original grids)","MeanState","global","scalar","Watt m-2","141.558","12.0"
"RadiationandEnergyCycle","SurfaceNetSWRadiation","WRMC.BSRN","ENSEMBLE-CMIP6","Bias","MeanState","global","scalar","Watt m-2","21.7134","12.0"
"RadiationandEnergyCycle","SurfaceNetSWRadiation","WRMC.BSRN","ENSEMBLE-CMIP6","Bias Score","MeanState","global","score","1","0.781315","12.0"
"RadiationandEnergyCycle","SurfaceNetSWRadiation","WRMC.BSRN","ENSEMBLE-CMIP6","Phase Shift","MeanState","global","scalar","months","0.406667","12.0"
"RadiationandEnergyCycle","SurfaceNetSWRadiation","WRMC.BSRN","ENSEMBLE-CMIP6","Seasonal Cycle Score","MeanState","global","score","1","0.973061","12.0"
"RadiationandEnergyCycle","SurfaceNetSWRadiation","WRMC.BSRN","ENSEMBLE-CMIP6","RMSE","MeanState","global","scalar","Watt m-2","46.0757","12.0"
"RadiationandEnergyCycle","SurfaceNetSWRadiation","WRMC.BSRN","ENSEMBLE-CMIP6","RMSE Score","MeanState","global","score","1","0.69537","12.0"
"RadiationandEnergyCycle","SurfaceNetSWRadiation","WRMC.BSRN","ENSEMBLE-CMIP6","Overall Score","MeanState","global","score","1","0.786279","12.0"
"RadiationandEnergyCycle","SurfaceUpwardLWRadiation","CERESed4.2","4597_2026-03-05_uncalib","Benchmark Period Mean (intersection)","MeanState","global","scalar","W m-2","373.335","15.0"
"RadiationandEnergyCycle","SurfaceUpwardLWRadiation","CERESed4.2","4597_2026-03-05_uncalib","Benchmark Period Mean (complement)","MeanState","global","scalar","W m-2","399.933","15.0"
"RadiationandEnergyCycle","SurfaceUpwardLWRadiation","CERESed4.2","4597_2026-03-05_uncalib","Period Mean (original grids)","MeanState","global","scalar","W m-2","373.19","15.0"
"RadiationandEnergyCycle","SurfaceUpwardLWRadiation","CERESed4.2","4597_2026-03-05_uncalib","Model Period Mean (intersection)","MeanState","global","scalar","W m-2","373.189","15.0"
"RadiationandEnergyCycle","SurfaceUpwardLWRadiation","CERESed4.2","4597_2026-03-05_uncalib","Model Period Mean (complement)","MeanState","global","scalar","W m-2","nan","15.0"
"RadiationandEnergyCycle","SurfaceUpwardLWRadiation","CERESed4.2","4597_2026-03-05_uncalib","Spatial Distribution Score","MeanState","global","score","1","0.999502","15.0"
"RadiationandEnergyCycle","SurfaceUpwardLWRadiation","CERESed4.2","4597_2026-03-05_uncalib","Phase Shift","MeanState","global","scalar","months","0.397504","15.0"
"RadiationandEnergyCycle","SurfaceUpwardLWRadiation","CERESed4.2","4597_2026-03-05_uncalib","Seasonal Cycle Score","MeanState","global","score","1","0.959495","15.0"
"RadiationandEnergyCycle","SurfaceUpwardLWRadiation","CERESed4.2","4597_2026-03-05_uncalib","Bias","MeanState","global","scalar","W m-2","-0.146629","15.0"
"RadiationandEnergyCycle","SurfaceUpwardLWRadiation","CERESed4.2","4597_2026-03-05_uncalib","Bias Score","MeanState","global","score","1","0.732138","15.0"
"RadiationandEnergyCycle","SurfaceUpwardLWRadiation","CERESed4.2","4597_2026-03-05_uncalib","RMSE","MeanState","global","scalar","W m-2","11.9334","15.0"
"RadiationandEnergyCycle","SurfaceUpwardLWRadiation","CERESed4.2","4597_2026-03-05_uncalib","RMSE Score","MeanState","global","score","1","0.80895","15.0"
"RadiationandEnergyCycle","SurfaceUpwardLWRadiation","CERESed4.2","4597_2026-03-05_uncalib","Overall Score","MeanState","global","score","1","0.861807","15.0"
"RadiationandEnergyCycle","SurfaceUpwardLWRadiation","CERESed4.2","4598_2026-03-05_latest","Benchmark Period Mean (intersection)","MeanState","global","scalar","W m-2","373.335","15.0"
"RadiationandEnergyCycle","SurfaceUpwardLWRadiation","CERESed4.2","4598_2026-03-05_latest","Benchmark Period Mean (complement)","MeanState","global","scalar","W m-2","399.933","15.0"
"RadiationandEnergyCycle","SurfaceUpwardLWRadiation","CERESed4.2","4598_2026-03-05_latest","Period Mean (original grids)","MeanState","global","scalar","W m-2","373.878","15.0"
"RadiationandEnergyCycle","SurfaceUpwardLWRadiation","CERESed4.2","4598_2026-03-05_latest","Model Period Mean (intersection)","MeanState","global","scalar","W m-2","373.878","15.0"
"RadiationandEnergyCycle","SurfaceUpwardLWRadiation","CERESed4.2","4598_2026-03-05_latest","Model Period Mean (complement)","MeanState","global","scalar","W m-2","nan","15.0"
"RadiationandEnergyCycle","SurfaceUpwardLWRadiation","CERESed4.2","4598_2026-03-05_latest","Spatial Distribution Score","MeanState","global","score","1","0.99954","15.0"
"RadiationandEnergyCycle","SurfaceUpwardLWRadiation","CERESed4.2","4598_2026-03-05_latest","Phase Shift","MeanState","global","scalar","months","0.385829","15.0"
"RadiationandEnergyCycle","SurfaceUpwardLWRadiation","CERESed4.2","4598_2026-03-05_latest","Seasonal Cycle Score","MeanState","global","score","1","0.960162","15.0"
"RadiationandEnergyCycle","SurfaceUpwardLWRadiation","CERESed4.2","4598_2026-03-05_latest","Bias","MeanState","global","scalar","W m-2","0.542905","15.0"
"RadiationandEnergyCycle","SurfaceUpwardLWRadiation","CERESed4.2","4598_2026-03-05_latest","Bias Score","MeanState","global","score","1","0.734027","15.0"
"RadiationandEnergyCycle","SurfaceUpwardLWRadiation","CERESed4.2","4598_2026-03-05_latest","RMSE","MeanState","global","scalar","W m-2","11.762","15.0"
"RadiationandEnergyCycle","SurfaceUpwardLWRadiation","CERESed4.2","4598_2026-03-05_latest","RMSE Score","MeanState","global","score","1","0.80511","15.0"
"RadiationandEnergyCycle","SurfaceUpwardLWRadiation","CERESed4.2","4598_2026-03-05_latest","Overall Score","MeanState","global","score","1","0.86079","15.0"
"RadiationandEnergyCycle","SurfaceUpwardLWRadiation","CERESed4.2","ENSEMBLE-CMIP6","Benchmark Period Mean (intersection)","MeanState","global","scalar","W m-2","376.699","15.0"
"RadiationandEnergyCycle","SurfaceUpwardLWRadiation","CERESed4.2","ENSEMBLE-CMIP6","Benchmark Period Mean (complement)","MeanState","global","scalar","W m-2","nan","15.0"
"RadiationandEnergyCycle","SurfaceUpwardLWRadiation","CERESed4.2","ENSEMBLE-CMIP6","Period Mean (original grids)","MeanState","global","scalar","W m-2","381.986","15.0"
"RadiationandEnergyCycle","SurfaceUpwardLWRadiation","CERESed4.2","ENSEMBLE-CMIP6","Model Period Mean (intersection)","MeanState","global","scalar","W m-2","381.694","15.0"
"RadiationandEnergyCycle","SurfaceUpwardLWRadiation","CERESed4.2","ENSEMBLE-CMIP6","Model Period Mean (complement)","MeanState","global","scalar","W m-2","nan","15.0"
"RadiationandEnergyCycle","SurfaceUpwardLWRadiation","CERESed4.2","ENSEMBLE-CMIP6","Spatial Distribution Score","MeanState","global","score","1","0.999548","15.0"
"RadiationandEnergyCycle","SurfaceUpwardLWRadiation","CERESed4.2","ENSEMBLE-CMIP6","Phase Shift","MeanState","global","scalar","months","0.442077","15.0"
"RadiationandEnergyCycle","SurfaceUpwardLWRadiation","CERESed4.2","ENSEMBLE-CMIP6","Seasonal Cycle Score","MeanState","global","score","1","0.953598","15.0"
"RadiationandEnergyCycle","SurfaceUpwardLWRadiation","CERESed4.2","ENSEMBLE-CMIP6","Bias","MeanState","global","scalar","W m-2","5.0719","15.0"
"RadiationandEnergyCycle","SurfaceUpwardLWRadiation","CERESed4.2","ENSEMBLE-CMIP6","Bias Score","MeanState","global","score","1","0.700015","15.0"
"RadiationandEnergyCycle","SurfaceUpwardLWRadiation","CERESed4.2","ENSEMBLE-CMIP6","RMSE","MeanState","global","scalar","W m-2","12.3236","15.0"
"RadiationandEnergyCycle","SurfaceUpwardLWRadiation","CERESed4.2","ENSEMBLE-CMIP6","RMSE Score","MeanState","global","score","1","0.781259","15.0"
"RadiationandEnergyCycle","SurfaceUpwardLWRadiation","CERESed4.2","ENSEMBLE-CMIP6","Overall Score","MeanState","global","score","1","0.843136","15.0"
"RadiationandEnergyCycle","SurfaceUpwardLWRadiation","GEWEX.SRB","4597_2026-03-05_uncalib","Benchmark Period Mean (intersection)","MeanState","global","scalar","Watt m-2","378.662","15.0"
"RadiationandEnergyCycle","SurfaceUpwardLWRadiation","GEWEX.SRB","4597_2026-03-05_uncalib","Benchmark Period Mean (complement)","MeanState","global","scalar","Watt m-2","397.927","15.0"
"RadiationandEnergyCycle","SurfaceUpwardLWRadiation","GEWEX.SRB","4597_2026-03-05_uncalib","Period Mean (original grids)","MeanState","global","scalar","Watt m-2","373.113","15.0"
"RadiationandEnergyCycle","SurfaceUpwardLWRadiation","GEWEX.SRB","4597_2026-03-05_uncalib","Model Period Mean (intersection)","MeanState","global","scalar","Watt m-2","373.112","15.0"
"RadiationandEnergyCycle","SurfaceUpwardLWRadiation","GEWEX.SRB","4597_2026-03-05_uncalib","Model Period Mean (complement)","MeanState","global","scalar","Watt m-2","nan","15.0"
"RadiationandEnergyCycle","SurfaceUpwardLWRadiation","GEWEX.SRB","4597_2026-03-05_uncalib","Spatial Distribution Score","MeanState","global","score","1","0.99653","15.0"
"RadiationandEnergyCycle","SurfaceUpwardLWRadiation","GEWEX.SRB","4597_2026-03-05_uncalib","Phase Shift","MeanState","global","scalar","months","0.529023","15.0"
"RadiationandEnergyCycle","SurfaceUpwardLWRadiation","GEWEX.SRB","4597_2026-03-05_uncalib","Seasonal Cycle Score","MeanState","global","score","1","0.940172","15.0"
"RadiationandEnergyCycle","SurfaceUpwardLWRadiation","GEWEX.SRB","4597_2026-03-05_uncalib","Bias","MeanState","global","scalar","Watt m-2","-5.49401","15.0"
"RadiationandEnergyCycle","SurfaceUpwardLWRadiation","GEWEX.SRB","4597_2026-03-05_uncalib","Bias Score","MeanState","global","score","1","0.700589","15.0"
"RadiationandEnergyCycle","SurfaceUpwardLWRadiation","GEWEX.SRB","4597_2026-03-05_uncalib","RMSE","MeanState","global","scalar","Watt m-2","16.3433","15.0"
"RadiationandEnergyCycle","SurfaceUpwardLWRadiation","GEWEX.SRB","4597_2026-03-05_uncalib","RMSE Score","MeanState","global","score","1","0.76917","15.0"
"RadiationandEnergyCycle","SurfaceUpwardLWRadiation","GEWEX.SRB","4597_2026-03-05_uncalib","Overall Score","MeanState","global","score","1","0.835126","15.0"
"RadiationandEnergyCycle","SurfaceUpwardLWRadiation","GEWEX.SRB","4598_2026-03-05_latest","Benchmark Period Mean (intersection)","MeanState","global","scalar","Watt m-2","378.662","15.0"
"RadiationandEnergyCycle","SurfaceUpwardLWRadiation","GEWEX.SRB","4598_2026-03-05_latest","Benchmark Period Mean (complement)","MeanState","global","scalar","Watt m-2","397.927","15.0"
"RadiationandEnergyCycle","SurfaceUpwardLWRadiation","GEWEX.SRB","4598_2026-03-05_latest","Period Mean (original grids)","MeanState","global","scalar","Watt m-2","373.767","15.0"
"RadiationandEnergyCycle","SurfaceUpwardLWRadiation","GEWEX.SRB","4598_2026-03-05_latest","Model Period Mean (intersection)","MeanState","global","scalar","Watt m-2","373.768","15.0"
"RadiationandEnergyCycle","SurfaceUpwardLWRadiation","GEWEX.SRB","4598_2026-03-05_latest","Model Period Mean (complement)","MeanState","global","scalar","Watt m-2","nan","15.0"
"RadiationandEnergyCycle","SurfaceUpwardLWRadiation","GEWEX.SRB","4598_2026-03-05_latest","Spatial Distribution Score","MeanState","global","score","1","0.996671","15.0"
"RadiationandEnergyCycle","SurfaceUpwardLWRadiation","GEWEX.SRB","4598_2026-03-05_latest","Phase Shift","MeanState","global","scalar","months","0.537448","15.0"
"RadiationandEnergyCycle","SurfaceUpwardLWRadiation","GEWEX.SRB","4598_2026-03-05_latest","Seasonal Cycle Score","MeanState","global","score","1","0.939131","15.0"
"RadiationandEnergyCycle","SurfaceUpwardLWRadiation","GEWEX.SRB","4598_2026-03-05_latest","Bias","MeanState","global","scalar","Watt m-2","-4.84203","15.0"
"RadiationandEnergyCycle","SurfaceUpwardLWRadiation","GEWEX.SRB","4598_2026-03-05_latest","Bias Score","MeanState","global","score","1","0.699367","15.0"
"RadiationandEnergyCycle","SurfaceUpwardLWRadiation","GEWEX.SRB","4598_2026-03-05_latest","RMSE","MeanState","global","scalar","Watt m-2","16.1755","15.0"
"RadiationandEnergyCycle","SurfaceUpwardLWRadiation","GEWEX.SRB","4598_2026-03-05_latest","RMSE Score","MeanState","global","score","1","0.762325","15.0"
"RadiationandEnergyCycle","SurfaceUpwardLWRadiation","GEWEX.SRB","4598_2026-03-05_latest","Overall Score","MeanState","global","score","1","0.831964","15.0"
"RadiationandEnergyCycle","SurfaceUpwardLWRadiation","GEWEX.SRB","ENSEMBLE-CMIP6","Benchmark Period Mean (intersection)","MeanState","global","scalar","Watt m-2","378.305","15.0"
"RadiationandEnergyCycle","SurfaceUpwardLWRadiation","GEWEX.SRB","ENSEMBLE-CMIP6","Benchmark Period Mean (complement)","MeanState","global","scalar","Watt m-2","nan","15.0"
"RadiationandEnergyCycle","SurfaceUpwardLWRadiation","GEWEX.SRB","ENSEMBLE-CMIP6","Period Mean (original grids)","MeanState","global","scalar","Watt m-2","379.297","15.0"
"RadiationandEnergyCycle","SurfaceUpwardLWRadiation","GEWEX.SRB","ENSEMBLE-CMIP6","Model Period Mean (intersection)","MeanState","global","scalar","Watt m-2","379.003","15.0"
"RadiationandEnergyCycle","SurfaceUpwardLWRadiation","GEWEX.SRB","ENSEMBLE-CMIP6","Model Period Mean (complement)","MeanState","global","scalar","Watt m-2","nan","15.0"
"RadiationandEnergyCycle","SurfaceUpwardLWRadiation","GEWEX.SRB","ENSEMBLE-CMIP6","Spatial Distribution Score","MeanState","global","score","1","0.996332","15.0"
"RadiationandEnergyCycle","SurfaceUpwardLWRadiation","GEWEX.SRB","ENSEMBLE-CMIP6","Phase Shift","MeanState","global","scalar","months","0.503351","15.0"
"RadiationandEnergyCycle","SurfaceUpwardLWRadiation","GEWEX.SRB","ENSEMBLE-CMIP6","Seasonal Cycle Score","MeanState","global","score","1","0.944586","15.0"
"RadiationandEnergyCycle","SurfaceUpwardLWRadiation","GEWEX.SRB","ENSEMBLE-CMIP6","Bias","MeanState","global","scalar","Watt m-2","0.708182","15.0"
"RadiationandEnergyCycle","SurfaceUpwardLWRadiation","GEWEX.SRB","ENSEMBLE-CMIP6","Bias Score","MeanState","global","score","1","0.709985","15.0"
"RadiationandEnergyCycle","SurfaceUpwardLWRadiation","GEWEX.SRB","ENSEMBLE-CMIP6","RMSE","MeanState","global","scalar","Watt m-2","14.4398","15.0"
"RadiationandEnergyCycle","SurfaceUpwardLWRadiation","GEWEX.SRB","ENSEMBLE-CMIP6","RMSE Score","MeanState","global","score","1","0.759753","15.0"
"RadiationandEnergyCycle","SurfaceUpwardLWRadiation","GEWEX.SRB","ENSEMBLE-CMIP6","Overall Score","MeanState","global","score","1","0.834082","15.0"
"RadiationandEnergyCycle","SurfaceUpwardLWRadiation","WRMC.BSRN","4597_2026-03-05_uncalib","Period Mean (original grids)","MeanState","global","scalar","Watt m-2","363.065","12.0"
"RadiationandEnergyCycle","SurfaceUpwardLWRadiation","WRMC.BSRN","4597_2026-03-05_uncalib","Bias","MeanState","global","scalar","Watt m-2","-3.5925","12.0"
"RadiationandEnergyCycle","SurfaceUpwardLWRadiation","WRMC.BSRN","4597_2026-03-05_uncalib","Bias Score","MeanState","global","score","1","0.87431","12.0"
"RadiationandEnergyCycle","SurfaceUpwardLWRadiation","WRMC.BSRN","4597_2026-03-05_uncalib","Phase Shift","MeanState","global","scalar","months","0.0794872","12.0"
"RadiationandEnergyCycle","SurfaceUpwardLWRadiation","WRMC.BSRN","4597_2026-03-05_uncalib","Seasonal Cycle Score","MeanState","global","score","1","0.994652","12.0"
"RadiationandEnergyCycle","SurfaceUpwardLWRadiation","WRMC.BSRN","4597_2026-03-05_uncalib","RMSE","MeanState","global","scalar","Watt m-2","9.79573","12.0"
"RadiationandEnergyCycle","SurfaceUpwardLWRadiation","WRMC.BSRN","4597_2026-03-05_uncalib","RMSE Score","MeanState","global","score","1","0.889386","12.0"
"RadiationandEnergyCycle","SurfaceUpwardLWRadiation","WRMC.BSRN","4597_2026-03-05_uncalib","Overall Score","MeanState","global","score","1","0.911934","12.0"
"RadiationandEnergyCycle","SurfaceUpwardLWRadiation","WRMC.BSRN","4598_2026-03-05_latest","Period Mean (original grids)","MeanState","global","scalar","Watt m-2","363.444","12.0"
"RadiationandEnergyCycle","SurfaceUpwardLWRadiation","WRMC.BSRN","4598_2026-03-05_latest","Bias","MeanState","global","scalar","Watt m-2","-3.10332","12.0"
"RadiationandEnergyCycle","SurfaceUpwardLWRadiation","WRMC.BSRN","4598_2026-03-05_latest","Bias Score","MeanState","global","score","1","0.880532","12.0"
"RadiationandEnergyCycle","SurfaceUpwardLWRadiation","WRMC.BSRN","4598_2026-03-05_latest","Phase Shift","MeanState","global","scalar","months","0.158974","12.0"
"RadiationandEnergyCycle","SurfaceUpwardLWRadiation","WRMC.BSRN","4598_2026-03-05_latest","Seasonal Cycle Score","MeanState","global","score","1","0.989305","12.0"
"RadiationandEnergyCycle","SurfaceUpwardLWRadiation","WRMC.BSRN","4598_2026-03-05_latest","RMSE","MeanState","global","scalar","Watt m-2","9.45477","12.0"
"RadiationandEnergyCycle","SurfaceUpwardLWRadiation","WRMC.BSRN","4598_2026-03-05_latest","RMSE Score","MeanState","global","score","1","0.887643","12.0"
"RadiationandEnergyCycle","SurfaceUpwardLWRadiation","WRMC.BSRN","4598_2026-03-05_latest","Overall Score","MeanState","global","score","1","0.91128","12.0"
"RadiationandEnergyCycle","SurfaceUpwardLWRadiation","WRMC.BSRN","ENSEMBLE-CMIP6","Period Mean (original grids)","MeanState","global","scalar","Watt m-2","374.262","12.0"
"RadiationandEnergyCycle","SurfaceUpwardLWRadiation","WRMC.BSRN","ENSEMBLE-CMIP6","Bias","MeanState","global","scalar","Watt m-2","-1.3131","12.0"
"RadiationandEnergyCycle","SurfaceUpwardLWRadiation","WRMC.BSRN","ENSEMBLE-CMIP6","Bias Score","MeanState","global","score","1","0.846245","12.0"
"RadiationandEnergyCycle","SurfaceUpwardLWRadiation","WRMC.BSRN","ENSEMBLE-CMIP6","Phase Shift","MeanState","global","scalar","months","0.221429","12.0"
"RadiationandEnergyCycle","SurfaceUpwardLWRadiation","WRMC.BSRN","ENSEMBLE-CMIP6","Seasonal Cycle Score","MeanState","global","score","1","0.985103","12.0"
"RadiationandEnergyCycle","SurfaceUpwardLWRadiation","WRMC.BSRN","ENSEMBLE-CMIP6","RMSE","MeanState","global","scalar","Watt m-2","19.4681","12.0"
"RadiationandEnergyCycle","SurfaceUpwardLWRadiation","WRMC.BSRN","ENSEMBLE-CMIP6","RMSE Score","MeanState","global","score","1","0.779309","12.0"
"RadiationandEnergyCycle","SurfaceUpwardLWRadiation","WRMC.BSRN","ENSEMBLE-CMIP6","Overall Score","MeanState","global","score","1","0.847492","12.0"
"RadiationandEnergyCycle","SurfaceUpwardLWRadiation","ERA5","4597_2026-03-05_uncalib","Benchmark Period Mean (intersection)","MeanState","global","scalar","W m-2","372.726","15.0"
"RadiationandEnergyCycle","SurfaceUpwardLWRadiation","ERA5","4597_2026-03-05_uncalib","Benchmark Period Mean (complement)","MeanState","global","scalar","W m-2","396.237","15.0"
"RadiationandEnergyCycle","SurfaceUpwardLWRadiation","ERA5","4597_2026-03-05_uncalib","Period Mean (original grids)","MeanState","global","scalar","W m-2","373.19","15.0"
"RadiationandEnergyCycle","SurfaceUpwardLWRadiation","ERA5","4597_2026-03-05_uncalib","Model Period Mean (intersection)","MeanState","global","scalar","W m-2","373.202","15.0"
"RadiationandEnergyCycle","SurfaceUpwardLWRadiation","ERA5","4597_2026-03-05_uncalib","Model Period Mean (complement)","MeanState","global","scalar","W m-2","nan","15.0"
"RadiationandEnergyCycle","SurfaceUpwardLWRadiation","ERA5","4597_2026-03-05_uncalib","Spatial Distribution Score","MeanState","global","score","1","0.999451","15.0"
"RadiationandEnergyCycle","SurfaceUpwardLWRadiation","ERA5","4597_2026-03-05_uncalib","Phase Shift","MeanState","global","scalar","months","0.235984","15.0"
"RadiationandEnergyCycle","SurfaceUpwardLWRadiation","ERA5","4597_2026-03-05_uncalib","Seasonal Cycle Score","MeanState","global","score","1","0.975769","15.0"
"RadiationandEnergyCycle","SurfaceUpwardLWRadiation","ERA5","4597_2026-03-05_uncalib","Bias","MeanState","global","scalar","W m-2","0.36365","15.0"
"RadiationandEnergyCycle","SurfaceUpwardLWRadiation","ERA5","4597_2026-03-05_uncalib","Bias Score","MeanState","global","score","1","0.81038","15.0"
"RadiationandEnergyCycle","SurfaceUpwardLWRadiation","ERA5","4597_2026-03-05_uncalib","RMSE","MeanState","global","scalar","W m-2","5.76752","15.0"
"RadiationandEnergyCycle","SurfaceUpwardLWRadiation","ERA5","4597_2026-03-05_uncalib","RMSE Score","MeanState","global","score","1","0.89066","15.0"
"RadiationandEnergyCycle","SurfaceUpwardLWRadiation","ERA5","4597_2026-03-05_uncalib","Overall Score","MeanState","global","score","1","0.913384","15.0"
"RadiationandEnergyCycle","SurfaceUpwardLWRadiation","ERA5","4598_2026-03-05_latest","Benchmark Period Mean (intersection)","MeanState","global","scalar","W m-2","372.726","15.0"
"RadiationandEnergyCycle","SurfaceUpwardLWRadiation","ERA5","4598_2026-03-05_latest","Benchmark Period Mean (complement)","MeanState","global","scalar","W m-2","396.237","15.0"
"RadiationandEnergyCycle","SurfaceUpwardLWRadiation","ERA5","4598_2026-03-05_latest","Period Mean (original grids)","MeanState","global","scalar","W m-2","373.878","15.0"
"RadiationandEnergyCycle","SurfaceUpwardLWRadiation","ERA5","4598_2026-03-05_latest","Model Period Mean (intersection)","MeanState","global","scalar","W m-2","373.891","15.0"
"RadiationandEnergyCycle","SurfaceUpwardLWRadiation","ERA5","4598_2026-03-05_latest","Model Period Mean (complement)","MeanState","global","scalar","W m-2","nan","15.0"
"RadiationandEnergyCycle","SurfaceUpwardLWRadiation","ERA5","4598_2026-03-05_latest","Spatial Distribution Score","MeanState","global","score","1","0.99942","15.0"
"RadiationandEnergyCycle","SurfaceUpwardLWRadiation","ERA5","4598_2026-03-05_latest","Phase Shift","MeanState","global","scalar","months","0.231425","15.0"
"RadiationandEnergyCycle","SurfaceUpwardLWRadiation","ERA5","4598_2026-03-05_latest","Seasonal Cycle Score","MeanState","global","score","1","0.975936","15.0"
"RadiationandEnergyCycle","SurfaceUpwardLWRadiation","ERA5","4598_2026-03-05_latest","Bias","MeanState","global","scalar","W m-2","1.04601","15.0"
"RadiationandEnergyCycle","SurfaceUpwardLWRadiation","ERA5","4598_2026-03-05_latest","Bias Score","MeanState","global","score","1","0.806002","15.0"
"RadiationandEnergyCycle","SurfaceUpwardLWRadiation","ERA5","4598_2026-03-05_latest","RMSE","MeanState","global","scalar","W m-2","5.95419","15.0"
"RadiationandEnergyCycle","SurfaceUpwardLWRadiation","ERA5","4598_2026-03-05_latest","RMSE Score","MeanState","global","score","1","0.874847","15.0"
"RadiationandEnergyCycle","SurfaceUpwardLWRadiation","ERA5","4598_2026-03-05_latest","Overall Score","MeanState","global","score","1","0.906211","15.0"
"RadiationandEnergyCycle","SurfaceUpwardLWRadiation","ERA5","ENSEMBLE-CMIP6","Benchmark Period Mean (intersection)","MeanState","global","scalar","W m-2","374.292","15.0"
"RadiationandEnergyCycle","SurfaceUpwardLWRadiation","ERA5","ENSEMBLE-CMIP6","Benchmark Period Mean (complement)","MeanState","global","scalar","W m-2","nan","15.0"
"RadiationandEnergyCycle","SurfaceUpwardLWRadiation","ERA5","ENSEMBLE-CMIP6","Period Mean (original grids)","MeanState","global","scalar","W m-2","379.59","15.0"
"RadiationandEnergyCycle","SurfaceUpwardLWRadiation","ERA5","ENSEMBLE-CMIP6","Model Period Mean (intersection)","MeanState","global","scalar","W m-2","378.798","15.0"
"RadiationandEnergyCycle","SurfaceUpwardLWRadiation","ERA5","ENSEMBLE-CMIP6","Model Period Mean (complement)","MeanState","global","scalar","W m-2","nan","15.0"
"RadiationandEnergyCycle","SurfaceUpwardLWRadiation","ERA5","ENSEMBLE-CMIP6","Spatial Distribution Score","MeanState","global","score","1","0.999431","15.0"
"RadiationandEnergyCycle","SurfaceUpwardLWRadiation","ERA5","ENSEMBLE-CMIP6","Phase Shift","MeanState","global","scalar","months","0.428542","15.0"
"RadiationandEnergyCycle","SurfaceUpwardLWRadiation","ERA5","ENSEMBLE-CMIP6","Seasonal Cycle Score","MeanState","global","score","1","0.955404","15.0"
"RadiationandEnergyCycle","SurfaceUpwardLWRadiation","ERA5","ENSEMBLE-CMIP6","Bias","MeanState","global","scalar","W m-2","4.54202","15.0"
"RadiationandEnergyCycle","SurfaceUpwardLWRadiation","ERA5","ENSEMBLE-CMIP6","Bias Score","MeanState","global","score","1","0.70483","15.0"
"RadiationandEnergyCycle","SurfaceUpwardLWRadiation","ERA5","ENSEMBLE-CMIP6","RMSE","MeanState","global","scalar","W m-2","11.8964","15.0"
"RadiationandEnergyCycle","SurfaceUpwardLWRadiation","ERA5","ENSEMBLE-CMIP6","RMSE Score","MeanState","global","score","1","0.778798","15.0"
"RadiationandEnergyCycle","SurfaceUpwardLWRadiation","ERA5","ENSEMBLE-CMIP6","Overall Score","MeanState","global","score","1","0.843452","15.0"
"RadiationandEnergyCycle","SurfaceNetLWRadiation","CERESed4.2","4597_2026-03-05_uncalib","Benchmark Period Mean (intersection)","MeanState","global","scalar","W m-2","-63.0248","15.0"
"RadiationandEnergyCycle","SurfaceNetLWRadiation","CERESed4.2","4597_2026-03-05_uncalib","Benchmark Period Mean (complement)","MeanState","global","scalar","W m-2","-51.9313","15.0"
"RadiationandEnergyCycle","SurfaceNetLWRadiation","CERESed4.2","4597_2026-03-05_uncalib","Period Mean (original grids)","MeanState","global","scalar","W m-2","-67.9887","15.0"
"RadiationandEnergyCycle","SurfaceNetLWRadiation","CERESed4.2","4597_2026-03-05_uncalib","Model Period Mean (intersection)","MeanState","global","scalar","W m-2","-67.9807","15.0"
"RadiationandEnergyCycle","SurfaceNetLWRadiation","CERESed4.2","4597_2026-03-05_uncalib","Model Period Mean (complement)","MeanState","global","scalar","W m-2","nan","15.0"
"RadiationandEnergyCycle","SurfaceNetLWRadiation","CERESed4.2","4597_2026-03-05_uncalib","Spatial Distribution Score","MeanState","global","score","1","0.991189","15.0"
"RadiationandEnergyCycle","SurfaceNetLWRadiation","CERESed4.2","4597_2026-03-05_uncalib","Phase Shift","MeanState","global","scalar","months","1.32659","15.0"
"RadiationandEnergyCycle","SurfaceNetLWRadiation","CERESed4.2","4597_2026-03-05_uncalib","Seasonal Cycle Score","MeanState","global","score","1","0.807471","15.0"
"RadiationandEnergyCycle","SurfaceNetLWRadiation","CERESed4.2","4597_2026-03-05_uncalib","Bias","MeanState","global","scalar","W m-2","-4.95589","15.0"
"RadiationandEnergyCycle","SurfaceNetLWRadiation","CERESed4.2","4597_2026-03-05_uncalib","Bias Score","MeanState","global","score","1","0.595124","15.0"
"RadiationandEnergyCycle","SurfaceNetLWRadiation","CERESed4.2","4597_2026-03-05_uncalib","RMSE","MeanState","global","scalar","W m-2","11.6276","15.0"
"RadiationandEnergyCycle","SurfaceNetLWRadiation","CERESed4.2","4597_2026-03-05_uncalib","RMSE Score","MeanState","global","score","1","0.642433","15.0"
"RadiationandEnergyCycle","SurfaceNetLWRadiation","CERESed4.2","4597_2026-03-05_uncalib","Overall Score","MeanState","global","score","1","0.73573","15.0"
"RadiationandEnergyCycle","SurfaceNetLWRadiation","CERESed4.2","4598_2026-03-05_latest","Benchmark Period Mean (intersection)","MeanState","global","scalar","W m-2","-63.0248","15.0"
"RadiationandEnergyCycle","SurfaceNetLWRadiation","CERESed4.2","4598_2026-03-05_latest","Benchmark Period Mean (complement)","MeanState","global","scalar","W m-2","-51.9313","15.0"
"RadiationandEnergyCycle","SurfaceNetLWRadiation","CERESed4.2","4598_2026-03-05_latest","Period Mean (original grids)","MeanState","global","scalar","W m-2","-68.6774","15.0"
"RadiationandEnergyCycle","SurfaceNetLWRadiation","CERESed4.2","4598_2026-03-05_latest","Model Period Mean (intersection)","MeanState","global","scalar","W m-2","-68.6702","15.0"
"RadiationandEnergyCycle","SurfaceNetLWRadiation","CERESed4.2","4598_2026-03-05_latest","Model Period Mean (complement)","MeanState","global","scalar","W m-2","nan","15.0"
"RadiationandEnergyCycle","SurfaceNetLWRadiation","CERESed4.2","4598_2026-03-05_latest","Spatial Distribution Score","MeanState","global","score","1","0.991776","15.0"
"RadiationandEnergyCycle","SurfaceNetLWRadiation","CERESed4.2","4598_2026-03-05_latest","Phase Shift","MeanState","global","scalar","months","1.3493","15.0"
"RadiationandEnergyCycle","SurfaceNetLWRadiation","CERESed4.2","4598_2026-03-05_latest","Seasonal Cycle Score","MeanState","global","score","1","0.802676","15.0"
"RadiationandEnergyCycle","SurfaceNetLWRadiation","CERESed4.2","4598_2026-03-05_latest","Bias","MeanState","global","scalar","W m-2","-5.64543","15.0"
"RadiationandEnergyCycle","SurfaceNetLWRadiation","CERESed4.2","4598_2026-03-05_latest","Bias Score","MeanState","global","score","1","0.597959","15.0"
"RadiationandEnergyCycle","SurfaceNetLWRadiation","CERESed4.2","4598_2026-03-05_latest","RMSE","MeanState","global","scalar","W m-2","11.8184","15.0"
"RadiationandEnergyCycle","SurfaceNetLWRadiation","CERESed4.2","4598_2026-03-05_latest","RMSE Score","MeanState","global","score","1","0.635324","15.0"
"RadiationandEnergyCycle","SurfaceNetLWRadiation","CERESed4.2","4598_2026-03-05_latest","Overall Score","MeanState","global","score","1","0.732612","15.0"
"RadiationandEnergyCycle","SurfaceNetLWRadiation","CERESed4.2","ENSEMBLE-CMIP6","Benchmark Period Mean (intersection)","MeanState","global","scalar","W m-2","-61.514","15.0"
"RadiationandEnergyCycle","SurfaceNetLWRadiation","CERESed4.2","ENSEMBLE-CMIP6","Benchmark Period Mean (complement)","MeanState","global","scalar","W m-2","nan","15.0"
"RadiationandEnergyCycle","SurfaceNetLWRadiation","CERESed4.2","ENSEMBLE-CMIP6","Period Mean (original grids)","MeanState","global","scalar","W m-2","-66.242","15.0"
"RadiationandEnergyCycle","SurfaceNetLWRadiation","CERESed4.2","ENSEMBLE-CMIP6","Model Period Mean (intersection)","MeanState","global","scalar","W m-2","-66.1849","15.0"
"RadiationandEnergyCycle","SurfaceNetLWRadiation","CERESed4.2","ENSEMBLE-CMIP6","Model Period Mean (complement)","MeanState","global","scalar","W m-2","nan","15.0"
"RadiationandEnergyCycle","SurfaceNetLWRadiation","CERESed4.2","ENSEMBLE-CMIP6","Spatial Distribution Score","MeanState","global","score","1","0.98212","15.0"
"RadiationandEnergyCycle","SurfaceNetLWRadiation","CERESed4.2","ENSEMBLE-CMIP6","Phase Shift","MeanState","global","scalar","months","1.41808","15.0"
"RadiationandEnergyCycle","SurfaceNetLWRadiation","CERESed4.2","ENSEMBLE-CMIP6","Seasonal Cycle Score","MeanState","global","score","1","0.800978","15.0"
"RadiationandEnergyCycle","SurfaceNetLWRadiation","CERESed4.2","ENSEMBLE-CMIP6","Bias","MeanState","global","scalar","W m-2","-4.65026","15.0"
"RadiationandEnergyCycle","SurfaceNetLWRadiation","CERESed4.2","ENSEMBLE-CMIP6","Bias Score","MeanState","global","score","1","0.573265","15.0"
"RadiationandEnergyCycle","SurfaceNetLWRadiation","CERESed4.2","ENSEMBLE-CMIP6","RMSE","MeanState","global","scalar","W m-2","11.7335","15.0"
"RadiationandEnergyCycle","SurfaceNetLWRadiation","CERESed4.2","ENSEMBLE-CMIP6","RMSE Score","MeanState","global","score","1","0.620093","15.0"
"RadiationandEnergyCycle","SurfaceNetLWRadiation","CERESed4.2","ENSEMBLE-CMIP6","Overall Score","MeanState","global","score","1","0.71931","15.0"
"RadiationandEnergyCycle","SurfaceNetLWRadiation","GEWEX.SRB","4597_2026-03-05_uncalib","Benchmark Period Mean (intersection)","MeanState","global","scalar","Watt m-2","-69.4593","15.0"
"RadiationandEnergyCycle","SurfaceNetLWRadiation","GEWEX.SRB","4597_2026-03-05_uncalib","Benchmark Period Mean (complement)","MeanState","global","scalar","Watt m-2","-54.3661","15.0"
"RadiationandEnergyCycle","SurfaceNetLWRadiation","GEWEX.SRB","4597_2026-03-05_uncalib","Period Mean (original grids)","MeanState","global","scalar","Watt m-2","-68.1451","15.0"
"RadiationandEnergyCycle","SurfaceNetLWRadiation","GEWEX.SRB","4597_2026-03-05_uncalib","Model Period Mean (intersection)","MeanState","global","scalar","Watt m-2","-68.1372","15.0"
"RadiationandEnergyCycle","SurfaceNetLWRadiation","GEWEX.SRB","4597_2026-03-05_uncalib","Model Period Mean (complement)","MeanState","global","scalar","Watt m-2","nan","15.0"
"RadiationandEnergyCycle","SurfaceNetLWRadiation","GEWEX.SRB","4597_2026-03-05_uncalib","Spatial Distribution Score","MeanState","global","score","1","0.93129","15.0"
"RadiationandEnergyCycle","SurfaceNetLWRadiation","GEWEX.SRB","4597_2026-03-05_uncalib","Phase Shift","MeanState","global","scalar","months","1.09316","15.0"
"RadiationandEnergyCycle","SurfaceNetLWRadiation","GEWEX.SRB","4597_2026-03-05_uncalib","Seasonal Cycle Score","MeanState","global","score","1","0.851761","15.0"
"RadiationandEnergyCycle","SurfaceNetLWRadiation","GEWEX.SRB","4597_2026-03-05_uncalib","Bias","MeanState","global","scalar","Watt m-2","1.30135","15.0"
"RadiationandEnergyCycle","SurfaceNetLWRadiation","GEWEX.SRB","4597_2026-03-05_uncalib","Bias Score","MeanState","global","score","1","0.637908","15.0"
"RadiationandEnergyCycle","SurfaceNetLWRadiation","GEWEX.SRB","4597_2026-03-05_uncalib","RMSE","MeanState","global","scalar","Watt m-2","14.0733","15.0"
"RadiationandEnergyCycle","SurfaceNetLWRadiation","GEWEX.SRB","4597_2026-03-05_uncalib","RMSE Score","MeanState","global","score","1","0.652636","15.0"
"RadiationandEnergyCycle","SurfaceNetLWRadiation","GEWEX.SRB","4597_2026-03-05_uncalib","Overall Score","MeanState","global","score","1","0.745246","15.0"
"RadiationandEnergyCycle","SurfaceNetLWRadiation","GEWEX.SRB","4598_2026-03-05_latest","Benchmark Period Mean (intersection)","MeanState","global","scalar","Watt m-2","-69.4593","15.0"
"RadiationandEnergyCycle","SurfaceNetLWRadiation","GEWEX.SRB","4598_2026-03-05_latest","Benchmark Period Mean (complement)","MeanState","global","scalar","Watt m-2","-54.3661","15.0"
"RadiationandEnergyCycle","SurfaceNetLWRadiation","GEWEX.SRB","4598_2026-03-05_latest","Period Mean (original grids)","MeanState","global","scalar","Watt m-2","-68.7997","15.0"
"RadiationandEnergyCycle","SurfaceNetLWRadiation","GEWEX.SRB","4598_2026-03-05_latest","Model Period Mean (intersection)","MeanState","global","scalar","Watt m-2","-68.7926","15.0"
"RadiationandEnergyCycle","SurfaceNetLWRadiation","GEWEX.SRB","4598_2026-03-05_latest","Model Period Mean (complement)","MeanState","global","scalar","Watt m-2","nan","15.0"
"RadiationandEnergyCycle","SurfaceNetLWRadiation","GEWEX.SRB","4598_2026-03-05_latest","Spatial Distribution Score","MeanState","global","score","1","0.932517","15.0"
"RadiationandEnergyCycle","SurfaceNetLWRadiation","GEWEX.SRB","4598_2026-03-05_latest","Phase Shift","MeanState","global","scalar","months","1.07355","15.0"
"RadiationandEnergyCycle","SurfaceNetLWRadiation","GEWEX.SRB","4598_2026-03-05_latest","Seasonal Cycle Score","MeanState","global","score","1","0.855249","15.0"
"RadiationandEnergyCycle","SurfaceNetLWRadiation","GEWEX.SRB","4598_2026-03-05_latest","Bias","MeanState","global","scalar","Watt m-2","0.649367","15.0"
"RadiationandEnergyCycle","SurfaceNetLWRadiation","GEWEX.SRB","4598_2026-03-05_latest","Bias Score","MeanState","global","score","1","0.637621","15.0"
"RadiationandEnergyCycle","SurfaceNetLWRadiation","GEWEX.SRB","4598_2026-03-05_latest","RMSE","MeanState","global","scalar","Watt m-2","14.0517","15.0"
"RadiationandEnergyCycle","SurfaceNetLWRadiation","GEWEX.SRB","4598_2026-03-05_latest","RMSE Score","MeanState","global","score","1","0.647009","15.0"
"RadiationandEnergyCycle","SurfaceNetLWRadiation","GEWEX.SRB","4598_2026-03-05_latest","Overall Score","MeanState","global","score","1","0.743881","15.0"
"RadiationandEnergyCycle","SurfaceNetLWRadiation","GEWEX.SRB","ENSEMBLE-CMIP6","Benchmark Period Mean (intersection)","MeanState","global","scalar","Watt m-2","-65.1249","15.0"
"RadiationandEnergyCycle","SurfaceNetLWRadiation","GEWEX.SRB","ENSEMBLE-CMIP6","Benchmark Period Mean (complement)","MeanState","global","scalar","Watt m-2","nan","15.0"
"RadiationandEnergyCycle","SurfaceNetLWRadiation","GEWEX.SRB","ENSEMBLE-CMIP6","Period Mean (original grids)","MeanState","global","scalar","Watt m-2","-66.48","15.0"
"RadiationandEnergyCycle","SurfaceNetLWRadiation","GEWEX.SRB","ENSEMBLE-CMIP6","Model Period Mean (intersection)","MeanState","global","scalar","Watt m-2","-66.4238","15.0"
"RadiationandEnergyCycle","SurfaceNetLWRadiation","GEWEX.SRB","ENSEMBLE-CMIP6","Model Period Mean (complement)","MeanState","global","scalar","Watt m-2","nan","15.0"
"RadiationandEnergyCycle","SurfaceNetLWRadiation","GEWEX.SRB","ENSEMBLE-CMIP6","Spatial Distribution Score","MeanState","global","score","1","0.938484","15.0"
"RadiationandEnergyCycle","SurfaceNetLWRadiation","GEWEX.SRB","ENSEMBLE-CMIP6","Phase Shift","MeanState","global","scalar","months","1.07647","15.0"
"RadiationandEnergyCycle","SurfaceNetLWRadiation","GEWEX.SRB","ENSEMBLE-CMIP6","Seasonal Cycle Score","MeanState","global","score","1","0.851565","15.0"
"RadiationandEnergyCycle","SurfaceNetLWRadiation","GEWEX.SRB","ENSEMBLE-CMIP6","Bias","MeanState","global","scalar","Watt m-2","-1.2927","15.0"
"RadiationandEnergyCycle","SurfaceNetLWRadiation","GEWEX.SRB","ENSEMBLE-CMIP6","Bias Score","MeanState","global","score","1","0.641036","15.0"
"RadiationandEnergyCycle","SurfaceNetLWRadiation","GEWEX.SRB","ENSEMBLE-CMIP6","RMSE","MeanState","global","scalar","Watt m-2","12.2808","15.0"
"RadiationandEnergyCycle","SurfaceNetLWRadiation","GEWEX.SRB","ENSEMBLE-CMIP6","RMSE Score","MeanState","global","score","1","0.660826","15.0"
"RadiationandEnergyCycle","SurfaceNetLWRadiation","GEWEX.SRB","ENSEMBLE-CMIP6","Overall Score","MeanState","global","score","1","0.750547","15.0"
"RadiationandEnergyCycle","SurfaceNetLWRadiation","WRMC.BSRN","4597_2026-03-05_uncalib","Period Mean (original grids)","MeanState","global","scalar","Watt m-2","-66.134","12.0"
"RadiationandEnergyCycle","SurfaceNetLWRadiation","WRMC.BSRN","4597_2026-03-05_uncalib","Bias","MeanState","global","scalar","Watt m-2","-4.89616","12.0"
"RadiationandEnergyCycle","SurfaceNetLWRadiation","WRMC.BSRN","4597_2026-03-05_uncalib","Bias Score","MeanState","global","score","1","0.645752","12.0"
"RadiationandEnergyCycle","SurfaceNetLWRadiation","WRMC.BSRN","4597_2026-03-05_uncalib","Phase Shift","MeanState","global","scalar","months","0.779487","12.0"
"RadiationandEnergyCycle","SurfaceNetLWRadiation","WRMC.BSRN","4597_2026-03-05_uncalib","Seasonal Cycle Score","MeanState","global","score","1","0.902515","12.0"
"RadiationandEnergyCycle","SurfaceNetLWRadiation","WRMC.BSRN","4597_2026-03-05_uncalib","RMSE","MeanState","global","scalar","Watt m-2","10.8273","12.0"
"RadiationandEnergyCycle","SurfaceNetLWRadiation","WRMC.BSRN","4597_2026-03-05_uncalib","RMSE Score","MeanState","global","score","1","0.597213","12.0"
"RadiationandEnergyCycle","SurfaceNetLWRadiation","WRMC.BSRN","4597_2026-03-05_uncalib","Overall Score","MeanState","global","score","1","0.685673","12.0"
"RadiationandEnergyCycle","SurfaceNetLWRadiation","WRMC.BSRN","4598_2026-03-05_latest","Period Mean (original grids)","MeanState","global","scalar","Watt m-2","-66.5137","12.0"
"RadiationandEnergyCycle","SurfaceNetLWRadiation","WRMC.BSRN","4598_2026-03-05_latest","Bias","MeanState","global","scalar","Watt m-2","-5.38534","12.0"
"RadiationandEnergyCycle","SurfaceNetLWRadiation","WRMC.BSRN","4598_2026-03-05_latest","Bias Score","MeanState","global","score","1","0.686872","12.0"
"RadiationandEnergyCycle","SurfaceNetLWRadiation","WRMC.BSRN","4598_2026-03-05_latest","Phase Shift","MeanState","global","scalar","months","0.779487","12.0"
"RadiationandEnergyCycle","SurfaceNetLWRadiation","WRMC.BSRN","4598_2026-03-05_latest","Seasonal Cycle Score","MeanState","global","score","1","0.902515","12.0"
"RadiationandEnergyCycle","SurfaceNetLWRadiation","WRMC.BSRN","4598_2026-03-05_latest","RMSE","MeanState","global","scalar","Watt m-2","10.594","12.0"
"RadiationandEnergyCycle","SurfaceNetLWRadiation","WRMC.BSRN","4598_2026-03-05_latest","RMSE Score","MeanState","global","score","1","0.600036","12.0"
"RadiationandEnergyCycle","SurfaceNetLWRadiation","WRMC.BSRN","4598_2026-03-05_latest","Overall Score","MeanState","global","score","1","0.697365","12.0"
"RadiationandEnergyCycle","SurfaceNetLWRadiation","WRMC.BSRN","ENSEMBLE-CMIP6","Period Mean (original grids)","MeanState","global","scalar","Watt m-2","-64.3659","12.0"
"RadiationandEnergyCycle","SurfaceNetLWRadiation","WRMC.BSRN","ENSEMBLE-CMIP6","Bias","MeanState","global","scalar","Watt m-2","-2.77325","12.0"
"RadiationandEnergyCycle","SurfaceNetLWRadiation","WRMC.BSRN","ENSEMBLE-CMIP6","Bias Score","MeanState","global","score","1","0.66255","12.0"
"RadiationandEnergyCycle","SurfaceNetLWRadiation","WRMC.BSRN","ENSEMBLE-CMIP6","Phase Shift","MeanState","global","scalar","months","0.79881","12.0"
"RadiationandEnergyCycle","SurfaceNetLWRadiation","WRMC.BSRN","ENSEMBLE-CMIP6","Seasonal Cycle Score","MeanState","global","score","1","0.882782","12.0"
"RadiationandEnergyCycle","SurfaceNetLWRadiation","WRMC.BSRN","ENSEMBLE-CMIP6","RMSE","MeanState","global","scalar","Watt m-2","14.9428","12.0"
"RadiationandEnergyCycle","SurfaceNetLWRadiation","WRMC.BSRN","ENSEMBLE-CMIP6","RMSE Score","MeanState","global","score","1","0.452621","12.0"
"RadiationandEnergyCycle","SurfaceNetLWRadiation","WRMC.BSRN","ENSEMBLE-CMIP6","Overall Score","MeanState","global","score","1","0.612644","12.0"
"RadiationandEnergyCycle","SurfaceNetRadiation","CERESed4.2","4597_2026-03-05_uncalib","Benchmark Period Mean (intersection)","MeanState","global","scalar","W m-2","77.5717","30.0"
"RadiationandEnergyCycle","SurfaceNetRadiation","CERESed4.2","4597_2026-03-05_uncalib","Benchmark Period Mean (complement)","MeanState","global","scalar","W m-2","107.875","30.0"
"RadiationandEnergyCycle","SurfaceNetRadiation","CERESed4.2","4597_2026-03-05_uncalib","Period Mean (original grids)","MeanState","global","scalar","W m-2","68.6356","30.0"
"RadiationandEnergyCycle","SurfaceNetRadiation","CERESed4.2","4597_2026-03-05_uncalib","Model Period Mean (intersection)","MeanState","global","scalar","W m-2","68.6489","30.0"
"RadiationandEnergyCycle","SurfaceNetRadiation","CERESed4.2","4597_2026-03-05_uncalib","Model Period Mean (complement)","MeanState","global","scalar","W m-2","nan","30.0"
"RadiationandEnergyCycle","SurfaceNetRadiation","CERESed4.2","4597_2026-03-05_uncalib","Spatial Distribution Score","MeanState","global","score","1","0.990158","30.0"
"RadiationandEnergyCycle","SurfaceNetRadiation","CERESed4.2","4597_2026-03-05_uncalib","Phase Shift","MeanState","global","scalar","months","0.603009","30.0"
"RadiationandEnergyCycle","SurfaceNetRadiation","CERESed4.2","4597_2026-03-05_uncalib","Seasonal Cycle Score","MeanState","global","score","1","0.92738","30.0"
"RadiationandEnergyCycle","SurfaceNetRadiation","CERESed4.2","4597_2026-03-05_uncalib","Bias","MeanState","global","scalar","W m-2","-8.92273","30.0"
"RadiationandEnergyCycle","SurfaceNetRadiation","CERESed4.2","4597_2026-03-05_uncalib","Bias Score","MeanState","global","score","1","0.711385","30.0"
"RadiationandEnergyCycle","SurfaceNetRadiation","CERESed4.2","4597_2026-03-05_uncalib","RMSE","MeanState","global","scalar","W m-2","15.8906","30.0"
"RadiationandEnergyCycle","SurfaceNetRadiation","CERESed4.2","4597_2026-03-05_uncalib","RMSE Score","MeanState","global","score","1","0.749934","30.0"
"RadiationandEnergyCycle","SurfaceNetRadiation","CERESed4.2","4597_2026-03-05_uncalib","Overall Score","MeanState","global","score","1","0.825758","30.0"
"RadiationandEnergyCycle","SurfaceNetRadiation","CERESed4.2","4598_2026-03-05_latest","Benchmark Period Mean (intersection)","MeanState","global","scalar","W m-2","77.5717","30.0"
"RadiationandEnergyCycle","SurfaceNetRadiation","CERESed4.2","4598_2026-03-05_latest","Benchmark Period Mean (complement)","MeanState","global","scalar","W m-2","107.875","30.0"
"RadiationandEnergyCycle","SurfaceNetRadiation","CERESed4.2","4598_2026-03-05_latest","Period Mean (original grids)","MeanState","global","scalar","W m-2","69.4025","30.0"
"RadiationandEnergyCycle","SurfaceNetRadiation","CERESed4.2","4598_2026-03-05_latest","Model Period Mean (intersection)","MeanState","global","scalar","W m-2","69.4154","30.0"
"RadiationandEnergyCycle","SurfaceNetRadiation","CERESed4.2","4598_2026-03-05_latest","Model Period Mean (complement)","MeanState","global","scalar","W m-2","nan","30.0"
"RadiationandEnergyCycle","SurfaceNetRadiation","CERESed4.2","4598_2026-03-05_latest","Spatial Distribution Score","MeanState","global","score","1","0.990833","30.0"
"RadiationandEnergyCycle","SurfaceNetRadiation","CERESed4.2","4598_2026-03-05_latest","Phase Shift","MeanState","global","scalar","months","0.626809","30.0"
"RadiationandEnergyCycle","SurfaceNetRadiation","CERESed4.2","4598_2026-03-05_latest","Seasonal Cycle Score","MeanState","global","score","1","0.922294","30.0"
"RadiationandEnergyCycle","SurfaceNetRadiation","CERESed4.2","4598_2026-03-05_latest","Bias","MeanState","global","scalar","W m-2","-8.15628","30.0"
"RadiationandEnergyCycle","SurfaceNetRadiation","CERESed4.2","4598_2026-03-05_latest","Bias Score","MeanState","global","score","1","0.719836","30.0"
"RadiationandEnergyCycle","SurfaceNetRadiation","CERESed4.2","4598_2026-03-05_latest","RMSE","MeanState","global","scalar","W m-2","15.4266","30.0"
"RadiationandEnergyCycle","SurfaceNetRadiation","CERESed4.2","4598_2026-03-05_latest","RMSE Score","MeanState","global","score","1","0.743662","30.0"
"RadiationandEnergyCycle","SurfaceNetRadiation","CERESed4.2","4598_2026-03-05_latest","Overall Score","MeanState","global","score","1","0.824057","30.0"
"RadiationandEnergyCycle","SurfaceNetRadiation","CERESed4.2","ENSEMBLE-CMIP6","Benchmark Period Mean (intersection)","MeanState","global","scalar","W m-2","81.7559","30.0"
"RadiationandEnergyCycle","SurfaceNetRadiation","CERESed4.2","ENSEMBLE-CMIP6","Benchmark Period Mean (complement)","MeanState","global","scalar","W m-2","nan","30.0"
"RadiationandEnergyCycle","SurfaceNetRadiation","CERESed4.2","ENSEMBLE-CMIP6","Period Mean (original grids)","MeanState","global","scalar","W m-2","81.4405","30.0"
"RadiationandEnergyCycle","SurfaceNetRadiation","CERESed4.2","ENSEMBLE-CMIP6","Model Period Mean (intersection)","MeanState","global","scalar","W m-2","81.3297","30.0"
"RadiationandEnergyCycle","SurfaceNetRadiation","CERESed4.2","ENSEMBLE-CMIP6","Model Period Mean (complement)","MeanState","global","scalar","W m-2","nan","30.0"
"RadiationandEnergyCycle","SurfaceNetRadiation","CERESed4.2","ENSEMBLE-CMIP6","Spatial Distribution Score","MeanState","global","score","1","0.990212","30.0"
"RadiationandEnergyCycle","SurfaceNetRadiation","CERESed4.2","ENSEMBLE-CMIP6","Phase Shift","MeanState","global","scalar","months","0.622144","30.0"
"RadiationandEnergyCycle","SurfaceNetRadiation","CERESed4.2","ENSEMBLE-CMIP6","Seasonal Cycle Score","MeanState","global","score","1","0.929935","30.0"
"RadiationandEnergyCycle","SurfaceNetRadiation","CERESed4.2","ENSEMBLE-CMIP6","Bias","MeanState","global","scalar","W m-2","-0.345635","30.0"
"RadiationandEnergyCycle","SurfaceNetRadiation","CERESed4.2","ENSEMBLE-CMIP6","Bias Score","MeanState","global","score","1","0.7621","30.0"
"RadiationandEnergyCycle","SurfaceNetRadiation","CERESed4.2","ENSEMBLE-CMIP6","RMSE","MeanState","global","scalar","W m-2","12.5746","30.0"
"RadiationandEnergyCycle","SurfaceNetRadiation","CERESed4.2","ENSEMBLE-CMIP6","RMSE Score","MeanState","global","score","1","0.776858","30.0"
"RadiationandEnergyCycle","SurfaceNetRadiation","CERESed4.2","ENSEMBLE-CMIP6","Overall Score","MeanState","global","score","1","0.847193","30.0"
"RadiationandEnergyCycle","SurfaceNetRadiation","GEWEX.SRB","4597_2026-03-05_uncalib","Benchmark Period Mean (intersection)","MeanState","global","scalar","Watt m-2","71.1642","30.0"
"RadiationandEnergyCycle","SurfaceNetRadiation","GEWEX.SRB","4597_2026-03-05_uncalib","Benchmark Period Mean (complement)","MeanState","global","scalar","Watt m-2","109.562","30.0"
"RadiationandEnergyCycle","SurfaceNetRadiation","GEWEX.SRB","4597_2026-03-05_uncalib","Period Mean (original grids)","MeanState","global","scalar","Watt m-2","68.7838","30.0"
"RadiationandEnergyCycle","SurfaceNetRadiation","GEWEX.SRB","4597_2026-03-05_uncalib","Model Period Mean (intersection)","MeanState","global","scalar","Watt m-2","68.7981","30.0"
"RadiationandEnergyCycle","SurfaceNetRadiation","GEWEX.SRB","4597_2026-03-05_uncalib","Model Period Mean (complement)","MeanState","global","scalar","Watt m-2","nan","30.0"
"RadiationandEnergyCycle","SurfaceNetRadiation","GEWEX.SRB","4597_2026-03-05_uncalib","Spatial Distribution Score","MeanState","global","score","1","0.939325","30.0"
"RadiationandEnergyCycle","SurfaceNetRadiation","GEWEX.SRB","4597_2026-03-05_uncalib","Phase Shift","MeanState","global","scalar","months","0.793703","30.0"
"RadiationandEnergyCycle","SurfaceNetRadiation","GEWEX.SRB","4597_2026-03-05_uncalib","Seasonal Cycle Score","MeanState","global","score","1","0.905685","30.0"
"RadiationandEnergyCycle","SurfaceNetRadiation","GEWEX.SRB","4597_2026-03-05_uncalib","Bias","MeanState","global","scalar","Watt m-2","-2.35036","30.0"
"RadiationandEnergyCycle","SurfaceNetRadiation","GEWEX.SRB","4597_2026-03-05_uncalib","Bias Score","MeanState","global","score","1","0.646614","30.0"
"RadiationandEnergyCycle","SurfaceNetRadiation","GEWEX.SRB","4597_2026-03-05_uncalib","RMSE","MeanState","global","scalar","Watt m-2","21.6822","30.0"
"RadiationandEnergyCycle","SurfaceNetRadiation","GEWEX.SRB","4597_2026-03-05_uncalib","RMSE Score","MeanState","global","score","1","0.663395","30.0"
"RadiationandEnergyCycle","SurfaceNetRadiation","GEWEX.SRB","4597_2026-03-05_uncalib","Overall Score","MeanState","global","score","1","0.763683","30.0"
"RadiationandEnergyCycle","SurfaceNetRadiation","GEWEX.SRB","4598_2026-03-05_latest","Benchmark Period Mean (intersection)","MeanState","global","scalar","Watt m-2","71.1642","30.0"
"RadiationandEnergyCycle","SurfaceNetRadiation","GEWEX.SRB","4598_2026-03-05_latest","Benchmark Period Mean (complement)","MeanState","global","scalar","Watt m-2","109.562","30.0"
"RadiationandEnergyCycle","SurfaceNetRadiation","GEWEX.SRB","4598_2026-03-05_latest","Period Mean (original grids)","MeanState","global","scalar","Watt m-2","69.612","30.0"
"RadiationandEnergyCycle","SurfaceNetRadiation","GEWEX.SRB","4598_2026-03-05_latest","Model Period Mean (intersection)","MeanState","global","scalar","Watt m-2","69.6259","30.0"
"RadiationandEnergyCycle","SurfaceNetRadiation","GEWEX.SRB","4598_2026-03-05_latest","Model Period Mean (complement)","MeanState","global","scalar","Watt m-2","nan","30.0"
"RadiationandEnergyCycle","SurfaceNetRadiation","GEWEX.SRB","4598_2026-03-05_latest","Spatial Distribution Score","MeanState","global","score","1","0.946453","30.0"
"RadiationandEnergyCycle","SurfaceNetRadiation","GEWEX.SRB","4598_2026-03-05_latest","Phase Shift","MeanState","global","scalar","months","0.796407","30.0"
"RadiationandEnergyCycle","SurfaceNetRadiation","GEWEX.SRB","4598_2026-03-05_latest","Seasonal Cycle Score","MeanState","global","score","1","0.904083","30.0"
"RadiationandEnergyCycle","SurfaceNetRadiation","GEWEX.SRB","4598_2026-03-05_latest","Bias","MeanState","global","scalar","Watt m-2","-1.52392","30.0"
"RadiationandEnergyCycle","SurfaceNetRadiation","GEWEX.SRB","4598_2026-03-05_latest","Bias Score","MeanState","global","score","1","0.663123","30.0"
"RadiationandEnergyCycle","SurfaceNetRadiation","GEWEX.SRB","4598_2026-03-05_latest","RMSE","MeanState","global","scalar","Watt m-2","20.9212","30.0"
"RadiationandEnergyCycle","SurfaceNetRadiation","GEWEX.SRB","4598_2026-03-05_latest","RMSE Score","MeanState","global","score","1","0.662409","30.0"
"RadiationandEnergyCycle","SurfaceNetRadiation","GEWEX.SRB","4598_2026-03-05_latest","Overall Score","MeanState","global","score","1","0.767695","30.0"
"RadiationandEnergyCycle","SurfaceNetRadiation","GEWEX.SRB","ENSEMBLE-CMIP6","Benchmark Period Mean (intersection)","MeanState","global","scalar","Watt m-2","79.134","30.0"
"RadiationandEnergyCycle","SurfaceNetRadiation","GEWEX.SRB","ENSEMBLE-CMIP6","Benchmark Period Mean (complement)","MeanState","global","scalar","Watt m-2","nan","30.0"
"RadiationandEnergyCycle","SurfaceNetRadiation","GEWEX.SRB","ENSEMBLE-CMIP6","Period Mean (original grids)","MeanState","global","scalar","Watt m-2","80.716","30.0"
"RadiationandEnergyCycle","SurfaceNetRadiation","GEWEX.SRB","ENSEMBLE-CMIP6","Model Period Mean (intersection)","MeanState","global","scalar","Watt m-2","80.604","30.0"
"RadiationandEnergyCycle","SurfaceNetRadiation","GEWEX.SRB","ENSEMBLE-CMIP6","Model Period Mean (complement)","MeanState","global","scalar","Watt m-2","nan","30.0"
"RadiationandEnergyCycle","SurfaceNetRadiation","GEWEX.SRB","ENSEMBLE-CMIP6","Spatial Distribution Score","MeanState","global","score","1","0.899611","30.0"
"RadiationandEnergyCycle","SurfaceNetRadiation","GEWEX.SRB","ENSEMBLE-CMIP6","Phase Shift","MeanState","global","scalar","months","0.679814","30.0"
"RadiationandEnergyCycle","SurfaceNetRadiation","GEWEX.SRB","ENSEMBLE-CMIP6","Seasonal Cycle Score","MeanState","global","score","1","0.923359","30.0"
"RadiationandEnergyCycle","SurfaceNetRadiation","GEWEX.SRB","ENSEMBLE-CMIP6","Bias","MeanState","global","scalar","Watt m-2","1.49113","30.0"
"RadiationandEnergyCycle","SurfaceNetRadiation","GEWEX.SRB","ENSEMBLE-CMIP6","Bias Score","MeanState","global","score","1","0.64185","30.0"
"RadiationandEnergyCycle","SurfaceNetRadiation","GEWEX.SRB","ENSEMBLE-CMIP6","RMSE","MeanState","global","scalar","Watt m-2","19.9151","30.0"
"RadiationandEnergyCycle","SurfaceNetRadiation","GEWEX.SRB","ENSEMBLE-CMIP6","RMSE Score","MeanState","global","score","1","0.724606","30.0"
"RadiationandEnergyCycle","SurfaceNetRadiation","GEWEX.SRB","ENSEMBLE-CMIP6","Overall Score","MeanState","global","score","1","0.782807","30.0"
"RadiationandEnergyCycle","SurfaceNetRadiation","WRMC.BSRN","4597_2026-03-05_uncalib","Period Mean (original grids)","MeanState","global","scalar","Watt m-2","67.2015","24.0"
"RadiationandEnergyCycle","SurfaceNetRadiation","WRMC.BSRN","4597_2026-03-05_uncalib","Bias","MeanState","global","scalar","Watt m-2","3.02255","24.0"
"RadiationandEnergyCycle","SurfaceNetRadiation","WRMC.BSRN","4597_2026-03-05_uncalib","Bias Score","MeanState","global","score","1","0.776874","24.0"
"RadiationandEnergyCycle","SurfaceNetRadiation","WRMC.BSRN","4597_2026-03-05_uncalib","Phase Shift","MeanState","global","scalar","months","0.254167","24.0"
"RadiationandEnergyCycle","SurfaceNetRadiation","WRMC.BSRN","4597_2026-03-05_uncalib","Seasonal Cycle Score","MeanState","global","score","1","0.983163","24.0"
"RadiationandEnergyCycle","SurfaceNetRadiation","WRMC.BSRN","4597_2026-03-05_uncalib","RMSE","MeanState","global","scalar","Watt m-2","20.9165","24.0"
"RadiationandEnergyCycle","SurfaceNetRadiation","WRMC.BSRN","4597_2026-03-05_uncalib","RMSE Score","MeanState","global","score","1","0.743211","24.0"
"RadiationandEnergyCycle","SurfaceNetRadiation","WRMC.BSRN","4597_2026-03-05_uncalib","Overall Score","MeanState","global","score","1","0.811615","24.0"
"RadiationandEnergyCycle","SurfaceNetRadiation","WRMC.BSRN","4598_2026-03-05_latest","Period Mean (original grids)","MeanState","global","scalar","Watt m-2","67.8685","24.0"
"RadiationandEnergyCycle","SurfaceNetRadiation","WRMC.BSRN","4598_2026-03-05_latest","Bias","MeanState","global","scalar","Watt m-2","3.83371","24.0"
"RadiationandEnergyCycle","SurfaceNetRadiation","WRMC.BSRN","4598_2026-03-05_latest","Bias Score","MeanState","global","score","1","0.770827","24.0"
"RadiationandEnergyCycle","SurfaceNetRadiation","WRMC.BSRN","4598_2026-03-05_latest","Phase Shift","MeanState","global","scalar","months","0.254167","24.0"
"RadiationandEnergyCycle","SurfaceNetRadiation","WRMC.BSRN","4598_2026-03-05_latest","Seasonal Cycle Score","MeanState","global","score","1","0.983163","24.0"
"RadiationandEnergyCycle","SurfaceNetRadiation","WRMC.BSRN","4598_2026-03-05_latest","RMSE","MeanState","global","scalar","Watt m-2","20.3887","24.0"
"RadiationandEnergyCycle","SurfaceNetRadiation","WRMC.BSRN","4598_2026-03-05_latest","RMSE Score","MeanState","global","score","1","0.754312","24.0"
"RadiationandEnergyCycle","SurfaceNetRadiation","WRMC.BSRN","4598_2026-03-05_latest","Overall Score","MeanState","global","score","1","0.815654","24.0"
"RadiationandEnergyCycle","SurfaceNetRadiation","WRMC.BSRN","ENSEMBLE-CMIP6","Period Mean (original grids)","MeanState","global","scalar","Watt m-2","77.1921","24.0"
"RadiationandEnergyCycle","SurfaceNetRadiation","WRMC.BSRN","ENSEMBLE-CMIP6","Bias","MeanState","global","scalar","Watt m-2","21.3461","24.0"
"RadiationandEnergyCycle","SurfaceNetRadiation","WRMC.BSRN","ENSEMBLE-CMIP6","Bias Score","MeanState","global","score","1","0.737989","24.0"
"RadiationandEnergyCycle","SurfaceNetRadiation","WRMC.BSRN","ENSEMBLE-CMIP6","Phase Shift","MeanState","global","scalar","months","0.391026","24.0"
"RadiationandEnergyCycle","SurfaceNetRadiation","WRMC.BSRN","ENSEMBLE-CMIP6","Seasonal Cycle Score","MeanState","global","score","1","0.974098","24.0"
"RadiationandEnergyCycle","SurfaceNetRadiation","WRMC.BSRN","ENSEMBLE-CMIP6","RMSE","MeanState","global","scalar","Watt m-2","42.7648","24.0"
"RadiationandEnergyCycle","SurfaceNetRadiation","WRMC.BSRN","ENSEMBLE-CMIP6","RMSE Score","MeanState","global","score","1","0.73402","24.0"
"RadiationandEnergyCycle","SurfaceNetRadiation","WRMC.BSRN","ENSEMBLE-CMIP6","Overall Score","MeanState","global","score","1","0.795032","24.0"
"RadiationandEnergyCycle","SurfaceNetRadiation","CLASS","4597_2026-03-05_uncalib","Benchmark Period Mean (intersection)","MeanState","global","scalar","W m-2","72.2994","50.0"
"RadiationandEnergyCycle","SurfaceNetRadiation","CLASS","4597_2026-03-05_uncalib","Benchmark Period Mean (complement)","MeanState","global","scalar","W m-2","69.0418","50.0"
"RadiationandEnergyCycle","SurfaceNetRadiation","CLASS","4597_2026-03-05_uncalib","Period Mean (original grids)","MeanState","global","scalar","W m-2","68.511","50.0"
"RadiationandEnergyCycle","SurfaceNetRadiation","CLASS","4597_2026-03-05_uncalib","Model Period Mean (intersection)","MeanState","global","scalar","W m-2","78.6902","50.0"
"RadiationandEnergyCycle","SurfaceNetRadiation","CLASS","4597_2026-03-05_uncalib","Model Period Mean (complement)","MeanState","global","scalar","W m-2","27.1942","50.0"
"RadiationandEnergyCycle","SurfaceNetRadiation","CLASS","4597_2026-03-05_uncalib","Spatial Distribution Score","MeanState","global","score","1","0.97549","50.0"
"RadiationandEnergyCycle","SurfaceNetRadiation","CLASS","4597_2026-03-05_uncalib","Phase Shift","MeanState","global","scalar","months","0.883889","50.0"
"RadiationandEnergyCycle","SurfaceNetRadiation","CLASS","4597_2026-03-05_uncalib","Seasonal Cycle Score","MeanState","global","score","1","0.88871","50.0"
"RadiationandEnergyCycle","SurfaceNetRadiation","CLASS","4597_2026-03-05_uncalib","Bias","MeanState","global","scalar","W m-2","6.38618","50.0"
"RadiationandEnergyCycle","SurfaceNetRadiation","CLASS","4597_2026-03-05_uncalib","Bias Score","MeanState","global","score","1","0.684274","50.0"
"RadiationandEnergyCycle","SurfaceNetRadiation","CLASS","4597_2026-03-05_uncalib","RMSE","MeanState","global","scalar","W m-2","18.1448","50.0"
"RadiationandEnergyCycle","SurfaceNetRadiation","CLASS","4597_2026-03-05_uncalib","RMSE Score","MeanState","global","score","1","0.681804","50.0"
"RadiationandEnergyCycle","SurfaceNetRadiation","CLASS","4597_2026-03-05_uncalib","Overall Score","MeanState","global","score","1","0.782417","50.0"
"RadiationandEnergyCycle","SurfaceNetRadiation","CLASS","4598_2026-03-05_latest","Benchmark Period Mean (intersection)","MeanState","global","scalar","W m-2","72.2994","50.0"
"RadiationandEnergyCycle","SurfaceNetRadiation","CLASS","4598_2026-03-05_latest","Benchmark Period Mean (complement)","MeanState","global","scalar","W m-2","69.0418","50.0"
"RadiationandEnergyCycle","SurfaceNetRadiation","CLASS","4598_2026-03-05_latest","Period Mean (original grids)","MeanState","global","scalar","W m-2","69.3141","50.0"
"RadiationandEnergyCycle","SurfaceNetRadiation","CLASS","4598_2026-03-05_latest","Model Period Mean (intersection)","MeanState","global","scalar","W m-2","79.3301","50.0"
"RadiationandEnergyCycle","SurfaceNetRadiation","CLASS","4598_2026-03-05_latest","Model Period Mean (complement)","MeanState","global","scalar","W m-2","28.6584","50.0"
"RadiationandEnergyCycle","SurfaceNetRadiation","CLASS","4598_2026-03-05_latest","Spatial Distribution Score","MeanState","global","score","1","0.984331","50.0"
"RadiationandEnergyCycle","SurfaceNetRadiation","CLASS","4598_2026-03-05_latest","Phase Shift","MeanState","global","scalar","months","0.897172","50.0"
"RadiationandEnergyCycle","SurfaceNetRadiation","CLASS","4598_2026-03-05_latest","Seasonal Cycle Score","MeanState","global","score","1","0.885782","50.0"
"RadiationandEnergyCycle","SurfaceNetRadiation","CLASS","4598_2026-03-05_latest","Bias","MeanState","global","scalar","W m-2","7.03032","50.0"
"RadiationandEnergyCycle","SurfaceNetRadiation","CLASS","4598_2026-03-05_latest","Bias Score","MeanState","global","score","1","0.689496","50.0"
"RadiationandEnergyCycle","SurfaceNetRadiation","CLASS","4598_2026-03-05_latest","RMSE","MeanState","global","scalar","W m-2","17.6133","50.0"
"RadiationandEnergyCycle","SurfaceNetRadiation","CLASS","4598_2026-03-05_latest","RMSE Score","MeanState","global","score","1","0.687311","50.0"
"RadiationandEnergyCycle","SurfaceNetRadiation","CLASS","4598_2026-03-05_latest","Overall Score","MeanState","global","score","1","0.786846","50.0"
"RadiationandEnergyCycle","SurfaceNetRadiation","CLASS","ENSEMBLE-CMIP6","Benchmark Period Mean (intersection)","MeanState","global","scalar","W m-2","72.2786","50.0"
"RadiationandEnergyCycle","SurfaceNetRadiation","CLASS","ENSEMBLE-CMIP6","Benchmark Period Mean (complement)","MeanState","global","scalar","W m-2","nan","50.0"
"RadiationandEnergyCycle","SurfaceNetRadiation","CLASS","ENSEMBLE-CMIP6","Period Mean (original grids)","MeanState","global","scalar","W m-2","81.1027","50.0"
"RadiationandEnergyCycle","SurfaceNetRadiation","CLASS","ENSEMBLE-CMIP6","Model Period Mean (intersection)","MeanState","global","scalar","W m-2","88.4421","50.0"
"RadiationandEnergyCycle","SurfaceNetRadiation","CLASS","ENSEMBLE-CMIP6","Model Period Mean (complement)","MeanState","global","scalar","W m-2","63.5081","50.0"
"RadiationandEnergyCycle","SurfaceNetRadiation","CLASS","ENSEMBLE-CMIP6","Spatial Distribution Score","MeanState","global","score","1","0.981083","50.0"
"RadiationandEnergyCycle","SurfaceNetRadiation","CLASS","ENSEMBLE-CMIP6","Phase Shift","MeanState","global","scalar","months","0.910207","50.0"
"RadiationandEnergyCycle","SurfaceNetRadiation","CLASS","ENSEMBLE-CMIP6","Seasonal Cycle Score","MeanState","global","score","1","0.88651","50.0"
"RadiationandEnergyCycle","SurfaceNetRadiation","CLASS","ENSEMBLE-CMIP6","Bias","MeanState","global","scalar","W m-2","16.2005","50.0"
"RadiationandEnergyCycle","SurfaceNetRadiation","CLASS","ENSEMBLE-CMIP6","Bias Score","MeanState","global","score","1","0.596878","50.0"
"RadiationandEnergyCycle","SurfaceNetRadiation","CLASS","ENSEMBLE-CMIP6","RMSE","MeanState","global","scalar","W m-2","21.4781","50.0"
"RadiationandEnergyCycle","SurfaceNetRadiation","CLASS","ENSEMBLE-CMIP6","RMSE Score","MeanState","global","score","1","0.681616","50.0"
"RadiationandEnergyCycle","SurfaceNetRadiation","CLASS","ENSEMBLE-CMIP6","Overall Score","MeanState","global","score","1","0.765541","50.0"
"RadiationandEnergyCycle","GroundHeatFlux","CLASS","4597_2026-03-05_uncalib","Benchmark Period Mean (intersection)","MeanState","global","scalar","W m-2","1.08783","1.0"
"RadiationandEnergyCycle","GroundHeatFlux","CLASS","4597_2026-03-05_uncalib","Benchmark Period Mean (complement)","MeanState","global","scalar","W m-2","-0.0594437","1.0"
"RadiationandEnergyCycle","GroundHeatFlux","CLASS","4597_2026-03-05_uncalib","Period Mean (original grids)","MeanState","global","scalar","W m-2","-0.619828","1.0"
"RadiationandEnergyCycle","GroundHeatFlux","CLASS","4597_2026-03-05_uncalib","Model Period Mean (intersection)","MeanState","global","scalar","W m-2","-0.60791","1.0"
"RadiationandEnergyCycle","GroundHeatFlux","CLASS","4597_2026-03-05_uncalib","Model Period Mean (complement)","MeanState","global","scalar","W m-2","-0.672059","1.0"
"RadiationandEnergyCycle","GroundHeatFlux","CLASS","4597_2026-03-05_uncalib","Spatial Distribution Score","MeanState","global","score","1","0.596142","1.0"
"RadiationandEnergyCycle","GroundHeatFlux","CLASS","4597_2026-03-05_uncalib","Phase Shift","MeanState","global","scalar","months","1.39606","1.0"
"RadiationandEnergyCycle","GroundHeatFlux","CLASS","4597_2026-03-05_uncalib","Seasonal Cycle Score","MeanState","global","score","1","0.806513","1.0"
"RadiationandEnergyCycle","GroundHeatFlux","CLASS","4597_2026-03-05_uncalib","Bias","MeanState","global","scalar","W m-2","-1.69701","1.0"
"RadiationandEnergyCycle","GroundHeatFlux","CLASS","4597_2026-03-05_uncalib","Bias Score","MeanState","global","score","1","0.552919","1.0"
"RadiationandEnergyCycle","GroundHeatFlux","CLASS","4597_2026-03-05_uncalib","RMSE","MeanState","global","scalar","W m-2","6.31053","1.0"
"RadiationandEnergyCycle","GroundHeatFlux","CLASS","4597_2026-03-05_uncalib","RMSE Score","MeanState","global","score","1","0.328464","1.0"
"RadiationandEnergyCycle","GroundHeatFlux","CLASS","4597_2026-03-05_uncalib","Overall Score","MeanState","global","score","1","0.5225","1.0"
"RadiationandEnergyCycle","GroundHeatFlux","CLASS","4598_2026-03-05_latest","Benchmark Period Mean (intersection)","MeanState","global","scalar","W m-2","1.08783","1.0"
"RadiationandEnergyCycle","GroundHeatFlux","CLASS","4598_2026-03-05_latest","Benchmark Period Mean (complement)","MeanState","global","scalar","W m-2","-0.0594437","1.0"
"RadiationandEnergyCycle","GroundHeatFlux","CLASS","4598_2026-03-05_latest","Period Mean (original grids)","MeanState","global","scalar","W m-2","-0.64105","1.0"
"RadiationandEnergyCycle","GroundHeatFlux","CLASS","4598_2026-03-05_latest","Model Period Mean (intersection)","MeanState","global","scalar","W m-2","-0.649867","1.0"
"RadiationandEnergyCycle","GroundHeatFlux","CLASS","4598_2026-03-05_latest","Model Period Mean (complement)","MeanState","global","scalar","W m-2","-0.608723","1.0"
"RadiationandEnergyCycle","GroundHeatFlux","CLASS","4598_2026-03-05_latest","Spatial Distribution Score","MeanState","global","score","1","0.603634","1.0"
"RadiationandEnergyCycle","GroundHeatFlux","CLASS","4598_2026-03-05_latest","Phase Shift","MeanState","global","scalar","months","1.39963","1.0"
"RadiationandEnergyCycle","GroundHeatFlux","CLASS","4598_2026-03-05_latest","Seasonal Cycle Score","MeanState","global","score","1","0.808146","1.0"
"RadiationandEnergyCycle","GroundHeatFlux","CLASS","4598_2026-03-05_latest","Bias","MeanState","global","scalar","W m-2","-1.73843","1.0"
"RadiationandEnergyCycle","GroundHeatFlux","CLASS","4598_2026-03-05_latest","Bias Score","MeanState","global","score","1","0.551164","1.0"
"RadiationandEnergyCycle","GroundHeatFlux","CLASS","4598_2026-03-05_latest","RMSE","MeanState","global","scalar","W m-2","6.29088","1.0"
"RadiationandEnergyCycle","GroundHeatFlux","CLASS","4598_2026-03-05_latest","RMSE Score","MeanState","global","score","1","0.33315","1.0"
"RadiationandEnergyCycle","GroundHeatFlux","CLASS","4598_2026-03-05_latest","Overall Score","MeanState","global","score","1","0.525849","1.0"
"RadiationandEnergyCycle","GroundHeatFlux","CLASS","ENSEMBLE-CMIP6","Benchmark Period Mean (intersection)","MeanState","global","scalar","W m-2","1.08051","1.0"
"RadiationandEnergyCycle","GroundHeatFlux","CLASS","ENSEMBLE-CMIP6","Benchmark Period Mean (complement)","MeanState","global","scalar","W m-2","nan","1.0"
"RadiationandEnergyCycle","GroundHeatFlux","CLASS","ENSEMBLE-CMIP6","Period Mean (original grids)","MeanState","global","scalar","W m-2","2.03112","1.0"
"RadiationandEnergyCycle","GroundHeatFlux","CLASS","ENSEMBLE-CMIP6","Model Period Mean (intersection)","MeanState","global","scalar","W m-2","2.3327","1.0"
"RadiationandEnergyCycle","GroundHeatFlux","CLASS","ENSEMBLE-CMIP6","Model Period Mean (complement)","MeanState","global","scalar","W m-2","0.856927","1.0"
"RadiationandEnergyCycle","GroundHeatFlux","CLASS","ENSEMBLE-CMIP6","Spatial Distribution Score","MeanState","global","score","1","0.312226","1.0"
"RadiationandEnergyCycle","GroundHeatFlux","CLASS","ENSEMBLE-CMIP6","Phase Shift","MeanState","global","scalar","months","1.21213","1.0"
"RadiationandEnergyCycle","GroundHeatFlux","CLASS","ENSEMBLE-CMIP6","Seasonal Cycle Score","MeanState","global","score","1","0.848992","1.0"
"RadiationandEnergyCycle","GroundHeatFlux","CLASS","ENSEMBLE-CMIP6","Bias","MeanState","global","scalar","W m-2","1.2639","1.0"
"RadiationandEnergyCycle","GroundHeatFlux","CLASS","ENSEMBLE-CMIP6","Bias Score","MeanState","global","score","1","0.520679","1.0"
"RadiationandEnergyCycle","GroundHeatFlux","CLASS","ENSEMBLE-CMIP6","RMSE","MeanState","global","scalar","W m-2","8.46814","1.0"
"RadiationandEnergyCycle","GroundHeatFlux","CLASS","ENSEMBLE-CMIP6","RMSE Score","MeanState","global","score","1","0.283182","1.0"
"RadiationandEnergyCycle","GroundHeatFlux","CLASS","ENSEMBLE-CMIP6","Overall Score","MeanState","global","score","1","0.449652","1.0"
"Forcings","SurfaceAirTemperature","CRU4.02","4597_2026-03-05_uncalib","Benchmark Period Mean (intersection)","MeanState","global","scalar","K","287.083","50.0"
"Forcings","SurfaceAirTemperature","CRU4.02","4597_2026-03-05_uncalib","Benchmark Period Mean (complement)","MeanState","global","scalar","K","288.241","50.0"
"Forcings","SurfaceAirTemperature","CRU4.02","4597_2026-03-05_uncalib","Period Mean (original grids)","MeanState","global","scalar","K","282.632","50.0"
"Forcings","SurfaceAirTemperature","CRU4.02","4597_2026-03-05_uncalib","Model Period Mean (intersection)","MeanState","global","scalar","K","287.021","50.0"
"Forcings","SurfaceAirTemperature","CRU4.02","4597_2026-03-05_uncalib","Model Period Mean (complement)","MeanState","global","scalar","K","242.178","50.0"
"Forcings","SurfaceAirTemperature","CRU4.02","4597_2026-03-05_uncalib","Spatial Distribution Score","MeanState","global","score","1","0.999964","50.0"
"Forcings","SurfaceAirTemperature","CRU4.02","4597_2026-03-05_uncalib","Phase Shift","MeanState","global","scalar","months","0.320123","50.0"
"Forcings","SurfaceAirTemperature","CRU4.02","4597_2026-03-05_uncalib","Seasonal Cycle Score","MeanState","global","score","1","0.964368","50.0"
"Forcings","SurfaceAirTemperature","CRU4.02","4597_2026-03-05_uncalib","Bias","MeanState","global","scalar","K","-0.0584543","50.0"
"Forcings","SurfaceAirTemperature","CRU4.02","4597_2026-03-05_uncalib","Bias Score","MeanState","global","score","1","0.783931","50.0"
"Forcings","SurfaceAirTemperature","CRU4.02","4597_2026-03-05_uncalib","RMSE","MeanState","global","scalar","K","1.36387","50.0"
"Forcings","SurfaceAirTemperature","CRU4.02","4597_2026-03-05_uncalib","RMSE Score","MeanState","global","score","1","0.84495","50.0"
"Forcings","SurfaceAirTemperature","CRU4.02","4597_2026-03-05_uncalib","Overall Score","MeanState","global","score","1","0.887633","50.0"
"Forcings","SurfaceAirTemperature","CRU4.02","4598_2026-03-05_latest","Benchmark Period Mean (intersection)","MeanState","global","scalar","K","287.083","50.0"
"Forcings","SurfaceAirTemperature","CRU4.02","4598_2026-03-05_latest","Benchmark Period Mean (complement)","MeanState","global","scalar","K","288.241","50.0"
"Forcings","SurfaceAirTemperature","CRU4.02","4598_2026-03-05_latest","Period Mean (original grids)","MeanState","global","scalar","K","282.632","50.0"
"Forcings","SurfaceAirTemperature","CRU4.02","4598_2026-03-05_latest","Model Period Mean (intersection)","MeanState","global","scalar","K","287.021","50.0"
"Forcings","SurfaceAirTemperature","CRU4.02","4598_2026-03-05_latest","Model Period Mean (complement)","MeanState","global","scalar","K","242.178","50.0"
"Forcings","SurfaceAirTemperature","CRU4.02","4598_2026-03-05_latest","Spatial Distribution Score","MeanState","global","score","1","0.999964","50.0"
"Forcings","SurfaceAirTemperature","CRU4.02","4598_2026-03-05_latest","Phase Shift","MeanState","global","scalar","months","0.320123","50.0"
"Forcings","SurfaceAirTemperature","CRU4.02","4598_2026-03-05_latest","Seasonal Cycle Score","MeanState","global","score","1","0.964368","50.0"
"Forcings","SurfaceAirTemperature","CRU4.02","4598_2026-03-05_latest","Bias","MeanState","global","scalar","K","-0.0584543","50.0"
"Forcings","SurfaceAirTemperature","CRU4.02","4598_2026-03-05_latest","Bias Score","MeanState","global","score","1","0.783931","50.0"
"Forcings","SurfaceAirTemperature","CRU4.02","4598_2026-03-05_latest","RMSE","MeanState","global","scalar","K","1.36387","50.0"
"Forcings","SurfaceAirTemperature","CRU4.02","4598_2026-03-05_latest","RMSE Score","MeanState","global","score","1","0.84495","50.0"
"Forcings","SurfaceAirTemperature","CRU4.02","4598_2026-03-05_latest","Overall Score","MeanState","global","score","1","0.887633","50.0"
"Forcings","SurfaceAirTemperature","CRU4.02","ENSEMBLE-CMIP6","Benchmark Period Mean (intersection)","MeanState","global","scalar","K","286.756","50.0"
"Forcings","SurfaceAirTemperature","CRU4.02","ENSEMBLE-CMIP6","Benchmark Period Mean (complement)","MeanState","global","scalar","K","nan","50.0"
"Forcings","SurfaceAirTemperature","CRU4.02","ENSEMBLE-CMIP6","Period Mean (original grids)","MeanState","global","scalar","K","283.148","50.0"
"Forcings","SurfaceAirTemperature","CRU4.02","ENSEMBLE-CMIP6","Model Period Mean (intersection)","MeanState","global","scalar","K","286.773","50.0"
"Forcings","SurfaceAirTemperature","CRU4.02","ENSEMBLE-CMIP6","Model Period Mean (complement)","MeanState","global","scalar","K","264.448","50.0"
"Forcings","SurfaceAirTemperature","CRU4.02","ENSEMBLE-CMIP6","Spatial Distribution Score","MeanState","global","score","1","0.999634","50.0"
"Forcings","SurfaceAirTemperature","CRU4.02","ENSEMBLE-CMIP6","Phase Shift","MeanState","global","scalar","months","0.401011","50.0"
"Forcings","SurfaceAirTemperature","CRU4.02","ENSEMBLE-CMIP6","Seasonal Cycle Score","MeanState","global","score","1","0.957293","50.0"
"Forcings","SurfaceAirTemperature","CRU4.02","ENSEMBLE-CMIP6","Bias","MeanState","global","scalar","K","0.0210678","50.0"
"Forcings","SurfaceAirTemperature","CRU4.02","ENSEMBLE-CMIP6","Bias Score","MeanState","global","score","1","0.751055","50.0"
"Forcings","SurfaceAirTemperature","CRU4.02","ENSEMBLE-CMIP6","RMSE","MeanState","global","scalar","K","1.90956","50.0"
"Forcings","SurfaceAirTemperature","CRU4.02","ENSEMBLE-CMIP6","RMSE Score","MeanState","global","score","1","0.78768","50.0"
"Forcings","SurfaceAirTemperature","CRU4.02","ENSEMBLE-CMIP6","Overall Score","MeanState","global","score","1","0.856668","50.0"
"Forcings","SurfaceAirTemperature","ERA5","4597_2026-03-05_uncalib","Benchmark Period Mean (intersection)","MeanState","global","scalar","K","282.592","50.0"
"Forcings","SurfaceAirTemperature","ERA5","4597_2026-03-05_uncalib","Benchmark Period Mean (complement)","MeanState","global","scalar","K","287.079","50.0"
"Forcings","SurfaceAirTemperature","ERA5","4597_2026-03-05_uncalib","Period Mean (original grids)","MeanState","global","scalar","K","282.594","50.0"
"Forcings","SurfaceAirTemperature","ERA5","4597_2026-03-05_uncalib","Model Period Mean (intersection)","MeanState","global","scalar","K","282.596","50.0"
"Forcings","SurfaceAirTemperature","ERA5","4597_2026-03-05_uncalib","Model Period Mean (complement)","MeanState","global","scalar","K","nan","50.0"
"Forcings","SurfaceAirTemperature","ERA5","4597_2026-03-05_uncalib","Spatial Distribution Score","MeanState","global","score","1","0.999994","50.0"
"Forcings","SurfaceAirTemperature","ERA5","4597_2026-03-05_uncalib","Phase Shift","MeanState","global","scalar","months","0.0909062","50.0"
"Forcings","SurfaceAirTemperature","ERA5","4597_2026-03-05_uncalib","Seasonal Cycle Score","MeanState","global","score","1","0.989081","50.0"
"Forcings","SurfaceAirTemperature","ERA5","4597_2026-03-05_uncalib","Bias","MeanState","global","scalar","K","-0.0102824","50.0"
"Forcings","SurfaceAirTemperature","ERA5","4597_2026-03-05_uncalib","Bias Score","MeanState","global","score","1","0.921263","50.0"
"Forcings","SurfaceAirTemperature","ERA5","4597_2026-03-05_uncalib","RMSE","MeanState","global","scalar","K","0.0583466","50.0"
"Forcings","SurfaceAirTemperature","ERA5","4597_2026-03-05_uncalib","RMSE Score","MeanState","global","score","1","0.99286","50.0"
"Forcings","SurfaceAirTemperature","ERA5","4597_2026-03-05_uncalib","Overall Score","MeanState","global","score","1","0.979211","50.0"
"Forcings","SurfaceAirTemperature","ERA5","4598_2026-03-05_latest","Benchmark Period Mean (intersection)","MeanState","global","scalar","K","282.592","50.0"
"Forcings","SurfaceAirTemperature","ERA5","4598_2026-03-05_latest","Benchmark Period Mean (complement)","MeanState","global","scalar","K","287.079","50.0"
"Forcings","SurfaceAirTemperature","ERA5","4598_2026-03-05_latest","Period Mean (original grids)","MeanState","global","scalar","K","282.594","50.0"
"Forcings","SurfaceAirTemperature","ERA5","4598_2026-03-05_latest","Model Period Mean (intersection)","MeanState","global","scalar","K","282.596","50.0"
"Forcings","SurfaceAirTemperature","ERA5","4598_2026-03-05_latest","Model Period Mean (complement)","MeanState","global","scalar","K","nan","50.0"
"Forcings","SurfaceAirTemperature","ERA5","4598_2026-03-05_latest","Spatial Distribution Score","MeanState","global","score","1","0.999994","50.0"
"Forcings","SurfaceAirTemperature","ERA5","4598_2026-03-05_latest","Phase Shift","MeanState","global","scalar","months","0.0909062","50.0"
"Forcings","SurfaceAirTemperature","ERA5","4598_2026-03-05_latest","Seasonal Cycle Score","MeanState","global","score","1","0.989081","50.0"
"Forcings","SurfaceAirTemperature","ERA5","4598_2026-03-05_latest","Bias","MeanState","global","scalar","K","-0.0102824","50.0"
"Forcings","SurfaceAirTemperature","ERA5","4598_2026-03-05_latest","Bias Score","MeanState","global","score","1","0.921263","50.0"
"Forcings","SurfaceAirTemperature","ERA5","4598_2026-03-05_latest","RMSE","MeanState","global","scalar","K","0.0583466","50.0"
"Forcings","SurfaceAirTemperature","ERA5","4598_2026-03-05_latest","RMSE Score","MeanState","global","score","1","0.99286","50.0"
"Forcings","SurfaceAirTemperature","ERA5","4598_2026-03-05_latest","Overall Score","MeanState","global","score","1","0.979211","50.0"
"Forcings","SurfaceAirTemperature","ERA5","ENSEMBLE-CMIP6","Benchmark Period Mean (intersection)","MeanState","global","scalar","K","282.877","50.0"
"Forcings","SurfaceAirTemperature","ERA5","ENSEMBLE-CMIP6","Benchmark Period Mean (complement)","MeanState","global","scalar","K","nan","50.0"
"Forcings","SurfaceAirTemperature","ERA5","ENSEMBLE-CMIP6","Period Mean (original grids)","MeanState","global","scalar","K","283.133","50.0"
"Forcings","SurfaceAirTemperature","ERA5","ENSEMBLE-CMIP6","Model Period Mean (intersection)","MeanState","global","scalar","K","282.976","50.0"
"Forcings","SurfaceAirTemperature","ERA5","ENSEMBLE-CMIP6","Model Period Mean (complement)","MeanState","global","scalar","K","nan","50.0"
"Forcings","SurfaceAirTemperature","ERA5","ENSEMBLE-CMIP6","Spatial Distribution Score","MeanState","global","score","1","0.999963","50.0"
"Forcings","SurfaceAirTemperature","ERA5","ENSEMBLE-CMIP6","Phase Shift","MeanState","global","scalar","months","0.415828","50.0"
"Forcings","SurfaceAirTemperature","ERA5","ENSEMBLE-CMIP6","Seasonal Cycle Score","MeanState","global","score","1","0.955717","50.0"
"Forcings","SurfaceAirTemperature","ERA5","ENSEMBLE-CMIP6","Bias","MeanState","global","scalar","K","0.100092","50.0"
"Forcings","SurfaceAirTemperature","ERA5","ENSEMBLE-CMIP6","Bias Score","MeanState","global","score","1","0.742572","50.0"
"Forcings","SurfaceAirTemperature","ERA5","ENSEMBLE-CMIP6","RMSE","MeanState","global","scalar","K","1.91265","50.0"
"Forcings","SurfaceAirTemperature","ERA5","ENSEMBLE-CMIP6","RMSE Score","MeanState","global","score","1","0.79468","50.0"
"Forcings","SurfaceAirTemperature","ERA5","ENSEMBLE-CMIP6","Overall Score","MeanState","global","score","1","0.857522","50.0"
"Forcings","Precipitation","CMAPv1904","4597_2026-03-05_uncalib","Benchmark Period Mean (intersection)","MeanState","global","scalar","mm d-1","1.94911","40.0"
"Forcings","Precipitation","CMAPv1904","4597_2026-03-05_uncalib","Benchmark Period Mean (complement)","MeanState","global","scalar","mm d-1","2.84921","40.0"
"Forcings","Precipitation","CMAPv1904","4597_2026-03-05_uncalib","Period Mean (original grids)","MeanState","global","scalar","mm d-1","2.23838","40.0"
"Forcings","Precipitation","CMAPv1904","4597_2026-03-05_uncalib","Model Period Mean (intersection)","MeanState","global","scalar","mm d-1","2.24019","40.0"
"Forcings","Precipitation","CMAPv1904","4597_2026-03-05_uncalib","Model Period Mean (complement)","MeanState","global","scalar","mm d-1","nan","40.0"
"Forcings","Precipitation","CMAPv1904","4597_2026-03-05_uncalib","Spatial Distribution Score","MeanState","global","score","1","0.856406","40.0"
"Forcings","Precipitation","CMAPv1904","4597_2026-03-05_uncalib","Phase Shift","MeanState","global","scalar","months","1.07245","40.0"
"Forcings","Precipitation","CMAPv1904","4597_2026-03-05_uncalib","Seasonal Cycle Score","MeanState","global","score","1","0.865741","40.0"
"Forcings","Precipitation","CMAPv1904","4597_2026-03-05_uncalib","Bias","MeanState","global","scalar","mm d-1","0.287882","40.0"
"Forcings","Precipitation","CMAPv1904","4597_2026-03-05_uncalib","Bias Score","MeanState","global","score","1","0.709497","40.0"
"Forcings","Precipitation","CMAPv1904","4597_2026-03-05_uncalib","RMSE","MeanState","global","scalar","mm d-1","0.885739","40.0"
"Forcings","Precipitation","CMAPv1904","4597_2026-03-05_uncalib","RMSE Score","MeanState","global","score","1","0.718002","40.0"
"Forcings","Precipitation","CMAPv1904","4597_2026-03-05_uncalib","Overall Score","MeanState","global","score","1","0.77353","40.0"
"Forcings","Precipitation","CMAPv1904","4598_2026-03-05_latest","Benchmark Period Mean (intersection)","MeanState","global","scalar","mm d-1","1.94911","40.0"
"Forcings","Precipitation","CMAPv1904","4598_2026-03-05_latest","Benchmark Period Mean (complement)","MeanState","global","scalar","mm d-1","2.84921","40.0"
"Forcings","Precipitation","CMAPv1904","4598_2026-03-05_latest","Period Mean (original grids)","MeanState","global","scalar","mm d-1","2.23838","40.0"
"Forcings","Precipitation","CMAPv1904","4598_2026-03-05_latest","Model Period Mean (intersection)","MeanState","global","scalar","mm d-1","2.24019","40.0"
"Forcings","Precipitation","CMAPv1904","4598_2026-03-05_latest","Model Period Mean (complement)","MeanState","global","scalar","mm d-1","nan","40.0"
"Forcings","Precipitation","CMAPv1904","4598_2026-03-05_latest","Spatial Distribution Score","MeanState","global","score","1","0.856406","40.0"
"Forcings","Precipitation","CMAPv1904","4598_2026-03-05_latest","Phase Shift","MeanState","global","scalar","months","1.07245","40.0"
"Forcings","Precipitation","CMAPv1904","4598_2026-03-05_latest","Seasonal Cycle Score","MeanState","global","score","1","0.865741","40.0"
"Forcings","Precipitation","CMAPv1904","4598_2026-03-05_latest","Bias","MeanState","global","scalar","mm d-1","0.287882","40.0"
"Forcings","Precipitation","CMAPv1904","4598_2026-03-05_latest","Bias Score","MeanState","global","score","1","0.709497","40.0"
"Forcings","Precipitation","CMAPv1904","4598_2026-03-05_latest","RMSE","MeanState","global","scalar","mm d-1","0.885739","40.0"
"Forcings","Precipitation","CMAPv1904","4598_2026-03-05_latest","RMSE Score","MeanState","global","score","1","0.718002","40.0"
"Forcings","Precipitation","CMAPv1904","4598_2026-03-05_latest","Overall Score","MeanState","global","score","1","0.77353","40.0"
"Forcings","Precipitation","CMAPv1904","ENSEMBLE-CMIP6","Benchmark Period Mean (intersection)","MeanState","global","scalar","mm d-1","2.04289","40.0"
"Forcings","Precipitation","CMAPv1904","ENSEMBLE-CMIP6","Benchmark Period Mean (complement)","MeanState","global","scalar","mm d-1","nan","40.0"
"Forcings","Precipitation","CMAPv1904","ENSEMBLE-CMIP6","Period Mean (original grids)","MeanState","global","scalar","mm d-1","2.42019","40.0"
"Forcings","Precipitation","CMAPv1904","ENSEMBLE-CMIP6","Model Period Mean (intersection)","MeanState","global","scalar","mm d-1","2.41035","40.0"
"Forcings","Precipitation","CMAPv1904","ENSEMBLE-CMIP6","Model Period Mean (complement)","MeanState","global","scalar","mm d-1","1.11537","40.0"
"Forcings","Precipitation","CMAPv1904","ENSEMBLE-CMIP6","Spatial Distribution Score","MeanState","global","score","1","0.942656","40.0"
"Forcings","Precipitation","CMAPv1904","ENSEMBLE-CMIP6","Phase Shift","MeanState","global","scalar","months","1.31276","40.0"
"Forcings","Precipitation","CMAPv1904","ENSEMBLE-CMIP6","Seasonal Cycle Score","MeanState","global","score","1","0.849101","40.0"
"Forcings","Precipitation","CMAPv1904","ENSEMBLE-CMIP6","Bias","MeanState","global","scalar","mm d-1","0.367101","40.0"
"Forcings","Precipitation","CMAPv1904","ENSEMBLE-CMIP6","Bias Score","MeanState","global","score","1","0.701837","40.0"
"Forcings","Precipitation","CMAPv1904","ENSEMBLE-CMIP6","RMSE","MeanState","global","scalar","mm d-1","0.983341","40.0"
"Forcings","Precipitation","CMAPv1904","ENSEMBLE-CMIP6","RMSE Score","MeanState","global","score","1","0.674306","40.0"
"Forcings","Precipitation","CMAPv1904","ENSEMBLE-CMIP6","Overall Score","MeanState","global","score","1","0.768441","40.0"
"Forcings","Precipitation","GPCCv2018","4597_2026-03-05_uncalib","Benchmark Period Mean (intersection)","MeanState","global","scalar","mm d-1","2.17774","40.0"
"Forcings","Precipitation","GPCCv2018","4597_2026-03-05_uncalib","Benchmark Period Mean (complement)","MeanState","global","scalar","mm d-1","3.4345","40.0"
"Forcings","Precipitation","GPCCv2018","4597_2026-03-05_uncalib","Period Mean (original grids)","MeanState","global","scalar","mm d-1","2.23415","40.0"
"Forcings","Precipitation","GPCCv2018","4597_2026-03-05_uncalib","Model Period Mean (intersection)","MeanState","global","scalar","mm d-1","2.4107","40.0"
"Forcings","Precipitation","GPCCv2018","4597_2026-03-05_uncalib","Model Period Mean (complement)","MeanState","global","scalar","mm d-1","0.574602","40.0"
"Forcings","Precipitation","GPCCv2018","4597_2026-03-05_uncalib","Spatial Distribution Score","MeanState","global","score","1","0.946873","40.0"
"Forcings","Precipitation","GPCCv2018","4597_2026-03-05_uncalib","Phase Shift","MeanState","global","scalar","months","0.81564","40.0"
"Forcings","Precipitation","GPCCv2018","4597_2026-03-05_uncalib","Seasonal Cycle Score","MeanState","global","score","1","0.890624","40.0"
"Forcings","Precipitation","GPCCv2018","4597_2026-03-05_uncalib","Bias","MeanState","global","scalar","mm d-1","0.232992","40.0"
"Forcings","Precipitation","GPCCv2018","4597_2026-03-05_uncalib","Bias Score","MeanState","global","score","1","0.763274","40.0"
"Forcings","Precipitation","GPCCv2018","4597_2026-03-05_uncalib","RMSE","MeanState","global","scalar","mm d-1","0.803352","40.0"
"Forcings","Precipitation","GPCCv2018","4597_2026-03-05_uncalib","RMSE Score","MeanState","global","score","1","0.744097","40.0"
"Forcings","Precipitation","GPCCv2018","4597_2026-03-05_uncalib","Overall Score","MeanState","global","score","1","0.817793","40.0"
"Forcings","Precipitation","GPCCv2018","4598_2026-03-05_latest","Benchmark Period Mean (intersection)","MeanState","global","scalar","mm d-1","2.17774","40.0"
"Forcings","Precipitation","GPCCv2018","4598_2026-03-05_latest","Benchmark Period Mean (complement)","MeanState","global","scalar","mm d-1","3.4345","40.0"
"Forcings","Precipitation","GPCCv2018","4598_2026-03-05_latest","Period Mean (original grids)","MeanState","global","scalar","mm d-1","2.23415","40.0"
"Forcings","Precipitation","GPCCv2018","4598_2026-03-05_latest","Model Period Mean (intersection)","MeanState","global","scalar","mm d-1","2.4107","40.0"
"Forcings","Precipitation","GPCCv2018","4598_2026-03-05_latest","Model Period Mean (complement)","MeanState","global","scalar","mm d-1","0.574602","40.0"
"Forcings","Precipitation","GPCCv2018","4598_2026-03-05_latest","Spatial Distribution Score","MeanState","global","score","1","0.946873","40.0"
"Forcings","Precipitation","GPCCv2018","4598_2026-03-05_latest","Phase Shift","MeanState","global","scalar","months","0.81564","40.0"
"Forcings","Precipitation","GPCCv2018","4598_2026-03-05_latest","Seasonal Cycle Score","MeanState","global","score","1","0.890624","40.0"
"Forcings","Precipitation","GPCCv2018","4598_2026-03-05_latest","Bias","MeanState","global","scalar","mm d-1","0.232992","40.0"
"Forcings","Precipitation","GPCCv2018","4598_2026-03-05_latest","Bias Score","MeanState","global","score","1","0.763274","40.0"
"Forcings","Precipitation","GPCCv2018","4598_2026-03-05_latest","RMSE","MeanState","global","scalar","mm d-1","0.803352","40.0"
"Forcings","Precipitation","GPCCv2018","4598_2026-03-05_latest","RMSE Score","MeanState","global","score","1","0.744097","40.0"
"Forcings","Precipitation","GPCCv2018","4598_2026-03-05_latest","Overall Score","MeanState","global","score","1","0.817793","40.0"
"Forcings","Precipitation","GPCCv2018","ENSEMBLE-CMIP6","Benchmark Period Mean (intersection)","MeanState","global","scalar","mm d-1","2.26003","40.0"
"Forcings","Precipitation","GPCCv2018","ENSEMBLE-CMIP6","Benchmark Period Mean (complement)","MeanState","global","scalar","mm d-1","nan","40.0"
"Forcings","Precipitation","GPCCv2018","ENSEMBLE-CMIP6","Period Mean (original grids)","MeanState","global","scalar","mm d-1","2.42043","40.0"
"Forcings","Precipitation","GPCCv2018","ENSEMBLE-CMIP6","Model Period Mean (intersection)","MeanState","global","scalar","mm d-1","2.52935","40.0"
"Forcings","Precipitation","GPCCv2018","ENSEMBLE-CMIP6","Model Period Mean (complement)","MeanState","global","scalar","mm d-1","1.72617","40.0"
"Forcings","Precipitation","GPCCv2018","ENSEMBLE-CMIP6","Spatial Distribution Score","MeanState","global","score","1","0.958492","40.0"
"Forcings","Precipitation","GPCCv2018","ENSEMBLE-CMIP6","Phase Shift","MeanState","global","scalar","months","1.14737","40.0"
"Forcings","Precipitation","GPCCv2018","ENSEMBLE-CMIP6","Seasonal Cycle Score","MeanState","global","score","1","0.85285","40.0"
"Forcings","Precipitation","GPCCv2018","ENSEMBLE-CMIP6","Bias","MeanState","global","scalar","mm d-1","0.269355","40.0"
"Forcings","Precipitation","GPCCv2018","ENSEMBLE-CMIP6","Bias Score","MeanState","global","score","1","0.711561","40.0"
"Forcings","Precipitation","GPCCv2018","ENSEMBLE-CMIP6","RMSE","MeanState","global","scalar","mm d-1","1.08077","40.0"
"Forcings","Precipitation","GPCCv2018","ENSEMBLE-CMIP6","RMSE Score","MeanState","global","score","1","0.680614","40.0"
"Forcings","Precipitation","GPCCv2018","ENSEMBLE-CMIP6","Overall Score","MeanState","global","score","1","0.776826","40.0"
"Forcings","Precipitation","GPCPv2.3","4597_2026-03-05_uncalib","Benchmark Period Mean (intersection)","MeanState","global","scalar","mm d-1","2.17967","40.0"
"Forcings","Precipitation","GPCPv2.3","4597_2026-03-05_uncalib","Benchmark Period Mean (complement)","MeanState","global","scalar","mm d-1","3.09019","40.0"
"Forcings","Precipitation","GPCPv2.3","4597_2026-03-05_uncalib","Period Mean (original grids)","MeanState","global","scalar","mm d-1","2.23838","40.0"
"Forcings","Precipitation","GPCPv2.3","4597_2026-03-05_uncalib","Model Period Mean (intersection)","MeanState","global","scalar","mm d-1","2.24019","40.0"
"Forcings","Precipitation","GPCPv2.3","4597_2026-03-05_uncalib","Model Period Mean (complement)","MeanState","global","scalar","mm d-1","nan","40.0"
"Forcings","Precipitation","GPCPv2.3","4597_2026-03-05_uncalib","Spatial Distribution Score","MeanState","global","score","1","0.93587","40.0"
"Forcings","Precipitation","GPCPv2.3","4597_2026-03-05_uncalib","Phase Shift","MeanState","global","scalar","months","1.14028","40.0"
"Forcings","Precipitation","GPCPv2.3","4597_2026-03-05_uncalib","Seasonal Cycle Score","MeanState","global","score","1","0.86588","40.0"
"Forcings","Precipitation","GPCPv2.3","4597_2026-03-05_uncalib","Bias","MeanState","global","scalar","mm d-1","0.0576848","40.0"
"Forcings","Precipitation","GPCPv2.3","4597_2026-03-05_uncalib","Bias Score","MeanState","global","score","1","0.740386","40.0"
"Forcings","Precipitation","GPCPv2.3","4597_2026-03-05_uncalib","RMSE","MeanState","global","scalar","mm d-1","0.769312","40.0"
"Forcings","Precipitation","GPCPv2.3","4597_2026-03-05_uncalib","RMSE Score","MeanState","global","score","1","0.728668","40.0"
"Forcings","Precipitation","GPCPv2.3","4597_2026-03-05_uncalib","Overall Score","MeanState","global","score","1","0.799894","40.0"
"Forcings","Precipitation","GPCPv2.3","4598_2026-03-05_latest","Benchmark Period Mean (intersection)","MeanState","global","scalar","mm d-1","2.17967","40.0"
"Forcings","Precipitation","GPCPv2.3","4598_2026-03-05_latest","Benchmark Period Mean (complement)","MeanState","global","scalar","mm d-1","3.09019","40.0"
"Forcings","Precipitation","GPCPv2.3","4598_2026-03-05_latest","Period Mean (original grids)","MeanState","global","scalar","mm d-1","2.23838","40.0"
"Forcings","Precipitation","GPCPv2.3","4598_2026-03-05_latest","Model Period Mean (intersection)","MeanState","global","scalar","mm d-1","2.24019","40.0"
"Forcings","Precipitation","GPCPv2.3","4598_2026-03-05_latest","Model Period Mean (complement)","MeanState","global","scalar","mm d-1","nan","40.0"
"Forcings","Precipitation","GPCPv2.3","4598_2026-03-05_latest","Spatial Distribution Score","MeanState","global","score","1","0.93587","40.0"
"Forcings","Precipitation","GPCPv2.3","4598_2026-03-05_latest","Phase Shift","MeanState","global","scalar","months","1.14028","40.0"
"Forcings","Precipitation","GPCPv2.3","4598_2026-03-05_latest","Seasonal Cycle Score","MeanState","global","score","1","0.86588","40.0"
"Forcings","Precipitation","GPCPv2.3","4598_2026-03-05_latest","Bias","MeanState","global","scalar","mm d-1","0.0576848","40.0"
"Forcings","Precipitation","GPCPv2.3","4598_2026-03-05_latest","Bias Score","MeanState","global","score","1","0.740386","40.0"
"Forcings","Precipitation","GPCPv2.3","4598_2026-03-05_latest","RMSE","MeanState","global","scalar","mm d-1","0.769312","40.0"
"Forcings","Precipitation","GPCPv2.3","4598_2026-03-05_latest","RMSE Score","MeanState","global","score","1","0.728668","40.0"
"Forcings","Precipitation","GPCPv2.3","4598_2026-03-05_latest","Overall Score","MeanState","global","score","1","0.799894","40.0"
"Forcings","Precipitation","GPCPv2.3","ENSEMBLE-CMIP6","Benchmark Period Mean (intersection)","MeanState","global","scalar","mm d-1","2.30043","40.0"
"Forcings","Precipitation","GPCPv2.3","ENSEMBLE-CMIP6","Benchmark Period Mean (complement)","MeanState","global","scalar","mm d-1","nan","40.0"
"Forcings","Precipitation","GPCPv2.3","ENSEMBLE-CMIP6","Period Mean (original grids)","MeanState","global","scalar","mm d-1","2.42019","40.0"
"Forcings","Precipitation","GPCPv2.3","ENSEMBLE-CMIP6","Model Period Mean (intersection)","MeanState","global","scalar","mm d-1","2.41018","40.0"
"Forcings","Precipitation","GPCPv2.3","ENSEMBLE-CMIP6","Model Period Mean (complement)","MeanState","global","scalar","mm d-1","nan","40.0"
"Forcings","Precipitation","GPCPv2.3","ENSEMBLE-CMIP6","Spatial Distribution Score","MeanState","global","score","1","0.972906","40.0"
"Forcings","Precipitation","GPCPv2.3","ENSEMBLE-CMIP6","Phase Shift","MeanState","global","scalar","months","1.31294","40.0"
"Forcings","Precipitation","GPCPv2.3","ENSEMBLE-CMIP6","Seasonal Cycle Score","MeanState","global","score","1","0.853098","40.0"
"Forcings","Precipitation","GPCPv2.3","ENSEMBLE-CMIP6","Bias","MeanState","global","scalar","mm d-1","0.109029","40.0"
"Forcings","Precipitation","GPCPv2.3","ENSEMBLE-CMIP6","Bias Score","MeanState","global","score","1","0.721347","40.0"
"Forcings","Precipitation","GPCPv2.3","ENSEMBLE-CMIP6","RMSE","MeanState","global","scalar","mm d-1","0.908279","40.0"
"Forcings","Precipitation","GPCPv2.3","ENSEMBLE-CMIP6","RMSE Score","MeanState","global","score","1","0.682194","40.0"
"Forcings","Precipitation","GPCPv2.3","ENSEMBLE-CMIP6","Overall Score","MeanState","global","score","1","0.782348","40.0"
"Forcings","Precipitation","CLASS","4597_2026-03-05_uncalib","Benchmark Period Mean (intersection)","MeanState","global","scalar","mm d-1","2.01469","30.0"
"Forcings","Precipitation","CLASS","4597_2026-03-05_uncalib","Benchmark Period Mean (complement)","MeanState","global","scalar","mm d-1","2.8701","30.0"
"Forcings","Precipitation","CLASS","4597_2026-03-05_uncalib","Period Mean (original grids)","MeanState","global","scalar","mm d-1","2.21987","30.0"
"Forcings","Precipitation","CLASS","4597_2026-03-05_uncalib","Model Period Mean (intersection)","MeanState","global","scalar","mm d-1","2.34227","30.0"
"Forcings","Precipitation","CLASS","4597_2026-03-05_uncalib","Model Period Mean (complement)","MeanState","global","scalar","mm d-1","1.7302","30.0"
"Forcings","Precipitation","CLASS","4597_2026-03-05_uncalib","Spatial Distribution Score","MeanState","global","score","1","0.931192","30.0"
"Forcings","Precipitation","CLASS","4597_2026-03-05_uncalib","Phase Shift","MeanState","global","scalar","months","0.866222","30.0"
"Forcings","Precipitation","CLASS","4597_2026-03-05_uncalib","Seasonal Cycle Score","MeanState","global","score","1","0.893015","30.0"
"Forcings","Precipitation","CLASS","4597_2026-03-05_uncalib","Bias","MeanState","global","scalar","mm d-1","0.328159","30.0"
"Forcings","Precipitation","CLASS","4597_2026-03-05_uncalib","Bias Score","MeanState","global","score","1","0.739113","30.0"
"Forcings","Precipitation","CLASS","4597_2026-03-05_uncalib","RMSE","MeanState","global","scalar","mm d-1","0.867267","30.0"
"Forcings","Precipitation","CLASS","4597_2026-03-05_uncalib","RMSE Score","MeanState","global","score","1","0.680051","30.0"
"Forcings","Precipitation","CLASS","4597_2026-03-05_uncalib","Overall Score","MeanState","global","score","1","0.784685","30.0"
"Forcings","Precipitation","CLASS","4598_2026-03-05_latest","Benchmark Period Mean (intersection)","MeanState","global","scalar","mm d-1","2.01469","30.0"
"Forcings","Precipitation","CLASS","4598_2026-03-05_latest","Benchmark Period Mean (complement)","MeanState","global","scalar","mm d-1","2.8701","30.0"
"Forcings","Precipitation","CLASS","4598_2026-03-05_latest","Period Mean (original grids)","MeanState","global","scalar","mm d-1","2.21987","30.0"
"Forcings","Precipitation","CLASS","4598_2026-03-05_latest","Model Period Mean (intersection)","MeanState","global","scalar","mm d-1","2.34227","30.0"
"Forcings","Precipitation","CLASS","4598_2026-03-05_latest","Model Period Mean (complement)","MeanState","global","scalar","mm d-1","1.7302","30.0"
"Forcings","Precipitation","CLASS","4598_2026-03-05_latest","Spatial Distribution Score","MeanState","global","score","1","0.931192","30.0"
"Forcings","Precipitation","CLASS","4598_2026-03-05_latest","Phase Shift","MeanState","global","scalar","months","0.866222","30.0"
"Forcings","Precipitation","CLASS","4598_2026-03-05_latest","Seasonal Cycle Score","MeanState","global","score","1","0.893015","30.0"
"Forcings","Precipitation","CLASS","4598_2026-03-05_latest","Bias","MeanState","global","scalar","mm d-1","0.328159","30.0"
"Forcings","Precipitation","CLASS","4598_2026-03-05_latest","Bias Score","MeanState","global","score","1","0.739113","30.0"
"Forcings","Precipitation","CLASS","4598_2026-03-05_latest","RMSE","MeanState","global","scalar","mm d-1","0.867267","30.0"
"Forcings","Precipitation","CLASS","4598_2026-03-05_latest","RMSE Score","MeanState","global","score","1","0.680051","30.0"
"Forcings","Precipitation","CLASS","4598_2026-03-05_latest","Overall Score","MeanState","global","score","1","0.784685","30.0"
"Forcings","Precipitation","CLASS","ENSEMBLE-CMIP6","Benchmark Period Mean (intersection)","MeanState","global","scalar","mm d-1","2.02015","30.0"
"Forcings","Precipitation","CLASS","ENSEMBLE-CMIP6","Benchmark Period Mean (complement)","MeanState","global","scalar","mm d-1","nan","30.0"
"Forcings","Precipitation","CLASS","ENSEMBLE-CMIP6","Period Mean (original grids)","MeanState","global","scalar","mm d-1","2.43154","30.0"
"Forcings","Precipitation","CLASS","ENSEMBLE-CMIP6","Model Period Mean (intersection)","MeanState","global","scalar","mm d-1","2.44763","30.0"
"Forcings","Precipitation","CLASS","ENSEMBLE-CMIP6","Model Period Mean (complement)","MeanState","global","scalar","mm d-1","2.36153","30.0"
"Forcings","Precipitation","CLASS","ENSEMBLE-CMIP6","Spatial Distribution Score","MeanState","global","score","1","0.964245","30.0"
"Forcings","Precipitation","CLASS","ENSEMBLE-CMIP6","Phase Shift","MeanState","global","scalar","months","1.22741","30.0"
"Forcings","Precipitation","CLASS","ENSEMBLE-CMIP6","Seasonal Cycle Score","MeanState","global","score","1","0.862892","30.0"
"Forcings","Precipitation","CLASS","ENSEMBLE-CMIP6","Bias","MeanState","global","scalar","mm d-1","0.427613","30.0"
"Forcings","Precipitation","CLASS","ENSEMBLE-CMIP6","Bias Score","MeanState","global","score","1","0.669008","30.0"
"Forcings","Precipitation","CLASS","ENSEMBLE-CMIP6","RMSE","MeanState","global","scalar","mm d-1","1.0904","30.0"
"Forcings","Precipitation","CLASS","ENSEMBLE-CMIP6","RMSE Score","MeanState","global","score","1","0.621875","30.0"
"Forcings","Precipitation","CLASS","ENSEMBLE-CMIP6","Overall Score","MeanState","global","score","1","0.747979","30.0"
"Forcings","Precipitation","ERA5","4597_2026-03-05_uncalib","Benchmark Period Mean (intersection)","MeanState","global","scalar","mm d-1","2.23041","30.0"
"Forcings","Precipitation","ERA5","4597_2026-03-05_uncalib","Benchmark Period Mean (complement)","MeanState","global","scalar","mm d-1","3.14088","30.0"
"Forcings","Precipitation","ERA5","4597_2026-03-05_uncalib","Period Mean (original grids)","MeanState","global","scalar","mm d-1","2.23699","30.0"
"Forcings","Precipitation","ERA5","4597_2026-03-05_uncalib","Model Period Mean (intersection)","MeanState","global","scalar","mm d-1","2.23645","30.0"
"Forcings","Precipitation","ERA5","4597_2026-03-05_uncalib","Model Period Mean (complement)","MeanState","global","scalar","mm d-1","nan","30.0"
"Forcings","Precipitation","ERA5","4597_2026-03-05_uncalib","Spatial Distribution Score","MeanState","global","score","1","0.98345","30.0"
"Forcings","Precipitation","ERA5","4597_2026-03-05_uncalib","Phase Shift","MeanState","global","scalar","months","0.268638","30.0"
"Forcings","Precipitation","ERA5","4597_2026-03-05_uncalib","Seasonal Cycle Score","MeanState","global","score","1","0.958357","30.0"
"Forcings","Precipitation","ERA5","4597_2026-03-05_uncalib","Bias","MeanState","global","scalar","mm d-1","0.00745881","30.0"
"Forcings","Precipitation","ERA5","4597_2026-03-05_uncalib","Bias Score","MeanState","global","score","1","0.917454","30.0"
"Forcings","Precipitation","ERA5","4597_2026-03-05_uncalib","RMSE","MeanState","global","scalar","mm d-1","0.0641853","30.0"
"Forcings","Precipitation","ERA5","4597_2026-03-05_uncalib","RMSE Score","MeanState","global","score","1","0.966284","30.0"
"Forcings","Precipitation","ERA5","4597_2026-03-05_uncalib","Overall Score","MeanState","global","score","1","0.958366","30.0"
"Forcings","Precipitation","ERA5","4598_2026-03-05_latest","Benchmark Period Mean (intersection)","MeanState","global","scalar","mm d-1","2.23041","30.0"
"Forcings","Precipitation","ERA5","4598_2026-03-05_latest","Benchmark Period Mean (complement)","MeanState","global","scalar","mm d-1","3.14088","30.0"
"Forcings","Precipitation","ERA5","4598_2026-03-05_latest","Period Mean (original grids)","MeanState","global","scalar","mm d-1","2.23699","30.0"
"Forcings","Precipitation","ERA5","4598_2026-03-05_latest","Model Period Mean (intersection)","MeanState","global","scalar","mm d-1","2.23645","30.0"
"Forcings","Precipitation","ERA5","4598_2026-03-05_latest","Model Period Mean (complement)","MeanState","global","scalar","mm d-1","nan","30.0"
"Forcings","Precipitation","ERA5","4598_2026-03-05_latest","Spatial Distribution Score","MeanState","global","score","1","0.98345","30.0"
"Forcings","Precipitation","ERA5","4598_2026-03-05_latest","Phase Shift","MeanState","global","scalar","months","0.268638","30.0"
"Forcings","Precipitation","ERA5","4598_2026-03-05_latest","Seasonal Cycle Score","MeanState","global","score","1","0.958357","30.0"
"Forcings","Precipitation","ERA5","4598_2026-03-05_latest","Bias","MeanState","global","scalar","mm d-1","0.00745881","30.0"
"Forcings","Precipitation","ERA5","4598_2026-03-05_latest","Bias Score","MeanState","global","score","1","0.917454","30.0"
"Forcings","Precipitation","ERA5","4598_2026-03-05_latest","RMSE","MeanState","global","scalar","mm d-1","0.0641853","30.0"
"Forcings","Precipitation","ERA5","4598_2026-03-05_latest","RMSE Score","MeanState","global","score","1","0.966284","30.0"
"Forcings","Precipitation","ERA5","4598_2026-03-05_latest","Overall Score","MeanState","global","score","1","0.958366","30.0"
"Forcings","Precipitation","ERA5","ENSEMBLE-CMIP6","Benchmark Period Mean (intersection)","MeanState","global","scalar","mm d-1","2.38487","30.0"
"Forcings","Precipitation","ERA5","ENSEMBLE-CMIP6","Benchmark Period Mean (complement)","MeanState","global","scalar","mm d-1","nan","30.0"
"Forcings","Precipitation","ERA5","ENSEMBLE-CMIP6","Period Mean (original grids)","MeanState","global","scalar","mm d-1","2.42019","30.0"
"Forcings","Precipitation","ERA5","ENSEMBLE-CMIP6","Model Period Mean (intersection)","MeanState","global","scalar","mm d-1","2.4079","30.0"
"Forcings","Precipitation","ERA5","ENSEMBLE-CMIP6","Model Period Mean (complement)","MeanState","global","scalar","mm d-1","nan","30.0"
"Forcings","Precipitation","ERA5","ENSEMBLE-CMIP6","Spatial Distribution Score","MeanState","global","score","1","0.947184","30.0"
"Forcings","Precipitation","ERA5","ENSEMBLE-CMIP6","Phase Shift","MeanState","global","scalar","months","1.16362","30.0"
"Forcings","Precipitation","ERA5","ENSEMBLE-CMIP6","Seasonal Cycle Score","MeanState","global","score","1","0.864176","30.0"
"Forcings","Precipitation","ERA5","ENSEMBLE-CMIP6","Bias","MeanState","global","scalar","mm d-1","0.0244738","30.0"
"Forcings","Precipitation","ERA5","ENSEMBLE-CMIP6","Bias Score","MeanState","global","score","1","0.726713","30.0"
"Forcings","Precipitation","ERA5","ENSEMBLE-CMIP6","RMSE","MeanState","global","scalar","mm d-1","0.921136","30.0"
"Forcings","Precipitation","ERA5","ENSEMBLE-CMIP6","RMSE Score","MeanState","global","score","1","0.699771","30.0"
"Forcings","Precipitation","ERA5","ENSEMBLE-CMIP6","Overall Score","MeanState","global","score","1","0.787523","30.0"
"Forcings","SurfaceDownwardSWRadiation","CERESed4.2","4597_2026-03-05_uncalib","Benchmark Period Mean (intersection)","MeanState","global","scalar","W m-2","186.613","30.0"
"Forcings","SurfaceDownwardSWRadiation","CERESed4.2","4597_2026-03-05_uncalib","Benchmark Period Mean (complement)","MeanState","global","scalar","W m-2","183.795","30.0"
"Forcings","SurfaceDownwardSWRadiation","CERESed4.2","4597_2026-03-05_uncalib","Period Mean (original grids)","MeanState","global","scalar","W m-2","189.497","30.0"
"Forcings","SurfaceDownwardSWRadiation","CERESed4.2","4597_2026-03-05_uncalib","Model Period Mean (intersection)","MeanState","global","scalar","W m-2","189.494","30.0"
"Forcings","SurfaceDownwardSWRadiation","CERESed4.2","4597_2026-03-05_uncalib","Model Period Mean (complement)","MeanState","global","scalar","W m-2","nan","30.0"
"Forcings","SurfaceDownwardSWRadiation","CERESed4.2","4597_2026-03-05_uncalib","Spatial Distribution Score","MeanState","global","score","1","0.997478","30.0"
"Forcings","SurfaceDownwardSWRadiation","CERESed4.2","4597_2026-03-05_uncalib","Phase Shift","MeanState","global","scalar","months","0.398352","30.0"
"Forcings","SurfaceDownwardSWRadiation","CERESed4.2","4597_2026-03-05_uncalib","Seasonal Cycle Score","MeanState","global","score","1","0.957213","30.0"
"Forcings","SurfaceDownwardSWRadiation","CERESed4.2","4597_2026-03-05_uncalib","Bias","MeanState","global","scalar","W m-2","2.88037","30.0"
"Forcings","SurfaceDownwardSWRadiation","CERESed4.2","4597_2026-03-05_uncalib","Bias Score","MeanState","global","score","1","0.849196","30.0"
"Forcings","SurfaceDownwardSWRadiation","CERESed4.2","4597_2026-03-05_uncalib","RMSE","MeanState","global","scalar","W m-2","11.6259","30.0"
"Forcings","SurfaceDownwardSWRadiation","CERESed4.2","4597_2026-03-05_uncalib","RMSE Score","MeanState","global","score","1","0.833577","30.0"
"Forcings","SurfaceDownwardSWRadiation","CERESed4.2","4597_2026-03-05_uncalib","Overall Score","MeanState","global","score","1","0.894209","30.0"
"Forcings","SurfaceDownwardSWRadiation","CERESed4.2","4598_2026-03-05_latest","Benchmark Period Mean (intersection)","MeanState","global","scalar","W m-2","186.613","30.0"
"Forcings","SurfaceDownwardSWRadiation","CERESed4.2","4598_2026-03-05_latest","Benchmark Period Mean (complement)","MeanState","global","scalar","W m-2","183.795","30.0"
"Forcings","SurfaceDownwardSWRadiation","CERESed4.2","4598_2026-03-05_latest","Period Mean (original grids)","MeanState","global","scalar","W m-2","189.497","30.0"
"Forcings","SurfaceDownwardSWRadiation","CERESed4.2","4598_2026-03-05_latest","Model Period Mean (intersection)","MeanState","global","scalar","W m-2","189.494","30.0"
"Forcings","SurfaceDownwardSWRadiation","CERESed4.2","4598_2026-03-05_latest","Model Period Mean (complement)","MeanState","global","scalar","W m-2","nan","30.0"
"Forcings","SurfaceDownwardSWRadiation","CERESed4.2","4598_2026-03-05_latest","Spatial Distribution Score","MeanState","global","score","1","0.997478","30.0"
"Forcings","SurfaceDownwardSWRadiation","CERESed4.2","4598_2026-03-05_latest","Phase Shift","MeanState","global","scalar","months","0.398352","30.0"
"Forcings","SurfaceDownwardSWRadiation","CERESed4.2","4598_2026-03-05_latest","Seasonal Cycle Score","MeanState","global","score","1","0.957213","30.0"
"Forcings","SurfaceDownwardSWRadiation","CERESed4.2","4598_2026-03-05_latest","Bias","MeanState","global","scalar","W m-2","2.88037","30.0"
"Forcings","SurfaceDownwardSWRadiation","CERESed4.2","4598_2026-03-05_latest","Bias Score","MeanState","global","score","1","0.849196","30.0"
"Forcings","SurfaceDownwardSWRadiation","CERESed4.2","4598_2026-03-05_latest","RMSE","MeanState","global","scalar","W m-2","11.6259","30.0"
"Forcings","SurfaceDownwardSWRadiation","CERESed4.2","4598_2026-03-05_latest","RMSE Score","MeanState","global","score","1","0.833577","30.0"
"Forcings","SurfaceDownwardSWRadiation","CERESed4.2","4598_2026-03-05_latest","Overall Score","MeanState","global","score","1","0.894209","30.0"
"Forcings","SurfaceDownwardSWRadiation","CERESed4.2","ENSEMBLE-CMIP6","Benchmark Period Mean (intersection)","MeanState","global","scalar","W m-2","186.409","30.0"
"Forcings","SurfaceDownwardSWRadiation","CERESed4.2","ENSEMBLE-CMIP6","Benchmark Period Mean (complement)","MeanState","global","scalar","W m-2","nan","30.0"
"Forcings","SurfaceDownwardSWRadiation","CERESed4.2","ENSEMBLE-CMIP6","Period Mean (original grids)","MeanState","global","scalar","W m-2","191.53","30.0"
"Forcings","SurfaceDownwardSWRadiation","CERESed4.2","ENSEMBLE-CMIP6","Model Period Mean (intersection)","MeanState","global","scalar","W m-2","191.262","30.0"
"Forcings","SurfaceDownwardSWRadiation","CERESed4.2","ENSEMBLE-CMIP6","Model Period Mean (complement)","MeanState","global","scalar","W m-2","nan","30.0"
"Forcings","SurfaceDownwardSWRadiation","CERESed4.2","ENSEMBLE-CMIP6","Spatial Distribution Score","MeanState","global","score","1","0.99075","30.0"
"Forcings","SurfaceDownwardSWRadiation","CERESed4.2","ENSEMBLE-CMIP6","Phase Shift","MeanState","global","scalar","months","0.560548","30.0"
"Forcings","SurfaceDownwardSWRadiation","CERESed4.2","ENSEMBLE-CMIP6","Seasonal Cycle Score","MeanState","global","score","1","0.942401","30.0"
"Forcings","SurfaceDownwardSWRadiation","CERESed4.2","ENSEMBLE-CMIP6","Bias","MeanState","global","scalar","W m-2","4.84829","30.0"
"Forcings","SurfaceDownwardSWRadiation","CERESed4.2","ENSEMBLE-CMIP6","Bias Score","MeanState","global","score","1","0.806368","30.0"
"Forcings","SurfaceDownwardSWRadiation","CERESed4.2","ENSEMBLE-CMIP6","RMSE","MeanState","global","scalar","W m-2","15.0219","30.0"
"Forcings","SurfaceDownwardSWRadiation","CERESed4.2","ENSEMBLE-CMIP6","RMSE Score","MeanState","global","score","1","0.798525","30.0"
"Forcings","SurfaceDownwardSWRadiation","CERESed4.2","ENSEMBLE-CMIP6","Overall Score","MeanState","global","score","1","0.867314","30.0"
"Forcings","SurfaceDownwardSWRadiation","GEWEX.SRB","4597_2026-03-05_uncalib","Benchmark Period Mean (intersection)","MeanState","global","scalar","Watt m-2","186.875","30.0"
"Forcings","SurfaceDownwardSWRadiation","GEWEX.SRB","4597_2026-03-05_uncalib","Benchmark Period Mean (complement)","MeanState","global","scalar","Watt m-2","185.875","30.0"
"Forcings","SurfaceDownwardSWRadiation","GEWEX.SRB","4597_2026-03-05_uncalib","Period Mean (original grids)","MeanState","global","scalar","Watt m-2","189.972","30.0"
"Forcings","SurfaceDownwardSWRadiation","GEWEX.SRB","4597_2026-03-05_uncalib","Model Period Mean (intersection)","MeanState","global","scalar","Watt m-2","189.97","30.0"
"Forcings","SurfaceDownwardSWRadiation","GEWEX.SRB","4597_2026-03-05_uncalib","Model Period Mean (complement)","MeanState","global","scalar","Watt m-2","nan","30.0"
"Forcings","SurfaceDownwardSWRadiation","GEWEX.SRB","4597_2026-03-05_uncalib","Spatial Distribution Score","MeanState","global","score","1","0.977566","30.0"
"Forcings","SurfaceDownwardSWRadiation","GEWEX.SRB","4597_2026-03-05_uncalib","Phase Shift","MeanState","global","scalar","months","0.403703","30.0"
"Forcings","SurfaceDownwardSWRadiation","GEWEX.SRB","4597_2026-03-05_uncalib","Seasonal Cycle Score","MeanState","global","score","1","0.959436","30.0"
"Forcings","SurfaceDownwardSWRadiation","GEWEX.SRB","4597_2026-03-05_uncalib","Bias","MeanState","global","scalar","Watt m-2","3.1248","30.0"
"Forcings","SurfaceDownwardSWRadiation","GEWEX.SRB","4597_2026-03-05_uncalib","Bias Score","MeanState","global","score","1","0.802787","30.0"
"Forcings","SurfaceDownwardSWRadiation","GEWEX.SRB","4597_2026-03-05_uncalib","RMSE","MeanState","global","scalar","Watt m-2","17.0025","30.0"
"Forcings","SurfaceDownwardSWRadiation","GEWEX.SRB","4597_2026-03-05_uncalib","RMSE Score","MeanState","global","score","1","0.783154","30.0"
"Forcings","SurfaceDownwardSWRadiation","GEWEX.SRB","4597_2026-03-05_uncalib","Overall Score","MeanState","global","score","1","0.86122","30.0"
"Forcings","SurfaceDownwardSWRadiation","GEWEX.SRB","4598_2026-03-05_latest","Benchmark Period Mean (intersection)","MeanState","global","scalar","Watt m-2","186.875","30.0"
"Forcings","SurfaceDownwardSWRadiation","GEWEX.SRB","4598_2026-03-05_latest","Benchmark Period Mean (complement)","MeanState","global","scalar","Watt m-2","185.875","30.0"
"Forcings","SurfaceDownwardSWRadiation","GEWEX.SRB","4598_2026-03-05_latest","Period Mean (original grids)","MeanState","global","scalar","Watt m-2","189.972","30.0"
"Forcings","SurfaceDownwardSWRadiation","GEWEX.SRB","4598_2026-03-05_latest","Model Period Mean (intersection)","MeanState","global","scalar","Watt m-2","189.97","30.0"
"Forcings","SurfaceDownwardSWRadiation","GEWEX.SRB","4598_2026-03-05_latest","Model Period Mean (complement)","MeanState","global","scalar","Watt m-2","nan","30.0"
"Forcings","SurfaceDownwardSWRadiation","GEWEX.SRB","4598_2026-03-05_latest","Spatial Distribution Score","MeanState","global","score","1","0.977566","30.0"
"Forcings","SurfaceDownwardSWRadiation","GEWEX.SRB","4598_2026-03-05_latest","Phase Shift","MeanState","global","scalar","months","0.403703","30.0"
"Forcings","SurfaceDownwardSWRadiation","GEWEX.SRB","4598_2026-03-05_latest","Seasonal Cycle Score","MeanState","global","score","1","0.959436","30.0"
"Forcings","SurfaceDownwardSWRadiation","GEWEX.SRB","4598_2026-03-05_latest","Bias","MeanState","global","scalar","Watt m-2","3.1248","30.0"
"Forcings","SurfaceDownwardSWRadiation","GEWEX.SRB","4598_2026-03-05_latest","Bias Score","MeanState","global","score","1","0.802787","30.0"
"Forcings","SurfaceDownwardSWRadiation","GEWEX.SRB","4598_2026-03-05_latest","RMSE","MeanState","global","scalar","Watt m-2","17.0025","30.0"
"Forcings","SurfaceDownwardSWRadiation","GEWEX.SRB","4598_2026-03-05_latest","RMSE Score","MeanState","global","score","1","0.783154","30.0"
"Forcings","SurfaceDownwardSWRadiation","GEWEX.SRB","4598_2026-03-05_latest","Overall Score","MeanState","global","score","1","0.86122","30.0"
"Forcings","SurfaceDownwardSWRadiation","GEWEX.SRB","ENSEMBLE-CMIP6","Benchmark Period Mean (intersection)","MeanState","global","scalar","Watt m-2","186.753","30.0"
"Forcings","SurfaceDownwardSWRadiation","GEWEX.SRB","ENSEMBLE-CMIP6","Benchmark Period Mean (complement)","MeanState","global","scalar","Watt m-2","nan","30.0"
"Forcings","SurfaceDownwardSWRadiation","GEWEX.SRB","ENSEMBLE-CMIP6","Period Mean (original grids)","MeanState","global","scalar","Watt m-2","191.394","30.0"
"Forcings","SurfaceDownwardSWRadiation","GEWEX.SRB","ENSEMBLE-CMIP6","Model Period Mean (intersection)","MeanState","global","scalar","Watt m-2","191.129","30.0"
"Forcings","SurfaceDownwardSWRadiation","GEWEX.SRB","ENSEMBLE-CMIP6","Model Period Mean (complement)","MeanState","global","scalar","Watt m-2","nan","30.0"
"Forcings","SurfaceDownwardSWRadiation","GEWEX.SRB","ENSEMBLE-CMIP6","Spatial Distribution Score","MeanState","global","score","1","0.971268","30.0"
"Forcings","SurfaceDownwardSWRadiation","GEWEX.SRB","ENSEMBLE-CMIP6","Phase Shift","MeanState","global","scalar","months","0.482559","30.0"
"Forcings","SurfaceDownwardSWRadiation","GEWEX.SRB","ENSEMBLE-CMIP6","Seasonal Cycle Score","MeanState","global","score","1","0.952225","30.0"
"Forcings","SurfaceDownwardSWRadiation","GEWEX.SRB","ENSEMBLE-CMIP6","Bias","MeanState","global","scalar","Watt m-2","4.36095","30.0"
"Forcings","SurfaceDownwardSWRadiation","GEWEX.SRB","ENSEMBLE-CMIP6","Bias Score","MeanState","global","score","1","0.762196","30.0"
"Forcings","SurfaceDownwardSWRadiation","GEWEX.SRB","ENSEMBLE-CMIP6","RMSE","MeanState","global","scalar","Watt m-2","18.6186","30.0"
"Forcings","SurfaceDownwardSWRadiation","GEWEX.SRB","ENSEMBLE-CMIP6","RMSE Score","MeanState","global","score","1","0.771248","30.0"
"Forcings","SurfaceDownwardSWRadiation","GEWEX.SRB","ENSEMBLE-CMIP6","Overall Score","MeanState","global","score","1","0.845637","30.0"
"Forcings","SurfaceDownwardSWRadiation","WRMC.BSRN","4597_2026-03-05_uncalib","Period Mean (original grids)","MeanState","global","scalar","Watt m-2","179.59","24.0"
"Forcings","SurfaceDownwardSWRadiation","WRMC.BSRN","4597_2026-03-05_uncalib","Bias","MeanState","global","scalar","Watt m-2","2.92991","24.0"
"Forcings","SurfaceDownwardSWRadiation","WRMC.BSRN","4597_2026-03-05_uncalib","Bias Score","MeanState","global","score","1","0.845274","24.0"
"Forcings","SurfaceDownwardSWRadiation","WRMC.BSRN","4597_2026-03-05_uncalib","Phase Shift","MeanState","global","scalar","months","0.616162","24.0"
"Forcings","SurfaceDownwardSWRadiation","WRMC.BSRN","4597_2026-03-05_uncalib","Seasonal Cycle Score","MeanState","global","score","1","0.91931","24.0"
"Forcings","SurfaceDownwardSWRadiation","WRMC.BSRN","4597_2026-03-05_uncalib","RMSE","MeanState","global","scalar","Watt m-2","19.7972","24.0"
"Forcings","SurfaceDownwardSWRadiation","WRMC.BSRN","4597_2026-03-05_uncalib","RMSE Score","MeanState","global","score","1","0.782253","24.0"
"Forcings","SurfaceDownwardSWRadiation","WRMC.BSRN","4597_2026-03-05_uncalib","Overall Score","MeanState","global","score","1","0.832272","24.0"
"Forcings","SurfaceDownwardSWRadiation","WRMC.BSRN","4598_2026-03-05_latest","Period Mean (original grids)","MeanState","global","scalar","Watt m-2","179.59","24.0"
"Forcings","SurfaceDownwardSWRadiation","WRMC.BSRN","4598_2026-03-05_latest","Bias","MeanState","global","scalar","Watt m-2","2.92991","24.0"
"Forcings","SurfaceDownwardSWRadiation","WRMC.BSRN","4598_2026-03-05_latest","Bias Score","MeanState","global","score","1","0.845274","24.0"
"Forcings","SurfaceDownwardSWRadiation","WRMC.BSRN","4598_2026-03-05_latest","Phase Shift","MeanState","global","scalar","months","0.616162","24.0"
"Forcings","SurfaceDownwardSWRadiation","WRMC.BSRN","4598_2026-03-05_latest","Seasonal Cycle Score","MeanState","global","score","1","0.91931","24.0"
"Forcings","SurfaceDownwardSWRadiation","WRMC.BSRN","4598_2026-03-05_latest","RMSE","MeanState","global","scalar","Watt m-2","19.7972","24.0"
"Forcings","SurfaceDownwardSWRadiation","WRMC.BSRN","4598_2026-03-05_latest","RMSE Score","MeanState","global","score","1","0.782253","24.0"
"Forcings","SurfaceDownwardSWRadiation","WRMC.BSRN","4598_2026-03-05_latest","Overall Score","MeanState","global","score","1","0.832272","24.0"
"Forcings","SurfaceDownwardSWRadiation","WRMC.BSRN","ENSEMBLE-CMIP6","Period Mean (original grids)","MeanState","global","scalar","Watt m-2","180.213","24.0"
"Forcings","SurfaceDownwardSWRadiation","WRMC.BSRN","ENSEMBLE-CMIP6","Bias","MeanState","global","scalar","Watt m-2","4.18797","24.0"
"Forcings","SurfaceDownwardSWRadiation","WRMC.BSRN","ENSEMBLE-CMIP6","Bias Score","MeanState","global","score","1","0.792863","24.0"
"Forcings","SurfaceDownwardSWRadiation","WRMC.BSRN","ENSEMBLE-CMIP6","Phase Shift","MeanState","global","scalar","months","0.545935","24.0"
"Forcings","SurfaceDownwardSWRadiation","WRMC.BSRN","ENSEMBLE-CMIP6","Seasonal Cycle Score","MeanState","global","score","1","0.934476","24.0"
"Forcings","SurfaceDownwardSWRadiation","WRMC.BSRN","ENSEMBLE-CMIP6","RMSE","MeanState","global","scalar","Watt m-2","30.4599","24.0"
"Forcings","SurfaceDownwardSWRadiation","WRMC.BSRN","ENSEMBLE-CMIP6","RMSE Score","MeanState","global","score","1","0.684757","24.0"
"Forcings","SurfaceDownwardSWRadiation","WRMC.BSRN","ENSEMBLE-CMIP6","Overall Score","MeanState","global","score","1","0.774213","24.0"
"Forcings","SurfaceDownwardSWRadiation","ERA5","4597_2026-03-05_uncalib","Benchmark Period Mean (intersection)","MeanState","global","scalar","W m-2","189.343","30.0"
"Forcings","SurfaceDownwardSWRadiation","ERA5","4597_2026-03-05_uncalib","Benchmark Period Mean (complement)","MeanState","global","scalar","W m-2","183.895","30.0"
"Forcings","SurfaceDownwardSWRadiation","ERA5","4597_2026-03-05_uncalib","Period Mean (original grids)","MeanState","global","scalar","W m-2","189.497","30.0"
"Forcings","SurfaceDownwardSWRadiation","ERA5","4597_2026-03-05_uncalib","Model Period Mean (intersection)","MeanState","global","scalar","W m-2","189.509","30.0"
"Forcings","SurfaceDownwardSWRadiation","ERA5","4597_2026-03-05_uncalib","Model Period Mean (complement)","MeanState","global","scalar","W m-2","nan","30.0"
"Forcings","SurfaceDownwardSWRadiation","ERA5","4597_2026-03-05_uncalib","Spatial Distribution Score","MeanState","global","score","1","0.999834","30.0"
"Forcings","SurfaceDownwardSWRadiation","ERA5","4597_2026-03-05_uncalib","Phase Shift","MeanState","global","scalar","months","0.0970431","30.0"
"Forcings","SurfaceDownwardSWRadiation","ERA5","4597_2026-03-05_uncalib","Seasonal Cycle Score","MeanState","global","score","1","0.989203","30.0"
"Forcings","SurfaceDownwardSWRadiation","ERA5","4597_2026-03-05_uncalib","Bias","MeanState","global","scalar","W m-2","0.0558945","30.0"
"Forcings","SurfaceDownwardSWRadiation","ERA5","4597_2026-03-05_uncalib","Bias Score","MeanState","global","score","1","0.95428","30.0"
"Forcings","SurfaceDownwardSWRadiation","ERA5","4597_2026-03-05_uncalib","RMSE","MeanState","global","scalar","W m-2","1.43473","30.0"
"Forcings","SurfaceDownwardSWRadiation","ERA5","4597_2026-03-05_uncalib","RMSE Score","MeanState","global","score","1","0.978202","30.0"
"Forcings","SurfaceDownwardSWRadiation","ERA5","4597_2026-03-05_uncalib","Overall Score","MeanState","global","score","1","0.979944","30.0"
"Forcings","SurfaceDownwardSWRadiation","ERA5","4598_2026-03-05_latest","Benchmark Period Mean (intersection)","MeanState","global","scalar","W m-2","189.343","30.0"
"Forcings","SurfaceDownwardSWRadiation","ERA5","4598_2026-03-05_latest","Benchmark Period Mean (complement)","MeanState","global","scalar","W m-2","183.895","30.0"
"Forcings","SurfaceDownwardSWRadiation","ERA5","4598_2026-03-05_latest","Period Mean (original grids)","MeanState","global","scalar","W m-2","189.497","30.0"
"Forcings","SurfaceDownwardSWRadiation","ERA5","4598_2026-03-05_latest","Model Period Mean (intersection)","MeanState","global","scalar","W m-2","189.509","30.0"
"Forcings","SurfaceDownwardSWRadiation","ERA5","4598_2026-03-05_latest","Model Period Mean (complement)","MeanState","global","scalar","W m-2","nan","30.0"
"Forcings","SurfaceDownwardSWRadiation","ERA5","4598_2026-03-05_latest","Spatial Distribution Score","MeanState","global","score","1","0.999834","30.0"
"Forcings","SurfaceDownwardSWRadiation","ERA5","4598_2026-03-05_latest","Phase Shift","MeanState","global","scalar","months","0.0970431","30.0"
"Forcings","SurfaceDownwardSWRadiation","ERA5","4598_2026-03-05_latest","Seasonal Cycle Score","MeanState","global","score","1","0.989203","30.0"
"Forcings","SurfaceDownwardSWRadiation","ERA5","4598_2026-03-05_latest","Bias","MeanState","global","scalar","W m-2","0.0558945","30.0"
"Forcings","SurfaceDownwardSWRadiation","ERA5","4598_2026-03-05_latest","Bias Score","MeanState","global","score","1","0.95428","30.0"
"Forcings","SurfaceDownwardSWRadiation","ERA5","4598_2026-03-05_latest","RMSE","MeanState","global","scalar","W m-2","1.43473","30.0"
"Forcings","SurfaceDownwardSWRadiation","ERA5","4598_2026-03-05_latest","RMSE Score","MeanState","global","score","1","0.978202","30.0"
"Forcings","SurfaceDownwardSWRadiation","ERA5","4598_2026-03-05_latest","Overall Score","MeanState","global","score","1","0.979944","30.0"
"Forcings","SurfaceDownwardSWRadiation","ERA5","ENSEMBLE-CMIP6","Benchmark Period Mean (intersection)","MeanState","global","scalar","W m-2","188.229","30.0"
"Forcings","SurfaceDownwardSWRadiation","ERA5","ENSEMBLE-CMIP6","Benchmark Period Mean (complement)","MeanState","global","scalar","W m-2","nan","30.0"
"Forcings","SurfaceDownwardSWRadiation","ERA5","ENSEMBLE-CMIP6","Period Mean (original grids)","MeanState","global","scalar","W m-2","191.368","30.0"
"Forcings","SurfaceDownwardSWRadiation","ERA5","ENSEMBLE-CMIP6","Model Period Mean (intersection)","MeanState","global","scalar","W m-2","190.79","30.0"
"Forcings","SurfaceDownwardSWRadiation","ERA5","ENSEMBLE-CMIP6","Model Period Mean (complement)","MeanState","global","scalar","W m-2","nan","30.0"
"Forcings","SurfaceDownwardSWRadiation","ERA5","ENSEMBLE-CMIP6","Spatial Distribution Score","MeanState","global","score","1","0.995673","30.0"
"Forcings","SurfaceDownwardSWRadiation","ERA5","ENSEMBLE-CMIP6","Phase Shift","MeanState","global","scalar","months","0.459794","30.0"
"Forcings","SurfaceDownwardSWRadiation","ERA5","ENSEMBLE-CMIP6","Seasonal Cycle Score","MeanState","global","score","1","0.954444","30.0"
"Forcings","SurfaceDownwardSWRadiation","ERA5","ENSEMBLE-CMIP6","Bias","MeanState","global","scalar","W m-2","2.59687","30.0"
"Forcings","SurfaceDownwardSWRadiation","ERA5","ENSEMBLE-CMIP6","Bias Score","MeanState","global","score","1","0.829399","30.0"
"Forcings","SurfaceDownwardSWRadiation","ERA5","ENSEMBLE-CMIP6","RMSE","MeanState","global","scalar","W m-2","13.6926","30.0"
"Forcings","SurfaceDownwardSWRadiation","ERA5","ENSEMBLE-CMIP6","RMSE Score","MeanState","global","score","1","0.82884","30.0"
"Forcings","SurfaceDownwardSWRadiation","ERA5","ENSEMBLE-CMIP6","Overall Score","MeanState","global","score","1","0.887439","30.0"
"Forcings","SurfaceDownwardLWRadiation","CERESed4.2","4597_2026-03-05_uncalib","Benchmark Period Mean (intersection)","MeanState","global","scalar","W m-2","310.311","15.0"
"Forcings","SurfaceDownwardLWRadiation","CERESed4.2","4597_2026-03-05_uncalib","Benchmark Period Mean (complement)","MeanState","global","scalar","W m-2","348.002","15.0"
"Forcings","SurfaceDownwardLWRadiation","CERESed4.2","4597_2026-03-05_uncalib","Period Mean (original grids)","MeanState","global","scalar","W m-2","305.201","15.0"
"Forcings","SurfaceDownwardLWRadiation","CERESed4.2","4597_2026-03-05_uncalib","Model Period Mean (intersection)","MeanState","global","scalar","W m-2","305.208","15.0"
"Forcings","SurfaceDownwardLWRadiation","CERESed4.2","4597_2026-03-05_uncalib","Model Period Mean (complement)","MeanState","global","scalar","W m-2","nan","15.0"
"Forcings","SurfaceDownwardLWRadiation","CERESed4.2","4597_2026-03-05_uncalib","Spatial Distribution Score","MeanState","global","score","1","0.999463","15.0"
"Forcings","SurfaceDownwardLWRadiation","CERESed4.2","4597_2026-03-05_uncalib","Phase Shift","MeanState","global","scalar","months","0.493529","15.0"
"Forcings","SurfaceDownwardLWRadiation","CERESed4.2","4597_2026-03-05_uncalib","Seasonal Cycle Score","MeanState","global","score","1","0.936191","15.0"
"Forcings","SurfaceDownwardLWRadiation","CERESed4.2","4597_2026-03-05_uncalib","Bias","MeanState","global","scalar","W m-2","-5.10252","15.0"
"Forcings","SurfaceDownwardLWRadiation","CERESed4.2","4597_2026-03-05_uncalib","Bias Score","MeanState","global","score","1","0.764842","15.0"
"Forcings","SurfaceDownwardLWRadiation","CERESed4.2","4597_2026-03-05_uncalib","RMSE","MeanState","global","scalar","W m-2","10.3887","15.0"
"Forcings","SurfaceDownwardLWRadiation","CERESed4.2","4597_2026-03-05_uncalib","RMSE Score","MeanState","global","score","1","0.825968","15.0"
"Forcings","SurfaceDownwardLWRadiation","CERESed4.2","4597_2026-03-05_uncalib","Overall Score","MeanState","global","score","1","0.870486","15.0"
"Forcings","SurfaceDownwardLWRadiation","CERESed4.2","4598_2026-03-05_latest","Benchmark Period Mean (intersection)","MeanState","global","scalar","W m-2","310.311","15.0"
"Forcings","SurfaceDownwardLWRadiation","CERESed4.2","4598_2026-03-05_latest","Benchmark Period Mean (complement)","MeanState","global","scalar","W m-2","348.002","15.0"
"Forcings","SurfaceDownwardLWRadiation","CERESed4.2","4598_2026-03-05_latest","Period Mean (original grids)","MeanState","global","scalar","W m-2","305.201","15.0"
"Forcings","SurfaceDownwardLWRadiation","CERESed4.2","4598_2026-03-05_latest","Model Period Mean (intersection)","MeanState","global","scalar","W m-2","305.208","15.0"
"Forcings","SurfaceDownwardLWRadiation","CERESed4.2","4598_2026-03-05_latest","Model Period Mean (complement)","MeanState","global","scalar","W m-2","nan","15.0"
"Forcings","SurfaceDownwardLWRadiation","CERESed4.2","4598_2026-03-05_latest","Spatial Distribution Score","MeanState","global","score","1","0.999463","15.0"
"Forcings","SurfaceDownwardLWRadiation","CERESed4.2","4598_2026-03-05_latest","Phase Shift","MeanState","global","scalar","months","0.493529","15.0"
"Forcings","SurfaceDownwardLWRadiation","CERESed4.2","4598_2026-03-05_latest","Seasonal Cycle Score","MeanState","global","score","1","0.936191","15.0"
"Forcings","SurfaceDownwardLWRadiation","CERESed4.2","4598_2026-03-05_latest","Bias","MeanState","global","scalar","W m-2","-5.10252","15.0"
"Forcings","SurfaceDownwardLWRadiation","CERESed4.2","4598_2026-03-05_latest","Bias Score","MeanState","global","score","1","0.764842","15.0"
"Forcings","SurfaceDownwardLWRadiation","CERESed4.2","4598_2026-03-05_latest","RMSE","MeanState","global","scalar","W m-2","10.3887","15.0"
"Forcings","SurfaceDownwardLWRadiation","CERESed4.2","4598_2026-03-05_latest","RMSE Score","MeanState","global","score","1","0.825968","15.0"
"Forcings","SurfaceDownwardLWRadiation","CERESed4.2","4598_2026-03-05_latest","Overall Score","MeanState","global","score","1","0.870486","15.0"
"Forcings","SurfaceDownwardLWRadiation","CERESed4.2","ENSEMBLE-CMIP6","Benchmark Period Mean (intersection)","MeanState","global","scalar","W m-2","315.185","15.0"
"Forcings","SurfaceDownwardLWRadiation","CERESed4.2","ENSEMBLE-CMIP6","Benchmark Period Mean (complement)","MeanState","global","scalar","W m-2","nan","15.0"
"Forcings","SurfaceDownwardLWRadiation","CERESed4.2","ENSEMBLE-CMIP6","Period Mean (original grids)","MeanState","global","scalar","W m-2","315.744","15.0"
"Forcings","SurfaceDownwardLWRadiation","CERESed4.2","ENSEMBLE-CMIP6","Model Period Mean (intersection)","MeanState","global","scalar","W m-2","315.51","15.0"
"Forcings","SurfaceDownwardLWRadiation","CERESed4.2","ENSEMBLE-CMIP6","Model Period Mean (complement)","MeanState","global","scalar","W m-2","nan","15.0"
"Forcings","SurfaceDownwardLWRadiation","CERESed4.2","ENSEMBLE-CMIP6","Spatial Distribution Score","MeanState","global","score","1","0.999338","15.0"
"Forcings","SurfaceDownwardLWRadiation","CERESed4.2","ENSEMBLE-CMIP6","Phase Shift","MeanState","global","scalar","months","0.68477","15.0"
"Forcings","SurfaceDownwardLWRadiation","CERESed4.2","ENSEMBLE-CMIP6","Seasonal Cycle Score","MeanState","global","score","1","0.911753","15.0"
"Forcings","SurfaceDownwardLWRadiation","CERESed4.2","ENSEMBLE-CMIP6","Bias","MeanState","global","scalar","W m-2","0.42164","15.0"
"Forcings","SurfaceDownwardLWRadiation","CERESed4.2","ENSEMBLE-CMIP6","Bias Score","MeanState","global","score","1","0.742893","15.0"
"Forcings","SurfaceDownwardLWRadiation","CERESed4.2","ENSEMBLE-CMIP6","RMSE","MeanState","global","scalar","W m-2","11.6639","15.0"
"Forcings","SurfaceDownwardLWRadiation","CERESed4.2","ENSEMBLE-CMIP6","RMSE Score","MeanState","global","score","1","0.754708","15.0"
"Forcings","SurfaceDownwardLWRadiation","CERESed4.2","ENSEMBLE-CMIP6","Overall Score","MeanState","global","score","1","0.83268","15.0"
"Forcings","SurfaceDownwardLWRadiation","GEWEX.SRB","4597_2026-03-05_uncalib","Benchmark Period Mean (intersection)","MeanState","global","scalar","Watt m-2","309.203","15.0"
"Forcings","SurfaceDownwardLWRadiation","GEWEX.SRB","4597_2026-03-05_uncalib","Benchmark Period Mean (complement)","MeanState","global","scalar","Watt m-2","343.561","15.0"
"Forcings","SurfaceDownwardLWRadiation","GEWEX.SRB","4597_2026-03-05_uncalib","Period Mean (original grids)","MeanState","global","scalar","Watt m-2","304.968","15.0"
"Forcings","SurfaceDownwardLWRadiation","GEWEX.SRB","4597_2026-03-05_uncalib","Model Period Mean (intersection)","MeanState","global","scalar","Watt m-2","304.975","15.0"
"Forcings","SurfaceDownwardLWRadiation","GEWEX.SRB","4597_2026-03-05_uncalib","Model Period Mean (complement)","MeanState","global","scalar","Watt m-2","nan","15.0"
"Forcings","SurfaceDownwardLWRadiation","GEWEX.SRB","4597_2026-03-05_uncalib","Spatial Distribution Score","MeanState","global","score","1","0.999332","15.0"
"Forcings","SurfaceDownwardLWRadiation","GEWEX.SRB","4597_2026-03-05_uncalib","Phase Shift","MeanState","global","scalar","months","0.452013","15.0"
"Forcings","SurfaceDownwardLWRadiation","GEWEX.SRB","4597_2026-03-05_uncalib","Seasonal Cycle Score","MeanState","global","score","1","0.94539","15.0"
"Forcings","SurfaceDownwardLWRadiation","GEWEX.SRB","4597_2026-03-05_uncalib","Bias","MeanState","global","scalar","Watt m-2","-4.19266","15.0"
"Forcings","SurfaceDownwardLWRadiation","GEWEX.SRB","4597_2026-03-05_uncalib","Bias Score","MeanState","global","score","1","0.749173","15.0"
"Forcings","SurfaceDownwardLWRadiation","GEWEX.SRB","4597_2026-03-05_uncalib","RMSE","MeanState","global","scalar","Watt m-2","11.3422","15.0"
"Forcings","SurfaceDownwardLWRadiation","GEWEX.SRB","4597_2026-03-05_uncalib","RMSE Score","MeanState","global","score","1","0.803092","15.0"
"Forcings","SurfaceDownwardLWRadiation","GEWEX.SRB","4597_2026-03-05_uncalib","Overall Score","MeanState","global","score","1","0.860016","15.0"
"Forcings","SurfaceDownwardLWRadiation","GEWEX.SRB","4598_2026-03-05_latest","Benchmark Period Mean (intersection)","MeanState","global","scalar","Watt m-2","309.203","15.0"
"Forcings","SurfaceDownwardLWRadiation","GEWEX.SRB","4598_2026-03-05_latest","Benchmark Period Mean (complement)","MeanState","global","scalar","Watt m-2","343.561","15.0"
"Forcings","SurfaceDownwardLWRadiation","GEWEX.SRB","4598_2026-03-05_latest","Period Mean (original grids)","MeanState","global","scalar","Watt m-2","304.968","15.0"
"Forcings","SurfaceDownwardLWRadiation","GEWEX.SRB","4598_2026-03-05_latest","Model Period Mean (intersection)","MeanState","global","scalar","Watt m-2","304.975","15.0"
"Forcings","SurfaceDownwardLWRadiation","GEWEX.SRB","4598_2026-03-05_latest","Model Period Mean (complement)","MeanState","global","scalar","Watt m-2","nan","15.0"
"Forcings","SurfaceDownwardLWRadiation","GEWEX.SRB","4598_2026-03-05_latest","Spatial Distribution Score","MeanState","global","score","1","0.999332","15.0"
"Forcings","SurfaceDownwardLWRadiation","GEWEX.SRB","4598_2026-03-05_latest","Phase Shift","MeanState","global","scalar","months","0.452013","15.0"
"Forcings","SurfaceDownwardLWRadiation","GEWEX.SRB","4598_2026-03-05_latest","Seasonal Cycle Score","MeanState","global","score","1","0.94539","15.0"
"Forcings","SurfaceDownwardLWRadiation","GEWEX.SRB","4598_2026-03-05_latest","Bias","MeanState","global","scalar","Watt m-2","-4.19266","15.0"
"Forcings","SurfaceDownwardLWRadiation","GEWEX.SRB","4598_2026-03-05_latest","Bias Score","MeanState","global","score","1","0.749173","15.0"
"Forcings","SurfaceDownwardLWRadiation","GEWEX.SRB","4598_2026-03-05_latest","RMSE","MeanState","global","scalar","Watt m-2","11.3422","15.0"
"Forcings","SurfaceDownwardLWRadiation","GEWEX.SRB","4598_2026-03-05_latest","RMSE Score","MeanState","global","score","1","0.803092","15.0"
"Forcings","SurfaceDownwardLWRadiation","GEWEX.SRB","4598_2026-03-05_latest","Overall Score","MeanState","global","score","1","0.860016","15.0"
"Forcings","SurfaceDownwardLWRadiation","GEWEX.SRB","ENSEMBLE-CMIP6","Benchmark Period Mean (intersection)","MeanState","global","scalar","Watt m-2","313.18","15.0"
"Forcings","SurfaceDownwardLWRadiation","GEWEX.SRB","ENSEMBLE-CMIP6","Benchmark Period Mean (complement)","MeanState","global","scalar","Watt m-2","nan","15.0"
"Forcings","SurfaceDownwardLWRadiation","GEWEX.SRB","ENSEMBLE-CMIP6","Period Mean (original grids)","MeanState","global","scalar","Watt m-2","312.817","15.0"
"Forcings","SurfaceDownwardLWRadiation","GEWEX.SRB","ENSEMBLE-CMIP6","Model Period Mean (intersection)","MeanState","global","scalar","Watt m-2","312.579","15.0"
"Forcings","SurfaceDownwardLWRadiation","GEWEX.SRB","ENSEMBLE-CMIP6","Model Period Mean (complement)","MeanState","global","scalar","Watt m-2","nan","15.0"
"Forcings","SurfaceDownwardLWRadiation","GEWEX.SRB","ENSEMBLE-CMIP6","Spatial Distribution Score","MeanState","global","score","1","0.999563","15.0"
"Forcings","SurfaceDownwardLWRadiation","GEWEX.SRB","ENSEMBLE-CMIP6","Phase Shift","MeanState","global","scalar","months","0.59744","15.0"
"Forcings","SurfaceDownwardLWRadiation","GEWEX.SRB","ENSEMBLE-CMIP6","Seasonal Cycle Score","MeanState","global","score","1","0.92592","15.0"
"Forcings","SurfaceDownwardLWRadiation","GEWEX.SRB","ENSEMBLE-CMIP6","Bias","MeanState","global","scalar","Watt m-2","-0.584514","15.0"
"Forcings","SurfaceDownwardLWRadiation","GEWEX.SRB","ENSEMBLE-CMIP6","Bias Score","MeanState","global","score","1","0.768827","15.0"
"Forcings","SurfaceDownwardLWRadiation","GEWEX.SRB","ENSEMBLE-CMIP6","RMSE","MeanState","global","scalar","Watt m-2","10.8388","15.0"
"Forcings","SurfaceDownwardLWRadiation","GEWEX.SRB","ENSEMBLE-CMIP6","RMSE Score","MeanState","global","score","1","0.761221","15.0"
"Forcings","SurfaceDownwardLWRadiation","GEWEX.SRB","ENSEMBLE-CMIP6","Overall Score","MeanState","global","score","1","0.843351","15.0"
"Forcings","SurfaceDownwardLWRadiation","WRMC.BSRN","4597_2026-03-05_uncalib","Period Mean (original grids)","MeanState","global","scalar","Watt m-2","296.931","12.0"
"Forcings","SurfaceDownwardLWRadiation","WRMC.BSRN","4597_2026-03-05_uncalib","Bias","MeanState","global","scalar","Watt m-2","-7.64965","12.0"
"Forcings","SurfaceDownwardLWRadiation","WRMC.BSRN","4597_2026-03-05_uncalib","Bias Score","MeanState","global","score","1","0.766002","12.0"
"Forcings","SurfaceDownwardLWRadiation","WRMC.BSRN","4597_2026-03-05_uncalib","Phase Shift","MeanState","global","scalar","months","0.272222","12.0"
"Forcings","SurfaceDownwardLWRadiation","WRMC.BSRN","4597_2026-03-05_uncalib","Seasonal Cycle Score","MeanState","global","score","1","0.98189","12.0"
"Forcings","SurfaceDownwardLWRadiation","WRMC.BSRN","4597_2026-03-05_uncalib","RMSE","MeanState","global","scalar","Watt m-2","13.5704","12.0"
"Forcings","SurfaceDownwardLWRadiation","WRMC.BSRN","4597_2026-03-05_uncalib","RMSE Score","MeanState","global","score","1","0.836985","12.0"
"Forcings","SurfaceDownwardLWRadiation","WRMC.BSRN","4597_2026-03-05_uncalib","Overall Score","MeanState","global","score","1","0.855466","12.0"
"Forcings","SurfaceDownwardLWRadiation","WRMC.BSRN","4598_2026-03-05_latest","Period Mean (original grids)","MeanState","global","scalar","Watt m-2","296.931","12.0"
"Forcings","SurfaceDownwardLWRadiation","WRMC.BSRN","4598_2026-03-05_latest","Bias","MeanState","global","scalar","Watt m-2","-7.64965","12.0"
"Forcings","SurfaceDownwardLWRadiation","WRMC.BSRN","4598_2026-03-05_latest","Bias Score","MeanState","global","score","1","0.766002","12.0"
"Forcings","SurfaceDownwardLWRadiation","WRMC.BSRN","4598_2026-03-05_latest","Phase Shift","MeanState","global","scalar","months","0.272222","12.0"
"Forcings","SurfaceDownwardLWRadiation","WRMC.BSRN","4598_2026-03-05_latest","Seasonal Cycle Score","MeanState","global","score","1","0.98189","12.0"
"Forcings","SurfaceDownwardLWRadiation","WRMC.BSRN","4598_2026-03-05_latest","RMSE","MeanState","global","scalar","Watt m-2","13.5704","12.0"
"Forcings","SurfaceDownwardLWRadiation","WRMC.BSRN","4598_2026-03-05_latest","RMSE Score","MeanState","global","score","1","0.836985","12.0"
"Forcings","SurfaceDownwardLWRadiation","WRMC.BSRN","4598_2026-03-05_latest","Overall Score","MeanState","global","score","1","0.855466","12.0"
"Forcings","SurfaceDownwardLWRadiation","WRMC.BSRN","ENSEMBLE-CMIP6","Period Mean (original grids)","MeanState","global","scalar","Watt m-2","309.896","12.0"
"Forcings","SurfaceDownwardLWRadiation","WRMC.BSRN","ENSEMBLE-CMIP6","Bias","MeanState","global","scalar","Watt m-2","-1.06283","12.0"
"Forcings","SurfaceDownwardLWRadiation","WRMC.BSRN","ENSEMBLE-CMIP6","Bias Score","MeanState","global","score","1","0.817683","12.0"
"Forcings","SurfaceDownwardLWRadiation","WRMC.BSRN","ENSEMBLE-CMIP6","Phase Shift","MeanState","global","scalar","months","0.419231","12.0"
"Forcings","SurfaceDownwardLWRadiation","WRMC.BSRN","ENSEMBLE-CMIP6","Seasonal Cycle Score","MeanState","global","score","1","0.961389","12.0"
"Forcings","SurfaceDownwardLWRadiation","WRMC.BSRN","ENSEMBLE-CMIP6","RMSE","MeanState","global","scalar","Watt m-2","17.1494","12.0"
"Forcings","SurfaceDownwardLWRadiation","WRMC.BSRN","ENSEMBLE-CMIP6","RMSE Score","MeanState","global","score","1","0.685801","12.0"
"Forcings","SurfaceDownwardLWRadiation","WRMC.BSRN","ENSEMBLE-CMIP6","Overall Score","MeanState","global","score","1","0.787668","12.0"
"Forcings","SurfaceDownwardLWRadiation","ERA5","4597_2026-03-05_uncalib","Benchmark Period Mean (intersection)","MeanState","global","scalar","W m-2","305.212","15.0"
"Forcings","SurfaceDownwardLWRadiation","ERA5","4597_2026-03-05_uncalib","Benchmark Period Mean (complement)","MeanState","global","scalar","W m-2","338.136","15.0"
"Forcings","SurfaceDownwardLWRadiation","ERA5","4597_2026-03-05_uncalib","Period Mean (original grids)","MeanState","global","scalar","W m-2","305.201","15.0"
"Forcings","SurfaceDownwardLWRadiation","ERA5","4597_2026-03-05_uncalib","Model Period Mean (intersection)","MeanState","global","scalar","W m-2","305.21","15.0"
"Forcings","SurfaceDownwardLWRadiation","ERA5","4597_2026-03-05_uncalib","Model Period Mean (complement)","MeanState","global","scalar","W m-2","nan","15.0"
"Forcings","SurfaceDownwardLWRadiation","ERA5","4597_2026-03-05_uncalib","Spatial Distribution Score","MeanState","global","score","1","0.999867","15.0"
"Forcings","SurfaceDownwardLWRadiation","ERA5","4597_2026-03-05_uncalib","Phase Shift","MeanState","global","scalar","months","0.0813327","15.0"
"Forcings","SurfaceDownwardLWRadiation","ERA5","4597_2026-03-05_uncalib","Seasonal Cycle Score","MeanState","global","score","1","0.990156","15.0"
"Forcings","SurfaceDownwardLWRadiation","ERA5","4597_2026-03-05_uncalib","Bias","MeanState","global","scalar","W m-2","-0.147144","15.0"
"Forcings","SurfaceDownwardLWRadiation","ERA5","4597_2026-03-05_uncalib","Bias Score","MeanState","global","score","1","0.940745","15.0"
"Forcings","SurfaceDownwardLWRadiation","ERA5","4597_2026-03-05_uncalib","RMSE","MeanState","global","scalar","W m-2","0.0920846","15.0"
"Forcings","SurfaceDownwardLWRadiation","ERA5","4597_2026-03-05_uncalib","RMSE Score","MeanState","global","score","1","0.996471","15.0"
"Forcings","SurfaceDownwardLWRadiation","ERA5","4597_2026-03-05_uncalib","Overall Score","MeanState","global","score","1","0.984742","15.0"
"Forcings","SurfaceDownwardLWRadiation","ERA5","4598_2026-03-05_latest","Benchmark Period Mean (intersection)","MeanState","global","scalar","W m-2","305.212","15.0"
"Forcings","SurfaceDownwardLWRadiation","ERA5","4598_2026-03-05_latest","Benchmark Period Mean (complement)","MeanState","global","scalar","W m-2","338.136","15.0"
"Forcings","SurfaceDownwardLWRadiation","ERA5","4598_2026-03-05_latest","Period Mean (original grids)","MeanState","global","scalar","W m-2","305.201","15.0"
"Forcings","SurfaceDownwardLWRadiation","ERA5","4598_2026-03-05_latest","Model Period Mean (intersection)","MeanState","global","scalar","W m-2","305.21","15.0"
"Forcings","SurfaceDownwardLWRadiation","ERA5","4598_2026-03-05_latest","Model Period Mean (complement)","MeanState","global","scalar","W m-2","nan","15.0"
"Forcings","SurfaceDownwardLWRadiation","ERA5","4598_2026-03-05_latest","Spatial Distribution Score","MeanState","global","score","1","0.999867","15.0"
"Forcings","SurfaceDownwardLWRadiation","ERA5","4598_2026-03-05_latest","Phase Shift","MeanState","global","scalar","months","0.0813327","15.0"
"Forcings","SurfaceDownwardLWRadiation","ERA5","4598_2026-03-05_latest","Seasonal Cycle Score","MeanState","global","score","1","0.990156","15.0"
"Forcings","SurfaceDownwardLWRadiation","ERA5","4598_2026-03-05_latest","Bias","MeanState","global","scalar","W m-2","-0.147144","15.0"
"Forcings","SurfaceDownwardLWRadiation","ERA5","4598_2026-03-05_latest","Bias Score","MeanState","global","score","1","0.940745","15.0"
"Forcings","SurfaceDownwardLWRadiation","ERA5","4598_2026-03-05_latest","RMSE","MeanState","global","scalar","W m-2","0.0920846","15.0"
"Forcings","SurfaceDownwardLWRadiation","ERA5","4598_2026-03-05_latest","RMSE Score","MeanState","global","score","1","0.996471","15.0"
"Forcings","SurfaceDownwardLWRadiation","ERA5","4598_2026-03-05_latest","Overall Score","MeanState","global","score","1","0.984742","15.0"
"Forcings","SurfaceDownwardLWRadiation","ERA5","ENSEMBLE-CMIP6","Benchmark Period Mean (intersection)","MeanState","global","scalar","W m-2","308.596","15.0"
"Forcings","SurfaceDownwardLWRadiation","ERA5","ENSEMBLE-CMIP6","Benchmark Period Mean (complement)","MeanState","global","scalar","W m-2","nan","15.0"
"Forcings","SurfaceDownwardLWRadiation","ERA5","ENSEMBLE-CMIP6","Period Mean (original grids)","MeanState","global","scalar","W m-2","313.152","15.0"
"Forcings","SurfaceDownwardLWRadiation","ERA5","ENSEMBLE-CMIP6","Model Period Mean (intersection)","MeanState","global","scalar","W m-2","312.55","15.0"
"Forcings","SurfaceDownwardLWRadiation","ERA5","ENSEMBLE-CMIP6","Model Period Mean (complement)","MeanState","global","scalar","W m-2","nan","15.0"
"Forcings","SurfaceDownwardLWRadiation","ERA5","ENSEMBLE-CMIP6","Spatial Distribution Score","MeanState","global","score","1","0.999395","15.0"
"Forcings","SurfaceDownwardLWRadiation","ERA5","ENSEMBLE-CMIP6","Phase Shift","MeanState","global","scalar","months","0.393621","15.0"
"Forcings","SurfaceDownwardLWRadiation","ERA5","ENSEMBLE-CMIP6","Seasonal Cycle Score","MeanState","global","score","1","0.958052","15.0"
"Forcings","SurfaceDownwardLWRadiation","ERA5","ENSEMBLE-CMIP6","Bias","MeanState","global","scalar","W m-2","3.97067","15.0"
"Forcings","SurfaceDownwardLWRadiation","ERA5","ENSEMBLE-CMIP6","Bias Score","MeanState","global","score","1","0.750851","15.0"
"Forcings","SurfaceDownwardLWRadiation","ERA5","ENSEMBLE-CMIP6","RMSE","MeanState","global","scalar","W m-2","10.2815","15.0"
"Forcings","SurfaceDownwardLWRadiation","ERA5","ENSEMBLE-CMIP6","RMSE Score","MeanState","global","score","1","0.805718","15.0"
"Forcings","SurfaceDownwardLWRadiation","ERA5","ENSEMBLE-CMIP6","Overall Score","MeanState","global","score","1","0.863947","15.0"