Variables,EnsembleCMIP5,EnsembleCMIP6,CliMA
Gross Primary Productivity,0.6118741329265025,0.6608411323978078,0.5664789810329691
Evapotranspiration,--,--,0.5471101313677519
