[INFO][0][<module>] Linux hpc-81-23.cm.cluster 5.14.0-427.13.1.el9_4.x86_64 #1 SMP PREEMPT_DYNAMIC Wed Apr 10 10:29:16 EDT 2024 x86_64 x86_64
[INFO][0][<module>] /home/renatob/miniconda3/envs/ilamb/lib/python3.11/site-packages/ILAMB (2.7.2)
[INFO][0][<module>] /home/renatob/miniconda3/envs/ilamb/lib/python3.11/site-packages/numpy (1.26.4)
[INFO][0][<module>] /home/renatob/miniconda3/envs/ilamb/lib/python3.11/site-packages/matplotlib (3.9.2)
[INFO][0][<module>] /home/renatob/miniconda3/envs/ilamb/lib/python3.11/site-packages/netCDF4 (1.7.1)
[INFO][0][<module>] /home/renatob/miniconda3/envs/ilamb/lib/python3.11/site-packages/cf_units (3.2.0)
[INFO][0][<module>] /home/renatob/miniconda3/envs/ilamb/lib/python3.11/site-packages/sympy (1.13.2)
[INFO][0][<module>] /home/renatob/miniconda3/envs/ilamb/lib/python3.11/site-packages/mpi4py (4.0.0)
[INFO][0][<module>] 2025-12-10 17:30:27.198631
[INFO][10][AnalysisMeanStateSites][rlus] Bias scored using Collier2018
[INFO][10][AnalysisMeanStateSites][rlus] RMSE scored using Collier2018
[INFO][11][AnalysisMeanStateSites][rlns] Bias scored using Collier2018
[INFO][11][AnalysisMeanStateSites][rlns] RMSE scored using Collier2018
[INFO][10][confront][SurfaceUpwardLWRadiation/WRMC.BSRN][CESM2] Success
[INFO][11][confront][SurfaceNetLWRadiation/WRMC.BSRN][ENSEMBLE-CMIP6] Success
[INFO][10][AnalysisMeanStateSites][rlus] Bias scored using Collier2018
[INFO][10][AnalysisMeanStateSites][rlus] RMSE scored using Collier2018
[INFO][10][confront][SurfaceUpwardLWRadiation/WRMC.BSRN][ENSEMBLE-CMIP6] Success
[INFO][10][AnalysisMeanStateSites][rlus] Bias scored using Collier2018
[INFO][10][AnalysisMeanStateSites][rlus] RMSE scored using Collier2018
[INFO][10][confront][SurfaceUpwardLWRadiation/WRMC.BSRN][NorESM2-LM] Success
[INFO][11][AnalysisMeanStateSites][rlns] Bias scored using Collier2018
[INFO][11][AnalysisMeanStateSites][rlns] RMSE scored using Collier2018
[INFO][11][confront][SurfaceNetLWRadiation/WRMC.BSRN][NorESM2-LM] Success
[INFO][10][AnalysisMeanStateSites][rlus] Bias scored using Collier2018
[INFO][10][AnalysisMeanStateSites][rlus] RMSE scored using Collier2018
[INFO][10][confront][SurfaceUpwardLWRadiation/WRMC.BSRN][UKESM1-0-LL] Success
[INFO][11][AnalysisMeanStateSites][rlns] Bias scored using Collier2018
[INFO][11][AnalysisMeanStateSites][rlns] RMSE scored using Collier2018
[INFO][11][confront][SurfaceNetLWRadiation/WRMC.BSRN][UKESM1-0-LL] Success
[INFO][11][AnalysisMeanStateSpace][rns] Bias scored using Collier2018
[INFO][15][AnalysisMeanStateSpace][rsds] Bias scored using Collier2018
[INFO][11][AnalysisMeanStateSpace][rns] RMSE scored using Collier2018
[INFO][11][confront][SurfaceNetRadiation/CERESed4.2][ACCESS-ESM1-5] Success
[INFO][14][AnalysisMeanStateSpace][pr] Bias scored using Collier2018
[INFO][15][AnalysisMeanStateSpace][rsds] RMSE scored using Collier2018
[INFO][15][confront][SurfaceDownwardSWRadiation/ERA5][UKESM1-0-LL] Success
[INFO][14][AnalysisMeanStateSpace][pr] RMSE scored using Collier2018
[INFO][14][confront][Precipitation/ERA5][UKESM1-0-LL] Success
[INFO][10][AnalysisMeanStateSpace][rlus] Bias scored using Collier2018
[INFO][12][AnalysisMeanStateSpace][rns] Bias scored using Collier2018
[INFO][10][AnalysisMeanStateSpace][rlus] RMSE scored using Collier2018
[INFO][10][confront][SurfaceUpwardLWRadiation/ERA5][ACCESS-ESM1-5] Success
[DEBUG][6][extractTimeSeries][ACCESS-ESM1-5] Could not find [swe,snw] in the model results
[DEBUG][6][WorkConfront][SnowWaterEquivalent/CanSISE][ACCESS-ESM1-5]
Traceback (most recent call last):
  File "/home/renatob/miniconda3/envs/ilamb/bin/ilamb-run", line 563, in WorkConfront
    c.confront(m)
  File "/home/renatob/miniconda3/envs/ilamb/lib/python3.11/site-packages/ILAMB/Confrontation.py", line 433, in confront
    obs, mod = self.stageData(m)
               ^^^^^^^^^^^^^^^^^
  File "/home/renatob/miniconda3/envs/ilamb/lib/python3.11/site-packages/ILAMB/ConfSWE.py", line 9, in stageData
    obs, mod = super(ConfSWE, self).stageData(m)
               ^^^^^^^^^^^^^^^^^^^^^^^^^^^^^^^^^
  File "/home/renatob/miniconda3/envs/ilamb/lib/python3.11/site-packages/ILAMB/Confrontation.py", line 371, in stageData
    mod = m.extractTimeSeries(
          ^^^^^^^^^^^^^^^^^^^^
  File "/home/renatob/miniconda3/envs/ilamb/lib/python3.11/site-packages/ILAMB/ModelResult.py", line 439, in extractTimeSeries
    raise il.VarNotInModel()
ILAMB.ilamblib.VarNotInModel: VarNotInModel

[DEBUG][6][extractTimeSeries][CESM2] Could not find [swe,snw] in the model results
[DEBUG][6][WorkConfront][SnowWaterEquivalent/CanSISE][CESM2]
Traceback (most recent call last):
  File "/home/renatob/miniconda3/envs/ilamb/bin/ilamb-run", line 563, in WorkConfront
    c.confront(m)
  File "/home/renatob/miniconda3/envs/ilamb/lib/python3.11/site-packages/ILAMB/Confrontation.py", line 433, in confront
    obs, mod = self.stageData(m)
               ^^^^^^^^^^^^^^^^^
  File "/home/renatob/miniconda3/envs/ilamb/lib/python3.11/site-packages/ILAMB/ConfSWE.py", line 9, in stageData
    obs, mod = super(ConfSWE, self).stageData(m)
               ^^^^^^^^^^^^^^^^^^^^^^^^^^^^^^^^^
  File "/home/renatob/miniconda3/envs/ilamb/lib/python3.11/site-packages/ILAMB/Confrontation.py", line 371, in stageData
    mod = m.extractTimeSeries(
          ^^^^^^^^^^^^^^^^^^^^
  File "/home/renatob/miniconda3/envs/ilamb/lib/python3.11/site-packages/ILAMB/ModelResult.py", line 439, in extractTimeSeries
    raise il.VarNotInModel()
ILAMB.ilamblib.VarNotInModel: VarNotInModel

[INFO][12][AnalysisMeanStateSpace][rns] RMSE scored using Collier2018
[DEBUG][6][extractTimeSeries][ENSEMBLE-CMIP6] Could not find [swe,snw] in the model results
[DEBUG][6][WorkConfront][SnowWaterEquivalent/CanSISE][ENSEMBLE-CMIP6]
Traceback (most recent call last):
  File "/home/renatob/miniconda3/envs/ilamb/bin/ilamb-run", line 563, in WorkConfront
    c.confront(m)
  File "/home/renatob/miniconda3/envs/ilamb/lib/python3.11/site-packages/ILAMB/Confrontation.py", line 433, in confront
    obs, mod = self.stageData(m)
               ^^^^^^^^^^^^^^^^^
  File "/home/renatob/miniconda3/envs/ilamb/lib/python3.11/site-packages/ILAMB/ConfSWE.py", line 9, in stageData
    obs, mod = super(ConfSWE, self).stageData(m)
               ^^^^^^^^^^^^^^^^^^^^^^^^^^^^^^^^^
  File "/home/renatob/miniconda3/envs/ilamb/lib/python3.11/site-packages/ILAMB/Confrontation.py", line 371, in stageData
    mod = m.extractTimeSeries(
          ^^^^^^^^^^^^^^^^^^^^
  File "/home/renatob/miniconda3/envs/ilamb/lib/python3.11/site-packages/ILAMB/ModelResult.py", line 439, in extractTimeSeries
    raise il.VarNotInModel()
ILAMB.ilamblib.VarNotInModel: VarNotInModel

[INFO][12][confront][SurfaceNetRadiation/CLASS][NorESM2-LM] Success
[DEBUG][6][extractTimeSeries][NorESM2-LM] Could not find [swe,snw] in the model results
[DEBUG][6][WorkConfront][SnowWaterEquivalent/CanSISE][NorESM2-LM]
Traceback (most recent call last):
  File "/home/renatob/miniconda3/envs/ilamb/bin/ilamb-run", line 563, in WorkConfront
    c.confront(m)
  File "/home/renatob/miniconda3/envs/ilamb/lib/python3.11/site-packages/ILAMB/Confrontation.py", line 433, in confront
    obs, mod = self.stageData(m)
               ^^^^^^^^^^^^^^^^^
  File "/home/renatob/miniconda3/envs/ilamb/lib/python3.11/site-packages/ILAMB/ConfSWE.py", line 9, in stageData
    obs, mod = super(ConfSWE, self).stageData(m)
               ^^^^^^^^^^^^^^^^^^^^^^^^^^^^^^^^^
  File "/home/renatob/miniconda3/envs/ilamb/lib/python3.11/site-packages/ILAMB/Confrontation.py", line 371, in stageData
    mod = m.extractTimeSeries(
          ^^^^^^^^^^^^^^^^^^^^
  File "/home/renatob/miniconda3/envs/ilamb/lib/python3.11/site-packages/ILAMB/ModelResult.py", line 439, in extractTimeSeries
    raise il.VarNotInModel()
ILAMB.ilamblib.VarNotInModel: VarNotInModel

[DEBUG][6][extractTimeSeries][UKESM1-0-LL] Could not find [swe,snw] in the model results
[DEBUG][6][WorkConfront][SnowWaterEquivalent/CanSISE][UKESM1-0-LL]
Traceback (most recent call last):
  File "/home/renatob/miniconda3/envs/ilamb/bin/ilamb-run", line 563, in WorkConfront
    c.confront(m)
  File "/home/renatob/miniconda3/envs/ilamb/lib/python3.11/site-packages/ILAMB/Confrontation.py", line 433, in confront
    obs, mod = self.stageData(m)
               ^^^^^^^^^^^^^^^^^
  File "/home/renatob/miniconda3/envs/ilamb/lib/python3.11/site-packages/ILAMB/ConfSWE.py", line 9, in stageData
    obs, mod = super(ConfSWE, self).stageData(m)
               ^^^^^^^^^^^^^^^^^^^^^^^^^^^^^^^^^
  File "/home/renatob/miniconda3/envs/ilamb/lib/python3.11/site-packages/ILAMB/Confrontation.py", line 371, in stageData
    mod = m.extractTimeSeries(
          ^^^^^^^^^^^^^^^^^^^^
  File "/home/renatob/miniconda3/envs/ilamb/lib/python3.11/site-packages/ILAMB/ModelResult.py", line 439, in extractTimeSeries
    raise il.VarNotInModel()
ILAMB.ilamblib.VarNotInModel: VarNotInModel

[INFO][3][AnalysisMeanStateSpace][hfls] Bias scored using Collier2018
[INFO][2][AnalysisMeanStateSpace][EvapFrac] Bias scored using Collier2018
[INFO][2][confront][EvaporativeFraction/CLASS][CESM2] Success
[INFO][15][AnalysisMeanStateSpace][rlds] Bias scored using Collier2018
[INFO][14][AnalysisMeanStateSpace][rsds] Bias scored using Collier2018
[INFO][3][AnalysisMeanStateSpace][hfls] RMSE scored using Collier2018
[INFO][3][confront][LatentHeat/DOLCE][ENSEMBLE-CMIP6] Success
[INFO][15][AnalysisMeanStateSpace][rlds] RMSE scored using Collier2018
[INFO][15][confront][SurfaceDownwardLWRadiation/CERESed4.2][ACCESS-ESM1-5] Success
[DEBUG][6][WorkConfront][Permafrost/Brown2002][ENSEMBLE-CMIP6]
Traceback (most recent call last):
  File "/home/renatob/miniconda3/envs/ilamb/bin/ilamb-run", line 563, in WorkConfront
    c.confront(m)
  File "/home/renatob/miniconda3/envs/ilamb/lib/python3.11/site-packages/ILAMB/ConfPermafrost.py", line 275, in confront
    score_excess = both[ptype] / area_mod.data
                   ~~~~~~~~~~~~^~~~~~~~~~~~~~~
  File "/home/renatob/miniconda3/envs/ilamb/lib/python3.11/site-packages/numpy/ma/core.py", line 4275, in __truediv__
    return true_divide(self, other)
           ^^^^^^^^^^^^^^^^^^^^^^^^
  File "/home/renatob/miniconda3/envs/ilamb/lib/python3.11/site-packages/numpy/ma/core.py", line 1171, in __call__
    m |= domain(da, db)
         ^^^^^^^^^^^^^^
  File "/home/renatob/miniconda3/envs/ilamb/lib/python3.11/site-packages/numpy/ma/core.py", line 858, in __call__
    return umath.absolute(a) * self.tolerance >= umath.absolute(b)
           ~~~~~~~~~~~~~~~~~~^~~~~~~~~~~~~~~~
FloatingPointError: underflow encountered in scalar multiply

[INFO][14][AnalysisMeanStateSpace][rsds] RMSE scored using Collier2018
[INFO][14][confront][SurfaceDownwardSWRadiation/CERESed4.2][ACCESS-ESM1-5] Success
[INFO][11][AnalysisMeanStateSpace][rns] Bias scored using Collier2018
[INFO][11][AnalysisMeanStateSpace][rns] RMSE scored using Collier2018
[INFO][11][confront][SurfaceNetRadiation/CERESed4.2][CESM2] Success
[INFO][8][AnalysisMeanStateSpace][rsus] Bias scored using Collier2018
[INFO][11][AnalysisMeanStateSpace][rns] Bias scored using Collier2018
[INFO][0][AnalysisMeanStateSpace][gpp] Bias scored using Collier2018
[INFO][11][AnalysisMeanStateSpace][rns] RMSE scored using Collier2018
[INFO][12][AnalysisMeanStateSpace][rns] Bias scored using Collier2018
[INFO][11][confront][SurfaceNetRadiation/CERESed4.2][ENSEMBLE-CMIP6] Success
[INFO][15][AnalysisMeanStateSpace][rlds] Bias scored using Collier2018
[INFO][8][AnalysisMeanStateSpace][rsus] RMSE scored using Collier2018
[INFO][10][AnalysisMeanStateSpace][rlus] Bias scored using Collier2018
[INFO][8][confront][SurfaceUpwardSWRadiation/GEWEX.SRB][ACCESS-ESM1-5] Success
[INFO][14][AnalysisMeanStateSpace][rsds] Bias scored using Collier2018
[INFO][9][AnalysisMeanStateSpace][rsns] Bias scored using Collier2018
[INFO][7][AnalysisMeanStateSpace][mrsos] Bias scored using Collier2018
[INFO][12][AnalysisMeanStateSpace][rns] RMSE scored using Collier2018
[INFO][15][AnalysisMeanStateSpace][rlds] RMSE scored using Collier2018
[INFO][12][confront][SurfaceNetRadiation/CLASS][UKESM1-0-LL] Success
[INFO][15][confront][SurfaceDownwardLWRadiation/CERESed4.2][CESM2] Success
[INFO][2][AnalysisMeanStateSpace][EvapFrac] Bias scored using Collier2018
[INFO][2][confront][EvaporativeFraction/CLASS][ENSEMBLE-CMIP6] Success
[INFO][14][AnalysisMeanStateSpace][rsds] RMSE scored using Collier2018
[INFO][10][AnalysisMeanStateSpace][rlus] RMSE scored using Collier2018
[INFO][10][confront][SurfaceUpwardLWRadiation/ERA5][CESM2] Success
[INFO][14][confront][SurfaceDownwardSWRadiation/CERESed4.2][CESM2] Success
[INFO][13][AnalysisMeanStateSpace][pr] Bias scored using Collier2018
[INFO][1][AnalysisMeanStateSpace][et] Bias scored using Collier2018
[DEBUG][6][WorkConfront][Permafrost/Obu2018][ENSEMBLE-CMIP6]
Traceback (most recent call last):
  File "/home/renatob/miniconda3/envs/ilamb/bin/ilamb-run", line 563, in WorkConfront
    c.confront(m)
  File "/home/renatob/miniconda3/envs/ilamb/lib/python3.11/site-packages/ILAMB/ConfPermafrost.py", line 275, in confront
    score_excess = both[ptype] / area_mod.data
                   ~~~~~~~~~~~~^~~~~~~~~~~~~~~
  File "/home/renatob/miniconda3/envs/ilamb/lib/python3.11/site-packages/numpy/ma/core.py", line 4275, in __truediv__
    return true_divide(self, other)
           ^^^^^^^^^^^^^^^^^^^^^^^^
  File "/home/renatob/miniconda3/envs/ilamb/lib/python3.11/site-packages/numpy/ma/core.py", line 1171, in __call__
    m |= domain(da, db)
         ^^^^^^^^^^^^^^
  File "/home/renatob/miniconda3/envs/ilamb/lib/python3.11/site-packages/numpy/ma/core.py", line 858, in __call__
    return umath.absolute(a) * self.tolerance >= umath.absolute(b)
           ~~~~~~~~~~~~~~~~~~^~~~~~~~~~~~~~~~
FloatingPointError: underflow encountered in scalar multiply

[INFO][0][AnalysisMeanStateSpace][gpp] RMSE scored using Collier2018
[INFO][0][confront][GrossPrimaryProductivity/FLUXCOM][ACCESS-ESM1-5] Success
[INFO][5][AnalysisMeanStateSpace][hfss] Bias scored using Collier2018
[INFO][7][AnalysisMeanStateSpace][mrsos] RMSE scored using Collier2018
[INFO][7][confront][SurfaceSoilMoisture/WangMao][UKESM1-0-LL] Success
[INFO][11][AnalysisMeanStateSpace][rns] Bias scored using Collier2018
[INFO][9][AnalysisMeanStateSpace][rsns] RMSE scored using Collier2018
[INFO][13][AnalysisMeanStateSpace][pr] RMSE scored using Collier2018
[DEBUG][7][extractTimeSeries][ACCESS-ESM1-5] Could not find [snow_cover_fraction,scf] in the model results
[DEBUG][7][WorkConfront][SnowCoverFraction/MODIS][ACCESS-ESM1-5]
Traceback (most recent call last):
  File "/home/renatob/miniconda3/envs/ilamb/bin/ilamb-run", line 563, in WorkConfront
    c.confront(m)
  File "/home/renatob/miniconda3/envs/ilamb/lib/python3.11/site-packages/ILAMB/Confrontation.py", line 433, in confront
    obs, mod = self.stageData(m)
               ^^^^^^^^^^^^^^^^^
  File "/home/renatob/miniconda3/envs/ilamb/lib/python3.11/site-packages/ILAMB/Confrontation.py", line 371, in stageData
    mod = m.extractTimeSeries(
          ^^^^^^^^^^^^^^^^^^^^
  File "/home/renatob/miniconda3/envs/ilamb/lib/python3.11/site-packages/ILAMB/ModelResult.py", line 439, in extractTimeSeries
    raise il.VarNotInModel()
ILAMB.ilamblib.VarNotInModel: VarNotInModel

[INFO][13][confront][Precipitation/CMAPv1904][NorESM2-LM] Success
[INFO][9][confront][SurfaceNetSWRadiation/GEWEX.SRB][CESM2] Success
[DEBUG][7][extractTimeSeries][CESM2] Could not find [snow_cover_fraction,scf] in the model results
[DEBUG][7][WorkConfront][SnowCoverFraction/MODIS][CESM2]
Traceback (most recent call last):
  File "/home/renatob/miniconda3/envs/ilamb/bin/ilamb-run", line 563, in WorkConfront
    c.confront(m)
  File "/home/renatob/miniconda3/envs/ilamb/lib/python3.11/site-packages/ILAMB/Confrontation.py", line 433, in confront
    obs, mod = self.stageData(m)
               ^^^^^^^^^^^^^^^^^
  File "/home/renatob/miniconda3/envs/ilamb/lib/python3.11/site-packages/ILAMB/Confrontation.py", line 371, in stageData
    mod = m.extractTimeSeries(
          ^^^^^^^^^^^^^^^^^^^^
  File "/home/renatob/miniconda3/envs/ilamb/lib/python3.11/site-packages/ILAMB/ModelResult.py", line 439, in extractTimeSeries
    raise il.VarNotInModel()
ILAMB.ilamblib.VarNotInModel: VarNotInModel

[DEBUG][7][extractTimeSeries][ENSEMBLE-CMIP6] Could not find [snow_cover_fraction,scf] in the model results
[DEBUG][7][WorkConfront][SnowCoverFraction/MODIS][ENSEMBLE-CMIP6]
Traceback (most recent call last):
  File "/home/renatob/miniconda3/envs/ilamb/bin/ilamb-run", line 563, in WorkConfront
    c.confront(m)
  File "/home/renatob/miniconda3/envs/ilamb/lib/python3.11/site-packages/ILAMB/Confrontation.py", line 433, in confront
    obs, mod = self.stageData(m)
               ^^^^^^^^^^^^^^^^^
  File "/home/renatob/miniconda3/envs/ilamb/lib/python3.11/site-packages/ILAMB/Confrontation.py", line 371, in stageData
    mod = m.extractTimeSeries(
          ^^^^^^^^^^^^^^^^^^^^
  File "/home/renatob/miniconda3/envs/ilamb/lib/python3.11/site-packages/ILAMB/ModelResult.py", line 439, in extractTimeSeries
    raise il.VarNotInModel()
ILAMB.ilamblib.VarNotInModel: VarNotInModel

[INFO][11][AnalysisMeanStateSpace][rns] RMSE scored using Collier2018
[INFO][11][confront][SurfaceNetRadiation/CERESed4.2][NorESM2-LM] Success
[DEBUG][7][extractTimeSeries][NorESM2-LM] Could not find [snow_cover_fraction,scf] in the model results
[DEBUG][7][WorkConfront][SnowCoverFraction/MODIS][NorESM2-LM]
Traceback (most recent call last):
  File "/home/renatob/miniconda3/envs/ilamb/bin/ilamb-run", line 563, in WorkConfront
    c.confront(m)
  File "/home/renatob/miniconda3/envs/ilamb/lib/python3.11/site-packages/ILAMB/Confrontation.py", line 433, in confront
    obs, mod = self.stageData(m)
               ^^^^^^^^^^^^^^^^^
  File "/home/renatob/miniconda3/envs/ilamb/lib/python3.11/site-packages/ILAMB/Confrontation.py", line 371, in stageData
    mod = m.extractTimeSeries(
          ^^^^^^^^^^^^^^^^^^^^
  File "/home/renatob/miniconda3/envs/ilamb/lib/python3.11/site-packages/ILAMB/ModelResult.py", line 439, in extractTimeSeries
    raise il.VarNotInModel()
ILAMB.ilamblib.VarNotInModel: VarNotInModel

[DEBUG][7][extractTimeSeries][UKESM1-0-LL] Could not find [snow_cover_fraction,scf] in the model results
[DEBUG][7][WorkConfront][SnowCoverFraction/MODIS][UKESM1-0-LL]
Traceback (most recent call last):
  File "/home/renatob/miniconda3/envs/ilamb/bin/ilamb-run", line 563, in WorkConfront
    c.confront(m)
  File "/home/renatob/miniconda3/envs/ilamb/lib/python3.11/site-packages/ILAMB/Confrontation.py", line 433, in confront
    obs, mod = self.stageData(m)
               ^^^^^^^^^^^^^^^^^
  File "/home/renatob/miniconda3/envs/ilamb/lib/python3.11/site-packages/ILAMB/Confrontation.py", line 371, in stageData
    mod = m.extractTimeSeries(
          ^^^^^^^^^^^^^^^^^^^^
  File "/home/renatob/miniconda3/envs/ilamb/lib/python3.11/site-packages/ILAMB/ModelResult.py", line 439, in extractTimeSeries
    raise il.VarNotInModel()
ILAMB.ilamblib.VarNotInModel: VarNotInModel

[INFO][5][AnalysisMeanStateSpace][hfss] RMSE scored using Collier2018
[INFO][5][confront][SensibleHeat/FLUXCOM][NorESM2-LM] Success
[INFO][15][AnalysisMeanStateSpace][rlds] Bias scored using Collier2018
[INFO][1][AnalysisMeanStateSpace][et] RMSE scored using Collier2018
[INFO][1][confront][Evapotranspiration/MODIS][CESM2] Success
[INFO][3][AnalysisMeanStateSpace][hfls] Bias scored using Collier2018
[INFO][14][AnalysisMeanStateSpace][rsds] Bias scored using Collier2018
[INFO][15][AnalysisMeanStateSpace][rlds] RMSE scored using Collier2018
[INFO][15][confront][SurfaceDownwardLWRadiation/CERESed4.2][ENSEMBLE-CMIP6] Success
[INFO][14][AnalysisMeanStateSpace][rsds] RMSE scored using Collier2018
[INFO][14][confront][SurfaceDownwardSWRadiation/CERESed4.2][ENSEMBLE-CMIP6] Success
[INFO][3][AnalysisMeanStateSpace][hfls] RMSE scored using Collier2018
[INFO][3][confront][LatentHeat/DOLCE][NorESM2-LM] Success
[INFO][10][AnalysisMeanStateSpace][rlus] Bias scored using Collier2018
[INFO][10][AnalysisMeanStateSpace][rlus] RMSE scored using Collier2018
[INFO][10][confront][SurfaceUpwardLWRadiation/ERA5][ENSEMBLE-CMIP6] Success
[INFO][11][AnalysisMeanStateSpace][rns] Bias scored using Collier2018
[INFO][15][AnalysisMeanStateSpace][rlds] Bias scored using Collier2018
[INFO][11][AnalysisMeanStateSpace][rns] RMSE scored using Collier2018
[INFO][11][confront][SurfaceNetRadiation/CERESed4.2][UKESM1-0-LL] Success
[INFO][14][AnalysisMeanStateSpace][rsds] Bias scored using Collier2018
[INFO][4][AnalysisMeanStateSpace][runoff] Bias scored using Collier2018
[INFO][15][AnalysisMeanStateSpace][rlds] RMSE scored using Collier2018
[INFO][2][AnalysisMeanStateSpace][EvapFrac] Bias scored using Collier2018
[INFO][15][confront][SurfaceDownwardLWRadiation/CERESed4.2][NorESM2-LM] Success
[INFO][2][confront][EvaporativeFraction/CLASS][NorESM2-LM] Success
[INFO][7][AnalysisMeanStateSpace][albedo] Bias scored using Collier2018
[INFO][14][AnalysisMeanStateSpace][rsds] RMSE scored using Collier2018
[INFO][14][confront][SurfaceDownwardSWRadiation/CERESed4.2][NorESM2-LM] Success
[INFO][7][AnalysisMeanStateSpace][albedo] RMSE scored using Collier2018
[INFO][7][confront][Albedo/CERESed4.2][ACCESS-ESM1-5] Success
[INFO][12][AnalysisMeanStateSpace][hfdsl] Bias scored using Collier2018
[INFO][4][AnalysisMeanStateSpace][runoff] RMSE scored using Collier2018
[INFO][4][confront][Runoff/LORA][ACCESS-ESM1-5] Success
[INFO][12][AnalysisMeanStateSpace][hfdsl] RMSE scored using Collier2018
[INFO][12][confront][GroundHeatFlux/CLASS][ACCESS-ESM1-5] Success
[INFO][15][AnalysisMeanStateSpace][rlds] Bias scored using Collier2018
[INFO][10][AnalysisMeanStateSpace][rlus] Bias scored using Collier2018
[INFO][14][AnalysisMeanStateSpace][rsds] Bias scored using Collier2018
[INFO][15][AnalysisMeanStateSpace][rlds] RMSE scored using Collier2018
[INFO][15][confront][SurfaceDownwardLWRadiation/CERESed4.2][UKESM1-0-LL] Success
[INFO][14][AnalysisMeanStateSpace][rsds] RMSE scored using Collier2018
[INFO][14][confront][SurfaceDownwardSWRadiation/CERESed4.2][UKESM1-0-LL] Success
[INFO][10][AnalysisMeanStateSpace][rlus] RMSE scored using Collier2018
[INFO][10][confront][SurfaceUpwardLWRadiation/ERA5][NorESM2-LM] Success
[INFO][9][AnalysisMeanStateSpace][rsns] Bias scored using Collier2018
[INFO][7][AnalysisMeanStateSpace][albedo] Bias scored using Collier2018
[INFO][3][AnalysisMeanStateSpace][hfls] Bias scored using Collier2018
[INFO][2][AnalysisMeanStateSpace][EvapFrac] Bias scored using Collier2018
[INFO][2][confront][EvaporativeFraction/CLASS][UKESM1-0-LL] Success
[INFO][7][AnalysisMeanStateSpace][albedo] RMSE scored using Collier2018
[INFO][7][confront][Albedo/CERESed4.2][CESM2] Success
[INFO][9][AnalysisMeanStateSpace][rsns] RMSE scored using Collier2018
[INFO][3][AnalysisMeanStateSpace][hfls] RMSE scored using Collier2018
[INFO][9][confront][SurfaceNetSWRadiation/GEWEX.SRB][ENSEMBLE-CMIP6] Success
[INFO][3][confront][LatentHeat/DOLCE][UKESM1-0-LL] Success
[INFO][1][AnalysisMeanStateSpace][et] Bias scored using Collier2018
[INFO][8][AnalysisMeanStateSpace][rsus] Bias scored using Collier2018
[INFO][1][AnalysisMeanStateSpace][et] RMSE scored using Collier2018
[INFO][1][confront][Evapotranspiration/MODIS][ENSEMBLE-CMIP6] Success
[INFO][10][AnalysisMeanStateSpace][rlus] Bias scored using Collier2018
[INFO][2][AnalysisMeanStateSpace][EvapFrac] Bias scored using Collier2018
[INFO][2][confront][EvaporativeFraction/WECANN][ACCESS-ESM1-5] Success
[INFO][10][AnalysisMeanStateSpace][rlus] RMSE scored using Collier2018
[INFO][10][confront][SurfaceUpwardLWRadiation/ERA5][UKESM1-0-LL] Success
[INFO][7][AnalysisMeanStateSpace][albedo] Bias scored using Collier2018
[INFO][8][AnalysisMeanStateSpace][rsus] RMSE scored using Collier2018
[INFO][8][confront][SurfaceUpwardSWRadiation/GEWEX.SRB][CESM2] Success
[INFO][7][AnalysisMeanStateSpace][albedo] RMSE scored using Collier2018
[INFO][7][confront][Albedo/CERESed4.2][ENSEMBLE-CMIP6] Success
[INFO][13][AnalysisMeanStateSpace][pr] Bias scored using Collier2018
[INFO][0][AnalysisMeanStateSpace][gpp] Bias scored using Collier2018
[INFO][5][AnalysisMeanStateSpace][hfss] Bias scored using Collier2018
[INFO][13][AnalysisMeanStateSpace][pr] RMSE scored using Collier2018
[INFO][13][confront][Precipitation/CMAPv1904][UKESM1-0-LL] Success
[INFO][12][AnalysisMeanStateSpace][hfdsl] Bias scored using Collier2018
[INFO][11][AnalysisMeanStateSpace][rns] Bias scored using Collier2018
[INFO][2][AnalysisMeanStateSpace][EvapFrac] Bias scored using Collier2018
[INFO][5][AnalysisMeanStateSpace][hfss] RMSE scored using Collier2018
[INFO][2][confront][EvaporativeFraction/WECANN][CESM2] Success
[INFO][10][AnalysisMeanStateSpace][rlns] Bias scored using Collier2018
[INFO][5][confront][SensibleHeat/FLUXCOM][UKESM1-0-LL] Success
[INFO][7][AnalysisMeanStateSpace][albedo] Bias scored using Collier2018
[INFO][12][AnalysisMeanStateSpace][hfdsl] RMSE scored using Collier2018
[INFO][12][confront][GroundHeatFlux/CLASS][CESM2] Success
[INFO][10][AnalysisMeanStateSpace][rlns] RMSE scored using Collier2018
[INFO][10][confront][SurfaceNetLWRadiation/CERESed4.2][ACCESS-ESM1-5] Success
[INFO][7][AnalysisMeanStateSpace][albedo] RMSE scored using Collier2018
[INFO][11][AnalysisMeanStateSpace][rns] RMSE scored using Collier2018
[INFO][0][AnalysisMeanStateSpace][gpp] RMSE scored using Collier2018
[INFO][7][confront][Albedo/CERESed4.2][NorESM2-LM] Success
[INFO][0][confront][GrossPrimaryProductivity/FLUXCOM][CESM2] Success
[INFO][11][confront][SurfaceNetRadiation/GEWEX.SRB][ACCESS-ESM1-5] Success
[INFO][6][AnalysisMeanStateSpace][mrsos] Bias scored using Collier2018
[INFO][3][AnalysisMeanStateSpace][hfls] Bias scored using Collier2018
[INFO][15][AnalysisMeanStateSpace][rlds] Bias scored using Collier2018
[INFO][2][AnalysisMeanStateSpace][EvapFrac] Bias scored using Collier2018
[INFO][2][confront][EvaporativeFraction/WECANN][ENSEMBLE-CMIP6] Success
[INFO][3][AnalysisMeanStateSpace][hfls] RMSE scored using Collier2018
[INFO][3][confront][LatentHeat/CLASS][ACCESS-ESM1-5] Success
[INFO][14][AnalysisMeanStateSpace][rsds] Bias scored using Collier2018
[INFO][15][AnalysisMeanStateSpace][rlds] RMSE scored using Collier2018
[INFO][15][confront][SurfaceDownwardLWRadiation/GEWEX.SRB][ACCESS-ESM1-5] Success
[INFO][6][AnalysisMeanStateSpace][mrsos] RMSE scored using Collier2018
[INFO][6][confront][SurfaceSoilMoisture/WangMao][ACCESS-ESM1-5] Success
[INFO][7][AnalysisMeanStateSpace][albedo] Bias scored using Collier2018
[INFO][9][AnalysisMeanStateSpace][rsns] Bias scored using Collier2018
[INFO][2][AnalysisMeanStateSpace][EvapFrac] Bias scored using Collier2018
[INFO][2][confront][EvaporativeFraction/WECANN][NorESM2-LM] Success
[INFO][14][AnalysisMeanStateSpace][rsds] RMSE scored using Collier2018
[INFO][14][confront][SurfaceDownwardSWRadiation/GEWEX.SRB][ACCESS-ESM1-5] Success
[INFO][7][AnalysisMeanStateSpace][albedo] RMSE scored using Collier2018
[INFO][7][confront][Albedo/CERESed4.2][UKESM1-0-LL] Success
[INFO][10][AnalysisMeanStateSpace][rlns] Bias scored using Collier2018
[INFO][9][AnalysisMeanStateSpace][rsns] RMSE scored using Collier2018
[INFO][9][confront][SurfaceNetSWRadiation/GEWEX.SRB][NorESM2-LM] Success
[INFO][10][AnalysisMeanStateSpace][rlns] RMSE scored using Collier2018
[INFO][10][confront][SurfaceNetLWRadiation/CERESed4.2][CESM2] Success
[INFO][12][AnalysisMeanStateSpace][hfdsl] Bias scored using Collier2018
[INFO][1][AnalysisMeanStateSpace][et] Bias scored using Collier2018
[INFO][8][AnalysisMeanStateSpace][rsus] Bias scored using Collier2018
[INFO][2][AnalysisMeanStateSpace][EvapFrac] Bias scored using Collier2018
[INFO][2][confront][EvaporativeFraction/WECANN][UKESM1-0-LL] Success
[INFO][5][AnalysisMeanStateSpace][hfss] Bias scored using Collier2018
[INFO][12][AnalysisMeanStateSpace][hfdsl] RMSE scored using Collier2018
[INFO][12][confront][GroundHeatFlux/CLASS][ENSEMBLE-CMIP6] Success
[INFO][1][AnalysisMeanStateSpace][et] RMSE scored using Collier2018
[INFO][1][confront][Evapotranspiration/MODIS][NorESM2-LM] Success
[INFO][8][AnalysisMeanStateSpace][rsus] RMSE scored using Collier2018
[INFO][8][confront][SurfaceUpwardSWRadiation/GEWEX.SRB][ENSEMBLE-CMIP6] Success
[INFO][10][AnalysisMeanStateSpace][rlns] Bias scored using Collier2018
[INFO][5][AnalysisMeanStateSpace][hfss] RMSE scored using Collier2018
[INFO][5][confront][SensibleHeat/CLASS][ACCESS-ESM1-5] Success
[INFO][10][AnalysisMeanStateSpace][rlns] RMSE scored using Collier2018
[INFO][10][confront][SurfaceNetLWRadiation/CERESed4.2][ENSEMBLE-CMIP6] Success
[INFO][4][AnalysisMeanStateSpace][runoff] Bias scored using Collier2018
[INFO][3][AnalysisMeanStateSpace][hfls] Bias scored using Collier2018
[INFO][10][AnalysisMeanStateSpace][rlns] Bias scored using Collier2018
[INFO][0][AnalysisMeanStateSpace][gpp] Bias scored using Collier2018
[INFO][10][AnalysisMeanStateSpace][rlns] RMSE scored using Collier2018
[INFO][10][confront][SurfaceNetLWRadiation/CERESed4.2][NorESM2-LM] Success
[INFO][2][AnalysisMeanStateSpace][EvapFrac] Bias scored using Collier2018
[INFO][3][AnalysisMeanStateSpace][hfls] RMSE scored using Collier2018
[INFO][2][confront][EvaporativeFraction/ERA5][ACCESS-ESM1-5] Success
[INFO][3][confront][LatentHeat/CLASS][CESM2] Success
[INFO][13][AnalysisMeanStateSpace][pr] Bias scored using Collier2018
[INFO][0][AnalysisMeanStateSpace][gpp] RMSE scored using Collier2018
[INFO][0][confront][GrossPrimaryProductivity/FLUXCOM][ENSEMBLE-CMIP6] Success
[INFO][4][AnalysisMeanStateSpace][runoff] RMSE scored using Collier2018
[INFO][4][confront][Runoff/LORA][CESM2] Success
[INFO][12][AnalysisMeanStateSpace][hfdsl] Bias scored using Collier2018
[INFO][12][AnalysisMeanStateSpace][hfdsl] RMSE scored using Collier2018
[INFO][10][AnalysisMeanStateSpace][rlns] Bias scored using Collier2018
[INFO][12][confront][GroundHeatFlux/CLASS][NorESM2-LM] Success
[INFO][13][AnalysisMeanStateSpace][pr] RMSE scored using Collier2018
[INFO][13][confront][Precipitation/GPCCv2018][ACCESS-ESM1-5] Success
[INFO][11][AnalysisMeanStateSpace][rns] Bias scored using Collier2018
[INFO][9][AnalysisMeanStateSpace][rsns] Bias scored using Collier2018
[INFO][10][AnalysisMeanStateSpace][rlns] RMSE scored using Collier2018
[INFO][10][confront][SurfaceNetLWRadiation/CERESed4.2][UKESM1-0-LL] Success
[INFO][15][AnalysisMeanStateSpace][rlds] Bias scored using Collier2018
[INFO][9][AnalysisMeanStateSpace][rsns] RMSE scored using Collier2018
[INFO][9][confront][SurfaceNetSWRadiation/GEWEX.SRB][UKESM1-0-LL] Success
[INFO][7][AnalysisMeanStateSpace][albedo] Bias scored using Collier2018
[INFO][9][AnalysisMeanStateSites][rsns] Bias scored using Collier2018
[INFO][9][AnalysisMeanStateSites][rsns] RMSE scored using Collier2018
[INFO][9][confront][SurfaceNetSWRadiation/WRMC.BSRN][ACCESS-ESM1-5] Success
[INFO][9][AnalysisMeanStateSites][rsns] Bias scored using Collier2018
[INFO][9][AnalysisMeanStateSites][rsns] RMSE scored using Collier2018
[INFO][9][confront][SurfaceNetSWRadiation/WRMC.BSRN][CESM2] Success
[INFO][9][AnalysisMeanStateSites][rsns] Bias scored using Collier2018
[INFO][9][AnalysisMeanStateSites][rsns] RMSE scored using Collier2018
[INFO][9][confront][SurfaceNetSWRadiation/WRMC.BSRN][ENSEMBLE-CMIP6] Success
[INFO][9][AnalysisMeanStateSites][rsns] Bias scored using Collier2018
[INFO][9][AnalysisMeanStateSites][rsns] RMSE scored using Collier2018
[INFO][9][confront][SurfaceNetSWRadiation/WRMC.BSRN][NorESM2-LM] Success
[INFO][11][AnalysisMeanStateSpace][rns] RMSE scored using Collier2018
[INFO][9][AnalysisMeanStateSites][rsns] Bias scored using Collier2018
[INFO][9][AnalysisMeanStateSites][rsns] RMSE scored using Collier2018
[INFO][9][confront][SurfaceNetSWRadiation/WRMC.BSRN][UKESM1-0-LL] Success
[INFO][11][confront][SurfaceNetRadiation/GEWEX.SRB][CESM2] Success
[INFO][5][AnalysisMeanStateSpace][hfss] Bias scored using Collier2018
[INFO][15][AnalysisMeanStateSpace][rlds] RMSE scored using Collier2018
[INFO][15][confront][SurfaceDownwardLWRadiation/GEWEX.SRB][CESM2] Success
[INFO][1][AnalysisMeanStateSpace][et] Bias scored using Collier2018
[INFO][7][AnalysisMeanStateSpace][albedo] RMSE scored using Collier2018
[INFO][8][AnalysisMeanStateSpace][rsus] Bias scored using Collier2018
[INFO][7][confront][Albedo/GEWEX.SRB][ACCESS-ESM1-5] Success
[INFO][14][AnalysisMeanStateSpace][rsds] Bias scored using Collier2018
[INFO][3][AnalysisMeanStateSpace][hfls] Bias scored using Collier2018
[INFO][5][AnalysisMeanStateSpace][hfss] RMSE scored using Collier2018
[INFO][5][confront][SensibleHeat/CLASS][CESM2] Success
[INFO][1][AnalysisMeanStateSpace][et] RMSE scored using Collier2018
[INFO][1][confront][Evapotranspiration/MODIS][UKESM1-0-LL] Success
[INFO][3][AnalysisMeanStateSpace][hfls] RMSE scored using Collier2018
[INFO][3][confront][LatentHeat/CLASS][ENSEMBLE-CMIP6] Success
[INFO][8][AnalysisMeanStateSpace][rsus] RMSE scored using Collier2018
[INFO][8][confront][SurfaceUpwardSWRadiation/GEWEX.SRB][NorESM2-LM] Success
[INFO][2][AnalysisMeanStateSpace][EvapFrac] Bias scored using Collier2018
[INFO][2][confront][EvaporativeFraction/ERA5][CESM2] Success
[INFO][9][AnalysisMeanStateSpace][rlus] Bias scored using Collier2018
[INFO][14][AnalysisMeanStateSpace][rsds] RMSE scored using Collier2018
[INFO][14][confront][SurfaceDownwardSWRadiation/GEWEX.SRB][CESM2] Success
[INFO][9][AnalysisMeanStateSpace][rlus] RMSE scored using Collier2018
[INFO][9][confront][SurfaceUpwardLWRadiation/CERESed4.2][ACCESS-ESM1-5] Success
[INFO][12][AnalysisMeanStateSpace][hfdsl] Bias scored using Collier2018
[INFO][12][AnalysisMeanStateSpace][hfdsl] RMSE scored using Collier2018
[INFO][12][confront][GroundHeatFlux/CLASS][UKESM1-0-LL] Success
[INFO][6][AnalysisMeanStateSpace][mrsos] Bias scored using Collier2018
[INFO][2][AnalysisMeanStateSpace][EvapFrac] Bias scored using Collier2018
[INFO][2][confront][EvaporativeFraction/ERA5][ENSEMBLE-CMIP6] Success
[INFO][5][AnalysisMeanStateSpace][hfss] Bias scored using Collier2018
[INFO][0][AnalysisMeanStateSpace][gpp] Bias scored using Collier2018
[INFO][9][AnalysisMeanStateSpace][rlus] Bias scored using Collier2018
[INFO][5][AnalysisMeanStateSpace][hfss] RMSE scored using Collier2018
[INFO][5][confront][SensibleHeat/CLASS][ENSEMBLE-CMIP6] Success
[INFO][3][AnalysisMeanStateSpace][hfls] Bias scored using Collier2018
[INFO][6][AnalysisMeanStateSpace][mrsos] RMSE scored using Collier2018
[INFO][6][confront][SurfaceSoilMoisture/WangMao][CESM2] Success
[INFO][9][AnalysisMeanStateSpace][rlus] RMSE scored using Collier2018
[INFO][9][confront][SurfaceUpwardLWRadiation/CERESed4.2][CESM2] Success
[INFO][10][AnalysisMeanStateSpace][rlns] Bias scored using Collier2018
[INFO][0][AnalysisMeanStateSpace][gpp] RMSE scored using Collier2018
[INFO][0][confront][GrossPrimaryProductivity/FLUXCOM][NorESM2-LM] Success
[INFO][3][AnalysisMeanStateSpace][hfls] RMSE scored using Collier2018
[INFO][11][AnalysisMeanStateSpace][rns] Bias scored using Collier2018
[INFO][3][confront][LatentHeat/CLASS][NorESM2-LM] Success
[INFO][15][AnalysisMeanStateSpace][rlds] Bias scored using Collier2018
[INFO][10][AnalysisMeanStateSpace][rlns] RMSE scored using Collier2018
[INFO][10][confront][SurfaceNetLWRadiation/GEWEX.SRB][ACCESS-ESM1-5] Success
[INFO][11][AnalysisMeanStateSpace][rns] RMSE scored using Collier2018
[INFO][11][confront][SurfaceNetRadiation/GEWEX.SRB][ENSEMBLE-CMIP6] Success
[INFO][15][AnalysisMeanStateSpace][rlds] RMSE scored using Collier2018
[INFO][15][confront][SurfaceDownwardLWRadiation/GEWEX.SRB][ENSEMBLE-CMIP6] Success
[INFO][9][AnalysisMeanStateSpace][rlus] Bias scored using Collier2018
[INFO][9][AnalysisMeanStateSpace][rlus] RMSE scored using Collier2018
[INFO][9][confront][SurfaceUpwardLWRadiation/CERESed4.2][ENSEMBLE-CMIP6] Success
[INFO][4][AnalysisMeanStateSpace][runoff] Bias scored using Collier2018
[INFO][2][AnalysisMeanStateSpace][EvapFrac] Bias scored using Collier2018
[INFO][2][confront][EvaporativeFraction/ERA5][NorESM2-LM] Success
[INFO][8][AnalysisMeanStateSpace][rsus] Bias scored using Collier2018
[INFO][14][AnalysisMeanStateSpace][rsds] Bias scored using Collier2018
[INFO][4][AnalysisMeanStateSpace][runoff] RMSE scored using Collier2018
[INFO][4][confront][Runoff/LORA][ENSEMBLE-CMIP6] Success
[INFO][8][AnalysisMeanStateSpace][rsus] RMSE scored using Collier2018
[INFO][8][confront][SurfaceUpwardSWRadiation/GEWEX.SRB][UKESM1-0-LL] Success
[INFO][8][AnalysisMeanStateSites][rsus] Bias scored using Collier2018
[INFO][8][AnalysisMeanStateSites][rsus] RMSE scored using Collier2018
[INFO][8][confront][SurfaceUpwardSWRadiation/WRMC.BSRN][ACCESS-ESM1-5] Success
[INFO][8][AnalysisMeanStateSites][rsus] Bias scored using Collier2018
[INFO][8][AnalysisMeanStateSites][rsus] RMSE scored using Collier2018
[INFO][8][confront][SurfaceUpwardSWRadiation/WRMC.BSRN][CESM2] Success
[INFO][8][AnalysisMeanStateSites][rsus] Bias scored using Collier2018
[INFO][8][AnalysisMeanStateSites][rsus] RMSE scored using Collier2018
[INFO][8][confront][SurfaceUpwardSWRadiation/WRMC.BSRN][ENSEMBLE-CMIP6] Success
[INFO][8][AnalysisMeanStateSites][rsus] Bias scored using Collier2018
[INFO][8][AnalysisMeanStateSites][rsus] RMSE scored using Collier2018
[INFO][8][confront][SurfaceUpwardSWRadiation/WRMC.BSRN][NorESM2-LM] Success
[INFO][9][AnalysisMeanStateSpace][rlus] Bias scored using Collier2018
[INFO][8][AnalysisMeanStateSites][rsus] Bias scored using Collier2018
[INFO][8][AnalysisMeanStateSites][rsus] RMSE scored using Collier2018
[INFO][8][confront][SurfaceUpwardSWRadiation/WRMC.BSRN][UKESM1-0-LL] Success
[INFO][14][AnalysisMeanStateSpace][rsds] RMSE scored using Collier2018
[INFO][14][confront][SurfaceDownwardSWRadiation/GEWEX.SRB][ENSEMBLE-CMIP6] Success
[INFO][13][AnalysisMeanStateSpace][pr] Bias scored using Collier2018
[INFO][9][AnalysisMeanStateSpace][rlus] RMSE scored using Collier2018
[INFO][9][confront][SurfaceUpwardLWRadiation/CERESed4.2][NorESM2-LM] Success
[INFO][5][AnalysisMeanStateSpace][hfss] Bias scored using Collier2018
[INFO][7][AnalysisMeanStateSpace][albedo] Bias scored using Collier2018
[INFO][1][AnalysisMeanStateSpace][et] Bias scored using Collier2018
[INFO][3][AnalysisMeanStateSpace][hfls] Bias scored using Collier2018
[INFO][5][AnalysisMeanStateSpace][hfss] RMSE scored using Collier2018
[INFO][5][confront][SensibleHeat/CLASS][NorESM2-LM] Success
[INFO][3][AnalysisMeanStateSpace][hfls] RMSE scored using Collier2018
[INFO][3][confront][LatentHeat/CLASS][UKESM1-0-LL] Success
[INFO][2][AnalysisMeanStateSpace][EvapFrac] Bias scored using Collier2018
[INFO][13][AnalysisMeanStateSpace][pr] RMSE scored using Collier2018
[INFO][13][confront][Precipitation/GPCCv2018][CESM2] Success
[INFO][2][confront][EvaporativeFraction/ERA5][UKESM1-0-LL] Success
[INFO][1][AnalysisMeanStateSpace][et] RMSE scored using Collier2018
[INFO][1][confront][Evapotranspiration/MOD16A2][ACCESS-ESM1-5] Success
[INFO][7][AnalysisMeanStateSpace][albedo] RMSE scored using Collier2018
[INFO][9][AnalysisMeanStateSpace][rlus] Bias scored using Collier2018
[INFO][7][confront][Albedo/GEWEX.SRB][CESM2] Success
[INFO][9][AnalysisMeanStateSpace][rlus] RMSE scored using Collier2018
[INFO][9][confront][SurfaceUpwardLWRadiation/CERESed4.2][UKESM1-0-LL] Success
[INFO][3][AnalysisMeanStateSpace][hfls] Bias scored using Collier2018
[INFO][8][AnalysisMeanStateSpace][rsus] Bias scored using Collier2018
[INFO][3][AnalysisMeanStateSpace][hfls] RMSE scored using Collier2018
[INFO][3][confront][LatentHeat/WECANN][ACCESS-ESM1-5] Success
[INFO][15][AnalysisMeanStateSpace][rlds] Bias scored using Collier2018
[INFO][8][AnalysisMeanStateSpace][rsus] RMSE scored using Collier2018
[INFO][8][confront][SurfaceUpwardSWRadiation/ERA5][ACCESS-ESM1-5] Success
[INFO][0][AnalysisMeanStateSpace][gpp] Bias scored using Collier2018
[INFO][11][AnalysisMeanStateSpace][rns] Bias scored using Collier2018
[INFO][15][AnalysisMeanStateSpace][rlds] RMSE scored using Collier2018
[INFO][15][confront][SurfaceDownwardLWRadiation/GEWEX.SRB][NorESM2-LM] Success
[INFO][5][AnalysisMeanStateSpace][hfss] Bias scored using Collier2018
[INFO][12][AnalysisMeanStateSpace][tas] Bias scored using Collier2018
[INFO][6][AnalysisMeanStateSpace][mrsos] Bias scored using Collier2018
[INFO][11][AnalysisMeanStateSpace][rns] RMSE scored using Collier2018
[INFO][11][confront][SurfaceNetRadiation/GEWEX.SRB][NorESM2-LM] Success
[INFO][0][AnalysisMeanStateSpace][gpp] RMSE scored using Collier2018
[INFO][0][confront][GrossPrimaryProductivity/FLUXCOM][UKESM1-0-LL] Success
[INFO][5][AnalysisMeanStateSpace][hfss] RMSE scored using Collier2018
[INFO][5][confront][SensibleHeat/CLASS][UKESM1-0-LL] Success
[INFO][10][AnalysisMeanStateSpace][rlns] Bias scored using Collier2018
[INFO][3][AnalysisMeanStateSpace][hfls] Bias scored using Collier2018
[INFO][12][AnalysisMeanStateSpace][tas] RMSE scored using Collier2018
[INFO][12][confront][SurfaceAirTemperature/CRU4.02][ACCESS-ESM1-5] Success
[INFO][3][AnalysisMeanStateSpace][hfls] RMSE scored using Collier2018
[INFO][3][confront][LatentHeat/WECANN][CESM2] Success
[INFO][6][AnalysisMeanStateSpace][mrsos] RMSE scored using Collier2018
[INFO][6][confront][SurfaceSoilMoisture/WangMao][ENSEMBLE-CMIP6] Success
[INFO][14][AnalysisMeanStateSpace][rsds] Bias scored using Collier2018
[INFO][10][AnalysisMeanStateSpace][rlns] RMSE scored using Collier2018
[INFO][10][confront][SurfaceNetLWRadiation/GEWEX.SRB][CESM2] Success
[INFO][0][AnalysisMeanStateSpace][gpp] Bias scored using Collier2018
[INFO][5][AnalysisMeanStateSpace][hfss] Bias scored using Collier2018
[INFO][14][AnalysisMeanStateSpace][rsds] RMSE scored using Collier2018
[INFO][14][confront][SurfaceDownwardSWRadiation/GEWEX.SRB][NorESM2-LM] Success
[INFO][0][AnalysisMeanStateSpace][gpp] RMSE scored using Collier2018
[INFO][0][confront][GrossPrimaryProductivity/WECANN][ACCESS-ESM1-5] Success
[INFO][5][AnalysisMeanStateSpace][hfss] RMSE scored using Collier2018
[INFO][5][confront][SensibleHeat/WECANN][ACCESS-ESM1-5] Success
[INFO][3][AnalysisMeanStateSpace][hfls] Bias scored using Collier2018
[INFO][3][AnalysisMeanStateSpace][hfls] RMSE scored using Collier2018
[INFO][3][confront][LatentHeat/WECANN][ENSEMBLE-CMIP6] Success
[INFO][7][AnalysisMeanStateSpace][albedo] Bias scored using Collier2018
[INFO][8][AnalysisMeanStateSpace][rsus] Bias scored using Collier2018
[INFO][9][AnalysisMeanStateSpace][rlus] Bias scored using Collier2018
[INFO][8][AnalysisMeanStateSpace][rsus] RMSE scored using Collier2018
[INFO][13][AnalysisMeanStateSpace][pr] Bias scored using Collier2018
[INFO][8][confront][SurfaceUpwardSWRadiation/ERA5][CESM2] Success
[INFO][7][AnalysisMeanStateSpace][albedo] RMSE scored using Collier2018
[INFO][7][confront][Albedo/GEWEX.SRB][ENSEMBLE-CMIP6] Success
[INFO][3][AnalysisMeanStateSpace][hfls] Bias scored using Collier2018
[INFO][3][AnalysisMeanStateSpace][hfls] RMSE scored using Collier2018
[INFO][3][confront][LatentHeat/WECANN][NorESM2-LM] Success
[INFO][4][AnalysisMeanStateSpace][runoff] Bias scored using Collier2018
[INFO][5][AnalysisMeanStateSpace][hfss] Bias scored using Collier2018
[INFO][0][AnalysisMeanStateSpace][gpp] Bias scored using Collier2018
[INFO][9][AnalysisMeanStateSpace][rlus] RMSE scored using Collier2018
[INFO][9][confront][SurfaceUpwardLWRadiation/GEWEX.SRB][ACCESS-ESM1-5] Success
[INFO][13][AnalysisMeanStateSpace][pr] RMSE scored using Collier2018
[INFO][13][confront][Precipitation/GPCCv2018][ENSEMBLE-CMIP6] Success
[INFO][15][AnalysisMeanStateSpace][rlds] Bias scored using Collier2018
[INFO][5][AnalysisMeanStateSpace][hfss] RMSE scored using Collier2018
[INFO][5][confront][SensibleHeat/WECANN][CESM2] Success
[INFO][0][AnalysisMeanStateSpace][gpp] RMSE scored using Collier2018
[INFO][0][confront][GrossPrimaryProductivity/WECANN][CESM2] Success
[INFO][4][AnalysisMeanStateSpace][runoff] RMSE scored using Collier2018
[INFO][4][confront][Runoff/LORA][NorESM2-LM] Success
[INFO][15][AnalysisMeanStateSpace][rlds] RMSE scored using Collier2018
[INFO][15][confront][SurfaceDownwardLWRadiation/GEWEX.SRB][UKESM1-0-LL] Success
[INFO][3][AnalysisMeanStateSpace][hfls] Bias scored using Collier2018
[INFO][15][AnalysisMeanStateSites][rlds] Bias scored using Collier2018
[INFO][15][AnalysisMeanStateSites][rlds] RMSE scored using Collier2018
[INFO][15][confront][SurfaceDownwardLWRadiation/WRMC.BSRN][ACCESS-ESM1-5] Success
[INFO][15][AnalysisMeanStateSites][rlds] Bias scored using Collier2018
[INFO][15][AnalysisMeanStateSites][rlds] RMSE scored using Collier2018
[INFO][15][confront][SurfaceDownwardLWRadiation/WRMC.BSRN][CESM2] Success
[INFO][15][AnalysisMeanStateSites][rlds] Bias scored using Collier2018
[INFO][15][AnalysisMeanStateSites][rlds] RMSE scored using Collier2018
[INFO][15][confront][SurfaceDownwardLWRadiation/WRMC.BSRN][ENSEMBLE-CMIP6] Success
[INFO][15][AnalysisMeanStateSites][rlds] Bias scored using Collier2018
[INFO][15][AnalysisMeanStateSites][rlds] RMSE scored using Collier2018
[INFO][15][confront][SurfaceDownwardLWRadiation/WRMC.BSRN][NorESM2-LM] Success
[INFO][15][AnalysisMeanStateSites][rlds] Bias scored using Collier2018
[INFO][15][AnalysisMeanStateSites][rlds] RMSE scored using Collier2018
[INFO][11][AnalysisMeanStateSpace][rns] Bias scored using Collier2018
[INFO][15][confront][SurfaceDownwardLWRadiation/WRMC.BSRN][UKESM1-0-LL] Success
[INFO][3][AnalysisMeanStateSpace][hfls] RMSE scored using Collier2018
[INFO][3][confront][LatentHeat/WECANN][UKESM1-0-LL] Success
[INFO][1][AnalysisMeanStateSpace][et] Bias scored using Collier2018
[INFO][5][AnalysisMeanStateSpace][hfss] Bias scored using Collier2018
[INFO][8][AnalysisMeanStateSpace][rsus] Bias scored using Collier2018
[INFO][0][AnalysisMeanStateSpace][gpp] Bias scored using Collier2018
[INFO][5][AnalysisMeanStateSpace][hfss] RMSE scored using Collier2018
[INFO][5][confront][SensibleHeat/WECANN][ENSEMBLE-CMIP6] Success
[INFO][0][AnalysisMeanStateSpace][gpp] RMSE scored using Collier2018
[INFO][0][confront][GrossPrimaryProductivity/WECANN][ENSEMBLE-CMIP6] Success
[INFO][8][AnalysisMeanStateSpace][rsus] RMSE scored using Collier2018
[INFO][8][confront][SurfaceUpwardSWRadiation/ERA5][ENSEMBLE-CMIP6] Success
[INFO][11][AnalysisMeanStateSpace][rns] RMSE scored using Collier2018
[INFO][11][confront][SurfaceNetRadiation/GEWEX.SRB][UKESM1-0-LL] Success
[INFO][11][AnalysisMeanStateSites][rns] Bias scored using Collier2018
[INFO][11][AnalysisMeanStateSites][rns] RMSE scored using Collier2018
[INFO][11][confront][SurfaceNetRadiation/WRMC.BSRN][ACCESS-ESM1-5] Success
[INFO][11][AnalysisMeanStateSites][rns] Bias scored using Collier2018
[INFO][11][AnalysisMeanStateSites][rns] RMSE scored using Collier2018
[INFO][11][confront][SurfaceNetRadiation/WRMC.BSRN][CESM2] Success
[INFO][11][AnalysisMeanStateSites][rns] Bias scored using Collier2018
[INFO][11][AnalysisMeanStateSites][rns] RMSE scored using Collier2018
[INFO][11][confront][SurfaceNetRadiation/WRMC.BSRN][ENSEMBLE-CMIP6] Success
[INFO][10][AnalysisMeanStateSpace][rlns] Bias scored using Collier2018
[INFO][11][AnalysisMeanStateSites][rns] Bias scored using Collier2018
[INFO][11][AnalysisMeanStateSites][rns] RMSE scored using Collier2018
[INFO][11][confront][SurfaceNetRadiation/WRMC.BSRN][NorESM2-LM] Success
[INFO][11][AnalysisMeanStateSites][rns] Bias scored using Collier2018
[INFO][11][AnalysisMeanStateSites][rns] RMSE scored using Collier2018
[INFO][11][confront][SurfaceNetRadiation/WRMC.BSRN][UKESM1-0-LL] Success
[INFO][1][AnalysisMeanStateSpace][et] RMSE scored using Collier2018
[INFO][1][confront][Evapotranspiration/MOD16A2][CESM2] Success
[INFO][2][AnalysisMeanStateSpace][hfls] Bias scored using Collier2018
[INFO][5][AnalysisMeanStateSpace][hfss] Bias scored using Collier2018
[INFO][14][AnalysisMeanStateSpace][rsds] Bias scored using Collier2018
[INFO][10][AnalysisMeanStateSpace][rlns] RMSE scored using Collier2018
[INFO][10][confront][SurfaceNetLWRadiation/GEWEX.SRB][ENSEMBLE-CMIP6] Success
[INFO][0][AnalysisMeanStateSpace][gpp] Bias scored using Collier2018
[INFO][5][AnalysisMeanStateSpace][hfss] RMSE scored using Collier2018
[INFO][5][confront][SensibleHeat/WECANN][NorESM2-LM] Success
[INFO][0][AnalysisMeanStateSpace][gpp] RMSE scored using Collier2018
[INFO][0][confront][GrossPrimaryProductivity/WECANN][NorESM2-LM] Success
[INFO][14][AnalysisMeanStateSpace][rsds] RMSE scored using Collier2018
[INFO][14][confront][SurfaceDownwardSWRadiation/GEWEX.SRB][UKESM1-0-LL] Success
[INFO][14][AnalysisMeanStateSites][rsds] Bias scored using Collier2018
[INFO][14][AnalysisMeanStateSites][rsds] RMSE scored using Collier2018
[INFO][14][confront][SurfaceDownwardSWRadiation/WRMC.BSRN][ACCESS-ESM1-5] Success
[INFO][14][AnalysisMeanStateSites][rsds] Bias scored using Collier2018
[INFO][14][AnalysisMeanStateSites][rsds] RMSE scored using Collier2018
[INFO][14][confront][SurfaceDownwardSWRadiation/WRMC.BSRN][CESM2] Success
[INFO][14][AnalysisMeanStateSites][rsds] Bias scored using Collier2018
[INFO][14][AnalysisMeanStateSites][rsds] RMSE scored using Collier2018
[INFO][14][confront][SurfaceDownwardSWRadiation/WRMC.BSRN][ENSEMBLE-CMIP6] Success
[INFO][14][AnalysisMeanStateSites][rsds] Bias scored using Collier2018
[INFO][14][AnalysisMeanStateSites][rsds] RMSE scored using Collier2018
[INFO][14][confront][SurfaceDownwardSWRadiation/WRMC.BSRN][NorESM2-LM] Success
[INFO][14][AnalysisMeanStateSites][rsds] Bias scored using Collier2018
[INFO][14][AnalysisMeanStateSites][rsds] RMSE scored using Collier2018
[INFO][14][confront][SurfaceDownwardSWRadiation/WRMC.BSRN][UKESM1-0-LL] Success
[INFO][2][AnalysisMeanStateSpace][hfls] RMSE scored using Collier2018
[INFO][2][confront][LatentHeat/FLUXCOM][ACCESS-ESM1-5] Success
[INFO][15][AnalysisMeanStateSpace][rlds] Bias scored using Collier2018
[INFO][8][AnalysisMeanStateSpace][rsus] Bias scored using Collier2018
[INFO][3][AnalysisMeanStateSpace][hfls] Bias scored using Collier2018
[INFO][6][AnalysisMeanStateSpace][mrsos] Bias scored using Collier2018
[INFO][15][AnalysisMeanStateSpace][rlds] RMSE scored using Collier2018
[INFO][15][confront][SurfaceDownwardLWRadiation/ERA5][ACCESS-ESM1-5] Success
[INFO][8][AnalysisMeanStateSpace][rsus] RMSE scored using Collier2018
[INFO][8][confront][SurfaceUpwardSWRadiation/ERA5][NorESM2-LM] Success
[INFO][5][AnalysisMeanStateSpace][hfss] Bias scored using Collier2018
[INFO][3][AnalysisMeanStateSpace][hfls] RMSE scored using Collier2018
[INFO][3][confront][LatentHeat/ERA5][ACCESS-ESM1-5] Success
[INFO][0][AnalysisMeanStateSpace][gpp] Bias scored using Collier2018
[INFO][5][AnalysisMeanStateSpace][hfss] RMSE scored using Collier2018
[INFO][5][confront][SensibleHeat/WECANN][UKESM1-0-LL] Success
[INFO][0][AnalysisMeanStateSpace][gpp] RMSE scored using Collier2018
[INFO][0][confront][GrossPrimaryProductivity/WECANN][UKESM1-0-LL] Success
[INFO][7][AnalysisMeanStateSpace][albedo] Bias scored using Collier2018
[INFO][6][AnalysisMeanStateSpace][mrsos] RMSE scored using Collier2018
[INFO][6][confront][SurfaceSoilMoisture/WangMao][NorESM2-LM] Success
[INFO][7][AnalysisMeanStateSpace][albedo] RMSE scored using Collier2018
[INFO][7][confront][Albedo/GEWEX.SRB][NorESM2-LM] Success
[INFO][11][AnalysisMeanStateSpace][rns] Bias scored using Collier2018
[INFO][14][AnalysisMeanStateSpace][rsds] Bias scored using Collier2018
[INFO][13][AnalysisMeanStateSpace][pr] Bias scored using Collier2018
[INFO][8][AnalysisMeanStateSpace][rsus] Bias scored using Collier2018
[INFO][9][AnalysisMeanStateSpace][rlus] Bias scored using Collier2018
[INFO][11][AnalysisMeanStateSpace][rns] RMSE scored using Collier2018
[INFO][11][confront][SurfaceNetRadiation/CLASS][ACCESS-ESM1-5] Success
[INFO][14][AnalysisMeanStateSpace][rsds] RMSE scored using Collier2018
[INFO][14][confront][SurfaceDownwardSWRadiation/ERA5][ACCESS-ESM1-5] Success
[INFO][8][AnalysisMeanStateSpace][rsus] RMSE scored using Collier2018
[INFO][8][confront][SurfaceUpwardSWRadiation/ERA5][UKESM1-0-LL] Success
[INFO][5][AnalysisMeanStateSpace][hfss] Bias scored using Collier2018
[INFO][13][AnalysisMeanStateSpace][pr] RMSE scored using Collier2018
[INFO][13][confront][Precipitation/GPCCv2018][NorESM2-LM] Success
[INFO][12][AnalysisMeanStateSpace][tas] Bias scored using Collier2018
[INFO][5][AnalysisMeanStateSpace][hfss] RMSE scored using Collier2018
[INFO][5][confront][SensibleHeat/ERA5][ACCESS-ESM1-5] Success
[INFO][9][AnalysisMeanStateSpace][rlus] RMSE scored using Collier2018
[INFO][10][AnalysisMeanStateSpace][rlns] Bias scored using Collier2018
[INFO][9][confront][SurfaceUpwardLWRadiation/GEWEX.SRB][CESM2] Success
[INFO][15][AnalysisMeanStateSpace][rlds] Bias scored using Collier2018
[INFO][3][AnalysisMeanStateSpace][hfls] Bias scored using Collier2018
[INFO][1][AnalysisMeanStateSpace][et] Bias scored using Collier2018
[INFO][15][AnalysisMeanStateSpace][rlds] RMSE scored using Collier2018
[INFO][10][AnalysisMeanStateSpace][rlns] RMSE scored using Collier2018
[INFO][15][confront][SurfaceDownwardLWRadiation/ERA5][CESM2] Success
[INFO][10][confront][SurfaceNetLWRadiation/GEWEX.SRB][NorESM2-LM] Success
[INFO][0][AnalysisMeanStateSpace][lai] Bias scored using Collier2018
[INFO][3][AnalysisMeanStateSpace][hfls] RMSE scored using Collier2018
[INFO][3][confront][LatentHeat/ERA5][CESM2] Success
[INFO][12][AnalysisMeanStateSpace][tas] RMSE scored using Collier2018
[INFO][8][AnalysisMeanStateSpace][rsns] Bias scored using Collier2018
[INFO][12][confront][SurfaceAirTemperature/CRU4.02][CESM2] Success
[INFO][1][AnalysisMeanStateSpace][et] RMSE scored using Collier2018
[INFO][4][AnalysisMeanStateSpace][runoff] Bias scored using Collier2018
[INFO][1][confront][Evapotranspiration/MOD16A2][ENSEMBLE-CMIP6] Success
[INFO][0][AnalysisMeanStateSpace][lai] RMSE scored using Collier2018
[INFO][0][confront][LeafAreaIndex/MODIS][ACCESS-ESM1-5] Success
[INFO][8][AnalysisMeanStateSpace][rsns] RMSE scored using Collier2018
[INFO][8][confront][SurfaceNetSWRadiation/CERESed4.2][ACCESS-ESM1-5] Success
[INFO][4][AnalysisMeanStateSpace][runoff] RMSE scored using Collier2018
[INFO][4][confront][Runoff/LORA][UKESM1-0-LL] Success
[INFO][15][AnalysisMeanStateSpace][rlds] Bias scored using Collier2018
[INFO][14][AnalysisMeanStateSpace][rsds] Bias scored using Collier2018
[INFO][15][AnalysisMeanStateSpace][rlds] RMSE scored using Collier2018
[INFO][15][confront][SurfaceDownwardLWRadiation/ERA5][ENSEMBLE-CMIP6] Success
[INFO][3][AnalysisMeanStateSpace][hfls] Bias scored using Collier2018
[INFO][7][AnalysisMeanStateSpace][albedo] Bias scored using Collier2018
[INFO][3][AnalysisMeanStateSpace][hfls] RMSE scored using Collier2018
[INFO][3][confront][LatentHeat/ERA5][ENSEMBLE-CMIP6] Success
[INFO][14][AnalysisMeanStateSpace][rsds] RMSE scored using Collier2018
[INFO][14][confront][SurfaceDownwardSWRadiation/ERA5][CESM2] Success
[INFO][5][AnalysisMeanStateSpace][hfss] Bias scored using Collier2018
[INFO][8][AnalysisMeanStateSpace][rsns] Bias scored using Collier2018
[INFO][7][AnalysisMeanStateSpace][albedo] RMSE scored using Collier2018
[INFO][7][confront][Albedo/GEWEX.SRB][UKESM1-0-LL] Success
[INFO][11][AnalysisMeanStateSpace][rns] Bias scored using Collier2018
[INFO][8][AnalysisMeanStateSpace][rsns] RMSE scored using Collier2018
[INFO][8][confront][SurfaceNetSWRadiation/CERESed4.2][CESM2] Success
[INFO][5][AnalysisMeanStateSpace][hfss] RMSE scored using Collier2018
[INFO][5][confront][SensibleHeat/ERA5][CESM2] Success
[INFO][11][AnalysisMeanStateSpace][rns] RMSE scored using Collier2018
[INFO][11][confront][SurfaceNetRadiation/CLASS][CESM2] Success
[INFO][9][AnalysisMeanStateSpace][rlus] Bias scored using Collier2018
[INFO][15][AnalysisMeanStateSpace][rlds] Bias scored using Collier2018
[INFO][9][AnalysisMeanStateSpace][rlus] RMSE scored using Collier2018
[INFO][9][confront][SurfaceUpwardLWRadiation/GEWEX.SRB][ENSEMBLE-CMIP6] Success
[INFO][10][AnalysisMeanStateSpace][rlns] Bias scored using Collier2018
[INFO][14][AnalysisMeanStateSpace][rsds] Bias scored using Collier2018
[INFO][15][AnalysisMeanStateSpace][rlds] RMSE scored using Collier2018
[INFO][15][confront][SurfaceDownwardLWRadiation/ERA5][NorESM2-LM] Success
[INFO][3][AnalysisMeanStateSpace][hfls] Bias scored using Collier2018
[INFO][8][AnalysisMeanStateSpace][rsns] Bias scored using Collier2018
[INFO][14][AnalysisMeanStateSpace][rsds] RMSE scored using Collier2018
[INFO][14][confront][SurfaceDownwardSWRadiation/ERA5][ENSEMBLE-CMIP6] Success
[INFO][8][AnalysisMeanStateSpace][rsns] RMSE scored using Collier2018
[INFO][8][confront][SurfaceNetSWRadiation/CERESed4.2][ENSEMBLE-CMIP6] Success
[INFO][7][AnalysisMeanStateSpace][rsus] Bias scored using Collier2018
[INFO][3][AnalysisMeanStateSpace][hfls] RMSE scored using Collier2018
[INFO][3][confront][LatentHeat/ERA5][NorESM2-LM] Success
[INFO][0][AnalysisMeanStateSpace][lai] Bias scored using Collier2018
[INFO][10][AnalysisMeanStateSpace][rlns] RMSE scored using Collier2018
[INFO][4][AnalysisMeanStateSpace][runoff] Bias scored using Collier2018
[INFO][10][confront][SurfaceNetLWRadiation/GEWEX.SRB][UKESM1-0-LL] Success
[INFO][13][AnalysisMeanStateSpace][pr] Bias scored using Collier2018
[INFO][7][AnalysisMeanStateSpace][rsus] RMSE scored using Collier2018
[INFO][7][confront][SurfaceUpwardSWRadiation/CERESed4.2][ACCESS-ESM1-5] Success
[INFO][10][AnalysisMeanStateSites][rlns] Bias scored using Collier2018
[INFO][10][AnalysisMeanStateSites][rlns] RMSE scored using Collier2018
[INFO][10][confront][SurfaceNetLWRadiation/WRMC.BSRN][ACCESS-ESM1-5] Success
[INFO][10][AnalysisMeanStateSites][rlns] Bias scored using Collier2018
[INFO][10][AnalysisMeanStateSites][rlns] RMSE scored using Collier2018
[INFO][10][confront][SurfaceNetLWRadiation/WRMC.BSRN][CESM2] Success
[INFO][5][AnalysisMeanStateSpace][hfss] Bias scored using Collier2018
[INFO][4][AnalysisMeanStateSpace][runoff] RMSE scored using Collier2018
[INFO][4][confront][Runoff/CLASS][ACCESS-ESM1-5] Success
[INFO][5][AnalysisMeanStateSpace][hfss] RMSE scored using Collier2018
[INFO][5][confront][SensibleHeat/ERA5][ENSEMBLE-CMIP6] Success
[INFO][0][AnalysisMeanStateSpace][lai] RMSE scored using Collier2018
[INFO][0][confront][LeafAreaIndex/MODIS][CESM2] Success
[INFO][13][AnalysisMeanStateSpace][pr] RMSE scored using Collier2018
[INFO][13][confront][Precipitation/GPCCv2018][UKESM1-0-LL] Success
[INFO][2][AnalysisMeanStateSpace][hfls] Bias scored using Collier2018
[INFO][8][AnalysisMeanStateSpace][rsns] Bias scored using Collier2018
[INFO][1][AnalysisMeanStateSpace][et] Bias scored using Collier2018
[INFO][8][AnalysisMeanStateSpace][rsns] RMSE scored using Collier2018
[INFO][8][confront][SurfaceNetSWRadiation/CERESed4.2][NorESM2-LM] Success
[INFO][14][AnalysisMeanStateSpace][rsds] Bias scored using Collier2018
[INFO][15][AnalysisMeanStateSpace][rlds] Bias scored using Collier2018
[INFO][11][AnalysisMeanStateSpace][rns] Bias scored using Collier2018
[INFO][1][AnalysisMeanStateSpace][et] RMSE scored using Collier2018
[INFO][1][confront][Evapotranspiration/MOD16A2][NorESM2-LM] Success
[INFO][14][AnalysisMeanStateSpace][rsds] RMSE scored using Collier2018
[INFO][14][confront][SurfaceDownwardSWRadiation/ERA5][NorESM2-LM] Success
[INFO][15][AnalysisMeanStateSpace][rlds] RMSE scored using Collier2018
[INFO][15][confront][SurfaceDownwardLWRadiation/ERA5][UKESM1-0-LL] Success
[INFO][3][AnalysisMeanStateSpace][hfls] Bias scored using Collier2018
[INFO][11][AnalysisMeanStateSpace][rns] RMSE scored using Collier2018
[INFO][11][confront][SurfaceNetRadiation/CLASS][ENSEMBLE-CMIP6] Success
[INFO][2][AnalysisMeanStateSpace][hfls] RMSE scored using Collier2018
[INFO][2][confront][LatentHeat/FLUXCOM][CESM2] Success
[INFO][12][AnalysisMeanStateSpace][tas] Bias scored using Collier2018
[INFO][3][AnalysisMeanStateSpace][hfls] RMSE scored using Collier2018
[INFO][3][confront][LatentHeat/ERA5][UKESM1-0-LL] Success
[INFO][7][AnalysisMeanStateSpace][rsus] Bias scored using Collier2018
[INFO][8][AnalysisMeanStateSpace][rsns] Bias scored using Collier2018
[INFO][5][AnalysisMeanStateSpace][hfss] Bias scored using Collier2018
[INFO][7][AnalysisMeanStateSpace][rsus] RMSE scored using Collier2018
[INFO][7][confront][SurfaceUpwardSWRadiation/CERESed4.2][CESM2] Success
[INFO][8][AnalysisMeanStateSpace][rsns] RMSE scored using Collier2018
[INFO][8][confront][SurfaceNetSWRadiation/CERESed4.2][UKESM1-0-LL] Success
[INFO][5][AnalysisMeanStateSpace][hfss] RMSE scored using Collier2018
[INFO][5][confront][SensibleHeat/ERA5][NorESM2-LM] Success
[INFO][12][AnalysisMeanStateSpace][tas] RMSE scored using Collier2018
[INFO][12][confront][SurfaceAirTemperature/CRU4.02][ENSEMBLE-CMIP6] Success
[INFO][0][AnalysisMeanStateSpace][lai] Bias scored using Collier2018
[INFO][9][AnalysisMeanStateSpace][rlus] Bias scored using Collier2018
[INFO][0][AnalysisMeanStateSpace][lai] RMSE scored using Collier2018
[INFO][0][confront][LeafAreaIndex/MODIS][ENSEMBLE-CMIP6] Success
[INFO][7][AnalysisMeanStateSpace][rsus] Bias scored using Collier2018
[INFO][7][AnalysisMeanStateSpace][rsus] RMSE scored using Collier2018
[INFO][7][confront][SurfaceUpwardSWRadiation/CERESed4.2][ENSEMBLE-CMIP6] Success
[INFO][9][AnalysisMeanStateSpace][rlus] RMSE scored using Collier2018
[INFO][9][confront][SurfaceUpwardLWRadiation/GEWEX.SRB][NorESM2-LM] Success
[INFO][4][AnalysisMeanStateSpace][runoff] Bias scored using Collier2018
[INFO][5][AnalysisMeanStateSpace][hfss] Bias scored using Collier2018
[INFO][5][AnalysisMeanStateSpace][hfss] RMSE scored using Collier2018
[INFO][5][confront][SensibleHeat/ERA5][UKESM1-0-LL] Success
[INFO][4][AnalysisMeanStateSpace][runoff] RMSE scored using Collier2018
[INFO][4][confront][Runoff/CLASS][CESM2] Success
[INFO][7][AnalysisMeanStateSpace][rsus] Bias scored using Collier2018
[INFO][7][AnalysisMeanStateSpace][rsus] RMSE scored using Collier2018
[INFO][7][confront][SurfaceUpwardSWRadiation/CERESed4.2][NorESM2-LM] Success
[INFO][1][AnalysisMeanStateSpace][et] Bias scored using Collier2018
[INFO][0][AnalysisMeanStateSpace][lai] Bias scored using Collier2018
[INFO][7][AnalysisMeanStateSpace][rsus] Bias scored using Collier2018
[INFO][0][AnalysisMeanStateSpace][lai] RMSE scored using Collier2018
[INFO][0][confront][LeafAreaIndex/MODIS][NorESM2-LM] Success
[INFO][1][AnalysisMeanStateSpace][et] RMSE scored using Collier2018
[INFO][1][confront][Evapotranspiration/MOD16A2][UKESM1-0-LL] Success
[INFO][7][AnalysisMeanStateSpace][rsus] RMSE scored using Collier2018
[INFO][7][confront][SurfaceUpwardSWRadiation/CERESed4.2][UKESM1-0-LL] Success
[INFO][13][AnalysisMeanStateSpace][pr] Bias scored using Collier2018
[INFO][8][AnalysisMeanStateSpace][rsns] Bias scored using Collier2018
[INFO][4][AnalysisMeanStateSpace][runoff] Bias scored using Collier2018
[INFO][9][AnalysisMeanStateSpace][rlus] Bias scored using Collier2018
[INFO][4][AnalysisMeanStateSpace][runoff] RMSE scored using Collier2018
[INFO][4][confront][Runoff/CLASS][ENSEMBLE-CMIP6] Success
[INFO][8][AnalysisMeanStateSpace][rsns] RMSE scored using Collier2018
[INFO][8][confront][SurfaceNetSWRadiation/GEWEX.SRB][ACCESS-ESM1-5] Success
[INFO][2][AnalysisMeanStateSpace][hfls] Bias scored using Collier2018
[INFO][13][AnalysisMeanStateSpace][pr] RMSE scored using Collier2018
[INFO][13][confront][Precipitation/GPCPv2.3][ACCESS-ESM1-5] Success
[INFO][9][AnalysisMeanStateSpace][rlus] RMSE scored using Collier2018
[INFO][9][confront][SurfaceUpwardLWRadiation/GEWEX.SRB][UKESM1-0-LL] Success
[INFO][9][AnalysisMeanStateSites][rlus] Bias scored using Collier2018
[INFO][9][AnalysisMeanStateSites][rlus] RMSE scored using Collier2018
[INFO][9][confront][SurfaceUpwardLWRadiation/WRMC.BSRN][ACCESS-ESM1-5] Success
[INFO][2][AnalysisMeanStateSpace][hfls] RMSE scored using Collier2018
[INFO][2][confront][LatentHeat/FLUXCOM][ENSEMBLE-CMIP6] Success
[INFO][12][AnalysisMeanStateSpace][tas] Bias scored using Collier2018
[INFO][0][AnalysisMeanStateSpace][lai] Bias scored using Collier2018
[INFO][1][AnalysisMeanStateSpace][et] Bias scored using Collier2018
[INFO][0][AnalysisMeanStateSpace][lai] RMSE scored using Collier2018
[INFO][0][confront][LeafAreaIndex/MODIS][UKESM1-0-LL] Success
[INFO][12][AnalysisMeanStateSpace][tas] RMSE scored using Collier2018
[INFO][12][confront][SurfaceAirTemperature/CRU4.02][NorESM2-LM] Success
[INFO][1][AnalysisMeanStateSpace][et] RMSE scored using Collier2018
[INFO][1][confront][Evapotranspiration/ERA5][ACCESS-ESM1-5] Success
[INFO][4][AnalysisMeanStateSpace][runoff] Bias scored using Collier2018
[INFO][4][AnalysisMeanStateSpace][runoff] RMSE scored using Collier2018
[INFO][4][confront][Runoff/CLASS][NorESM2-LM] Success
[INFO][1][AnalysisMeanStateSpace][et] Bias scored using Collier2018
[INFO][1][AnalysisMeanStateSpace][et] RMSE scored using Collier2018
[INFO][1][confront][Evapotranspiration/ERA5][CESM2] Success
[INFO][4][AnalysisMeanStateSpace][runoff] Bias scored using Collier2018
[INFO][4][AnalysisMeanStateSpace][runoff] RMSE scored using Collier2018
[INFO][4][confront][Runoff/CLASS][UKESM1-0-LL] Success
[INFO][2][AnalysisMeanStateSpace][hfls] Bias scored using Collier2018
[INFO][1][AnalysisMeanStateSpace][et] Bias scored using Collier2018
[INFO][12][AnalysisMeanStateSpace][tas] Bias scored using Collier2018
[INFO][1][AnalysisMeanStateSpace][et] RMSE scored using Collier2018
[INFO][1][confront][Evapotranspiration/ERA5][ENSEMBLE-CMIP6] Success
[INFO][13][AnalysisMeanStateSpace][pr] Bias scored using Collier2018
[DEBUG][1][WorkConfront][Evapotranspiration/ERA5][NorESM2-LM]
Traceback (most recent call last):
  File "/home/renatob/miniconda3/envs/ilamb/bin/ilamb-run", line 563, in WorkConfront
    c.confront(m)
  File "/home/renatob/miniconda3/envs/ilamb/lib/python3.11/site-packages/ILAMB/Confrontation.py", line 433, in confront
    obs, mod = self.stageData(m)
               ^^^^^^^^^^^^^^^^^
  File "/home/renatob/miniconda3/envs/ilamb/lib/python3.11/site-packages/ILAMB/Confrontation.py", line 371, in stageData
    mod = m.extractTimeSeries(
          ^^^^^^^^^^^^^^^^^^^^
  File "/home/renatob/miniconda3/envs/ilamb/lib/python3.11/site-packages/ILAMB/ModelResult.py", line 365, in extractTimeSeries
    var = Variable(
          ^^^^^^^^^
  File "/home/renatob/miniconda3/envs/ilamb/lib/python3.11/site-packages/ILAMB/Variable.py", line 140, in __init__
    out = il.FromNetCDF4(
          ^^^^^^^^^^^^^^^
  File "/home/renatob/miniconda3/envs/ilamb/lib/python3.11/site-packages/ILAMB/ilamblib.py", line 1047, in FromNetCDF4
    t, t_bnd, cbounds, begin, end, calendar = GetTime(
                                              ^^^^^^^^
  File "/home/renatob/miniconda3/envs/ilamb/lib/python3.11/site-packages/ILAMB/ilamblib.py", line 441, in GetTime
    raise ValueError(msg)
ValueError: Time intervals defined in MODELS/NorESM2-LM/evspsbl_Amon_NorESM2-LM_historical_r1i1p1f1_gn_185001-201412.nc:time_bnds are not continuous

[INFO][2][AnalysisMeanStateSpace][hfls] RMSE scored using Collier2018
[INFO][2][confront][LatentHeat/FLUXCOM][NorESM2-LM] Success
[INFO][12][AnalysisMeanStateSpace][tas] RMSE scored using Collier2018
[INFO][12][confront][SurfaceAirTemperature/CRU4.02][UKESM1-0-LL] Success
[INFO][4][AnalysisMeanStateSpace][runoff] Bias scored using Collier2018
[INFO][4][AnalysisMeanStateSpace][runoff] RMSE scored using Collier2018
[INFO][4][confront][Runoff/ERA5][ACCESS-ESM1-5] Success
[INFO][13][AnalysisMeanStateSpace][pr] RMSE scored using Collier2018
[INFO][13][confront][Precipitation/GPCPv2.3][CESM2] Success
[INFO][0][AnalysisMeanStateSpace][et] Bias scored using Collier2018
[INFO][1][AnalysisMeanStateSpace][et] Bias scored using Collier2018
[INFO][1][AnalysisMeanStateSpace][et] RMSE scored using Collier2018
[INFO][1][confront][Evapotranspiration/ERA5][UKESM1-0-LL] Success
[INFO][0][AnalysisMeanStateSpace][et] RMSE scored using Collier2018
[INFO][0][confront][Evapotranspiration/GLEAMv3.3a][ACCESS-ESM1-5] Success
[INFO][12][AnalysisMeanStateSpace][tas] Bias scored using Collier2018
[INFO][12][AnalysisMeanStateSpace][tas] RMSE scored using Collier2018
[INFO][12][confront][SurfaceAirTemperature/ERA5][ACCESS-ESM1-5] Success
[INFO][4][AnalysisMeanStateSpace][runoff] Bias scored using Collier2018
[INFO][4][AnalysisMeanStateSpace][runoff] RMSE scored using Collier2018
[INFO][4][confront][Runoff/ERA5][CESM2] Success
[INFO][4][AnalysisMeanStateSpace][runoff] Bias scored using Collier2018
[INFO][12][AnalysisMeanStateSpace][tas] Bias scored using Collier2018
[INFO][4][AnalysisMeanStateSpace][runoff] RMSE scored using Collier2018
[INFO][4][confront][Runoff/ERA5][ENSEMBLE-CMIP6] Success
[INFO][2][AnalysisMeanStateSpace][hfls] Bias scored using Collier2018
[INFO][13][AnalysisMeanStateSpace][pr] Bias scored using Collier2018
[INFO][12][AnalysisMeanStateSpace][tas] RMSE scored using Collier2018
[INFO][12][confront][SurfaceAirTemperature/ERA5][CESM2] Success
[INFO][13][AnalysisMeanStateSpace][pr] RMSE scored using Collier2018
[INFO][13][confront][Precipitation/GPCPv2.3][ENSEMBLE-CMIP6] Success
[INFO][2][AnalysisMeanStateSpace][hfls] RMSE scored using Collier2018
[INFO][2][confront][LatentHeat/FLUXCOM][UKESM1-0-LL] Success
[INFO][4][AnalysisMeanStateSpace][runoff] Bias scored using Collier2018
[INFO][4][AnalysisMeanStateSpace][runoff] RMSE scored using Collier2018
[INFO][4][confront][Runoff/ERA5][NorESM2-LM] Success
[INFO][12][AnalysisMeanStateSpace][tas] Bias scored using Collier2018
[INFO][12][AnalysisMeanStateSpace][tas] RMSE scored using Collier2018
[INFO][12][confront][SurfaceAirTemperature/ERA5][ENSEMBLE-CMIP6] Success
[INFO][4][AnalysisMeanStateSpace][runoff] Bias scored using Collier2018
[INFO][12][AnalysisMeanStateSpace][tas] Bias scored using Collier2018
[INFO][4][AnalysisMeanStateSpace][runoff] RMSE scored using Collier2018
[INFO][4][confront][Runoff/ERA5][UKESM1-0-LL] Success
[INFO][12][AnalysisMeanStateSpace][tas] RMSE scored using Collier2018
[INFO][12][confront][SurfaceAirTemperature/ERA5][NorESM2-LM] Success
[INFO][1][AnalysisMeanStateSpace][EvapFrac] Bias scored using Collier2018
[INFO][1][confront][EvaporativeFraction/FLUXCOM][ACCESS-ESM1-5] Success
[INFO][2][AnalysisMeanStateSpace][hfls] Bias scored using Collier2018
[INFO][2][AnalysisMeanStateSpace][hfls] RMSE scored using Collier2018
[INFO][2][confront][LatentHeat/DOLCE][ACCESS-ESM1-5] Success
[INFO][0][AnalysisMeanStateSpace][et] Bias scored using Collier2018
[INFO][12][AnalysisMeanStateSpace][tas] Bias scored using Collier2018
[INFO][12][AnalysisMeanStateSpace][tas] RMSE scored using Collier2018
[INFO][12][confront][SurfaceAirTemperature/ERA5][UKESM1-0-LL] Success
[INFO][13][AnalysisMeanStateSpace][pr] Bias scored using Collier2018
[INFO][0][AnalysisMeanStateSpace][et] RMSE scored using Collier2018
[INFO][0][confront][Evapotranspiration/GLEAMv3.3a][CESM2] Success
[INFO][13][AnalysisMeanStateSpace][pr] RMSE scored using Collier2018
[INFO][13][confront][Precipitation/GPCPv2.3][NorESM2-LM] Success
[INFO][2][AnalysisMeanStateSpace][hfls] Bias scored using Collier2018
[INFO][2][AnalysisMeanStateSpace][hfls] RMSE scored using Collier2018
[INFO][2][confront][LatentHeat/DOLCE][CESM2] Success
[INFO][4][AnalysisMeanStateSpace][hfss] Bias scored using Collier2018
[INFO][4][AnalysisMeanStateSpace][hfss] RMSE scored using Collier2018
[INFO][4][confront][SensibleHeat/FLUXCOM][ACCESS-ESM1-5] Success
[INFO][13][AnalysisMeanStateSpace][pr] Bias scored using Collier2018
[INFO][13][AnalysisMeanStateSpace][pr] RMSE scored using Collier2018
[INFO][13][confront][Precipitation/GPCPv2.3][UKESM1-0-LL] Success
[INFO][12][AnalysisMeanStateSpace][pr] Bias scored using Collier2018
[INFO][0][AnalysisMeanStateSpace][et] Bias scored using Collier2018
[INFO][1][AnalysisMeanStateSpace][EvapFrac] Bias scored using Collier2018
[INFO][1][confront][EvaporativeFraction/FLUXCOM][CESM2] Success
[INFO][12][AnalysisMeanStateSpace][pr] RMSE scored using Collier2018
[INFO][0][AnalysisMeanStateSpace][et] RMSE scored using Collier2018
[INFO][12][confront][Precipitation/CMAPv1904][ACCESS-ESM1-5] Success
[INFO][0][confront][Evapotranspiration/GLEAMv3.3a][ENSEMBLE-CMIP6] Success
[DEBUG][0][WorkConfront][Evapotranspiration/GLEAMv3.3a][NorESM2-LM]
Traceback (most recent call last):
  File "/home/renatob/miniconda3/envs/ilamb/bin/ilamb-run", line 563, in WorkConfront
    c.confront(m)
  File "/home/renatob/miniconda3/envs/ilamb/lib/python3.11/site-packages/ILAMB/Confrontation.py", line 433, in confront
    obs, mod = self.stageData(m)
               ^^^^^^^^^^^^^^^^^
  File "/home/renatob/miniconda3/envs/ilamb/lib/python3.11/site-packages/ILAMB/Confrontation.py", line 371, in stageData
    mod = m.extractTimeSeries(
          ^^^^^^^^^^^^^^^^^^^^
  File "/home/renatob/miniconda3/envs/ilamb/lib/python3.11/site-packages/ILAMB/ModelResult.py", line 365, in extractTimeSeries
    var = Variable(
          ^^^^^^^^^
  File "/home/renatob/miniconda3/envs/ilamb/lib/python3.11/site-packages/ILAMB/Variable.py", line 140, in __init__
    out = il.FromNetCDF4(
          ^^^^^^^^^^^^^^^
  File "/home/renatob/miniconda3/envs/ilamb/lib/python3.11/site-packages/ILAMB/ilamblib.py", line 1047, in FromNetCDF4
    t, t_bnd, cbounds, begin, end, calendar = GetTime(
                                              ^^^^^^^^
  File "/home/renatob/miniconda3/envs/ilamb/lib/python3.11/site-packages/ILAMB/ilamblib.py", line 441, in GetTime
    raise ValueError(msg)
ValueError: Time intervals defined in MODELS/NorESM2-LM/evspsbl_Amon_NorESM2-LM_historical_r1i1p1f1_gn_185001-201412.nc:time_bnds are not continuous

[INFO][13][AnalysisMeanStateSpace][pr] Bias scored using Collier2018
[INFO][13][AnalysisMeanStateSpace][pr] RMSE scored using Collier2018
[INFO][13][confront][Precipitation/CLASS][ACCESS-ESM1-5] Success
[INFO][13][AnalysisMeanStateSpace][pr] Bias scored using Collier2018
[INFO][1][AnalysisMeanStateSpace][EvapFrac] Bias scored using Collier2018
[INFO][1][confront][EvaporativeFraction/FLUXCOM][ENSEMBLE-CMIP6] Success
[INFO][13][AnalysisMeanStateSpace][pr] RMSE scored using Collier2018
[INFO][13][confront][Precipitation/CLASS][CESM2] Success
[INFO][0][AnalysisMeanStateSpace][et] Bias scored using Collier2018
[INFO][4][AnalysisMeanStateSpace][hfss] Bias scored using Collier2018
[INFO][0][AnalysisMeanStateSpace][et] RMSE scored using Collier2018
[INFO][0][confront][Evapotranspiration/GLEAMv3.3a][UKESM1-0-LL] Success
[INFO][4][AnalysisMeanStateSpace][hfss] RMSE scored using Collier2018
[INFO][4][confront][SensibleHeat/FLUXCOM][CESM2] Success
[INFO][12][AnalysisMeanStateSpace][pr] Bias scored using Collier2018
[INFO][13][AnalysisMeanStateSpace][pr] Bias scored using Collier2018
[INFO][12][AnalysisMeanStateSpace][pr] RMSE scored using Collier2018
[INFO][12][confront][Precipitation/CMAPv1904][CESM2] Success
[INFO][13][AnalysisMeanStateSpace][pr] RMSE scored using Collier2018
[INFO][13][confront][Precipitation/CLASS][ENSEMBLE-CMIP6] Success
[INFO][0][AnalysisMeanStateSpace][et] Bias scored using Collier2018
[INFO][13][AnalysisMeanStateSpace][pr] Bias scored using Collier2018
[INFO][0][AnalysisMeanStateSpace][et] RMSE scored using Collier2018
[INFO][0][confront][Evapotranspiration/MODIS][ACCESS-ESM1-5] Success
[INFO][13][AnalysisMeanStateSpace][pr] RMSE scored using Collier2018
[INFO][13][confront][Precipitation/CLASS][NorESM2-LM] Success
[INFO][1][AnalysisMeanStateSpace][EvapFrac] Bias scored using Collier2018
[INFO][1][confront][EvaporativeFraction/FLUXCOM][NorESM2-LM] Success
[INFO][4][AnalysisMeanStateSpace][hfss] Bias scored using Collier2018
[INFO][4][AnalysisMeanStateSpace][hfss] RMSE scored using Collier2018
[INFO][4][confront][SensibleHeat/FLUXCOM][ENSEMBLE-CMIP6] Success
[INFO][12][AnalysisMeanStateSpace][pr] Bias scored using Collier2018
[INFO][13][AnalysisMeanStateSpace][pr] Bias scored using Collier2018
[INFO][13][AnalysisMeanStateSpace][pr] RMSE scored using Collier2018
[INFO][13][confront][Precipitation/CLASS][UKESM1-0-LL] Success
[INFO][12][AnalysisMeanStateSpace][pr] RMSE scored using Collier2018
[INFO][12][confront][Precipitation/CMAPv1904][ENSEMBLE-CMIP6] Success
[INFO][13][AnalysisMeanStateSpace][pr] Bias scored using Collier2018
[INFO][13][AnalysisMeanStateSpace][pr] RMSE scored using Collier2018
[INFO][13][confront][Precipitation/ERA5][ACCESS-ESM1-5] Success
[INFO][1][AnalysisMeanStateSpace][EvapFrac] Bias scored using Collier2018
[INFO][1][confront][EvaporativeFraction/FLUXCOM][UKESM1-0-LL] Success
[INFO][13][AnalysisMeanStateSpace][pr] Bias scored using Collier2018
[INFO][13][AnalysisMeanStateSpace][pr] RMSE scored using Collier2018
[INFO][13][confront][Precipitation/ERA5][CESM2] Success
[INFO][1][AnalysisMeanStateSpace][EvapFrac] Bias scored using Collier2018
[INFO][1][confront][EvaporativeFraction/CLASS][ACCESS-ESM1-5] Success
[INFO][13][AnalysisMeanStateSpace][pr] Bias scored using Collier2018
[INFO][13][AnalysisMeanStateSpace][pr] RMSE scored using Collier2018
[INFO][13][confront][Precipitation/ERA5][ENSEMBLE-CMIP6] Success
[INFO][13][AnalysisMeanStateSpace][pr] Bias scored using Collier2018
[INFO][13][AnalysisMeanStateSpace][pr] RMSE scored using Collier2018
[INFO][13][confront][Precipitation/ERA5][NorESM2-LM] Success
[INFO][4][modelPlots][Runoff/Dai][ENSEMBLE-CMIP6] Success
[INFO][6][modelPlots][TerrestrialWaterStorageAnomaly/GRACE][UKESM1-0-LL] Success
[INFO][11][modelPlots][SurfaceNetLWRadiation/WRMC.BSRN][ENSEMBLE-CMIP6] Success
[INFO][10][modelPlots][SurfaceUpwardLWRadiation/WRMC.BSRN][CESM2] Success
[INFO][15][modelPlots][SurfaceDownwardSWRadiation/ERA5][UKESM1-0-LL] Success
[INFO][14][modelPlots][Precipitation/ERA5][UKESM1-0-LL] Success
[INFO][7][modelPlots][SurfaceSoilMoisture/WangMao][UKESM1-0-LL] Success
[INFO][12][modelPlots][SurfaceNetRadiation/CLASS][NorESM2-LM] Success
[INFO][13][modelPlots][Precipitation/CMAPv1904][NorESM2-LM] Success
[INFO][5][modelPlots][SensibleHeat/FLUXCOM][NorESM2-LM] Success
[INFO][11][modelPlots][SurfaceNetLWRadiation/WRMC.BSRN][NorESM2-LM] Success
[INFO][2][modelPlots][EvaporativeFraction/CLASS][CESM2] Success
[INFO][10][modelPlots][SurfaceUpwardLWRadiation/WRMC.BSRN][ENSEMBLE-CMIP6] Success
[INFO][3][modelPlots][LatentHeat/DOLCE][ENSEMBLE-CMIP6] Success
[INFO][8][modelPlots][SurfaceUpwardSWRadiation/GEWEX.SRB][ACCESS-ESM1-5] Success
[INFO][9][modelPlots][SurfaceNetSWRadiation/GEWEX.SRB][CESM2] Success
[INFO][14][modelPlots][SurfaceDownwardSWRadiation/CERESed4.2][ACCESS-ESM1-5] Success
[INFO][15][modelPlots][SurfaceDownwardLWRadiation/CERESed4.2][ACCESS-ESM1-5] Success
[INFO][4][modelPlots][Runoff/Dai][NorESM2-LM] Success
[INFO][11][modelPlots][SurfaceNetLWRadiation/WRMC.BSRN][UKESM1-0-LL] Success
[INFO][10][modelPlots][SurfaceUpwardLWRadiation/WRMC.BSRN][NorESM2-LM] Success
[INFO][7][modelPlots][Albedo/CERESed4.2][ACCESS-ESM1-5] Success
[INFO][1][modelPlots][Evapotranspiration/MODIS][CESM2] Success
[INFO][13][modelPlots][Precipitation/CMAPv1904][UKESM1-0-LL] Success
[INFO][12][modelPlots][SurfaceNetRadiation/CLASS][UKESM1-0-LL] Success
[INFO][5][modelPlots][SensibleHeat/FLUXCOM][UKESM1-0-LL] Success
[INFO][2][modelPlots][EvaporativeFraction/CLASS][ENSEMBLE-CMIP6] Success
[INFO][0][modelPlots][GrossPrimaryProductivity/FLUXCOM][ACCESS-ESM1-5] Success
[DEBUG][6][WorkPost][Permafrost/Brown2002][ENSEMBLE-CMIP6]
Traceback (most recent call last):
  File "/home/renatob/miniconda3/envs/ilamb/bin/ilamb-run", line 618, in WorkPost
    c.modelPlots(m)
  File "/home/renatob/miniconda3/envs/ilamb/lib/python3.11/site-packages/ILAMB/ConfPermafrost.py", line 380, in modelPlots
    mod = Variable(
          ^^^^^^^^^
  File "/home/renatob/miniconda3/envs/ilamb/lib/python3.11/site-packages/ILAMB/Variable.py", line 140, in __init__
    out = il.FromNetCDF4(
          ^^^^^^^^^^^^^^^
  File "/home/renatob/miniconda3/envs/ilamb/lib/python3.11/site-packages/ILAMB/ilamblib.py", line 806, in FromNetCDF4
    dset = Dataset(filename, mode="r")
           ^^^^^^^^^^^^^^^^^^^^^^^^^^^
  File "src/netCDF4/_netCDF4.pyx", line 2470, in netCDF4._netCDF4.Dataset.__init__
  File "src/netCDF4/_netCDF4.pyx", line 2107, in netCDF4._netCDF4._ensure_nc_success
FileNotFoundError: [Errno 2] No such file or directory: '_build/HydrologyCycle/Permafrost/Brown2002//Brown2002_ENSEMBLE-CMIP6.nc'

[INFO][10][modelPlots][SurfaceUpwardLWRadiation/WRMC.BSRN][UKESM1-0-LL] Success
[INFO][3][modelPlots][LatentHeat/DOLCE][NorESM2-LM] Success
[INFO][15][modelPlots][SurfaceDownwardLWRadiation/CERESed4.2][CESM2] Success
[INFO][14][modelPlots][SurfaceDownwardSWRadiation/CERESed4.2][CESM2] Success
[INFO][11][modelPlots][SurfaceNetRadiation/CERESed4.2][ACCESS-ESM1-5] Success
[INFO][9][modelPlots][SurfaceNetSWRadiation/GEWEX.SRB][ENSEMBLE-CMIP6] Success
[INFO][8][modelPlots][SurfaceUpwardSWRadiation/GEWEX.SRB][CESM2] Success
[INFO][7][modelPlots][Albedo/CERESed4.2][CESM2] Success
[INFO][4][modelPlots][Runoff/Dai][UKESM1-0-LL] Success
[INFO][2][modelPlots][EvaporativeFraction/CLASS][NorESM2-LM] Success
[INFO][10][modelPlots][SurfaceUpwardLWRadiation/ERA5][ACCESS-ESM1-5] Success
[INFO][12][modelPlots][GroundHeatFlux/CLASS][ACCESS-ESM1-5] Success
[INFO][13][modelPlots][Precipitation/GPCCv2018][ACCESS-ESM1-5] Success
[INFO][15][modelPlots][SurfaceDownwardLWRadiation/CERESed4.2][ENSEMBLE-CMIP6] Success
[INFO][5][modelPlots][SensibleHeat/CLASS][ACCESS-ESM1-5] Success
[INFO][14][modelPlots][SurfaceDownwardSWRadiation/CERESed4.2][ENSEMBLE-CMIP6] Success
[INFO][11][modelPlots][SurfaceNetRadiation/CERESed4.2][CESM2] Success
[INFO][1][modelPlots][Evapotranspiration/MODIS][ENSEMBLE-CMIP6] Success
[INFO][3][modelPlots][LatentHeat/DOLCE][UKESM1-0-LL] Success
[INFO][7][modelPlots][Albedo/CERESed4.2][ENSEMBLE-CMIP6] Success
[INFO][9][modelPlots][SurfaceNetSWRadiation/GEWEX.SRB][NorESM2-LM] Success
[INFO][8][modelPlots][SurfaceUpwardSWRadiation/GEWEX.SRB][ENSEMBLE-CMIP6] Success
[INFO][2][modelPlots][EvaporativeFraction/CLASS][UKESM1-0-LL] Success
[INFO][10][modelPlots][SurfaceUpwardLWRadiation/ERA5][CESM2] Success
[INFO][15][modelPlots][SurfaceDownwardLWRadiation/CERESed4.2][NorESM2-LM] Success
[INFO][14][modelPlots][SurfaceDownwardSWRadiation/CERESed4.2][NorESM2-LM] Success
[INFO][11][modelPlots][SurfaceNetRadiation/CERESed4.2][ENSEMBLE-CMIP6] Success
[INFO][0][modelPlots][GrossPrimaryProductivity/FLUXCOM][CESM2] Success
[INFO][7][modelPlots][Albedo/CERESed4.2][NorESM2-LM] Success
[INFO][2][modelPlots][EvaporativeFraction/WECANN][ACCESS-ESM1-5] Success
[INFO][12][modelPlots][GroundHeatFlux/CLASS][CESM2] Success
[INFO][13][modelPlots][Precipitation/GPCCv2018][CESM2] Success
[INFO][5][modelPlots][SensibleHeat/CLASS][CESM2] Success
[INFO][10][modelPlots][SurfaceUpwardLWRadiation/ERA5][ENSEMBLE-CMIP6] Success
[INFO][3][modelPlots][LatentHeat/CLASS][ACCESS-ESM1-5] Success
[INFO][15][modelPlots][SurfaceDownwardLWRadiation/CERESed4.2][UKESM1-0-LL] Success
[INFO][14][modelPlots][SurfaceDownwardSWRadiation/CERESed4.2][UKESM1-0-LL] Success
[INFO][9][modelPlots][SurfaceNetSWRadiation/GEWEX.SRB][UKESM1-0-LL] Success
[INFO][11][modelPlots][SurfaceNetRadiation/CERESed4.2][NorESM2-LM] Success
[INFO][8][modelPlots][SurfaceUpwardSWRadiation/GEWEX.SRB][NorESM2-LM] Success
[INFO][1][modelPlots][Evapotranspiration/MODIS][NorESM2-LM] Success
[INFO][7][modelPlots][Albedo/CERESed4.2][UKESM1-0-LL] Success
[INFO][4][modelPlots][Runoff/LORA][ACCESS-ESM1-5] Success
[INFO][2][modelPlots][EvaporativeFraction/WECANN][CESM2] Success
[INFO][9][modelPlots][SurfaceNetSWRadiation/WRMC.BSRN][ACCESS-ESM1-5] Success
[INFO][10][modelPlots][SurfaceUpwardLWRadiation/ERA5][NorESM2-LM] Success
[INFO][12][modelPlots][GroundHeatFlux/CLASS][ENSEMBLE-CMIP6] Success
[INFO][13][modelPlots][Precipitation/GPCCv2018][ENSEMBLE-CMIP6] Success
[INFO][5][modelPlots][SensibleHeat/CLASS][ENSEMBLE-CMIP6] Success
[INFO][11][modelPlots][SurfaceNetRadiation/CERESed4.2][UKESM1-0-LL] Success
[INFO][2][modelPlots][EvaporativeFraction/WECANN][ENSEMBLE-CMIP6] Success
[INFO][9][modelPlots][SurfaceNetSWRadiation/WRMC.BSRN][CESM2] Success
[INFO][15][modelPlots][SurfaceDownwardLWRadiation/GEWEX.SRB][ACCESS-ESM1-5] Success
[INFO][0][modelPlots][GrossPrimaryProductivity/FLUXCOM][ENSEMBLE-CMIP6] Success
[INFO][14][modelPlots][SurfaceDownwardSWRadiation/GEWEX.SRB][ACCESS-ESM1-5] Success
[INFO][8][modelPlots][SurfaceUpwardSWRadiation/GEWEX.SRB][UKESM1-0-LL] Success
[INFO][3][modelPlots][LatentHeat/CLASS][CESM2] Success
[INFO][10][modelPlots][SurfaceUpwardLWRadiation/ERA5][UKESM1-0-LL] Success
[INFO][7][modelPlots][Albedo/GEWEX.SRB][ACCESS-ESM1-5] Success
[INFO][9][modelPlots][SurfaceNetSWRadiation/WRMC.BSRN][ENSEMBLE-CMIP6] Success
[INFO][2][modelPlots][EvaporativeFraction/WECANN][NorESM2-LM] Success
[INFO][4][modelPlots][Runoff/LORA][CESM2] Success
[INFO][1][modelPlots][Evapotranspiration/MODIS][UKESM1-0-LL] Success
[INFO][8][modelPlots][SurfaceUpwardSWRadiation/WRMC.BSRN][ACCESS-ESM1-5] Success
[INFO][12][modelPlots][GroundHeatFlux/CLASS][NorESM2-LM] Success
[INFO][13][modelPlots][Precipitation/GPCCv2018][NorESM2-LM] Success
[INFO][5][modelPlots][SensibleHeat/CLASS][NorESM2-LM] Success
[INFO][9][modelPlots][SurfaceNetSWRadiation/WRMC.BSRN][NorESM2-LM] Success
[INFO][11][modelPlots][SurfaceNetRadiation/GEWEX.SRB][ACCESS-ESM1-5] Success
[INFO][2][modelPlots][EvaporativeFraction/WECANN][UKESM1-0-LL] Success
[INFO][10][modelPlots][SurfaceNetLWRadiation/CERESed4.2][ACCESS-ESM1-5] Success
[INFO][8][modelPlots][SurfaceUpwardSWRadiation/WRMC.BSRN][CESM2] Success
[INFO][3][modelPlots][LatentHeat/CLASS][ENSEMBLE-CMIP6] Success
[INFO][15][modelPlots][SurfaceDownwardLWRadiation/GEWEX.SRB][CESM2] Success
[INFO][14][modelPlots][SurfaceDownwardSWRadiation/GEWEX.SRB][CESM2] Success
[INFO][9][modelPlots][SurfaceNetSWRadiation/WRMC.BSRN][UKESM1-0-LL] Success
[INFO][4][modelPlots][Runoff/LORA][ENSEMBLE-CMIP6] Success
[INFO][7][modelPlots][Albedo/GEWEX.SRB][CESM2] Success
[DEBUG][6][WorkPost][Permafrost/Obu2018][ENSEMBLE-CMIP6]
Traceback (most recent call last):
  File "/home/renatob/miniconda3/envs/ilamb/bin/ilamb-run", line 618, in WorkPost
    c.modelPlots(m)
  File "/home/renatob/miniconda3/envs/ilamb/lib/python3.11/site-packages/ILAMB/ConfPermafrost.py", line 380, in modelPlots
    mod = Variable(
          ^^^^^^^^^
  File "/home/renatob/miniconda3/envs/ilamb/lib/python3.11/site-packages/ILAMB/Variable.py", line 140, in __init__
    out = il.FromNetCDF4(
          ^^^^^^^^^^^^^^^
  File "/home/renatob/miniconda3/envs/ilamb/lib/python3.11/site-packages/ILAMB/ilamblib.py", line 806, in FromNetCDF4
    dset = Dataset(filename, mode="r")
           ^^^^^^^^^^^^^^^^^^^^^^^^^^^
  File "src/netCDF4/_netCDF4.pyx", line 2470, in netCDF4._netCDF4.Dataset.__init__
  File "src/netCDF4/_netCDF4.pyx", line 2107, in netCDF4._netCDF4._ensure_nc_success
FileNotFoundError: [Errno 2] No such file or directory: '_build/HydrologyCycle/Permafrost/Obu2018//Obu2018_ENSEMBLE-CMIP6.nc'

[INFO][8][modelPlots][SurfaceUpwardSWRadiation/WRMC.BSRN][ENSEMBLE-CMIP6] Success
[INFO][2][modelPlots][EvaporativeFraction/ERA5][ACCESS-ESM1-5] Success
[INFO][0][modelPlots][GrossPrimaryProductivity/FLUXCOM][NorESM2-LM] Success
[INFO][12][modelPlots][GroundHeatFlux/CLASS][UKESM1-0-LL] Success
[INFO][13][modelPlots][Precipitation/GPCCv2018][UKESM1-0-LL] Success
[INFO][10][modelPlots][SurfaceNetLWRadiation/CERESed4.2][CESM2] Success
[INFO][5][modelPlots][SensibleHeat/CLASS][UKESM1-0-LL] Success
[INFO][8][modelPlots][SurfaceUpwardSWRadiation/WRMC.BSRN][NorESM2-LM] Success
[INFO][1][modelPlots][Evapotranspiration/MOD16A2][ACCESS-ESM1-5] Success
[INFO][9][modelPlots][SurfaceUpwardLWRadiation/CERESed4.2][ACCESS-ESM1-5] Success
[INFO][11][modelPlots][SurfaceNetRadiation/GEWEX.SRB][CESM2] Success
[INFO][3][modelPlots][LatentHeat/CLASS][NorESM2-LM] Success
[INFO][2][modelPlots][EvaporativeFraction/ERA5][CESM2] Success
[INFO][15][modelPlots][SurfaceDownwardLWRadiation/GEWEX.SRB][ENSEMBLE-CMIP6] Success
[INFO][14][modelPlots][SurfaceDownwardSWRadiation/GEWEX.SRB][ENSEMBLE-CMIP6] Success
[INFO][8][modelPlots][SurfaceUpwardSWRadiation/WRMC.BSRN][UKESM1-0-LL] Success
[INFO][10][modelPlots][SurfaceNetLWRadiation/CERESed4.2][ENSEMBLE-CMIP6] Success
[INFO][4][modelPlots][Runoff/LORA][NorESM2-LM] Success
[INFO][7][modelPlots][Albedo/GEWEX.SRB][ENSEMBLE-CMIP6] Success
[INFO][5][modelPlots][SensibleHeat/WECANN][ACCESS-ESM1-5] Success
[INFO][2][modelPlots][EvaporativeFraction/ERA5][ENSEMBLE-CMIP6] Success
[INFO][12][modelPlots][SurfaceAirTemperature/CRU4.02][ACCESS-ESM1-5] Success
[INFO][13][modelPlots][Precipitation/GPCPv2.3][ACCESS-ESM1-5] Success
[INFO][9][modelPlots][SurfaceUpwardLWRadiation/CERESed4.2][CESM2] Success
[INFO][11][modelPlots][SurfaceNetRadiation/GEWEX.SRB][ENSEMBLE-CMIP6] Success
[INFO][3][modelPlots][LatentHeat/CLASS][UKESM1-0-LL] Success
[INFO][10][modelPlots][SurfaceNetLWRadiation/CERESed4.2][NorESM2-LM] Success
[INFO][15][modelPlots][SurfaceDownwardLWRadiation/GEWEX.SRB][NorESM2-LM] Success
[INFO][8][modelPlots][SurfaceUpwardSWRadiation/ERA5][ACCESS-ESM1-5] Success
[INFO][0][modelPlots][GrossPrimaryProductivity/FLUXCOM][UKESM1-0-LL] Success
[INFO][2][modelPlots][EvaporativeFraction/ERA5][NorESM2-LM] Success
[INFO][14][modelPlots][SurfaceDownwardSWRadiation/GEWEX.SRB][NorESM2-LM] Success
[INFO][5][modelPlots][SensibleHeat/WECANN][CESM2] Success
[INFO][4][modelPlots][Runoff/LORA][UKESM1-0-LL] Success
[INFO][7][modelPlots][Albedo/GEWEX.SRB][NorESM2-LM] Success
[INFO][9][modelPlots][SurfaceUpwardLWRadiation/CERESed4.2][ENSEMBLE-CMIP6] Success
[INFO][1][modelPlots][Evapotranspiration/MOD16A2][CESM2] Success
[INFO][2][modelPlots][EvaporativeFraction/ERA5][UKESM1-0-LL] Success
[INFO][3][modelPlots][LatentHeat/WECANN][ACCESS-ESM1-5] Success
[INFO][10][modelPlots][SurfaceNetLWRadiation/CERESed4.2][UKESM1-0-LL] Success
[INFO][0][modelPlots][GrossPrimaryProductivity/WECANN][ACCESS-ESM1-5] Success
[INFO][12][modelPlots][SurfaceAirTemperature/CRU4.02][CESM2] Success
[INFO][13][modelPlots][Precipitation/GPCPv2.3][CESM2] Success
[INFO][8][modelPlots][SurfaceUpwardSWRadiation/ERA5][CESM2] Success
[INFO][5][modelPlots][SensibleHeat/WECANN][ENSEMBLE-CMIP6] Success
[INFO][11][modelPlots][SurfaceNetRadiation/GEWEX.SRB][NorESM2-LM] Success
[INFO][15][modelPlots][SurfaceDownwardLWRadiation/GEWEX.SRB][UKESM1-0-LL] Success
[INFO][9][modelPlots][SurfaceUpwardLWRadiation/CERESed4.2][NorESM2-LM] Success
[INFO][14][modelPlots][SurfaceDownwardSWRadiation/GEWEX.SRB][UKESM1-0-LL] Success
[INFO][7][modelPlots][Albedo/GEWEX.SRB][UKESM1-0-LL] Success
[INFO][4][modelPlots][Runoff/CLASS][ACCESS-ESM1-5] Success
[INFO][3][modelPlots][LatentHeat/WECANN][CESM2] Success
[INFO][15][modelPlots][SurfaceDownwardLWRadiation/WRMC.BSRN][ACCESS-ESM1-5] Success
[INFO][8][modelPlots][SurfaceUpwardSWRadiation/ERA5][ENSEMBLE-CMIP6] Success
[INFO][5][modelPlots][SensibleHeat/WECANN][NorESM2-LM] Success
[INFO][14][modelPlots][SurfaceDownwardSWRadiation/WRMC.BSRN][ACCESS-ESM1-5] Success
[INFO][0][modelPlots][GrossPrimaryProductivity/WECANN][CESM2] Success
[INFO][9][modelPlots][SurfaceUpwardLWRadiation/CERESed4.2][UKESM1-0-LL] Success
[INFO][2][modelPlots][LatentHeat/FLUXCOM][ACCESS-ESM1-5] Success
[INFO][10][modelPlots][SurfaceNetLWRadiation/GEWEX.SRB][ACCESS-ESM1-5] Success
[INFO][12][modelPlots][SurfaceAirTemperature/CRU4.02][ENSEMBLE-CMIP6] Success
[INFO][1][modelPlots][Evapotranspiration/MOD16A2][ENSEMBLE-CMIP6] Success
[INFO][13][modelPlots][Precipitation/GPCPv2.3][ENSEMBLE-CMIP6] Success
[INFO][11][modelPlots][SurfaceNetRadiation/GEWEX.SRB][UKESM1-0-LL] Success
[INFO][15][modelPlots][SurfaceDownwardLWRadiation/WRMC.BSRN][CESM2] Success
[INFO][14][modelPlots][SurfaceDownwardSWRadiation/WRMC.BSRN][CESM2] Success
[INFO][7][modelPlots][SurfaceUpwardSWRadiation/CERESed4.2][ACCESS-ESM1-5] Success
[INFO][3][modelPlots][LatentHeat/WECANN][ENSEMBLE-CMIP6] Success
[INFO][8][modelPlots][SurfaceUpwardSWRadiation/ERA5][NorESM2-LM] Success
[INFO][5][modelPlots][SensibleHeat/WECANN][UKESM1-0-LL] Success
[INFO][0][modelPlots][GrossPrimaryProductivity/WECANN][ENSEMBLE-CMIP6] Success
[INFO][11][modelPlots][SurfaceNetRadiation/WRMC.BSRN][ACCESS-ESM1-5] Success
[INFO][15][modelPlots][SurfaceDownwardLWRadiation/WRMC.BSRN][ENSEMBLE-CMIP6] Success
[INFO][14][modelPlots][SurfaceDownwardSWRadiation/WRMC.BSRN][ENSEMBLE-CMIP6] Success
[INFO][4][modelPlots][Runoff/CLASS][CESM2] Success
[INFO][12][modelPlots][SurfaceAirTemperature/CRU4.02][NorESM2-LM] Success
[INFO][13][modelPlots][Precipitation/GPCPv2.3][NorESM2-LM] Success
[INFO][3][modelPlots][LatentHeat/WECANN][NorESM2-LM] Success
[INFO][9][modelPlots][SurfaceUpwardLWRadiation/GEWEX.SRB][ACCESS-ESM1-5] Success
[INFO][7][modelPlots][SurfaceUpwardSWRadiation/CERESed4.2][CESM2] Success
[INFO][15][modelPlots][SurfaceDownwardLWRadiation/WRMC.BSRN][NorESM2-LM] Success
[INFO][11][modelPlots][SurfaceNetRadiation/WRMC.BSRN][CESM2] Success
[INFO][8][modelPlots][SurfaceUpwardSWRadiation/ERA5][UKESM1-0-LL] Success
[INFO][2][modelPlots][LatentHeat/FLUXCOM][CESM2] Success
[INFO][14][modelPlots][SurfaceDownwardSWRadiation/WRMC.BSRN][NorESM2-LM] Success
[INFO][0][modelPlots][GrossPrimaryProductivity/WECANN][NorESM2-LM] Success
[INFO][5][modelPlots][SensibleHeat/ERA5][ACCESS-ESM1-5] Success
[INFO][10][modelPlots][SurfaceNetLWRadiation/GEWEX.SRB][CESM2] Success
[INFO][1][modelPlots][Evapotranspiration/MOD16A2][NorESM2-LM] Success
[INFO][15][modelPlots][SurfaceDownwardLWRadiation/WRMC.BSRN][UKESM1-0-LL] Success
[INFO][11][modelPlots][SurfaceNetRadiation/WRMC.BSRN][ENSEMBLE-CMIP6] Success
[INFO][14][modelPlots][SurfaceDownwardSWRadiation/WRMC.BSRN][UKESM1-0-LL] Success
[INFO][6][modelPlots][SurfaceSoilMoisture/WangMao][ACCESS-ESM1-5] Success
[INFO][3][modelPlots][LatentHeat/WECANN][UKESM1-0-LL] Success
[INFO][7][modelPlots][SurfaceUpwardSWRadiation/CERESed4.2][ENSEMBLE-CMIP6] Success
[INFO][4][modelPlots][Runoff/CLASS][ENSEMBLE-CMIP6] Success
[INFO][8][modelPlots][SurfaceNetSWRadiation/CERESed4.2][ACCESS-ESM1-5] Success
[INFO][0][modelPlots][GrossPrimaryProductivity/WECANN][UKESM1-0-LL] Success
[INFO][12][modelPlots][SurfaceAirTemperature/CRU4.02][UKESM1-0-LL] Success
[INFO][5][modelPlots][SensibleHeat/ERA5][CESM2] Success
[INFO][11][modelPlots][SurfaceNetRadiation/WRMC.BSRN][NorESM2-LM] Success
[INFO][13][modelPlots][Precipitation/GPCPv2.3][UKESM1-0-LL] Success
[INFO][2][modelPlots][LatentHeat/FLUXCOM][ENSEMBLE-CMIP6] Success
[INFO][10][modelPlots][SurfaceNetLWRadiation/GEWEX.SRB][ENSEMBLE-CMIP6] Success
[INFO][9][modelPlots][SurfaceUpwardLWRadiation/GEWEX.SRB][CESM2] Success
[INFO][15][modelPlots][SurfaceDownwardLWRadiation/ERA5][ACCESS-ESM1-5] Success
[INFO][14][modelPlots][SurfaceDownwardSWRadiation/ERA5][ACCESS-ESM1-5] Success
[INFO][7][modelPlots][SurfaceUpwardSWRadiation/CERESed4.2][NorESM2-LM] Success
[INFO][3][modelPlots][LatentHeat/ERA5][ACCESS-ESM1-5] Success
[INFO][11][modelPlots][SurfaceNetRadiation/WRMC.BSRN][UKESM1-0-LL] Success
[INFO][8][modelPlots][SurfaceNetSWRadiation/CERESed4.2][CESM2] Success
[INFO][5][modelPlots][SensibleHeat/ERA5][ENSEMBLE-CMIP6] Success
[INFO][12][modelPlots][SurfaceAirTemperature/ERA5][ACCESS-ESM1-5] Success
[INFO][1][modelPlots][Evapotranspiration/MOD16A2][UKESM1-0-LL] Success
[INFO][4][modelPlots][Runoff/CLASS][NorESM2-LM] Success
[INFO][6][modelPlots][SurfaceSoilMoisture/WangMao][CESM2] Success
[INFO][0][modelPlots][LeafAreaIndex/MODIS][ACCESS-ESM1-5] Success
[INFO][15][modelPlots][SurfaceDownwardLWRadiation/ERA5][CESM2] Success
[INFO][13][modelPlots][Precipitation/CLASS][ACCESS-ESM1-5] Success
[INFO][7][modelPlots][SurfaceUpwardSWRadiation/CERESed4.2][UKESM1-0-LL] Success
[INFO][14][modelPlots][SurfaceDownwardSWRadiation/ERA5][CESM2] Success
[INFO][2][modelPlots][LatentHeat/FLUXCOM][NorESM2-LM] Success
[INFO][9][modelPlots][SurfaceUpwardLWRadiation/GEWEX.SRB][ENSEMBLE-CMIP6] Success
[INFO][10][modelPlots][SurfaceNetLWRadiation/GEWEX.SRB][NorESM2-LM] Success
[INFO][3][modelPlots][LatentHeat/ERA5][CESM2] Success
[INFO][8][modelPlots][SurfaceNetSWRadiation/CERESed4.2][ENSEMBLE-CMIP6] Success
[INFO][5][modelPlots][SensibleHeat/ERA5][NorESM2-LM] Success
[INFO][12][modelPlots][SurfaceAirTemperature/ERA5][CESM2] Success
[INFO][11][modelPlots][SurfaceNetRadiation/CLASS][ACCESS-ESM1-5] Success
[INFO][15][modelPlots][SurfaceDownwardLWRadiation/ERA5][ENSEMBLE-CMIP6] Success
[INFO][4][modelPlots][Runoff/CLASS][UKESM1-0-LL] Success
[INFO][14][modelPlots][SurfaceDownwardSWRadiation/ERA5][ENSEMBLE-CMIP6] Success
[INFO][6][modelPlots][SurfaceSoilMoisture/WangMao][ENSEMBLE-CMIP6] Success
[INFO][3][modelPlots][LatentHeat/ERA5][ENSEMBLE-CMIP6] Success
[INFO][1][modelPlots][Evapotranspiration/ERA5][ACCESS-ESM1-5] Success
[INFO][8][modelPlots][SurfaceNetSWRadiation/CERESed4.2][NorESM2-LM] Success
[INFO][5][modelPlots][SensibleHeat/ERA5][UKESM1-0-LL] Success
[INFO][2][modelPlots][LatentHeat/FLUXCOM][UKESM1-0-LL] Success
[INFO][0][modelPlots][LeafAreaIndex/MODIS][CESM2] Success
[INFO][10][modelPlots][SurfaceNetLWRadiation/GEWEX.SRB][UKESM1-0-LL] Success
[INFO][12][modelPlots][SurfaceAirTemperature/ERA5][ENSEMBLE-CMIP6] Success
[INFO][9][modelPlots][SurfaceUpwardLWRadiation/GEWEX.SRB][NorESM2-LM] Success
[INFO][13][modelPlots][Precipitation/CLASS][CESM2] Success
[INFO][15][modelPlots][SurfaceDownwardLWRadiation/ERA5][NorESM2-LM] Success
[INFO][5][modelPlots][TerrestrialWaterStorageAnomaly/GRACE][ACCESS-ESM1-5] Success
[INFO][4][modelPlots][Runoff/ERA5][ACCESS-ESM1-5] Success
[INFO][14][modelPlots][SurfaceDownwardSWRadiation/ERA5][NorESM2-LM] Success
[INFO][10][modelPlots][SurfaceNetLWRadiation/WRMC.BSRN][ACCESS-ESM1-5] Success
[INFO][3][modelPlots][LatentHeat/ERA5][NorESM2-LM] Success
[INFO][11][modelPlots][SurfaceNetRadiation/CLASS][CESM2] Success
[INFO][8][modelPlots][SurfaceNetSWRadiation/CERESed4.2][UKESM1-0-LL] Success
[INFO][6][modelPlots][SurfaceSoilMoisture/WangMao][NorESM2-LM] Success
[INFO][12][modelPlots][SurfaceAirTemperature/ERA5][NorESM2-LM] Success
[INFO][10][modelPlots][SurfaceNetLWRadiation/WRMC.BSRN][CESM2] Success
[INFO][2][modelPlots][LatentHeat/DOLCE][ACCESS-ESM1-5] Success
[INFO][15][modelPlots][SurfaceDownwardLWRadiation/ERA5][UKESM1-0-LL] Success
[INFO][0][modelPlots][LeafAreaIndex/MODIS][ENSEMBLE-CMIP6] Success
[INFO][9][modelPlots][SurfaceUpwardLWRadiation/GEWEX.SRB][UKESM1-0-LL] Success
[INFO][13][modelPlots][Precipitation/CLASS][ENSEMBLE-CMIP6] Success
[INFO][4][modelPlots][Runoff/ERA5][CESM2] Success
[INFO][5][modelPlots][TerrestrialWaterStorageAnomaly/GRACE][CESM2] Success
[INFO][1][modelPlots][Evapotranspiration/ERA5][CESM2] Success
[INFO][3][modelPlots][LatentHeat/ERA5][UKESM1-0-LL] Success
[INFO][3][modelPlots][Runoff/Dai][ACCESS-ESM1-5] Success
[INFO][9][modelPlots][SurfaceUpwardLWRadiation/WRMC.BSRN][ACCESS-ESM1-5] Success
[INFO][12][modelPlots][SurfaceAirTemperature/ERA5][UKESM1-0-LL] Success
[INFO][8][modelPlots][SurfaceNetSWRadiation/GEWEX.SRB][ACCESS-ESM1-5] Success
[INFO][11][modelPlots][SurfaceNetRadiation/CLASS][ENSEMBLE-CMIP6] Success
[INFO][4][modelPlots][Runoff/ERA5][ENSEMBLE-CMIP6] Success
[INFO][2][modelPlots][LatentHeat/DOLCE][CESM2] Success
[INFO][5][modelPlots][TerrestrialWaterStorageAnomaly/GRACE][ENSEMBLE-CMIP6] Success
[INFO][0][modelPlots][LeafAreaIndex/MODIS][NorESM2-LM] Success
[INFO][13][modelPlots][Precipitation/CLASS][NorESM2-LM] Success
[INFO][1][modelPlots][Evapotranspiration/ERA5][ENSEMBLE-CMIP6] Success
[INFO][3][modelPlots][Runoff/Dai][CESM2] Success
[INFO][4][modelPlots][Runoff/ERA5][NorESM2-LM] Success
[INFO][12][modelPlots][Precipitation/CMAPv1904][ACCESS-ESM1-5] Success
[INFO][5][modelPlots][TerrestrialWaterStorageAnomaly/GRACE][NorESM2-LM] Success
[INFO][0][modelPlots][LeafAreaIndex/MODIS][UKESM1-0-LL] Success
[INFO][13][modelPlots][Precipitation/CLASS][UKESM1-0-LL] Success
[INFO][4][modelPlots][Runoff/ERA5][UKESM1-0-LL] Success
[INFO][1][modelPlots][Evapotranspiration/ERA5][UKESM1-0-LL] Success
[INFO][12][modelPlots][Precipitation/CMAPv1904][CESM2] Success
[INFO][13][modelPlots][Precipitation/ERA5][ACCESS-ESM1-5] Success
[INFO][4][modelPlots][SensibleHeat/FLUXCOM][ACCESS-ESM1-5] Success
[INFO][0][modelPlots][Evapotranspiration/GLEAMv3.3a][ACCESS-ESM1-5] Success
[INFO][1][modelPlots][EvaporativeFraction/FLUXCOM][ACCESS-ESM1-5] Success
[INFO][13][modelPlots][Precipitation/ERA5][CESM2] Success
[INFO][12][modelPlots][Precipitation/CMAPv1904][ENSEMBLE-CMIP6] Success
[INFO][13][modelPlots][Precipitation/ERA5][ENSEMBLE-CMIP6] Success
[INFO][4][modelPlots][SensibleHeat/FLUXCOM][CESM2] Success
[INFO][1][modelPlots][EvaporativeFraction/FLUXCOM][CESM2] Success
[INFO][0][modelPlots][Evapotranspiration/GLEAMv3.3a][CESM2] Success
[INFO][13][modelPlots][Precipitation/ERA5][NorESM2-LM] Success
[INFO][1][modelPlots][EvaporativeFraction/FLUXCOM][ENSEMBLE-CMIP6] Success
[INFO][4][modelPlots][SensibleHeat/FLUXCOM][ENSEMBLE-CMIP6] Success
[INFO][0][modelPlots][Evapotranspiration/GLEAMv3.3a][ENSEMBLE-CMIP6] Success
[INFO][1][modelPlots][EvaporativeFraction/FLUXCOM][NorESM2-LM] Success
[INFO][1][modelPlots][EvaporativeFraction/FLUXCOM][UKESM1-0-LL] Success
[INFO][0][modelPlots][Evapotranspiration/GLEAMv3.3a][UKESM1-0-LL] Success
[INFO][1][modelPlots][EvaporativeFraction/CLASS][ACCESS-ESM1-5] Success
[INFO][0][modelPlots][Evapotranspiration/MODIS][ACCESS-ESM1-5] Success
[INFO][4][<module>][process time] 1218.5 s
[INFO][0][<module>][process time] 1212.4 s
[INFO][2][<module>][process time] 981.8 s
[INFO][7][<module>][process time] 668.4 s
[INFO][15][<module>][process time] 627.3 s
[INFO][10][<module>][process time] 608.7 s
[INFO][12][<module>][process time] 1221.6 s
[INFO][8][<module>][process time] 701.8 s
[INFO][3][<module>][process time] 657.2 s
[INFO][9][<module>][process time] 703.8 s
[INFO][13][<module>][process time] 1344.2 s
[INFO][1][<module>][process time] 1334.1 s
[INFO][5][<module>][process time] 803.7 s
[INFO][14][<module>][process time] 623.2 s
[INFO][11][<module>][process time] 633.1 s
[INFO][6][<module>][process time] 518.7 s
[INFO][0][<module>][total time] 1466.9 s
[INFO][0][<module>][process balance] 2.59
[INFO][0][<module>][parallel efficiency] 59%
