"Section","Variable","Source","Model","ScalarName","AnalysisType","Region","ScalarType","Units","Data","Weight"
"F","o","r","ACCESS-ESM1-5","Benchmark Period Mean (intersection)","MeanState","global","scalar","mm d-1","2.38543","30.0"
"F","o","r","ACCESS-ESM1-5","Benchmark Period Mean (complement)","MeanState","global","scalar","mm d-1","nan","30.0"
"F","o","r","ACCESS-ESM1-5","Period Mean (original grids)","MeanState","global","scalar","mm d-1","2.82432","30.0"
"F","o","r","ACCESS-ESM1-5","Model Period Mean (intersection)","MeanState","global","scalar","mm d-1","2.64332","30.0"
"F","o","r","ACCESS-ESM1-5","Model Period Mean (complement)","MeanState","global","scalar","mm d-1","nan","30.0"
"F","o","r","ACCESS-ESM1-5","Spatial Distribution Score","MeanState","global","score","1","0.947781","30.0"
"F","o","r","ACCESS-ESM1-5","Phase Shift","MeanState","global","scalar","months","1.46996","30.0"
"F","o","r","ACCESS-ESM1-5","Seasonal Cycle Score","MeanState","global","score","1","0.817939","30.0"
"F","o","r","ACCESS-ESM1-5","Bias","MeanState","global","scalar","mm d-1","0.260943","30.0"
"F","o","r","ACCESS-ESM1-5","Bias Score","MeanState","global","score","1","0.662138","30.0"
"F","o","r","ACCESS-ESM1-5","RMSE","MeanState","global","scalar","mm d-1","1.3223","30.0"
"F","o","r","ACCESS-ESM1-5","RMSE Score","MeanState","global","score","1","0.581041","30.0"
"F","o","r","ACCESS-ESM1-5","Overall Score","MeanState","global","score","1","0.717988","30.0"
"F","o","r","CESM2","Benchmark Period Mean (intersection)","MeanState","global","scalar","mm d-1","2.38577","30.0"
"F","o","r","CESM2","Benchmark Period Mean (complement)","MeanState","global","scalar","mm d-1","nan","30.0"
"F","o","r","CESM2","Period Mean (original grids)","MeanState","global","scalar","mm d-1","2.51689","30.0"
"F","o","r","CESM2","Model Period Mean (intersection)","MeanState","global","scalar","mm d-1","2.38216","30.0"
"F","o","r","CESM2","Model Period Mean (complement)","MeanState","global","scalar","mm d-1","nan","30.0"
"F","o","r","CESM2","Spatial Distribution Score","MeanState","global","score","1","0.960208","30.0"
"F","o","r","CESM2","Phase Shift","MeanState","global","scalar","months","1.26977","30.0"
"F","o","r","CESM2","Seasonal Cycle Score","MeanState","global","score","1","0.852781","30.0"
"F","o","r","CESM2","Bias","MeanState","global","scalar","mm d-1","-0.00747897","30.0"
"F","o","r","CESM2","Bias Score","MeanState","global","score","1","0.715773","30.0"
"F","o","r","CESM2","RMSE","MeanState","global","scalar","mm d-1","1.03725","30.0"
"F","o","r","CESM2","RMSE Score","MeanState","global","score","1","0.644153","30.0"
"F","o","r","CESM2","Overall Score","MeanState","global","score","1","0.763414","30.0"
"F","o","r","NorESM2-LM","Benchmark Period Mean (intersection)","MeanState","global","scalar","mm d-1","2.38417","30.0"
"F","o","r","NorESM2-LM","Benchmark Period Mean (complement)","MeanState","global","scalar","mm d-1","nan","30.0"
"F","o","r","NorESM2-LM","Period Mean (original grids)","MeanState","global","scalar","mm d-1","2.40186","30.0"
"F","o","r","NorESM2-LM","Model Period Mean (intersection)","MeanState","global","scalar","mm d-1","2.26","30.0"
"F","o","r","NorESM2-LM","Model Period Mean (complement)","MeanState","global","scalar","mm d-1","nan","30.0"
"F","o","r","NorESM2-LM","Spatial Distribution Score","MeanState","global","score","1","0.924014","30.0"
"F","o","r","NorESM2-LM","Phase Shift","MeanState","global","scalar","months","1.32648","30.0"
"F","o","r","NorESM2-LM","Seasonal Cycle Score","MeanState","global","score","1","0.844743","30.0"
"F","o","r","NorESM2-LM","Bias","MeanState","global","scalar","mm d-1","-0.13166","30.0"
"F","o","r","NorESM2-LM","Bias Score","MeanState","global","score","1","0.685675","30.0"
"F","o","r","NorESM2-LM","RMSE","MeanState","global","scalar","mm d-1","1.15954","30.0"
"F","o","r","NorESM2-LM","RMSE Score","MeanState","global","score","1","0.627859","30.0"
"F","o","r","NorESM2-LM","Overall Score","MeanState","global","score","1","0.74203","30.0"
"F","o","r","UKESM1-0-LL","Benchmark Period Mean (intersection)","MeanState","global","scalar","mm d-1","2.37831","30.0"
"F","o","r","UKESM1-0-LL","Benchmark Period Mean (complement)","MeanState","global","scalar","mm d-1","nan","30.0"
"F","o","r","UKESM1-0-LL","Period Mean (original grids)","MeanState","global","scalar","mm d-1","2.49912","30.0"
"F","o","r","UKESM1-0-LL","Model Period Mean (intersection)","MeanState","global","scalar","mm d-1","2.31247","30.0"
"F","o","r","UKESM1-0-LL","Model Period Mean (complement)","MeanState","global","scalar","mm d-1","nan","30.0"
"F","o","r","UKESM1-0-LL","Spatial Distribution Score","MeanState","global","score","1","0.951004","30.0"
"F","o","r","UKESM1-0-LL","Phase Shift","MeanState","global","scalar","months","1.33107","30.0"
"F","o","r","UKESM1-0-LL","Seasonal Cycle Score","MeanState","global","score","1","0.82986","30.0"
"F","o","r","UKESM1-0-LL","Bias","MeanState","global","scalar","mm d-1","-0.0677622","30.0"
"F","o","r","UKESM1-0-LL","Bias Score","MeanState","global","score","1","0.712883","30.0"
"F","o","r","UKESM1-0-LL","RMSE","MeanState","global","scalar","mm d-1","1.08396","30.0"
"F","o","r","UKESM1-0-LL","RMSE Score","MeanState","global","score","1","0.642158","30.0"
"F","o","r","UKESM1-0-LL","Overall Score","MeanState","global","score","1","0.755612","30.0"
"F","o","r","ENSEMBLE-CMIP6","Benchmark Period Mean (intersection)","MeanState","global","scalar","mm d-1","2.38487","30.0"
"F","o","r","ENSEMBLE-CMIP6","Benchmark Period Mean (complement)","MeanState","global","scalar","mm d-1","nan","30.0"
"F","o","r","ENSEMBLE-CMIP6","Period Mean (original grids)","MeanState","global","scalar","mm d-1","2.41994","30.0"
"F","o","r","ENSEMBLE-CMIP6","Model Period Mean (intersection)","MeanState","global","scalar","mm d-1","2.40798","30.0"
"F","o","r","ENSEMBLE-CMIP6","Model Period Mean (complement)","MeanState","global","scalar","mm d-1","nan","30.0"
"F","o","r","ENSEMBLE-CMIP6","Spatial Distribution Score","MeanState","global","score","1","0.947184","30.0"
"F","o","r","ENSEMBLE-CMIP6","Phase Shift","MeanState","global","scalar","months","1.16362","30.0"
"F","o","r","ENSEMBLE-CMIP6","Seasonal Cycle Score","MeanState","global","score","1","0.864176","30.0"
"F","o","r","ENSEMBLE-CMIP6","Bias","MeanState","global","scalar","mm d-1","0.0244738","30.0"
"F","o","r","ENSEMBLE-CMIP6","Bias Score","MeanState","global","score","1","0.726713","30.0"
"F","o","r","ENSEMBLE-CMIP6","RMSE","MeanState","global","scalar","mm d-1","0.921136","30.0"
"F","o","r","ENSEMBLE-CMIP6","RMSE Score","MeanState","global","score","1","0.699771","30.0"
"F","o","r","ENSEMBLE-CMIP6","Overall Score","MeanState","global","score","1","0.787523","30.0"
"F","o","r","NorESM2-LM","Benchmark Period Mean (intersection)","MeanState","global","scalar","mm d-1","2.26003","40.0"
"F","o","r","NorESM2-LM","Benchmark Period Mean (complement)","MeanState","global","scalar","mm d-1","nan","40.0"
"F","o","r","NorESM2-LM","Period Mean (original grids)","MeanState","global","scalar","mm d-1","2.39899","40.0"
"F","o","r","NorESM2-LM","Model Period Mean (intersection)","MeanState","global","scalar","mm d-1","2.34987","40.0"
"F","o","r","NorESM2-LM","Model Period Mean (complement)","MeanState","global","scalar","mm d-1","1.7147","40.0"
"F","o","r","NorESM2-LM","Spatial Distribution Score","MeanState","global","score","1","0.944859","40.0"
"F","o","r","NorESM2-LM","Phase Shift","MeanState","global","scalar","months","1.32623","40.0"
"F","o","r","NorESM2-LM","Seasonal Cycle Score","MeanState","global","score","1","0.835216","40.0"
"F","o","r","NorESM2-LM","Bias","MeanState","global","scalar","mm d-1","0.0828034","40.0"
"F","o","r","NorESM2-LM","Bias Score","MeanState","global","score","1","0.704243","40.0"
"F","o","r","NorESM2-LM","RMSE","MeanState","global","scalar","mm d-1","1.24506","40.0"
"F","o","r","NorESM2-LM","RMSE Score","MeanState","global","score","1","0.618473","40.0"
"F","o","r","NorESM2-LM","Overall Score","MeanState","global","score","1","0.744253","40.0"
"F","o","r","CESM2","Benchmark Period Mean (intersection)","MeanState","global","scalar","mm d-1","2.26003","40.0"
"F","o","r","CESM2","Benchmark Period Mean (complement)","MeanState","global","scalar","mm d-1","nan","40.0"
"F","o","r","CESM2","Period Mean (original grids)","MeanState","global","scalar","mm d-1","2.51889","40.0"
"F","o","r","CESM2","Model Period Mean (intersection)","MeanState","global","scalar","mm d-1","2.49895","40.0"
"F","o","r","CESM2","Model Period Mean (complement)","MeanState","global","scalar","mm d-1","1.70747","40.0"
"F","o","r","CESM2","Spatial Distribution Score","MeanState","global","score","1","0.962579","40.0"
"F","o","r","CESM2","Phase Shift","MeanState","global","scalar","months","1.28881","40.0"
"F","o","r","CESM2","Seasonal Cycle Score","MeanState","global","score","1","0.843014","40.0"
"F","o","r","CESM2","Bias","MeanState","global","scalar","mm d-1","0.237628","40.0"
"F","o","r","CESM2","Bias Score","MeanState","global","score","1","0.718718","40.0"
"F","o","r","CESM2","RMSE","MeanState","global","scalar","mm d-1","1.17072","40.0"
"F","o","r","CESM2","RMSE Score","MeanState","global","score","1","0.634829","40.0"
"F","o","r","CESM2","Overall Score","MeanState","global","score","1","0.758794","40.0"
"F","o","r","ACCESS-ESM1-5","Benchmark Period Mean (intersection)","MeanState","global","scalar","mm d-1","2.26003","40.0"
"F","o","r","ACCESS-ESM1-5","Benchmark Period Mean (complement)","MeanState","global","scalar","mm d-1","nan","40.0"
"F","o","r","ACCESS-ESM1-5","Period Mean (original grids)","MeanState","global","scalar","mm d-1","2.82459","40.0"
"F","o","r","ACCESS-ESM1-5","Model Period Mean (intersection)","MeanState","global","scalar","mm d-1","2.80266","40.0"
"F","o","r","ACCESS-ESM1-5","Model Period Mean (complement)","MeanState","global","scalar","mm d-1","1.77021","40.0"
"F","o","r","ACCESS-ESM1-5","Spatial Distribution Score","MeanState","global","score","1","0.92778","40.0"
"F","o","r","ACCESS-ESM1-5","Phase Shift","MeanState","global","scalar","months","1.47897","40.0"
"F","o","r","ACCESS-ESM1-5","Seasonal Cycle Score","MeanState","global","score","1","0.810253","40.0"
"F","o","r","ACCESS-ESM1-5","Bias","MeanState","global","scalar","mm d-1","0.543693","40.0"
"F","o","r","ACCESS-ESM1-5","Bias Score","MeanState","global","score","1","0.627248","40.0"
"F","o","r","ACCESS-ESM1-5","RMSE","MeanState","global","scalar","mm d-1","1.57307","40.0"
"F","o","r","ACCESS-ESM1-5","RMSE Score","MeanState","global","score","1","0.561052","40.0"
"F","o","r","ACCESS-ESM1-5","Overall Score","MeanState","global","score","1","0.697477","40.0"
"F","o","r","ENSEMBLE-CMIP6","Benchmark Period Mean (intersection)","MeanState","global","scalar","mm d-1","2.26003","40.0"
"F","o","r","ENSEMBLE-CMIP6","Benchmark Period Mean (complement)","MeanState","global","scalar","mm d-1","nan","40.0"
"F","o","r","ENSEMBLE-CMIP6","Period Mean (original grids)","MeanState","global","scalar","mm d-1","2.42017","40.0"
"F","o","r","ENSEMBLE-CMIP6","Model Period Mean (intersection)","MeanState","global","scalar","mm d-1","2.5294","40.0"
"F","o","r","ENSEMBLE-CMIP6","Model Period Mean (complement)","MeanState","global","scalar","mm d-1","1.72634","40.0"
"F","o","r","ENSEMBLE-CMIP6","Spatial Distribution Score","MeanState","global","score","1","0.958492","40.0"
"F","o","r","ENSEMBLE-CMIP6","Phase Shift","MeanState","global","scalar","months","1.14737","40.0"
"F","o","r","ENSEMBLE-CMIP6","Seasonal Cycle Score","MeanState","global","score","1","0.85285","40.0"
"F","o","r","ENSEMBLE-CMIP6","Bias","MeanState","global","scalar","mm d-1","0.269355","40.0"
"F","o","r","ENSEMBLE-CMIP6","Bias Score","MeanState","global","score","1","0.711561","40.0"
"F","o","r","ENSEMBLE-CMIP6","RMSE","MeanState","global","scalar","mm d-1","1.08077","40.0"
"F","o","r","ENSEMBLE-CMIP6","RMSE Score","MeanState","global","score","1","0.680614","40.0"
"F","o","r","ENSEMBLE-CMIP6","Overall Score","MeanState","global","score","1","0.776826","40.0"
"F","o","r","UKESM1-0-LL","Benchmark Period Mean (intersection)","MeanState","global","scalar","mm d-1","2.26003","40.0"
"F","o","r","UKESM1-0-LL","Benchmark Period Mean (complement)","MeanState","global","scalar","mm d-1","nan","40.0"
"F","o","r","UKESM1-0-LL","Period Mean (original grids)","MeanState","global","scalar","mm d-1","2.49984","40.0"
"F","o","r","UKESM1-0-LL","Model Period Mean (intersection)","MeanState","global","scalar","mm d-1","2.42663","40.0"
"F","o","r","UKESM1-0-LL","Model Period Mean (complement)","MeanState","global","scalar","mm d-1","1.74366","40.0"
"F","o","r","UKESM1-0-LL","Spatial Distribution Score","MeanState","global","score","1","0.956932","40.0"
"F","o","r","UKESM1-0-LL","Phase Shift","MeanState","global","scalar","months","1.3223","40.0"
"F","o","r","UKESM1-0-LL","Seasonal Cycle Score","MeanState","global","score","1","0.819895","40.0"
"F","o","r","UKESM1-0-LL","Bias","MeanState","global","scalar","mm d-1","0.166616","40.0"
"F","o","r","UKESM1-0-LL","Bias Score","MeanState","global","score","1","0.712997","40.0"
"F","o","r","UKESM1-0-LL","RMSE","MeanState","global","scalar","mm d-1","1.19932","40.0"
"F","o","r","UKESM1-0-LL","RMSE Score","MeanState","global","score","1","0.629887","40.0"
"F","o","r","UKESM1-0-LL","Overall Score","MeanState","global","score","1","0.74992","40.0"
"F","o","r","UKESM1-0-LL","Benchmark Period Mean (intersection)","MeanState","global","scalar","mm d-1","2.30043","40.0"
"F","o","r","UKESM1-0-LL","Benchmark Period Mean (complement)","MeanState","global","scalar","mm d-1","nan","40.0"
"F","o","r","UKESM1-0-LL","Period Mean (original grids)","MeanState","global","scalar","mm d-1","2.49912","40.0"
"F","o","r","UKESM1-0-LL","Model Period Mean (intersection)","MeanState","global","scalar","mm d-1","2.32486","40.0"
"F","o","r","UKESM1-0-LL","Model Period Mean (complement)","MeanState","global","scalar","mm d-1","nan","40.0"
"F","o","r","UKESM1-0-LL","Spatial Distribution Score","MeanState","global","score","1","0.955362","40.0"
"F","o","r","UKESM1-0-LL","Phase Shift","MeanState","global","scalar","months","1.45485","40.0"
"F","o","r","UKESM1-0-LL","Seasonal Cycle Score","MeanState","global","score","1","0.826056","40.0"
"F","o","r","UKESM1-0-LL","Bias","MeanState","global","scalar","mm d-1","0.0234362","40.0"
"F","o","r","UKESM1-0-LL","Bias Score","MeanState","global","score","1","0.706105","40.0"
"F","o","r","UKESM1-0-LL","RMSE","MeanState","global","scalar","mm d-1","1.09028","40.0"
"F","o","r","UKESM1-0-LL","RMSE Score","MeanState","global","score","1","0.617983","40.0"
"F","o","r","UKESM1-0-LL","Overall Score","MeanState","global","score","1","0.744698","40.0"
"F","o","r","ENSEMBLE-CMIP6","Benchmark Period Mean (intersection)","MeanState","global","scalar","mm d-1","2.30043","40.0"
"F","o","r","ENSEMBLE-CMIP6","Benchmark Period Mean (complement)","MeanState","global","scalar","mm d-1","nan","40.0"
"F","o","r","ENSEMBLE-CMIP6","Period Mean (original grids)","MeanState","global","scalar","mm d-1","2.41994","40.0"
"F","o","r","ENSEMBLE-CMIP6","Model Period Mean (intersection)","MeanState","global","scalar","mm d-1","2.41026","40.0"
"F","o","r","ENSEMBLE-CMIP6","Model Period Mean (complement)","MeanState","global","scalar","mm d-1","nan","40.0"
"F","o","r","ENSEMBLE-CMIP6","Spatial Distribution Score","MeanState","global","score","1","0.972906","40.0"
"F","o","r","ENSEMBLE-CMIP6","Phase Shift","MeanState","global","scalar","months","1.31294","40.0"
"F","o","r","ENSEMBLE-CMIP6","Seasonal Cycle Score","MeanState","global","score","1","0.853098","40.0"
"F","o","r","ENSEMBLE-CMIP6","Bias","MeanState","global","scalar","mm d-1","0.109029","40.0"
"F","o","r","ENSEMBLE-CMIP6","Bias Score","MeanState","global","score","1","0.721347","40.0"
"F","o","r","ENSEMBLE-CMIP6","RMSE","MeanState","global","scalar","mm d-1","0.908279","40.0"
"F","o","r","ENSEMBLE-CMIP6","RMSE Score","MeanState","global","score","1","0.682194","40.0"
"F","o","r","ENSEMBLE-CMIP6","Overall Score","MeanState","global","score","1","0.782348","40.0"
"F","o","r","NorESM2-LM","Benchmark Period Mean (intersection)","MeanState","global","scalar","mm d-1","2.30043","40.0"
"F","o","r","NorESM2-LM","Benchmark Period Mean (complement)","MeanState","global","scalar","mm d-1","nan","40.0"
"F","o","r","NorESM2-LM","Period Mean (original grids)","MeanState","global","scalar","mm d-1","2.40186","40.0"
"F","o","r","NorESM2-LM","Model Period Mean (intersection)","MeanState","global","scalar","mm d-1","2.25825","40.0"
"F","o","r","NorESM2-LM","Model Period Mean (complement)","MeanState","global","scalar","mm d-1","nan","40.0"
"F","o","r","NorESM2-LM","Spatial Distribution Score","MeanState","global","score","1","0.966697","40.0"
"F","o","r","NorESM2-LM","Phase Shift","MeanState","global","scalar","months","1.41112","40.0"
"F","o","r","NorESM2-LM","Seasonal Cycle Score","MeanState","global","score","1","0.839693","40.0"
"F","o","r","NorESM2-LM","Bias","MeanState","global","scalar","mm d-1","-0.0458065","40.0"
"F","o","r","NorESM2-LM","Bias Score","MeanState","global","score","1","0.697824","40.0"
"F","o","r","NorESM2-LM","RMSE","MeanState","global","scalar","mm d-1","1.08312","40.0"
"F","o","r","NorESM2-LM","RMSE Score","MeanState","global","score","1","0.62077","40.0"
"F","o","r","NorESM2-LM","Overall Score","MeanState","global","score","1","0.749151","40.0"
"F","o","r","CESM2","Benchmark Period Mean (intersection)","MeanState","global","scalar","mm d-1","2.30043","40.0"
"F","o","r","CESM2","Benchmark Period Mean (complement)","MeanState","global","scalar","mm d-1","nan","40.0"
"F","o","r","CESM2","Period Mean (original grids)","MeanState","global","scalar","mm d-1","2.51689","40.0"
"F","o","r","CESM2","Model Period Mean (intersection)","MeanState","global","scalar","mm d-1","2.37951","40.0"
"F","o","r","CESM2","Model Period Mean (complement)","MeanState","global","scalar","mm d-1","nan","40.0"
"F","o","r","CESM2","Spatial Distribution Score","MeanState","global","score","1","0.961325","40.0"
"F","o","r","CESM2","Phase Shift","MeanState","global","scalar","months","1.40878","40.0"
"F","o","r","CESM2","Seasonal Cycle Score","MeanState","global","score","1","0.845752","40.0"
"F","o","r","CESM2","Bias","MeanState","global","scalar","mm d-1","0.0796521","40.0"
"F","o","r","CESM2","Bias Score","MeanState","global","score","1","0.700549","40.0"
"F","o","r","CESM2","RMSE","MeanState","global","scalar","mm d-1","1.04398","40.0"
"F","o","r","CESM2","RMSE Score","MeanState","global","score","1","0.632079","40.0"
"F","o","r","CESM2","Overall Score","MeanState","global","score","1","0.754357","40.0"
"F","o","r","ACCESS-ESM1-5","Benchmark Period Mean (intersection)","MeanState","global","scalar","mm d-1","2.30043","40.0"
"F","o","r","ACCESS-ESM1-5","Benchmark Period Mean (complement)","MeanState","global","scalar","mm d-1","nan","40.0"
"F","o","r","ACCESS-ESM1-5","Period Mean (original grids)","MeanState","global","scalar","mm d-1","2.82432","40.0"
"F","o","r","ACCESS-ESM1-5","Model Period Mean (intersection)","MeanState","global","scalar","mm d-1","2.64918","40.0"
"F","o","r","ACCESS-ESM1-5","Model Period Mean (complement)","MeanState","global","scalar","mm d-1","nan","40.0"
"F","o","r","ACCESS-ESM1-5","Spatial Distribution Score","MeanState","global","score","1","0.916601","40.0"
"F","o","r","ACCESS-ESM1-5","Phase Shift","MeanState","global","scalar","months","1.68646","40.0"
"F","o","r","ACCESS-ESM1-5","Seasonal Cycle Score","MeanState","global","score","1","0.79722","40.0"
"F","o","r","ACCESS-ESM1-5","Bias","MeanState","global","scalar","mm d-1","0.34784","40.0"
"F","o","r","ACCESS-ESM1-5","Bias Score","MeanState","global","score","1","0.654197","40.0"
"F","o","r","ACCESS-ESM1-5","RMSE","MeanState","global","scalar","mm d-1","1.38561","40.0"
"F","o","r","ACCESS-ESM1-5","RMSE Score","MeanState","global","score","1","0.545095","40.0"
"F","o","r","ACCESS-ESM1-5","Overall Score","MeanState","global","score","1","0.691641","40.0"
"F","o","r","UKESM1-0-LL","Benchmark Period Mean (intersection)","MeanState","global","scalar","mm d-1","2.04289","40.0"
"F","o","r","UKESM1-0-LL","Benchmark Period Mean (complement)","MeanState","global","scalar","mm d-1","nan","40.0"
"F","o","r","UKESM1-0-LL","Period Mean (original grids)","MeanState","global","scalar","mm d-1","2.49912","40.0"
"F","o","r","UKESM1-0-LL","Model Period Mean (intersection)","MeanState","global","scalar","mm d-1","2.32505","40.0"
"F","o","r","UKESM1-0-LL","Model Period Mean (complement)","MeanState","global","scalar","mm d-1","0.945067","40.0"
"F","o","r","UKESM1-0-LL","Spatial Distribution Score","MeanState","global","score","1","0.904842","40.0"
"F","o","r","UKESM1-0-LL","Phase Shift","MeanState","global","scalar","months","1.49158","40.0"
"F","o","r","UKESM1-0-LL","Seasonal Cycle Score","MeanState","global","score","1","0.815008","40.0"
"F","o","r","UKESM1-0-LL","Bias","MeanState","global","scalar","mm d-1","0.281352","40.0"
"F","o","r","UKESM1-0-LL","Bias Score","MeanState","global","score","1","0.692547","40.0"
"F","o","r","UKESM1-0-LL","RMSE","MeanState","global","scalar","mm d-1","1.15897","40.0"
"F","o","r","UKESM1-0-LL","RMSE Score","MeanState","global","score","1","0.604697","40.0"
"F","o","r","UKESM1-0-LL","Overall Score","MeanState","global","score","1","0.724358","40.0"
"F","o","r","NorESM2-LM","Benchmark Period Mean (intersection)","MeanState","global","scalar","mm d-1","2.04289","40.0"
"F","o","r","NorESM2-LM","Benchmark Period Mean (complement)","MeanState","global","scalar","mm d-1","nan","40.0"
"F","o","r","NorESM2-LM","Period Mean (original grids)","MeanState","global","scalar","mm d-1","2.40186","40.0"
"F","o","r","NorESM2-LM","Model Period Mean (intersection)","MeanState","global","scalar","mm d-1","2.2584","40.0"
"F","o","r","NorESM2-LM","Model Period Mean (complement)","MeanState","global","scalar","mm d-1","1.12876","40.0"
"F","o","r","NorESM2-LM","Spatial Distribution Score","MeanState","global","score","1","0.950456","40.0"
"F","o","r","NorESM2-LM","Phase Shift","MeanState","global","scalar","months","1.42146","40.0"
"F","o","r","NorESM2-LM","Seasonal Cycle Score","MeanState","global","score","1","0.837535","40.0"
"F","o","r","NorESM2-LM","Bias","MeanState","global","scalar","mm d-1","0.211876","40.0"
"F","o","r","NorESM2-LM","Bias Score","MeanState","global","score","1","0.704563","40.0"
"F","o","r","NorESM2-LM","RMSE","MeanState","global","scalar","mm d-1","1.11762","40.0"
"F","o","r","NorESM2-LM","RMSE Score","MeanState","global","score","1","0.608906","40.0"
"F","o","r","NorESM2-LM","Overall Score","MeanState","global","score","1","0.742073","40.0"
"F","o","r","ACCESS-ESM1-5","Benchmark Period Mean (intersection)","MeanState","global","scalar","mm d-1","2.04289","40.0"
"F","o","r","ACCESS-ESM1-5","Benchmark Period Mean (complement)","MeanState","global","scalar","mm d-1","nan","40.0"
"F","o","r","ACCESS-ESM1-5","Period Mean (original grids)","MeanState","global","scalar","mm d-1","2.82432","40.0"
"F","o","r","ACCESS-ESM1-5","Model Period Mean (intersection)","MeanState","global","scalar","mm d-1","2.64939","40.0"
"F","o","r","ACCESS-ESM1-5","Model Period Mean (complement)","MeanState","global","scalar","mm d-1","1.11972","40.0"
"F","o","r","ACCESS-ESM1-5","Spatial Distribution Score","MeanState","global","score","1","0.84047","40.0"
"F","o","r","ACCESS-ESM1-5","Phase Shift","MeanState","global","scalar","months","1.61815","40.0"
"F","o","r","ACCESS-ESM1-5","Seasonal Cycle Score","MeanState","global","score","1","0.804604","40.0"
"F","o","r","ACCESS-ESM1-5","Bias","MeanState","global","scalar","mm d-1","0.605912","40.0"
"F","o","r","ACCESS-ESM1-5","Bias Score","MeanState","global","score","1","0.597012","40.0"
"F","o","r","ACCESS-ESM1-5","RMSE","MeanState","global","scalar","mm d-1","1.51901","40.0"
"F","o","r","ACCESS-ESM1-5","RMSE Score","MeanState","global","score","1","0.532872","40.0"
"F","o","r","ACCESS-ESM1-5","Overall Score","MeanState","global","score","1","0.661566","40.0"
"F","o","r","CESM2","Benchmark Period Mean (intersection)","MeanState","global","scalar","mm d-1","2.04289","40.0"
"F","o","r","CESM2","Benchmark Period Mean (complement)","MeanState","global","scalar","mm d-1","nan","40.0"
"F","o","r","CESM2","Period Mean (original grids)","MeanState","global","scalar","mm d-1","2.51689","40.0"
"F","o","r","CESM2","Model Period Mean (intersection)","MeanState","global","scalar","mm d-1","2.37969","40.0"
"F","o","r","CESM2","Model Period Mean (complement)","MeanState","global","scalar","mm d-1","1.11004","40.0"
"F","o","r","CESM2","Spatial Distribution Score","MeanState","global","score","1","0.911295","40.0"
"F","o","r","CESM2","Phase Shift","MeanState","global","scalar","months","1.40512","40.0"
"F","o","r","CESM2","Seasonal Cycle Score","MeanState","global","score","1","0.840594","40.0"
"F","o","r","CESM2","Bias","MeanState","global","scalar","mm d-1","0.33779","40.0"
"F","o","r","CESM2","Bias Score","MeanState","global","score","1","0.701548","40.0"
"F","o","r","CESM2","RMSE","MeanState","global","scalar","mm d-1","1.12032","40.0"
"F","o","r","CESM2","RMSE Score","MeanState","global","score","1","0.614804","40.0"
"F","o","r","CESM2","Overall Score","MeanState","global","score","1","0.736609","40.0"
"F","o","r","ENSEMBLE-CMIP6","Benchmark Period Mean (intersection)","MeanState","global","scalar","mm d-1","2.04289","40.0"
"F","o","r","ENSEMBLE-CMIP6","Benchmark Period Mean (complement)","MeanState","global","scalar","mm d-1","nan","40.0"
"F","o","r","ENSEMBLE-CMIP6","Period Mean (original grids)","MeanState","global","scalar","mm d-1","2.41994","40.0"
"F","o","r","ENSEMBLE-CMIP6","Model Period Mean (intersection)","MeanState","global","scalar","mm d-1","2.41043","40.0"
"F","o","r","ENSEMBLE-CMIP6","Model Period Mean (complement)","MeanState","global","scalar","mm d-1","1.11539","40.0"
"F","o","r","ENSEMBLE-CMIP6","Spatial Distribution Score","MeanState","global","score","1","0.942656","40.0"
"F","o","r","ENSEMBLE-CMIP6","Phase Shift","MeanState","global","scalar","months","1.31276","40.0"
"F","o","r","ENSEMBLE-CMIP6","Seasonal Cycle Score","MeanState","global","score","1","0.849101","40.0"
"F","o","r","ENSEMBLE-CMIP6","Bias","MeanState","global","scalar","mm d-1","0.367101","40.0"
"F","o","r","ENSEMBLE-CMIP6","Bias Score","MeanState","global","score","1","0.701837","40.0"
"F","o","r","ENSEMBLE-CMIP6","RMSE","MeanState","global","scalar","mm d-1","0.983341","40.0"
"F","o","r","ENSEMBLE-CMIP6","RMSE Score","MeanState","global","score","1","0.674306","40.0"
"F","o","r","ENSEMBLE-CMIP6","Overall Score","MeanState","global","score","1","0.768441","40.0"
"F","o","r","ENSEMBLE-CMIP6","Benchmark Period Mean (intersection)","MeanState","global","scalar","mm d-1","2.02015","30.0"
"F","o","r","ENSEMBLE-CMIP6","Benchmark Period Mean (complement)","MeanState","global","scalar","mm d-1","nan","30.0"
"F","o","r","ENSEMBLE-CMIP6","Period Mean (original grids)","MeanState","global","scalar","mm d-1","2.43129","30.0"
"F","o","r","ENSEMBLE-CMIP6","Model Period Mean (intersection)","MeanState","global","scalar","mm d-1","2.44766","30.0"
"F","o","r","ENSEMBLE-CMIP6","Model Period Mean (complement)","MeanState","global","scalar","mm d-1","2.36171","30.0"
"F","o","r","ENSEMBLE-CMIP6","Spatial Distribution Score","MeanState","global","score","1","0.964245","30.0"
"F","o","r","ENSEMBLE-CMIP6","Phase Shift","MeanState","global","scalar","months","1.22741","30.0"
"F","o","r","ENSEMBLE-CMIP6","Seasonal Cycle Score","MeanState","global","score","1","0.862892","30.0"
"F","o","r","ENSEMBLE-CMIP6","Bias","MeanState","global","scalar","mm d-1","0.427613","30.0"
"F","o","r","ENSEMBLE-CMIP6","Bias Score","MeanState","global","score","1","0.669008","30.0"
"F","o","r","ENSEMBLE-CMIP6","RMSE","MeanState","global","scalar","mm d-1","1.0904","30.0"
"F","o","r","ENSEMBLE-CMIP6","RMSE Score","MeanState","global","score","1","0.621875","30.0"
"F","o","r","ENSEMBLE-CMIP6","Overall Score","MeanState","global","score","1","0.747979","30.0"
"F","o","r","ACCESS-ESM1-5","Benchmark Period Mean (intersection)","MeanState","global","scalar","mm d-1","2.02015","30.0"
"F","o","r","ACCESS-ESM1-5","Benchmark Period Mean (complement)","MeanState","global","scalar","mm d-1","nan","30.0"
"F","o","r","ACCESS-ESM1-5","Period Mean (original grids)","MeanState","global","scalar","mm d-1","2.8201","30.0"
"F","o","r","ACCESS-ESM1-5","Model Period Mean (intersection)","MeanState","global","scalar","mm d-1","2.74882","30.0"
"F","o","r","ACCESS-ESM1-5","Model Period Mean (complement)","MeanState","global","scalar","mm d-1","2.45852","30.0"
"F","o","r","ACCESS-ESM1-5","Spatial Distribution Score","MeanState","global","score","1","0.881004","30.0"
"F","o","r","ACCESS-ESM1-5","Phase Shift","MeanState","global","scalar","months","1.57204","30.0"
"F","o","r","ACCESS-ESM1-5","Seasonal Cycle Score","MeanState","global","score","1","0.816634","30.0"
"F","o","r","ACCESS-ESM1-5","Bias","MeanState","global","scalar","mm d-1","0.729606","30.0"
"F","o","r","ACCESS-ESM1-5","Bias Score","MeanState","global","score","1","0.575985","30.0"
"F","o","r","ACCESS-ESM1-5","RMSE","MeanState","global","scalar","mm d-1","1.65354","30.0"
"F","o","r","ACCESS-ESM1-5","RMSE Score","MeanState","global","score","1","0.488042","30.0"
"F","o","r","ACCESS-ESM1-5","Overall Score","MeanState","global","score","1","0.649941","30.0"
"F","o","r","UKESM1-0-LL","Benchmark Period Mean (intersection)","MeanState","global","scalar","mm d-1","2.02015","30.0"
"F","o","r","UKESM1-0-LL","Benchmark Period Mean (complement)","MeanState","global","scalar","mm d-1","nan","30.0"
"F","o","r","UKESM1-0-LL","Period Mean (original grids)","MeanState","global","scalar","mm d-1","2.50565","30.0"
"F","o","r","UKESM1-0-LL","Model Period Mean (intersection)","MeanState","global","scalar","mm d-1","2.33248","30.0"
"F","o","r","UKESM1-0-LL","Model Period Mean (complement)","MeanState","global","scalar","mm d-1","2.34321","30.0"
"F","o","r","UKESM1-0-LL","Spatial Distribution Score","MeanState","global","score","1","0.952624","30.0"
"F","o","r","UKESM1-0-LL","Phase Shift","MeanState","global","scalar","months","1.4308","30.0"
"F","o","r","UKESM1-0-LL","Seasonal Cycle Score","MeanState","global","score","1","0.81881","30.0"
"F","o","r","UKESM1-0-LL","Bias","MeanState","global","scalar","mm d-1","0.312299","30.0"
"F","o","r","UKESM1-0-LL","Bias Score","MeanState","global","score","1","0.685454","30.0"
"F","o","r","UKESM1-0-LL","RMSE","MeanState","global","scalar","mm d-1","1.24794","30.0"
"F","o","r","UKESM1-0-LL","RMSE Score","MeanState","global","score","1","0.540656","30.0"
"F","o","r","UKESM1-0-LL","Overall Score","MeanState","global","score","1","0.70764","30.0"
"F","o","r","NorESM2-LM","Benchmark Period Mean (intersection)","MeanState","global","scalar","mm d-1","2.02015","30.0"
"F","o","r","NorESM2-LM","Benchmark Period Mean (complement)","MeanState","global","scalar","mm d-1","nan","30.0"
"F","o","r","NorESM2-LM","Period Mean (original grids)","MeanState","global","scalar","mm d-1","2.40394","30.0"
"F","o","r","NorESM2-LM","Model Period Mean (intersection)","MeanState","global","scalar","mm d-1","2.24758","30.0"
"F","o","r","NorESM2-LM","Model Period Mean (complement)","MeanState","global","scalar","mm d-1","2.28633","30.0"
"F","o","r","NorESM2-LM","Spatial Distribution Score","MeanState","global","score","1","0.955542","30.0"
"F","o","r","NorESM2-LM","Phase Shift","MeanState","global","scalar","months","1.48637","30.0"
"F","o","r","NorESM2-LM","Seasonal Cycle Score","MeanState","global","score","1","0.821816","30.0"
"F","o","r","NorESM2-LM","Bias","MeanState","global","scalar","mm d-1","0.22003","30.0"
"F","o","r","NorESM2-LM","Bias Score","MeanState","global","score","1","0.678703","30.0"
"F","o","r","NorESM2-LM","RMSE","MeanState","global","scalar","mm d-1","1.25289","30.0"
"F","o","r","NorESM2-LM","RMSE Score","MeanState","global","score","1","0.546345","30.0"
"F","o","r","NorESM2-LM","Overall Score","MeanState","global","score","1","0.70975","30.0"
"F","o","r","CESM2","Benchmark Period Mean (intersection)","MeanState","global","scalar","mm d-1","2.02015","30.0"
"F","o","r","CESM2","Benchmark Period Mean (complement)","MeanState","global","scalar","mm d-1","nan","30.0"
"F","o","r","CESM2","Period Mean (original grids)","MeanState","global","scalar","mm d-1","2.54337","30.0"
"F","o","r","CESM2","Model Period Mean (intersection)","MeanState","global","scalar","mm d-1","2.41038","30.0"
"F","o","r","CESM2","Model Period Mean (complement)","MeanState","global","scalar","mm d-1","2.40465","30.0"
"F","o","r","CESM2","Spatial Distribution Score","MeanState","global","score","1","0.951115","30.0"
"F","o","r","CESM2","Phase Shift","MeanState","global","scalar","months","1.41849","30.0"
"F","o","r","CESM2","Seasonal Cycle Score","MeanState","global","score","1","0.838088","30.0"
"F","o","r","CESM2","Bias","MeanState","global","scalar","mm d-1","0.391345","30.0"
"F","o","r","CESM2","Bias Score","MeanState","global","score","1","0.684628","30.0"
"F","o","r","CESM2","RMSE","MeanState","global","scalar","mm d-1","1.24892","30.0"
"F","o","r","CESM2","RMSE Score","MeanState","global","score","1","0.554634","30.0"
"F","o","r","CESM2","Overall Score","MeanState","global","score","1","0.716619","30.0"
"F","o","r","CESM2","Benchmark Period Mean (intersection)","MeanState","global","scalar","K","286.756","50.0"
"F","o","r","CESM2","Benchmark Period Mean (complement)","MeanState","global","scalar","K","nan","50.0"
"F","o","r","CESM2","Period Mean (original grids)","MeanState","global","scalar","K","286.735","50.0"
"F","o","r","CESM2","Model Period Mean (intersection)","MeanState","global","scalar","K","287.683","50.0"
"F","o","r","CESM2","Model Period Mean (complement)","MeanState","global","scalar","K","263.952","50.0"
"F","o","r","CESM2","Spatial Distribution Score","MeanState","global","score","1","0.999473","50.0"
"F","o","r","CESM2","Phase Shift","MeanState","global","scalar","months","0.538219","50.0"
"F","o","r","CESM2","Seasonal Cycle Score","MeanState","global","score","1","0.944393","50.0"
"F","o","r","CESM2","Bias","MeanState","global","scalar","K","0.928638","50.0"
"F","o","r","CESM2","Bias Score","MeanState","global","score","1","0.723715","50.0"
"F","o","r","CESM2","RMSE","MeanState","global","scalar","K","2.27687","50.0"
"F","o","r","CESM2","RMSE Score","MeanState","global","score","1","0.757601","50.0"
"F","o","r","CESM2","Overall Score","MeanState","global","score","1","0.836557","50.0"
"F","o","r","ACCESS-ESM1-5","Benchmark Period Mean (intersection)","MeanState","global","scalar","K","286.756","50.0"
"F","o","r","ACCESS-ESM1-5","Benchmark Period Mean (complement)","MeanState","global","scalar","K","nan","50.0"
"F","o","r","ACCESS-ESM1-5","Period Mean (original grids)","MeanState","global","scalar","K","287.15","50.0"
"F","o","r","ACCESS-ESM1-5","Model Period Mean (intersection)","MeanState","global","scalar","K","287.351","50.0"
"F","o","r","ACCESS-ESM1-5","Model Period Mean (complement)","MeanState","global","scalar","K","265.359","50.0"
"F","o","r","ACCESS-ESM1-5","Spatial Distribution Score","MeanState","global","score","1","0.999273","50.0"
"F","o","r","ACCESS-ESM1-5","Phase Shift","MeanState","global","scalar","months","0.495998","50.0"
"F","o","r","ACCESS-ESM1-5","Seasonal Cycle Score","MeanState","global","score","1","0.943758","50.0"
"F","o","r","ACCESS-ESM1-5","Bias","MeanState","global","scalar","K","0.596477","50.0"
"F","o","r","ACCESS-ESM1-5","Bias Score","MeanState","global","score","1","0.686089","50.0"
"F","o","r","ACCESS-ESM1-5","RMSE","MeanState","global","scalar","K","2.55094","50.0"
"F","o","r","ACCESS-ESM1-5","RMSE Score","MeanState","global","score","1","0.72625","50.0"
"F","o","r","ACCESS-ESM1-5","Overall Score","MeanState","global","score","1","0.816324","50.0"
"F","o","r","NorESM2-LM","Benchmark Period Mean (intersection)","MeanState","global","scalar","K","286.756","50.0"
"F","o","r","NorESM2-LM","Benchmark Period Mean (complement)","MeanState","global","scalar","K","nan","50.0"
"F","o","r","NorESM2-LM","Period Mean (original grids)","MeanState","global","scalar","K","286.62","50.0"
"F","o","r","NorESM2-LM","Model Period Mean (intersection)","MeanState","global","scalar","K","287.545","50.0"
"F","o","r","NorESM2-LM","Model Period Mean (complement)","MeanState","global","scalar","K","263.919","50.0"
"F","o","r","NorESM2-LM","Spatial Distribution Score","MeanState","global","score","1","0.9997","50.0"
"F","o","r","NorESM2-LM","Phase Shift","MeanState","global","scalar","months","0.614429","50.0"
"F","o","r","NorESM2-LM","Seasonal Cycle Score","MeanState","global","score","1","0.937916","50.0"
"F","o","r","NorESM2-LM","Bias","MeanState","global","scalar","K","0.786425","50.0"
"F","o","r","NorESM2-LM","Bias Score","MeanState","global","score","1","0.692132","50.0"
"F","o","r","NorESM2-LM","RMSE","MeanState","global","scalar","K","2.63017","50.0"
"F","o","r","NorESM2-LM","RMSE Score","MeanState","global","score","1","0.738984","50.0"
"F","o","r","NorESM2-LM","Overall Score","MeanState","global","score","1","0.821543","50.0"
"F","o","r","ENSEMBLE-CMIP6","Benchmark Period Mean (intersection)","MeanState","global","scalar","K","286.756","50.0"
"F","o","r","ENSEMBLE-CMIP6","Benchmark Period Mean (complement)","MeanState","global","scalar","K","nan","50.0"
"F","o","r","ENSEMBLE-CMIP6","Period Mean (original grids)","MeanState","global","scalar","K","283.142","50.0"
"F","o","r","ENSEMBLE-CMIP6","Model Period Mean (intersection)","MeanState","global","scalar","K","286.774","50.0"
"F","o","r","ENSEMBLE-CMIP6","Model Period Mean (complement)","MeanState","global","scalar","K","264.451","50.0"
"F","o","r","ENSEMBLE-CMIP6","Spatial Distribution Score","MeanState","global","score","1","0.999634","50.0"
"F","o","r","ENSEMBLE-CMIP6","Phase Shift","MeanState","global","scalar","months","0.401011","50.0"
"F","o","r","ENSEMBLE-CMIP6","Seasonal Cycle Score","MeanState","global","score","1","0.957293","50.0"
"F","o","r","ENSEMBLE-CMIP6","Bias","MeanState","global","scalar","K","0.0210678","50.0"
"F","o","r","ENSEMBLE-CMIP6","Bias Score","MeanState","global","score","1","0.751055","50.0"
"F","o","r","ENSEMBLE-CMIP6","RMSE","MeanState","global","scalar","K","1.90956","50.0"
"F","o","r","ENSEMBLE-CMIP6","RMSE Score","MeanState","global","score","1","0.78768","50.0"
"F","o","r","ENSEMBLE-CMIP6","Overall Score","MeanState","global","score","1","0.856668","50.0"
"F","o","r","UKESM1-0-LL","Benchmark Period Mean (intersection)","MeanState","global","scalar","K","286.756","50.0"
"F","o","r","UKESM1-0-LL","Benchmark Period Mean (complement)","MeanState","global","scalar","K","nan","50.0"
"F","o","r","UKESM1-0-LL","Period Mean (original grids)","MeanState","global","scalar","K","285.447","50.0"
"F","o","r","UKESM1-0-LL","Model Period Mean (intersection)","MeanState","global","scalar","K","285.765","50.0"
"F","o","r","UKESM1-0-LL","Model Period Mean (complement)","MeanState","global","scalar","K","263.224","50.0"
"F","o","r","UKESM1-0-LL","Spatial Distribution Score","MeanState","global","score","1","0.993684","50.0"
"F","o","r","UKESM1-0-LL","Phase Shift","MeanState","global","scalar","months","0.488323","50.0"
"F","o","r","UKESM1-0-LL","Seasonal Cycle Score","MeanState","global","score","1","0.946344","50.0"
"F","o","r","UKESM1-0-LL","Bias","MeanState","global","scalar","K","-0.993515","50.0"
"F","o","r","UKESM1-0-LL","Bias Score","MeanState","global","score","1","0.692101","50.0"
"F","o","r","UKESM1-0-LL","RMSE","MeanState","global","scalar","K","2.49626","50.0"
"F","o","r","UKESM1-0-LL","RMSE Score","MeanState","global","score","1","0.736578","50.0"
"F","o","r","UKESM1-0-LL","Overall Score","MeanState","global","score","1","0.821057","50.0"
"F","o","r","ACCESS-ESM1-5","Benchmark Period Mean (intersection)","MeanState","global","scalar","K","282.898","50.0"
"F","o","r","ACCESS-ESM1-5","Benchmark Period Mean (complement)","MeanState","global","scalar","K","nan","50.0"
"F","o","r","ACCESS-ESM1-5","Period Mean (original grids)","MeanState","global","scalar","K","287.14","50.0"
"F","o","r","ACCESS-ESM1-5","Model Period Mean (intersection)","MeanState","global","scalar","K","283.638","50.0"
"F","o","r","ACCESS-ESM1-5","Model Period Mean (complement)","MeanState","global","scalar","K","nan","50.0"
"F","o","r","ACCESS-ESM1-5","Spatial Distribution Score","MeanState","global","score","1","0.999659","50.0"
"F","o","r","ACCESS-ESM1-5","Phase Shift","MeanState","global","scalar","months","0.522984","50.0"
"F","o","r","ACCESS-ESM1-5","Seasonal Cycle Score","MeanState","global","score","1","0.940773","50.0"
"F","o","r","ACCESS-ESM1-5","Bias","MeanState","global","scalar","K","0.742896","50.0"
"F","o","r","ACCESS-ESM1-5","Bias Score","MeanState","global","score","1","0.667238","50.0"
"F","o","r","ACCESS-ESM1-5","RMSE","MeanState","global","scalar","K","2.63162","50.0"
"F","o","r","ACCESS-ESM1-5","RMSE Score","MeanState","global","score","1","0.746781","50.0"
"F","o","r","ACCESS-ESM1-5","Overall Score","MeanState","global","score","1","0.820246","50.0"
"F","o","r","CESM2","Benchmark Period Mean (intersection)","MeanState","global","scalar","K","282.994","50.0"
"F","o","r","CESM2","Benchmark Period Mean (complement)","MeanState","global","scalar","K","nan","50.0"
"F","o","r","CESM2","Period Mean (original grids)","MeanState","global","scalar","K","286.728","50.0"
"F","o","r","CESM2","Model Period Mean (intersection)","MeanState","global","scalar","K","283.79","50.0"
"F","o","r","CESM2","Model Period Mean (complement)","MeanState","global","scalar","K","nan","50.0"
"F","o","r","CESM2","Spatial Distribution Score","MeanState","global","score","1","0.999258","50.0"
"F","o","r","CESM2","Phase Shift","MeanState","global","scalar","months","0.537904","50.0"
"F","o","r","CESM2","Seasonal Cycle Score","MeanState","global","score","1","0.94384","50.0"
"F","o","r","CESM2","Bias","MeanState","global","scalar","K","0.80533","50.0"
"F","o","r","CESM2","Bias Score","MeanState","global","score","1","0.708434","50.0"
"F","o","r","CESM2","RMSE","MeanState","global","scalar","K","2.23716","50.0"
"F","o","r","CESM2","RMSE Score","MeanState","global","score","1","0.76511","50.0"
"F","o","r","CESM2","Overall Score","MeanState","global","score","1","0.836351","50.0"
"F","o","r","NorESM2-LM","Benchmark Period Mean (intersection)","MeanState","global","scalar","K","282.881","50.0"
"F","o","r","NorESM2-LM","Benchmark Period Mean (complement)","MeanState","global","scalar","K","nan","50.0"
"F","o","r","NorESM2-LM","Period Mean (original grids)","MeanState","global","scalar","K","286.605","50.0"
"F","o","r","NorESM2-LM","Model Period Mean (intersection)","MeanState","global","scalar","K","283.538","50.0"
"F","o","r","NorESM2-LM","Model Period Mean (complement)","MeanState","global","scalar","K","nan","50.0"
"F","o","r","NorESM2-LM","Spatial Distribution Score","MeanState","global","score","1","0.999127","50.0"
"F","o","r","NorESM2-LM","Phase Shift","MeanState","global","scalar","months","0.616866","50.0"
"F","o","r","NorESM2-LM","Seasonal Cycle Score","MeanState","global","score","1","0.935867","50.0"
"F","o","r","NorESM2-LM","Bias","MeanState","global","scalar","K","0.637234","50.0"
"F","o","r","NorESM2-LM","Bias Score","MeanState","global","score","1","0.689495","50.0"
"F","o","r","NorESM2-LM","RMSE","MeanState","global","scalar","K","2.62944","50.0"
"F","o","r","NorESM2-LM","RMSE Score","MeanState","global","score","1","0.741733","50.0"
"F","o","r","NorESM2-LM","Overall Score","MeanState","global","score","1","0.821591","50.0"
"F","o","r","UKESM1-0-LL","Benchmark Period Mean (intersection)","MeanState","global","scalar","K","282.882","50.0"
"F","o","r","UKESM1-0-LL","Benchmark Period Mean (complement)","MeanState","global","scalar","K","nan","50.0"
"F","o","r","UKESM1-0-LL","Period Mean (original grids)","MeanState","global","scalar","K","285.433","50.0"
"F","o","r","UKESM1-0-LL","Model Period Mean (intersection)","MeanState","global","scalar","K","281.935","50.0"
"F","o","r","UKESM1-0-LL","Model Period Mean (complement)","MeanState","global","scalar","K","nan","50.0"
"F","o","r","UKESM1-0-LL","Spatial Distribution Score","MeanState","global","score","1","0.99927","50.0"
"F","o","r","UKESM1-0-LL","Phase Shift","MeanState","global","scalar","months","0.5401","50.0"
"F","o","r","UKESM1-0-LL","Seasonal Cycle Score","MeanState","global","score","1","0.942171","50.0"
"F","o","r","UKESM1-0-LL","Bias","MeanState","global","scalar","K","-0.949668","50.0"
"F","o","r","UKESM1-0-LL","Bias Score","MeanState","global","score","1","0.682616","50.0"
"F","o","r","UKESM1-0-LL","RMSE","MeanState","global","scalar","K","2.66726","50.0"
"F","o","r","UKESM1-0-LL","RMSE Score","MeanState","global","score","1","0.735117","50.0"
"F","o","r","UKESM1-0-LL","Overall Score","MeanState","global","score","1","0.818858","50.0"
"F","o","r","ENSEMBLE-CMIP6","Benchmark Period Mean (intersection)","MeanState","global","scalar","K","282.877","50.0"
"F","o","r","ENSEMBLE-CMIP6","Benchmark Period Mean (complement)","MeanState","global","scalar","K","nan","50.0"
"F","o","r","ENSEMBLE-CMIP6","Period Mean (original grids)","MeanState","global","scalar","K","283.127","50.0"
"F","o","r","ENSEMBLE-CMIP6","Model Period Mean (intersection)","MeanState","global","scalar","K","282.978","50.0"
"F","o","r","ENSEMBLE-CMIP6","Model Period Mean (complement)","MeanState","global","scalar","K","nan","50.0"
"F","o","r","ENSEMBLE-CMIP6","Spatial Distribution Score","MeanState","global","score","1","0.999963","50.0"
"F","o","r","ENSEMBLE-CMIP6","Phase Shift","MeanState","global","scalar","months","0.415828","50.0"
"F","o","r","ENSEMBLE-CMIP6","Seasonal Cycle Score","MeanState","global","score","1","0.955717","50.0"
"F","o","r","ENSEMBLE-CMIP6","Bias","MeanState","global","scalar","K","0.100092","50.0"
"F","o","r","ENSEMBLE-CMIP6","Bias Score","MeanState","global","score","1","0.742572","50.0"
"F","o","r","ENSEMBLE-CMIP6","RMSE","MeanState","global","scalar","K","1.91265","50.0"
"F","o","r","ENSEMBLE-CMIP6","RMSE Score","MeanState","global","score","1","0.79468","50.0"
"F","o","r","ENSEMBLE-CMIP6","Overall Score","MeanState","global","score","1","0.857522","50.0"
"F","o","r","ACCESS-ESM1-5","Benchmark Period Mean (intersection)","MeanState","global","scalar","W m-2","308.598","15.0"
"F","o","r","ACCESS-ESM1-5","Benchmark Period Mean (complement)","MeanState","global","scalar","W m-2","nan","15.0"
"F","o","r","ACCESS-ESM1-5","Period Mean (original grids)","MeanState","global","scalar","W m-2","326.353","15.0"
"F","o","r","ACCESS-ESM1-5","Model Period Mean (intersection)","MeanState","global","scalar","W m-2","313.7","15.0"
"F","o","r","ACCESS-ESM1-5","Model Period Mean (complement)","MeanState","global","scalar","W m-2","nan","15.0"
"F","o","r","ACCESS-ESM1-5","Spatial Distribution Score","MeanState","global","score","1","0.999345","15.0"
"F","o","r","ACCESS-ESM1-5","Phase Shift","MeanState","global","scalar","months","0.629062","15.0"
"F","o","r","ACCESS-ESM1-5","Seasonal Cycle Score","MeanState","global","score","1","0.922336","15.0"
"F","o","r","ACCESS-ESM1-5","Bias","MeanState","global","scalar","W m-2","5.14626","15.0"
"F","o","r","ACCESS-ESM1-5","Bias Score","MeanState","global","score","1","0.711641","15.0"
"F","o","r","ACCESS-ESM1-5","RMSE","MeanState","global","scalar","W m-2","12.8118","15.0"
"F","o","r","ACCESS-ESM1-5","RMSE Score","MeanState","global","score","1","0.768725","15.0"
"F","o","r","ACCESS-ESM1-5","Overall Score","MeanState","global","score","1","0.834154","15.0"
"F","o","r","CESM2","Benchmark Period Mean (intersection)","MeanState","global","scalar","W m-2","309.016","15.0"
"F","o","r","CESM2","Benchmark Period Mean (complement)","MeanState","global","scalar","W m-2","nan","15.0"
"F","o","r","CESM2","Period Mean (original grids)","MeanState","global","scalar","W m-2","327.717","15.0"
"F","o","r","CESM2","Model Period Mean (intersection)","MeanState","global","scalar","W m-2","317.336","15.0"
"F","o","r","CESM2","Model Period Mean (complement)","MeanState","global","scalar","W m-2","nan","15.0"
"F","o","r","CESM2","Spatial Distribution Score","MeanState","global","score","1","0.997753","15.0"
"F","o","r","CESM2","Phase Shift","MeanState","global","scalar","months","0.465465","15.0"
"F","o","r","CESM2","Seasonal Cycle Score","MeanState","global","score","1","0.950451","15.0"
"F","o","r","CESM2","Bias","MeanState","global","scalar","W m-2","8.33919","15.0"
"F","o","r","CESM2","Bias Score","MeanState","global","score","1","0.683818","15.0"
"F","o","r","CESM2","RMSE","MeanState","global","scalar","W m-2","13.6494","15.0"
"F","o","r","CESM2","RMSE Score","MeanState","global","score","1","0.746798","15.0"
"F","o","r","CESM2","Overall Score","MeanState","global","score","1","0.825124","15.0"
"F","o","r","NorESM2-LM","Benchmark Period Mean (intersection)","MeanState","global","scalar","W m-2","308.604","15.0"
"F","o","r","NorESM2-LM","Benchmark Period Mean (complement)","MeanState","global","scalar","W m-2","nan","15.0"
"F","o","r","NorESM2-LM","Period Mean (original grids)","MeanState","global","scalar","W m-2","326.423","15.0"
"F","o","r","NorESM2-LM","Model Period Mean (intersection)","MeanState","global","scalar","W m-2","315.858","15.0"
"F","o","r","NorESM2-LM","Model Period Mean (complement)","MeanState","global","scalar","W m-2","nan","15.0"
"F","o","r","NorESM2-LM","Spatial Distribution Score","MeanState","global","score","1","0.998495","15.0"
"F","o","r","NorESM2-LM","Phase Shift","MeanState","global","scalar","months","0.661055","15.0"
"F","o","r","NorESM2-LM","Seasonal Cycle Score","MeanState","global","score","1","0.916772","15.0"
"F","o","r","NorESM2-LM","Bias","MeanState","global","scalar","W m-2","7.23118","15.0"
"F","o","r","NorESM2-LM","Bias Score","MeanState","global","score","1","0.66961","15.0"
"F","o","r","NorESM2-LM","RMSE","MeanState","global","scalar","W m-2","15.2621","15.0"
"F","o","r","NorESM2-LM","RMSE Score","MeanState","global","score","1","0.733977","15.0"
"F","o","r","NorESM2-LM","Overall Score","MeanState","global","score","1","0.810566","15.0"
"F","o","r","UKESM1-0-LL","Benchmark Period Mean (intersection)","MeanState","global","scalar","W m-2","308.555","15.0"
"F","o","r","UKESM1-0-LL","Benchmark Period Mean (complement)","MeanState","global","scalar","W m-2","nan","15.0"
"F","o","r","UKESM1-0-LL","Period Mean (original grids)","MeanState","global","scalar","W m-2","319.101","15.0"
"F","o","r","UKESM1-0-LL","Model Period Mean (intersection)","MeanState","global","scalar","W m-2","306.753","15.0"
"F","o","r","UKESM1-0-LL","Model Period Mean (complement)","MeanState","global","scalar","W m-2","nan","15.0"
"F","o","r","UKESM1-0-LL","Spatial Distribution Score","MeanState","global","score","1","0.999448","15.0"
"F","o","r","UKESM1-0-LL","Phase Shift","MeanState","global","scalar","months","0.546211","15.0"
"F","o","r","UKESM1-0-LL","Seasonal Cycle Score","MeanState","global","score","1","0.944914","15.0"
"F","o","r","UKESM1-0-LL","Bias","MeanState","global","scalar","W m-2","-1.78106","15.0"
"F","o","r","UKESM1-0-LL","Bias Score","MeanState","global","score","1","0.758615","15.0"
"F","o","r","UKESM1-0-LL","RMSE","MeanState","global","scalar","W m-2","11.1178","15.0"
"F","o","r","UKESM1-0-LL","RMSE Score","MeanState","global","score","1","0.762805","15.0"
"F","o","r","UKESM1-0-LL","Overall Score","MeanState","global","score","1","0.845717","15.0"
"F","o","r","ENSEMBLE-CMIP6","Benchmark Period Mean (intersection)","MeanState","global","scalar","W m-2","308.596","15.0"
"F","o","r","ENSEMBLE-CMIP6","Benchmark Period Mean (complement)","MeanState","global","scalar","W m-2","nan","15.0"
"F","o","r","ENSEMBLE-CMIP6","Period Mean (original grids)","MeanState","global","scalar","W m-2","313.132","15.0"
"F","o","r","ENSEMBLE-CMIP6","Model Period Mean (intersection)","MeanState","global","scalar","W m-2","312.557","15.0"
"F","o","r","ENSEMBLE-CMIP6","Model Period Mean (complement)","MeanState","global","scalar","W m-2","nan","15.0"
"F","o","r","ENSEMBLE-CMIP6","Spatial Distribution Score","MeanState","global","score","1","0.999395","15.0"
"F","o","r","ENSEMBLE-CMIP6","Phase Shift","MeanState","global","scalar","months","0.393621","15.0"
"F","o","r","ENSEMBLE-CMIP6","Seasonal Cycle Score","MeanState","global","score","1","0.958052","15.0"
"F","o","r","ENSEMBLE-CMIP6","Bias","MeanState","global","scalar","W m-2","3.97067","15.0"
"F","o","r","ENSEMBLE-CMIP6","Bias Score","MeanState","global","score","1","0.750851","15.0"
"F","o","r","ENSEMBLE-CMIP6","RMSE","MeanState","global","scalar","W m-2","10.2815","15.0"
"F","o","r","ENSEMBLE-CMIP6","RMSE Score","MeanState","global","score","1","0.805718","15.0"
"F","o","r","ENSEMBLE-CMIP6","Overall Score","MeanState","global","score","1","0.863947","15.0"
"F","o","r","CESM2","Period Mean (original grids)","MeanState","global","scalar","Watt m-2","312.579","12.0"
"F","o","r","CESM2","Bias","MeanState","global","scalar","Watt m-2","2.31711","12.0"
"F","o","r","CESM2","Bias Score","MeanState","global","score","1","0.793532","12.0"
"F","o","r","CESM2","Phase Shift","MeanState","global","scalar","months","0.471368","12.0"
"F","o","r","CESM2","Seasonal Cycle Score","MeanState","global","score","1","0.957853","12.0"
"F","o","r","CESM2","RMSE","MeanState","global","scalar","Watt m-2","20.6968","12.0"
"F","o","r","CESM2","RMSE Score","MeanState","global","score","1","0.604759","12.0"
"F","o","r","CESM2","Overall Score","MeanState","global","score","1","0.740226","12.0"
"F","o","r","NorESM2-LM","Period Mean (original grids)","MeanState","global","scalar","Watt m-2","312.57","12.0"
"F","o","r","NorESM2-LM","Bias","MeanState","global","scalar","Watt m-2","2.80718","12.0"
"F","o","r","NorESM2-LM","Bias Score","MeanState","global","score","1","0.778874","12.0"
"F","o","r","NorESM2-LM","Phase Shift","MeanState","global","scalar","months","0.525641","12.0"
"F","o","r","NorESM2-LM","Seasonal Cycle Score","MeanState","global","score","1","0.96187","12.0"
"F","o","r","NorESM2-LM","RMSE","MeanState","global","scalar","Watt m-2","20.7575","12.0"
"F","o","r","NorESM2-LM","RMSE Score","MeanState","global","score","1","0.605733","12.0"
"F","o","r","NorESM2-LM","Overall Score","MeanState","global","score","1","0.738052","12.0"
"F","o","r","ENSEMBLE-CMIP6","Period Mean (original grids)","MeanState","global","scalar","Watt m-2","309.896","12.0"
"F","o","r","ENSEMBLE-CMIP6","Bias","MeanState","global","scalar","Watt m-2","-1.06283","12.0"
"F","o","r","ENSEMBLE-CMIP6","Bias Score","MeanState","global","score","1","0.817683","12.0"
"F","o","r","ENSEMBLE-CMIP6","Phase Shift","MeanState","global","scalar","months","0.419231","12.0"
"F","o","r","ENSEMBLE-CMIP6","Seasonal Cycle Score","MeanState","global","score","1","0.961389","12.0"
"F","o","r","ENSEMBLE-CMIP6","RMSE","MeanState","global","scalar","Watt m-2","17.1494","12.0"
"F","o","r","ENSEMBLE-CMIP6","RMSE Score","MeanState","global","score","1","0.685801","12.0"
"F","o","r","ENSEMBLE-CMIP6","Overall Score","MeanState","global","score","1","0.787668","12.0"
"F","o","r","ACCESS-ESM1-5","Period Mean (original grids)","MeanState","global","scalar","Watt m-2","312.432","12.0"
"F","o","r","ACCESS-ESM1-5","Bias","MeanState","global","scalar","Watt m-2","2.40853","12.0"
"F","o","r","ACCESS-ESM1-5","Bias Score","MeanState","global","score","1","0.756301","12.0"
"F","o","r","ACCESS-ESM1-5","Phase Shift","MeanState","global","scalar","months","0.444872","12.0"
"F","o","r","ACCESS-ESM1-5","Seasonal Cycle Score","MeanState","global","score","1","0.957987","12.0"
"F","o","r","ACCESS-ESM1-5","RMSE","MeanState","global","scalar","Watt m-2","21.3175","12.0"
"F","o","r","ACCESS-ESM1-5","RMSE Score","MeanState","global","score","1","0.603713","12.0"
"F","o","r","ACCESS-ESM1-5","Overall Score","MeanState","global","score","1","0.730429","12.0"
"F","o","r","UKESM1-0-LL","Period Mean (original grids)","MeanState","global","scalar","Watt m-2","304.001","12.0"
"F","o","r","UKESM1-0-LL","Bias","MeanState","global","scalar","Watt m-2","-7.02125","12.0"
"F","o","r","UKESM1-0-LL","Bias Score","MeanState","global","score","1","0.745002","12.0"
"F","o","r","UKESM1-0-LL","Phase Shift","MeanState","global","scalar","months","0.681197","12.0"
"F","o","r","UKESM1-0-LL","Seasonal Cycle Score","MeanState","global","score","1","0.939272","12.0"
"F","o","r","UKESM1-0-LL","RMSE","MeanState","global","scalar","Watt m-2","22.6704","12.0"
"F","o","r","UKESM1-0-LL","RMSE Score","MeanState","global","score","1","0.610345","12.0"
"F","o","r","UKESM1-0-LL","Overall Score","MeanState","global","score","1","0.726241","12.0"
"F","o","r","UKESM1-0-LL","Benchmark Period Mean (intersection)","MeanState","global","scalar","Watt m-2","313.18","15.0"
"F","o","r","UKESM1-0-LL","Benchmark Period Mean (complement)","MeanState","global","scalar","Watt m-2","nan","15.0"
"F","o","r","UKESM1-0-LL","Period Mean (original grids)","MeanState","global","scalar","Watt m-2","318.729","15.0"
"F","o","r","UKESM1-0-LL","Model Period Mean (intersection)","MeanState","global","scalar","Watt m-2","306.809","15.0"
"F","o","r","UKESM1-0-LL","Model Period Mean (complement)","MeanState","global","scalar","Watt m-2","nan","15.0"
"F","o","r","UKESM1-0-LL","Spatial Distribution Score","MeanState","global","score","1","0.999537","15.0"
"F","o","r","UKESM1-0-LL","Phase Shift","MeanState","global","scalar","months","0.686481","15.0"
"F","o","r","UKESM1-0-LL","Seasonal Cycle Score","MeanState","global","score","1","0.924103","15.0"
"F","o","r","UKESM1-0-LL","Bias","MeanState","global","scalar","Watt m-2","-6.4063","15.0"
"F","o","r","UKESM1-0-LL","Bias Score","MeanState","global","score","1","0.727702","15.0"
"F","o","r","UKESM1-0-LL","RMSE","MeanState","global","scalar","Watt m-2","13.2922","15.0"
"F","o","r","UKESM1-0-LL","RMSE Score","MeanState","global","score","1","0.729725","15.0"
"F","o","r","UKESM1-0-LL","Overall Score","MeanState","global","score","1","0.822159","15.0"
"F","o","r","ENSEMBLE-CMIP6","Benchmark Period Mean (intersection)","MeanState","global","scalar","Watt m-2","313.18","15.0"
"F","o","r","ENSEMBLE-CMIP6","Benchmark Period Mean (complement)","MeanState","global","scalar","Watt m-2","nan","15.0"
"F","o","r","ENSEMBLE-CMIP6","Period Mean (original grids)","MeanState","global","scalar","Watt m-2","312.797","15.0"
"F","o","r","ENSEMBLE-CMIP6","Model Period Mean (intersection)","MeanState","global","scalar","Watt m-2","312.586","15.0"
"F","o","r","ENSEMBLE-CMIP6","Model Period Mean (complement)","MeanState","global","scalar","Watt m-2","nan","15.0"
"F","o","r","ENSEMBLE-CMIP6","Spatial Distribution Score","MeanState","global","score","1","0.999563","15.0"
"F","o","r","ENSEMBLE-CMIP6","Phase Shift","MeanState","global","scalar","months","0.59744","15.0"
"F","o","r","ENSEMBLE-CMIP6","Seasonal Cycle Score","MeanState","global","score","1","0.92592","15.0"
"F","o","r","ENSEMBLE-CMIP6","Bias","MeanState","global","scalar","Watt m-2","-0.584514","15.0"
"F","o","r","ENSEMBLE-CMIP6","Bias Score","MeanState","global","score","1","0.768827","15.0"
"F","o","r","ENSEMBLE-CMIP6","RMSE","MeanState","global","scalar","Watt m-2","10.8388","15.0"
"F","o","r","ENSEMBLE-CMIP6","RMSE Score","MeanState","global","score","1","0.761221","15.0"
"F","o","r","ENSEMBLE-CMIP6","Overall Score","MeanState","global","score","1","0.843351","15.0"
"F","o","r","NorESM2-LM","Benchmark Period Mean (intersection)","MeanState","global","scalar","Watt m-2","313.18","15.0"
"F","o","r","NorESM2-LM","Benchmark Period Mean (complement)","MeanState","global","scalar","Watt m-2","nan","15.0"
"F","o","r","NorESM2-LM","Period Mean (original grids)","MeanState","global","scalar","Watt m-2","326.032","15.0"
"F","o","r","NorESM2-LM","Model Period Mean (intersection)","MeanState","global","scalar","Watt m-2","315.723","15.0"
"F","o","r","NorESM2-LM","Model Period Mean (complement)","MeanState","global","scalar","Watt m-2","nan","15.0"
"F","o","r","NorESM2-LM","Spatial Distribution Score","MeanState","global","score","1","0.998531","15.0"
"F","o","r","NorESM2-LM","Phase Shift","MeanState","global","scalar","months","0.692198","15.0"
"F","o","r","NorESM2-LM","Seasonal Cycle Score","MeanState","global","score","1","0.915003","15.0"
"F","o","r","NorESM2-LM","Bias","MeanState","global","scalar","Watt m-2","2.54664","15.0"
"F","o","r","NorESM2-LM","Bias Score","MeanState","global","score","1","0.686781","15.0"
"F","o","r","NorESM2-LM","RMSE","MeanState","global","scalar","Watt m-2","15.3263","15.0"
"F","o","r","NorESM2-LM","RMSE Score","MeanState","global","score","1","0.702569","15.0"
"F","o","r","NorESM2-LM","Overall Score","MeanState","global","score","1","0.80109","15.0"
"F","o","r","CESM2","Benchmark Period Mean (intersection)","MeanState","global","scalar","Watt m-2","313.18","15.0"
"F","o","r","CESM2","Benchmark Period Mean (complement)","MeanState","global","scalar","Watt m-2","nan","15.0"
"F","o","r","CESM2","Period Mean (original grids)","MeanState","global","scalar","Watt m-2","327.608","15.0"
"F","o","r","CESM2","Model Period Mean (intersection)","MeanState","global","scalar","Watt m-2","317.013","15.0"
"F","o","r","CESM2","Model Period Mean (complement)","MeanState","global","scalar","Watt m-2","nan","15.0"
"F","o","r","CESM2","Spatial Distribution Score","MeanState","global","score","1","0.997081","15.0"
"F","o","r","CESM2","Phase Shift","MeanState","global","scalar","months","0.629422","15.0"
"F","o","r","CESM2","Seasonal Cycle Score","MeanState","global","score","1","0.92339","15.0"
"F","o","r","CESM2","Bias","MeanState","global","scalar","Watt m-2","3.82381","15.0"
"F","o","r","CESM2","Bias Score","MeanState","global","score","1","0.702377","15.0"
"F","o","r","CESM2","RMSE","MeanState","global","scalar","Watt m-2","13.718","15.0"
"F","o","r","CESM2","RMSE Score","MeanState","global","score","1","0.7087","15.0"
"F","o","r","CESM2","Overall Score","MeanState","global","score","1","0.80805","15.0"
"F","o","r","ACCESS-ESM1-5","Benchmark Period Mean (intersection)","MeanState","global","scalar","Watt m-2","313.18","15.0"
"F","o","r","ACCESS-ESM1-5","Benchmark Period Mean (complement)","MeanState","global","scalar","Watt m-2","nan","15.0"
"F","o","r","ACCESS-ESM1-5","Period Mean (original grids)","MeanState","global","scalar","Watt m-2","326.027","15.0"
"F","o","r","ACCESS-ESM1-5","Model Period Mean (intersection)","MeanState","global","scalar","Watt m-2","313.704","15.0"
"F","o","r","ACCESS-ESM1-5","Model Period Mean (complement)","MeanState","global","scalar","Watt m-2","nan","15.0"
"F","o","r","ACCESS-ESM1-5","Spatial Distribution Score","MeanState","global","score","1","0.999373","15.0"
"F","o","r","ACCESS-ESM1-5","Phase Shift","MeanState","global","scalar","months","0.679516","15.0"
"F","o","r","ACCESS-ESM1-5","Seasonal Cycle Score","MeanState","global","score","1","0.916162","15.0"
"F","o","r","ACCESS-ESM1-5","Bias","MeanState","global","scalar","Watt m-2","0.53508","15.0"
"F","o","r","ACCESS-ESM1-5","Bias Score","MeanState","global","score","1","0.723976","15.0"
"F","o","r","ACCESS-ESM1-5","RMSE","MeanState","global","scalar","Watt m-2","13.4708","15.0"
"F","o","r","ACCESS-ESM1-5","RMSE Score","MeanState","global","score","1","0.735189","15.0"
"F","o","r","ACCESS-ESM1-5","Overall Score","MeanState","global","score","1","0.821978","15.0"
"F","o","r","CESM2","Benchmark Period Mean (intersection)","MeanState","global","scalar","W m-2","315.185","15.0"
"F","o","r","CESM2","Benchmark Period Mean (complement)","MeanState","global","scalar","W m-2","nan","15.0"
"F","o","r","CESM2","Period Mean (original grids)","MeanState","global","scalar","W m-2","330.344","15.0"
"F","o","r","CESM2","Model Period Mean (intersection)","MeanState","global","scalar","W m-2","320.06","15.0"
"F","o","r","CESM2","Model Period Mean (complement)","MeanState","global","scalar","W m-2","nan","15.0"
"F","o","r","CESM2","Spatial Distribution Score","MeanState","global","score","1","0.996511","15.0"
"F","o","r","CESM2","Phase Shift","MeanState","global","scalar","months","0.724258","15.0"
"F","o","r","CESM2","Seasonal Cycle Score","MeanState","global","score","1","0.910485","15.0"
"F","o","r","CESM2","Bias","MeanState","global","scalar","W m-2","4.9229","15.0"
"F","o","r","CESM2","Bias Score","MeanState","global","score","1","0.699119","15.0"
"F","o","r","CESM2","RMSE","MeanState","global","scalar","W m-2","14.3565","15.0"
"F","o","r","CESM2","RMSE Score","MeanState","global","score","1","0.702392","15.0"
"F","o","r","CESM2","Overall Score","MeanState","global","score","1","0.80218","15.0"
"F","o","r","UKESM1-0-LL","Benchmark Period Mean (intersection)","MeanState","global","scalar","W m-2","315.185","15.0"
"F","o","r","UKESM1-0-LL","Benchmark Period Mean (complement)","MeanState","global","scalar","W m-2","nan","15.0"
"F","o","r","UKESM1-0-LL","Period Mean (original grids)","MeanState","global","scalar","W m-2","322.213","15.0"
"F","o","r","UKESM1-0-LL","Model Period Mean (intersection)","MeanState","global","scalar","W m-2","310.327","15.0"
"F","o","r","UKESM1-0-LL","Model Period Mean (complement)","MeanState","global","scalar","W m-2","nan","15.0"
"F","o","r","UKESM1-0-LL","Spatial Distribution Score","MeanState","global","score","1","0.999411","15.0"
"F","o","r","UKESM1-0-LL","Phase Shift","MeanState","global","scalar","months","0.766069","15.0"
"F","o","r","UKESM1-0-LL","Seasonal Cycle Score","MeanState","global","score","1","0.911022","15.0"
"F","o","r","UKESM1-0-LL","Bias","MeanState","global","scalar","W m-2","-4.88703","15.0"
"F","o","r","UKESM1-0-LL","Bias Score","MeanState","global","score","1","0.729918","15.0"
"F","o","r","UKESM1-0-LL","RMSE","MeanState","global","scalar","W m-2","12.6248","15.0"
"F","o","r","UKESM1-0-LL","RMSE Score","MeanState","global","score","1","0.723182","15.0"
"F","o","r","UKESM1-0-LL","Overall Score","MeanState","global","score","1","0.817343","15.0"
"F","o","r","ENSEMBLE-CMIP6","Benchmark Period Mean (intersection)","MeanState","global","scalar","W m-2","315.185","15.0"
"F","o","r","ENSEMBLE-CMIP6","Benchmark Period Mean (complement)","MeanState","global","scalar","W m-2","nan","15.0"
"F","o","r","ENSEMBLE-CMIP6","Period Mean (original grids)","MeanState","global","scalar","W m-2","315.724","15.0"
"F","o","r","ENSEMBLE-CMIP6","Model Period Mean (intersection)","MeanState","global","scalar","W m-2","315.516","15.0"
"F","o","r","ENSEMBLE-CMIP6","Model Period Mean (complement)","MeanState","global","scalar","W m-2","nan","15.0"
"F","o","r","ENSEMBLE-CMIP6","Spatial Distribution Score","MeanState","global","score","1","0.999338","15.0"
"F","o","r","ENSEMBLE-CMIP6","Phase Shift","MeanState","global","scalar","months","0.68477","15.0"
"F","o","r","ENSEMBLE-CMIP6","Seasonal Cycle Score","MeanState","global","score","1","0.911753","15.0"
"F","o","r","ENSEMBLE-CMIP6","Bias","MeanState","global","scalar","W m-2","0.42164","15.0"
"F","o","r","ENSEMBLE-CMIP6","Bias Score","MeanState","global","score","1","0.742893","15.0"
"F","o","r","ENSEMBLE-CMIP6","RMSE","MeanState","global","scalar","W m-2","11.6639","15.0"
"F","o","r","ENSEMBLE-CMIP6","RMSE Score","MeanState","global","score","1","0.754708","15.0"
"F","o","r","ENSEMBLE-CMIP6","Overall Score","MeanState","global","score","1","0.83268","15.0"
"F","o","r","ACCESS-ESM1-5","Benchmark Period Mean (intersection)","MeanState","global","scalar","W m-2","315.185","15.0"
"F","o","r","ACCESS-ESM1-5","Benchmark Period Mean (complement)","MeanState","global","scalar","W m-2","nan","15.0"
"F","o","r","ACCESS-ESM1-5","Period Mean (original grids)","MeanState","global","scalar","W m-2","329.373","15.0"
"F","o","r","ACCESS-ESM1-5","Model Period Mean (intersection)","MeanState","global","scalar","W m-2","317.445","15.0"
"F","o","r","ACCESS-ESM1-5","Model Period Mean (complement)","MeanState","global","scalar","W m-2","nan","15.0"
"F","o","r","ACCESS-ESM1-5","Spatial Distribution Score","MeanState","global","score","1","0.999176","15.0"
"F","o","r","ACCESS-ESM1-5","Phase Shift","MeanState","global","scalar","months","0.75595","15.0"
"F","o","r","ACCESS-ESM1-5","Seasonal Cycle Score","MeanState","global","score","1","0.907226","15.0"
"F","o","r","ACCESS-ESM1-5","Bias","MeanState","global","scalar","W m-2","2.3083","15.0"
"F","o","r","ACCESS-ESM1-5","Bias Score","MeanState","global","score","1","0.705319","15.0"
"F","o","r","ACCESS-ESM1-5","RMSE","MeanState","global","scalar","W m-2","13.8474","15.0"
"F","o","r","ACCESS-ESM1-5","RMSE Score","MeanState","global","score","1","0.725108","15.0"
"F","o","r","ACCESS-ESM1-5","Overall Score","MeanState","global","score","1","0.812388","15.0"
"F","o","r","NorESM2-LM","Benchmark Period Mean (intersection)","MeanState","global","scalar","W m-2","315.185","15.0"
"F","o","r","NorESM2-LM","Benchmark Period Mean (complement)","MeanState","global","scalar","W m-2","nan","15.0"
"F","o","r","NorESM2-LM","Period Mean (original grids)","MeanState","global","scalar","W m-2","329.003","15.0"
"F","o","r","NorESM2-LM","Model Period Mean (intersection)","MeanState","global","scalar","W m-2","318.873","15.0"
"F","o","r","NorESM2-LM","Model Period Mean (complement)","MeanState","global","scalar","W m-2","nan","15.0"
"F","o","r","NorESM2-LM","Spatial Distribution Score","MeanState","global","score","1","0.998106","15.0"
"F","o","r","NorESM2-LM","Phase Shift","MeanState","global","scalar","months","0.765301","15.0"
"F","o","r","NorESM2-LM","Seasonal Cycle Score","MeanState","global","score","1","0.903829","15.0"
"F","o","r","NorESM2-LM","Bias","MeanState","global","scalar","W m-2","3.76379","15.0"
"F","o","r","NorESM2-LM","Bias Score","MeanState","global","score","1","0.677119","15.0"
"F","o","r","NorESM2-LM","RMSE","MeanState","global","scalar","W m-2","16.5872","15.0"
"F","o","r","NorESM2-LM","RMSE Score","MeanState","global","score","1","0.687178","15.0"
"F","o","r","NorESM2-LM","Overall Score","MeanState","global","score","1","0.790682","15.0"
"F","o","r","ACCESS-ESM1-5","Benchmark Period Mean (intersection)","MeanState","global","scalar","W m-2","188.325","30.0"
"F","o","r","ACCESS-ESM1-5","Benchmark Period Mean (complement)","MeanState","global","scalar","W m-2","nan","30.0"
"F","o","r","ACCESS-ESM1-5","Period Mean (original grids)","MeanState","global","scalar","W m-2","208.911","30.0"
"F","o","r","ACCESS-ESM1-5","Model Period Mean (intersection)","MeanState","global","scalar","W m-2","196.356","30.0"
"F","o","r","ACCESS-ESM1-5","Model Period Mean (complement)","MeanState","global","scalar","W m-2","nan","30.0"
"F","o","r","ACCESS-ESM1-5","Spatial Distribution Score","MeanState","global","score","1","0.980921","30.0"
"F","o","r","ACCESS-ESM1-5","Phase Shift","MeanState","global","scalar","months","0.58651","30.0"
"F","o","r","ACCESS-ESM1-5","Seasonal Cycle Score","MeanState","global","score","1","0.940684","30.0"
"F","o","r","ACCESS-ESM1-5","Bias","MeanState","global","scalar","W m-2","7.97733","30.0"
"F","o","r","ACCESS-ESM1-5","Bias Score","MeanState","global","score","1","0.747326","30.0"
"F","o","r","ACCESS-ESM1-5","RMSE","MeanState","global","scalar","W m-2","21.1583","30.0"
"F","o","r","ACCESS-ESM1-5","RMSE Score","MeanState","global","score","1","0.766807","30.0"
"F","o","r","ACCESS-ESM1-5","Overall Score","MeanState","global","score","1","0.840509","30.0"
"F","o","r","CESM2","Benchmark Period Mean (intersection)","MeanState","global","scalar","W m-2","188.731","30.0"
"F","o","r","CESM2","Benchmark Period Mean (complement)","MeanState","global","scalar","W m-2","nan","30.0"
"F","o","r","CESM2","Period Mean (original grids)","MeanState","global","scalar","W m-2","200.424","30.0"
"F","o","r","CESM2","Model Period Mean (intersection)","MeanState","global","scalar","W m-2","188.995","30.0"
"F","o","r","CESM2","Model Period Mean (complement)","MeanState","global","scalar","W m-2","nan","30.0"
"F","o","r","CESM2","Spatial Distribution Score","MeanState","global","score","1","0.99537","30.0"
"F","o","r","CESM2","Phase Shift","MeanState","global","scalar","months","0.560439","30.0"
"F","o","r","CESM2","Seasonal Cycle Score","MeanState","global","score","1","0.943696","30.0"
"F","o","r","CESM2","Bias","MeanState","global","scalar","W m-2","0.308349","30.0"
"F","o","r","CESM2","Bias Score","MeanState","global","score","1","0.812027","30.0"
"F","o","r","CESM2","RMSE","MeanState","global","scalar","W m-2","16.2415","30.0"
"F","o","r","CESM2","RMSE Score","MeanState","global","score","1","0.786428","30.0"
"F","o","r","CESM2","Overall Score","MeanState","global","score","1","0.86479","30.0"
"F","o","r","NorESM2-LM","Benchmark Period Mean (intersection)","MeanState","global","scalar","W m-2","188.227","30.0"
"F","o","r","NorESM2-LM","Benchmark Period Mean (complement)","MeanState","global","scalar","W m-2","nan","30.0"
"F","o","r","NorESM2-LM","Period Mean (original grids)","MeanState","global","scalar","W m-2","201.276","30.0"
"F","o","r","NorESM2-LM","Model Period Mean (intersection)","MeanState","global","scalar","W m-2","188.543","30.0"
"F","o","r","NorESM2-LM","Model Period Mean (complement)","MeanState","global","scalar","W m-2","nan","30.0"
"F","o","r","NorESM2-LM","Spatial Distribution Score","MeanState","global","score","1","0.988914","30.0"
"F","o","r","NorESM2-LM","Phase Shift","MeanState","global","scalar","months","0.626852","30.0"
"F","o","r","NorESM2-LM","Seasonal Cycle Score","MeanState","global","score","1","0.935138","30.0"
"F","o","r","NorESM2-LM","Bias","MeanState","global","scalar","W m-2","0.257577","30.0"
"F","o","r","NorESM2-LM","Bias Score","MeanState","global","score","1","0.790007","30.0"
"F","o","r","NorESM2-LM","RMSE","MeanState","global","scalar","W m-2","18.9189","30.0"
"F","o","r","NorESM2-LM","RMSE Score","MeanState","global","score","1","0.766653","30.0"
"F","o","r","NorESM2-LM","Overall Score","MeanState","global","score","1","0.849473","30.0"
"F","o","r","UKESM1-0-LL","Benchmark Period Mean (intersection)","MeanState","global","scalar","W m-2","188.258","30.0"
"F","o","r","UKESM1-0-LL","Benchmark Period Mean (complement)","MeanState","global","scalar","W m-2","nan","30.0"
"F","o","r","UKESM1-0-LL","Period Mean (original grids)","MeanState","global","scalar","W m-2","207.13","30.0"
"F","o","r","UKESM1-0-LL","Model Period Mean (intersection)","MeanState","global","scalar","W m-2","196.767","30.0"
"F","o","r","UKESM1-0-LL","Model Period Mean (complement)","MeanState","global","scalar","W m-2","nan","30.0"
"F","o","r","UKESM1-0-LL","Spatial Distribution Score","MeanState","global","score","1","0.989963","30.0"
"F","o","r","UKESM1-0-LL","Phase Shift","MeanState","global","scalar","months","0.626643","30.0"
"F","o","r","UKESM1-0-LL","Seasonal Cycle Score","MeanState","global","score","1","0.935848","30.0"
"F","o","r","UKESM1-0-LL","Bias","MeanState","global","scalar","W m-2","8.3995","30.0"
"F","o","r","UKESM1-0-LL","Bias Score","MeanState","global","score","1","0.763043","30.0"
"F","o","r","UKESM1-0-LL","RMSE","MeanState","global","scalar","W m-2","18.6435","30.0"
"F","o","r","UKESM1-0-LL","RMSE Score","MeanState","global","score","1","0.788386","30.0"
"F","o","r","UKESM1-0-LL","Overall Score","MeanState","global","score","1","0.853125","30.0"
"F","o","r","ENSEMBLE-CMIP6","Benchmark Period Mean (intersection)","MeanState","global","scalar","W m-2","188.229","30.0"
"F","o","r","ENSEMBLE-CMIP6","Benchmark Period Mean (complement)","MeanState","global","scalar","W m-2","nan","30.0"
"F","o","r","ENSEMBLE-CMIP6","Period Mean (original grids)","MeanState","global","scalar","W m-2","191.341","30.0"
"F","o","r","ENSEMBLE-CMIP6","Model Period Mean (intersection)","MeanState","global","scalar","W m-2","190.795","30.0"
"F","o","r","ENSEMBLE-CMIP6","Model Period Mean (complement)","MeanState","global","scalar","W m-2","nan","30.0"
"F","o","r","ENSEMBLE-CMIP6","Spatial Distribution Score","MeanState","global","score","1","0.995673","30.0"
"F","o","r","ENSEMBLE-CMIP6","Phase Shift","MeanState","global","scalar","months","0.459794","30.0"
"F","o","r","ENSEMBLE-CMIP6","Seasonal Cycle Score","MeanState","global","score","1","0.954444","30.0"
"F","o","r","ENSEMBLE-CMIP6","Bias","MeanState","global","scalar","W m-2","2.59687","30.0"
"F","o","r","ENSEMBLE-CMIP6","Bias Score","MeanState","global","score","1","0.829399","30.0"
"F","o","r","ENSEMBLE-CMIP6","RMSE","MeanState","global","scalar","W m-2","13.6926","30.0"
"F","o","r","ENSEMBLE-CMIP6","RMSE Score","MeanState","global","score","1","0.82884","30.0"
"F","o","r","ENSEMBLE-CMIP6","Overall Score","MeanState","global","score","1","0.887439","30.0"
"F","o","r","CESM2","Period Mean (original grids)","MeanState","global","scalar","Watt m-2","181.967","24.0"
"F","o","r","CESM2","Bias","MeanState","global","scalar","Watt m-2","5.23444","24.0"
"F","o","r","CESM2","Bias Score","MeanState","global","score","1","0.768873","24.0"
"F","o","r","CESM2","Phase Shift","MeanState","global","scalar","months","0.520325","24.0"
"F","o","r","CESM2","Seasonal Cycle Score","MeanState","global","score","1","0.928972","24.0"
"F","o","r","CESM2","RMSE","MeanState","global","scalar","Watt m-2","36.7622","24.0"
"F","o","r","CESM2","RMSE Score","MeanState","global","score","1","0.642374","24.0"
"F","o","r","CESM2","Overall Score","MeanState","global","score","1","0.745648","24.0"
"F","o","r","NorESM2-LM","Period Mean (original grids)","MeanState","global","scalar","Watt m-2","181.206","24.0"
"F","o","r","NorESM2-LM","Bias","MeanState","global","scalar","Watt m-2","4.668","24.0"
"F","o","r","NorESM2-LM","Bias Score","MeanState","global","score","1","0.760999","24.0"
"F","o","r","NorESM2-LM","Phase Shift","MeanState","global","scalar","months","0.472764","24.0"
"F","o","r","NorESM2-LM","Seasonal Cycle Score","MeanState","global","score","1","0.939367","24.0"
"F","o","r","NorESM2-LM","RMSE","MeanState","global","scalar","Watt m-2","39.4675","24.0"
"F","o","r","NorESM2-LM","RMSE Score","MeanState","global","score","1","0.631373","24.0"
"F","o","r","NorESM2-LM","Overall Score","MeanState","global","score","1","0.740778","24.0"
"F","o","r","ENSEMBLE-CMIP6","Period Mean (original grids)","MeanState","global","scalar","Watt m-2","180.213","24.0"
"F","o","r","ENSEMBLE-CMIP6","Bias","MeanState","global","scalar","Watt m-2","4.18797","24.0"
"F","o","r","ENSEMBLE-CMIP6","Bias Score","MeanState","global","score","1","0.792863","24.0"
"F","o","r","ENSEMBLE-CMIP6","Phase Shift","MeanState","global","scalar","months","0.545935","24.0"
"F","o","r","ENSEMBLE-CMIP6","Seasonal Cycle Score","MeanState","global","score","1","0.934476","24.0"
"F","o","r","ENSEMBLE-CMIP6","RMSE","MeanState","global","scalar","Watt m-2","30.4599","24.0"
"F","o","r","ENSEMBLE-CMIP6","RMSE Score","MeanState","global","score","1","0.684757","24.0"
"F","o","r","ENSEMBLE-CMIP6","Overall Score","MeanState","global","score","1","0.774213","24.0"
"F","o","r","ACCESS-ESM1-5","Period Mean (original grids)","MeanState","global","scalar","Watt m-2","185.561","24.0"
"F","o","r","ACCESS-ESM1-5","Bias","MeanState","global","scalar","Watt m-2","9.23441","24.0"
"F","o","r","ACCESS-ESM1-5","Bias Score","MeanState","global","score","1","0.734029","24.0"
"F","o","r","ACCESS-ESM1-5","Phase Shift","MeanState","global","scalar","months","0.645935","24.0"
"F","o","r","ACCESS-ESM1-5","Seasonal Cycle Score","MeanState","global","score","1","0.930643","24.0"
"F","o","r","ACCESS-ESM1-5","RMSE","MeanState","global","scalar","Watt m-2","41.3276","24.0"
"F","o","r","ACCESS-ESM1-5","RMSE Score","MeanState","global","score","1","0.618548","24.0"
"F","o","r","ACCESS-ESM1-5","Overall Score","MeanState","global","score","1","0.725442","24.0"
"F","o","r","UKESM1-0-LL","Period Mean (original grids)","MeanState","global","scalar","Watt m-2","184.86","24.0"
"F","o","r","UKESM1-0-LL","Bias","MeanState","global","scalar","Watt m-2","8.79272","24.0"
"F","o","r","UKESM1-0-LL","Bias Score","MeanState","global","score","1","0.743441","24.0"
"F","o","r","UKESM1-0-LL","Phase Shift","MeanState","global","scalar","months","0.647561","24.0"
"F","o","r","UKESM1-0-LL","Seasonal Cycle Score","MeanState","global","score","1","0.927552","24.0"
"F","o","r","UKESM1-0-LL","RMSE","MeanState","global","scalar","Watt m-2","35.7218","24.0"
"F","o","r","UKESM1-0-LL","RMSE Score","MeanState","global","score","1","0.631722","24.0"
"F","o","r","UKESM1-0-LL","Overall Score","MeanState","global","score","1","0.733609","24.0"
"F","o","r","UKESM1-0-LL","Benchmark Period Mean (intersection)","MeanState","global","scalar","Watt m-2","186.753","30.0"
"F","o","r","UKESM1-0-LL","Benchmark Period Mean (complement)","MeanState","global","scalar","Watt m-2","nan","30.0"
"F","o","r","UKESM1-0-LL","Period Mean (original grids)","MeanState","global","scalar","Watt m-2","207.1","30.0"
"F","o","r","UKESM1-0-LL","Model Period Mean (intersection)","MeanState","global","scalar","Watt m-2","196.991","30.0"
"F","o","r","UKESM1-0-LL","Model Period Mean (complement)","MeanState","global","scalar","Watt m-2","nan","30.0"
"F","o","r","UKESM1-0-LL","Spatial Distribution Score","MeanState","global","score","1","0.959786","30.0"
"F","o","r","UKESM1-0-LL","Phase Shift","MeanState","global","scalar","months","0.675774","30.0"
"F","o","r","UKESM1-0-LL","Seasonal Cycle Score","MeanState","global","score","1","0.928894","30.0"
"F","o","r","UKESM1-0-LL","Bias","MeanState","global","scalar","Watt m-2","10.1982","30.0"
"F","o","r","UKESM1-0-LL","Bias Score","MeanState","global","score","1","0.704739","30.0"
"F","o","r","UKESM1-0-LL","RMSE","MeanState","global","scalar","Watt m-2","23.7773","30.0"
"F","o","r","UKESM1-0-LL","RMSE Score","MeanState","global","score","1","0.734177","30.0"
"F","o","r","UKESM1-0-LL","Overall Score","MeanState","global","score","1","0.812354","30.0"
"F","o","r","ENSEMBLE-CMIP6","Benchmark Period Mean (intersection)","MeanState","global","scalar","Watt m-2","186.753","30.0"
"F","o","r","ENSEMBLE-CMIP6","Benchmark Period Mean (complement)","MeanState","global","scalar","Watt m-2","nan","30.0"
"F","o","r","ENSEMBLE-CMIP6","Period Mean (original grids)","MeanState","global","scalar","Watt m-2","191.368","30.0"
"F","o","r","ENSEMBLE-CMIP6","Model Period Mean (intersection)","MeanState","global","scalar","Watt m-2","191.134","30.0"
"F","o","r","ENSEMBLE-CMIP6","Model Period Mean (complement)","MeanState","global","scalar","Watt m-2","nan","30.0"
"F","o","r","ENSEMBLE-CMIP6","Spatial Distribution Score","MeanState","global","score","1","0.971268","30.0"
"F","o","r","ENSEMBLE-CMIP6","Phase Shift","MeanState","global","scalar","months","0.482559","30.0"
"F","o","r","ENSEMBLE-CMIP6","Seasonal Cycle Score","MeanState","global","score","1","0.952225","30.0"
"F","o","r","ENSEMBLE-CMIP6","Bias","MeanState","global","scalar","Watt m-2","4.36095","30.0"
"F","o","r","ENSEMBLE-CMIP6","Bias Score","MeanState","global","score","1","0.762196","30.0"
"F","o","r","ENSEMBLE-CMIP6","RMSE","MeanState","global","scalar","Watt m-2","18.6186","30.0"
"F","o","r","ENSEMBLE-CMIP6","RMSE Score","MeanState","global","score","1","0.771248","30.0"
"F","o","r","ENSEMBLE-CMIP6","Overall Score","MeanState","global","score","1","0.845637","30.0"
"F","o","r","NorESM2-LM","Benchmark Period Mean (intersection)","MeanState","global","scalar","Watt m-2","186.753","30.0"
"F","o","r","NorESM2-LM","Benchmark Period Mean (complement)","MeanState","global","scalar","Watt m-2","nan","30.0"
"F","o","r","NorESM2-LM","Period Mean (original grids)","MeanState","global","scalar","Watt m-2","201.265","30.0"
"F","o","r","NorESM2-LM","Model Period Mean (intersection)","MeanState","global","scalar","Watt m-2","188.885","30.0"
"F","o","r","NorESM2-LM","Model Period Mean (complement)","MeanState","global","scalar","Watt m-2","nan","30.0"
"F","o","r","NorESM2-LM","Spatial Distribution Score","MeanState","global","score","1","0.959155","30.0"
"F","o","r","NorESM2-LM","Phase Shift","MeanState","global","scalar","months","0.631798","30.0"
"F","o","r","NorESM2-LM","Seasonal Cycle Score","MeanState","global","score","1","0.936706","30.0"
"F","o","r","NorESM2-LM","Bias","MeanState","global","scalar","Watt m-2","2.08113","30.0"
"F","o","r","NorESM2-LM","Bias Score","MeanState","global","score","1","0.731792","30.0"
"F","o","r","NorESM2-LM","RMSE","MeanState","global","scalar","Watt m-2","23.9342","30.0"
"F","o","r","NorESM2-LM","RMSE Score","MeanState","global","score","1","0.710364","30.0"
"F","o","r","NorESM2-LM","Overall Score","MeanState","global","score","1","0.809676","30.0"
"F","o","r","CESM2","Benchmark Period Mean (intersection)","MeanState","global","scalar","Watt m-2","186.753","30.0"
"F","o","r","CESM2","Benchmark Period Mean (complement)","MeanState","global","scalar","Watt m-2","nan","30.0"
"F","o","r","CESM2","Period Mean (original grids)","MeanState","global","scalar","Watt m-2","200.313","30.0"
"F","o","r","CESM2","Model Period Mean (intersection)","MeanState","global","scalar","Watt m-2","188.779","30.0"
"F","o","r","CESM2","Model Period Mean (complement)","MeanState","global","scalar","Watt m-2","nan","30.0"
"F","o","r","CESM2","Spatial Distribution Score","MeanState","global","score","1","0.970316","30.0"
"F","o","r","CESM2","Phase Shift","MeanState","global","scalar","months","0.628578","30.0"
"F","o","r","CESM2","Seasonal Cycle Score","MeanState","global","score","1","0.937492","30.0"
"F","o","r","CESM2","Bias","MeanState","global","scalar","Watt m-2","2.03451","30.0"
"F","o","r","CESM2","Bias Score","MeanState","global","score","1","0.747627","30.0"
"F","o","r","CESM2","RMSE","MeanState","global","scalar","Watt m-2","22.3061","30.0"
"F","o","r","CESM2","RMSE Score","MeanState","global","score","1","0.723049","30.0"
"F","o","r","CESM2","Overall Score","MeanState","global","score","1","0.820306","30.0"
"F","o","r","ACCESS-ESM1-5","Benchmark Period Mean (intersection)","MeanState","global","scalar","Watt m-2","186.753","30.0"
"F","o","r","ACCESS-ESM1-5","Benchmark Period Mean (complement)","MeanState","global","scalar","Watt m-2","nan","30.0"
"F","o","r","ACCESS-ESM1-5","Period Mean (original grids)","MeanState","global","scalar","Watt m-2","208.919","30.0"
"F","o","r","ACCESS-ESM1-5","Model Period Mean (intersection)","MeanState","global","scalar","Watt m-2","196.509","30.0"
"F","o","r","ACCESS-ESM1-5","Model Period Mean (complement)","MeanState","global","scalar","Watt m-2","nan","30.0"
"F","o","r","ACCESS-ESM1-5","Spatial Distribution Score","MeanState","global","score","1","0.946668","30.0"
"F","o","r","ACCESS-ESM1-5","Phase Shift","MeanState","global","scalar","months","0.629043","30.0"
"F","o","r","ACCESS-ESM1-5","Seasonal Cycle Score","MeanState","global","score","1","0.935192","30.0"
"F","o","r","ACCESS-ESM1-5","Bias","MeanState","global","scalar","Watt m-2","9.70236","30.0"
"F","o","r","ACCESS-ESM1-5","Bias Score","MeanState","global","score","1","0.676958","30.0"
"F","o","r","ACCESS-ESM1-5","RMSE","MeanState","global","scalar","Watt m-2","27.2896","30.0"
"F","o","r","ACCESS-ESM1-5","RMSE Score","MeanState","global","score","1","0.705212","30.0"
"F","o","r","ACCESS-ESM1-5","Overall Score","MeanState","global","score","1","0.793849","30.0"
"F","o","r","CESM2","Benchmark Period Mean (intersection)","MeanState","global","scalar","W m-2","186.409","30.0"
"F","o","r","CESM2","Benchmark Period Mean (complement)","MeanState","global","scalar","W m-2","nan","30.0"
"F","o","r","CESM2","Period Mean (original grids)","MeanState","global","scalar","W m-2","200.697","30.0"
"F","o","r","CESM2","Model Period Mean (intersection)","MeanState","global","scalar","W m-2","189.043","30.0"
"F","o","r","CESM2","Model Period Mean (complement)","MeanState","global","scalar","W m-2","nan","30.0"
"F","o","r","CESM2","Spatial Distribution Score","MeanState","global","score","1","0.991188","30.0"
"F","o","r","CESM2","Phase Shift","MeanState","global","scalar","months","0.668989","30.0"
"F","o","r","CESM2","Seasonal Cycle Score","MeanState","global","score","1","0.929376","30.0"
"F","o","r","CESM2","Bias","MeanState","global","scalar","W m-2","2.56494","30.0"
"F","o","r","CESM2","Bias Score","MeanState","global","score","1","0.794888","30.0"
"F","o","r","CESM2","RMSE","MeanState","global","scalar","W m-2","18.1523","30.0"
"F","o","r","CESM2","RMSE Score","MeanState","global","score","1","0.75068","30.0"
"F","o","r","CESM2","Overall Score","MeanState","global","score","1","0.843362","30.0"
"F","o","r","UKESM1-0-LL","Benchmark Period Mean (intersection)","MeanState","global","scalar","W m-2","186.409","30.0"
"F","o","r","UKESM1-0-LL","Benchmark Period Mean (complement)","MeanState","global","scalar","W m-2","nan","30.0"
"F","o","r","UKESM1-0-LL","Period Mean (original grids)","MeanState","global","scalar","W m-2","207.54","30.0"
"F","o","r","UKESM1-0-LL","Model Period Mean (intersection)","MeanState","global","scalar","W m-2","197.403","30.0"
"F","o","r","UKESM1-0-LL","Model Period Mean (complement)","MeanState","global","scalar","W m-2","nan","30.0"
"F","o","r","UKESM1-0-LL","Spatial Distribution Score","MeanState","global","score","1","0.98236","30.0"
"F","o","r","UKESM1-0-LL","Phase Shift","MeanState","global","scalar","months","0.667584","30.0"
"F","o","r","UKESM1-0-LL","Seasonal Cycle Score","MeanState","global","score","1","0.926425","30.0"
"F","o","r","UKESM1-0-LL","Bias","MeanState","global","scalar","W m-2","10.9718","30.0"
"F","o","r","UKESM1-0-LL","Bias Score","MeanState","global","score","1","0.740782","30.0"
"F","o","r","UKESM1-0-LL","RMSE","MeanState","global","scalar","W m-2","19.251","30.0"
"F","o","r","UKESM1-0-LL","RMSE Score","MeanState","global","score","1","0.768841","30.0"
"F","o","r","UKESM1-0-LL","Overall Score","MeanState","global","score","1","0.83745","30.0"
"F","o","r","ENSEMBLE-CMIP6","Benchmark Period Mean (intersection)","MeanState","global","scalar","W m-2","186.409","30.0"
"F","o","r","ENSEMBLE-CMIP6","Benchmark Period Mean (complement)","MeanState","global","scalar","W m-2","nan","30.0"
"F","o","r","ENSEMBLE-CMIP6","Period Mean (original grids)","MeanState","global","scalar","W m-2","191.503","30.0"
"F","o","r","ENSEMBLE-CMIP6","Model Period Mean (intersection)","MeanState","global","scalar","W m-2","191.268","30.0"
"F","o","r","ENSEMBLE-CMIP6","Model Period Mean (complement)","MeanState","global","scalar","W m-2","nan","30.0"
"F","o","r","ENSEMBLE-CMIP6","Spatial Distribution Score","MeanState","global","score","1","0.99075","30.0"
"F","o","r","ENSEMBLE-CMIP6","Phase Shift","MeanState","global","scalar","months","0.560548","30.0"
"F","o","r","ENSEMBLE-CMIP6","Seasonal Cycle Score","MeanState","global","score","1","0.942401","30.0"
"F","o","r","ENSEMBLE-CMIP6","Bias","MeanState","global","scalar","W m-2","4.84829","30.0"
"F","o","r","ENSEMBLE-CMIP6","Bias Score","MeanState","global","score","1","0.806368","30.0"
"F","o","r","ENSEMBLE-CMIP6","RMSE","MeanState","global","scalar","W m-2","15.0219","30.0"
"F","o","r","ENSEMBLE-CMIP6","RMSE Score","MeanState","global","score","1","0.798525","30.0"
"F","o","r","ENSEMBLE-CMIP6","Overall Score","MeanState","global","score","1","0.867314","30.0"
"F","o","r","ACCESS-ESM1-5","Benchmark Period Mean (intersection)","MeanState","global","scalar","W m-2","186.409","30.0"
"F","o","r","ACCESS-ESM1-5","Benchmark Period Mean (complement)","MeanState","global","scalar","W m-2","nan","30.0"
"F","o","r","ACCESS-ESM1-5","Period Mean (original grids)","MeanState","global","scalar","W m-2","209.738","30.0"
"F","o","r","ACCESS-ESM1-5","Model Period Mean (intersection)","MeanState","global","scalar","W m-2","196.965","30.0"
"F","o","r","ACCESS-ESM1-5","Model Period Mean (complement)","MeanState","global","scalar","W m-2","nan","30.0"
"F","o","r","ACCESS-ESM1-5","Spatial Distribution Score","MeanState","global","score","1","0.971403","30.0"
"F","o","r","ACCESS-ESM1-5","Phase Shift","MeanState","global","scalar","months","0.686836","30.0"
"F","o","r","ACCESS-ESM1-5","Seasonal Cycle Score","MeanState","global","score","1","0.926404","30.0"
"F","o","r","ACCESS-ESM1-5","Bias","MeanState","global","scalar","W m-2","10.4671","30.0"
"F","o","r","ACCESS-ESM1-5","Bias Score","MeanState","global","score","1","0.714043","30.0"
"F","o","r","ACCESS-ESM1-5","RMSE","MeanState","global","scalar","W m-2","22.8092","30.0"
"F","o","r","ACCESS-ESM1-5","RMSE Score","MeanState","global","score","1","0.733733","30.0"
"F","o","r","ACCESS-ESM1-5","Overall Score","MeanState","global","score","1","0.815863","30.0"
"F","o","r","NorESM2-LM","Benchmark Period Mean (intersection)","MeanState","global","scalar","W m-2","186.409","30.0"
"F","o","r","NorESM2-LM","Benchmark Period Mean (complement)","MeanState","global","scalar","W m-2","nan","30.0"
"F","o","r","NorESM2-LM","Period Mean (original grids)","MeanState","global","scalar","W m-2","201.746","30.0"
"F","o","r","NorESM2-LM","Model Period Mean (intersection)","MeanState","global","scalar","W m-2","189.14","30.0"
"F","o","r","NorESM2-LM","Model Period Mean (complement)","MeanState","global","scalar","W m-2","nan","30.0"
"F","o","r","NorESM2-LM","Spatial Distribution Score","MeanState","global","score","1","0.981751","30.0"
"F","o","r","NorESM2-LM","Phase Shift","MeanState","global","scalar","months","0.686515","30.0"
"F","o","r","NorESM2-LM","Seasonal Cycle Score","MeanState","global","score","1","0.92614","30.0"
"F","o","r","NorESM2-LM","Bias","MeanState","global","scalar","W m-2","2.67977","30.0"
"F","o","r","NorESM2-LM","Bias Score","MeanState","global","score","1","0.768211","30.0"
"F","o","r","NorESM2-LM","RMSE","MeanState","global","scalar","W m-2","20.9341","30.0"
"F","o","r","NorESM2-LM","RMSE Score","MeanState","global","score","1","0.732992","30.0"
"F","o","r","NorESM2-LM","Overall Score","MeanState","global","score","1","0.828417","30.0"
"E","c","o","NorESM2-LM","Benchmark Period Mean (intersection)","MeanState","global","scalar","Pg yr-1","115.948","75.0"
"E","c","o","NorESM2-LM","Benchmark Period Mean (complement)","MeanState","global","scalar","Pg yr-1","nan","75.0"
"E","c","o","NorESM2-LM","Period Mean (original grids)","MeanState","global","scalar","Pg yr-1","143.315","75.0"
"E","c","o","NorESM2-LM","Model Period Mean (intersection)","MeanState","global","scalar","Pg yr-1","113.604","75.0"
"E","c","o","NorESM2-LM","Model Period Mean (complement)","MeanState","global","scalar","Pg yr-1","25.5257","75.0"
"E","c","o","NorESM2-LM","Spatial Distribution Score","MeanState","global","score","1","0.919997","75.0"
"E","c","o","NorESM2-LM","Phase Shift","MeanState","global","scalar","months","1.53725","75.0"
"E","c","o","NorESM2-LM","Seasonal Cycle Score","MeanState","global","score","1","0.760687","75.0"
"E","c","o","NorESM2-LM","Bias","MeanState","global","scalar","g m-2 d-1","-0.0455326","75.0"
"E","c","o","NorESM2-LM","Bias Score","MeanState","global","score","1","0.517162","75.0"
"E","c","o","NorESM2-LM","RMSE","MeanState","global","scalar","g m-2 d-1","1.52391","75.0"
"E","c","o","NorESM2-LM","RMSE Score","MeanState","global","score","1","0.47606","75.0"
"E","c","o","NorESM2-LM","Overall Score","MeanState","global","score","1","0.629993","75.0"
"E","c","o","ENSEMBLE-CMIP6","Benchmark Period Mean (intersection)","MeanState","global","scalar","Pg yr-1","115.948","75.0"
"E","c","o","ENSEMBLE-CMIP6","Benchmark Period Mean (complement)","MeanState","global","scalar","Pg yr-1","nan","75.0"
"E","c","o","ENSEMBLE-CMIP6","Period Mean (original grids)","MeanState","global","scalar","Pg yr-1","149.874","75.0"
"E","c","o","ENSEMBLE-CMIP6","Model Period Mean (intersection)","MeanState","global","scalar","Pg yr-1","122.535","75.0"
"E","c","o","ENSEMBLE-CMIP6","Model Period Mean (complement)","MeanState","global","scalar","Pg yr-1","25.1166","75.0"
"E","c","o","ENSEMBLE-CMIP6","Spatial Distribution Score","MeanState","global","score","1","0.960681","75.0"
"E","c","o","ENSEMBLE-CMIP6","Phase Shift","MeanState","global","scalar","months","1.26405","75.0"
"E","c","o","ENSEMBLE-CMIP6","Seasonal Cycle Score","MeanState","global","score","1","0.788478","75.0"
"E","c","o","ENSEMBLE-CMIP6","Bias","MeanState","global","scalar","g m-2 d-1","0.138584","75.0"
"E","c","o","ENSEMBLE-CMIP6","Bias Score","MeanState","global","score","1","0.639186","75.0"
"E","c","o","ENSEMBLE-CMIP6","RMSE","MeanState","global","scalar","g m-2 d-1","0.959655","75.0"
"E","c","o","ENSEMBLE-CMIP6","RMSE Score","MeanState","global","score","1","0.579408","75.0"
"E","c","o","ENSEMBLE-CMIP6","Overall Score","MeanState","global","score","1","0.709432","75.0"
"E","c","o","ACCESS-ESM1-5","Benchmark Period Mean (intersection)","MeanState","global","scalar","Pg yr-1","115.64","75.0"
"E","c","o","ACCESS-ESM1-5","Benchmark Period Mean (complement)","MeanState","global","scalar","Pg yr-1","0.308367","75.0"
"E","c","o","ACCESS-ESM1-5","Period Mean (original grids)","MeanState","global","scalar","Pg yr-1","127.333","75.0"
"E","c","o","ACCESS-ESM1-5","Model Period Mean (intersection)","MeanState","global","scalar","Pg yr-1","119.679","75.0"
"E","c","o","ACCESS-ESM1-5","Model Period Mean (complement)","MeanState","global","scalar","Pg yr-1","7.27801","75.0"
"E","c","o","ACCESS-ESM1-5","Spatial Distribution Score","MeanState","global","score","1","0.847692","75.0"
"E","c","o","ACCESS-ESM1-5","Phase Shift","MeanState","global","scalar","months","1.4937","75.0"
"E","c","o","ACCESS-ESM1-5","Seasonal Cycle Score","MeanState","global","score","1","0.775005","75.0"
"E","c","o","ACCESS-ESM1-5","Bias","MeanState","global","scalar","g m-2 d-1","0.0701308","75.0"
"E","c","o","ACCESS-ESM1-5","Bias Score","MeanState","global","score","1","0.475756","75.0"
"E","c","o","ACCESS-ESM1-5","RMSE","MeanState","global","scalar","g m-2 d-1","1.39727","75.0"
"E","c","o","ACCESS-ESM1-5","RMSE Score","MeanState","global","score","1","0.532905","75.0"
"E","c","o","ACCESS-ESM1-5","Overall Score","MeanState","global","score","1","0.632852","75.0"
"E","c","o","CESM2","Benchmark Period Mean (intersection)","MeanState","global","scalar","Pg yr-1","115.505","75.0"
"E","c","o","CESM2","Benchmark Period Mean (complement)","MeanState","global","scalar","Pg yr-1","0.442793","75.0"
"E","c","o","CESM2","Period Mean (original grids)","MeanState","global","scalar","Pg yr-1","134.212","75.0"
"E","c","o","CESM2","Model Period Mean (intersection)","MeanState","global","scalar","Pg yr-1","113.748","75.0"
"E","c","o","CESM2","Model Period Mean (complement)","MeanState","global","scalar","Pg yr-1","19.036","75.0"
"E","c","o","CESM2","Spatial Distribution Score","MeanState","global","score","1","0.925288","75.0"
"E","c","o","CESM2","Phase Shift","MeanState","global","scalar","months","1.54501","75.0"
"E","c","o","CESM2","Seasonal Cycle Score","MeanState","global","score","1","0.759564","75.0"
"E","c","o","CESM2","Bias","MeanState","global","scalar","g m-2 d-1","-0.0380075","75.0"
"E","c","o","CESM2","Bias Score","MeanState","global","score","1","0.519611","75.0"
"E","c","o","CESM2","RMSE","MeanState","global","scalar","g m-2 d-1","1.53735","75.0"
"E","c","o","CESM2","RMSE Score","MeanState","global","score","1","0.473928","75.0"
"E","c","o","CESM2","Overall Score","MeanState","global","score","1","0.630464","75.0"
"E","c","o","UKESM1-0-LL","Benchmark Period Mean (intersection)","MeanState","global","scalar","Pg yr-1","115.626","75.0"
"E","c","o","UKESM1-0-LL","Benchmark Period Mean (complement)","MeanState","global","scalar","Pg yr-1","0.321872","75.0"
"E","c","o","UKESM1-0-LL","Period Mean (original grids)","MeanState","global","scalar","Pg yr-1","162.053","75.0"
"E","c","o","UKESM1-0-LL","Model Period Mean (intersection)","MeanState","global","scalar","Pg yr-1","134.027","75.0"
"E","c","o","UKESM1-0-LL","Model Period Mean (complement)","MeanState","global","scalar","Pg yr-1","25.9014","75.0"
"E","c","o","UKESM1-0-LL","Spatial Distribution Score","MeanState","global","score","1","0.790328","75.0"
"E","c","o","UKESM1-0-LL","Phase Shift","MeanState","global","scalar","months","1.35223","75.0"
"E","c","o","UKESM1-0-LL","Seasonal Cycle Score","MeanState","global","score","1","0.773657","75.0"
"E","c","o","UKESM1-0-LL","Bias","MeanState","global","scalar","g m-2 d-1","0.387922","75.0"
"E","c","o","UKESM1-0-LL","Bias Score","MeanState","global","score","1","0.411818","75.0"
"E","c","o","UKESM1-0-LL","RMSE","MeanState","global","scalar","g m-2 d-1","1.83806","75.0"
"E","c","o","UKESM1-0-LL","RMSE Score","MeanState","global","score","1","0.438616","75.0"
"E","c","o","UKESM1-0-LL","Overall Score","MeanState","global","score","1","0.570607","75.0"
"E","c","o","UKESM1-0-LL","Benchmark Period Mean (intersection)","MeanState","global","scalar","Pg yr-1","112.885","75.0"
"E","c","o","UKESM1-0-LL","Benchmark Period Mean (complement)","MeanState","global","scalar","Pg yr-1","0.825011","75.0"
"E","c","o","UKESM1-0-LL","Period Mean (original grids)","MeanState","global","scalar","Pg yr-1","155.443","75.0"
"E","c","o","UKESM1-0-LL","Model Period Mean (intersection)","MeanState","global","scalar","Pg yr-1","131.141","75.0"
"E","c","o","UKESM1-0-LL","Model Period Mean (complement)","MeanState","global","scalar","Pg yr-1","22.0956","75.0"
"E","c","o","UKESM1-0-LL","Spatial Distribution Score","MeanState","global","score","1","0.922108","75.0"
"E","c","o","UKESM1-0-LL","Phase Shift","MeanState","global","scalar","months","1.15515","75.0"
"E","c","o","UKESM1-0-LL","Seasonal Cycle Score","MeanState","global","score","1","0.790185","75.0"
"E","c","o","UKESM1-0-LL","Bias","MeanState","global","scalar","g m-2 d-1","0.422376","75.0"
"E","c","o","UKESM1-0-LL","Bias Score","MeanState","global","score","1","0.433052","75.0"
"E","c","o","UKESM1-0-LL","RMSE","MeanState","global","scalar","g m-2 d-1","1.79372","75.0"
"E","c","o","UKESM1-0-LL","RMSE Score","MeanState","global","score","1","0.416972","75.0"
"E","c","o","UKESM1-0-LL","Overall Score","MeanState","global","score","1","0.595858","75.0"
"E","c","o","UKESM1-0-LL","Evapotranspiration|GLEAMv3.3a Hellinger Distance","Relationships","global","scalar","1","0.522898","75.0"
"E","c","o","UKESM1-0-LL","Evapotranspiration|GLEAMv3.3a Score","Relationships","global","score","1","0.927531","75.0"
"E","c","o","UKESM1-0-LL","Precipitation|GPCPv2.3 Hellinger Distance","Relationships","global","scalar","1","0.591674","75.0"
"E","c","o","UKESM1-0-LL","Precipitation|GPCPv2.3 Score","Relationships","global","score","1","0.809746","75.0"
"E","c","o","UKESM1-0-LL","SurfaceDownwardSWRadiation|CERESed4.2 Hellinger Distance","Relationships","global","scalar","1","0.531586","75.0"
"E","c","o","UKESM1-0-LL","SurfaceDownwardSWRadiation|CERESed4.2 Score","Relationships","global","score","1","0.605893","75.0"
"E","c","o","UKESM1-0-LL","SurfaceNetSWRadiation|CERESed4.2 Hellinger Distance","Relationships","global","scalar","1","0.609913","75.0"
"E","c","o","UKESM1-0-LL","SurfaceNetSWRadiation|CERESed4.2 Score","Relationships","global","score","1","0.703552","75.0"
"E","c","o","UKESM1-0-LL","SurfaceAirTemperature|CRU4.02 Hellinger Distance","Relationships","global","scalar","1","0.586452","75.0"
"E","c","o","UKESM1-0-LL","SurfaceAirTemperature|CRU4.02 Score","Relationships","global","score","1","0.752693","75.0"
"E","c","o","UKESM1-0-LL","Overall Score","Relationships","global","score","1","0.759883","75.0"
"E","c","o","ENSEMBLE-CMIP6","Benchmark Period Mean (intersection)","MeanState","global","scalar","Pg yr-1","113.71","75.0"
"E","c","o","ENSEMBLE-CMIP6","Benchmark Period Mean (complement)","MeanState","global","scalar","Pg yr-1","nan","75.0"
"E","c","o","ENSEMBLE-CMIP6","Period Mean (original grids)","MeanState","global","scalar","Pg yr-1","143.972","75.0"
"E","c","o","ENSEMBLE-CMIP6","Model Period Mean (intersection)","MeanState","global","scalar","Pg yr-1","119.717","75.0"
"E","c","o","ENSEMBLE-CMIP6","Model Period Mean (complement)","MeanState","global","scalar","Pg yr-1","22.076","75.0"
"E","c","o","ENSEMBLE-CMIP6","Spatial Distribution Score","MeanState","global","score","1","0.961151","75.0"
"E","c","o","ENSEMBLE-CMIP6","Phase Shift","MeanState","global","scalar","months","0.978631","75.0"
"E","c","o","ENSEMBLE-CMIP6","Seasonal Cycle Score","MeanState","global","score","1","0.809572","75.0"
"E","c","o","ENSEMBLE-CMIP6","Bias","MeanState","global","scalar","g m-2 d-1","0.137892","75.0"
"E","c","o","ENSEMBLE-CMIP6","Bias Score","MeanState","global","score","1","0.57665","75.0"
"E","c","o","ENSEMBLE-CMIP6","RMSE","MeanState","global","scalar","g m-2 d-1","1.14631","75.0"
"E","c","o","ENSEMBLE-CMIP6","RMSE Score","MeanState","global","score","1","0.52236","75.0"
"E","c","o","ENSEMBLE-CMIP6","Overall Score","MeanState","global","score","1","0.678419","75.0"
"E","c","o","ENSEMBLE-CMIP6","Evapotranspiration|GLEAMv3.3a Hellinger Distance","Relationships","global","scalar","1","0.573758","75.0"
"E","c","o","ENSEMBLE-CMIP6","Evapotranspiration|GLEAMv3.3a Score","Relationships","global","score","1","0.806626","75.0"
"E","c","o","ENSEMBLE-CMIP6","Precipitation|GPCPv2.3 Hellinger Distance","Relationships","global","scalar","1","0.657782","75.0"
"E","c","o","ENSEMBLE-CMIP6","Precipitation|GPCPv2.3 Score","Relationships","global","score","1","0.909635","75.0"
"E","c","o","ENSEMBLE-CMIP6","SurfaceDownwardSWRadiation|CERESed4.2 Hellinger Distance","Relationships","global","scalar","1","0.577686","75.0"
"E","c","o","ENSEMBLE-CMIP6","SurfaceDownwardSWRadiation|CERESed4.2 Score","Relationships","global","score","1","0.710651","75.0"
"E","c","o","ENSEMBLE-CMIP6","SurfaceNetSWRadiation|CERESed4.2 Hellinger Distance","Relationships","global","scalar","1","0.682783","75.0"
"E","c","o","ENSEMBLE-CMIP6","SurfaceNetSWRadiation|CERESed4.2 Score","Relationships","global","score","1","0.71438","75.0"
"E","c","o","ENSEMBLE-CMIP6","SurfaceAirTemperature|CRU4.02 Hellinger Distance","Relationships","global","scalar","1","0.741723","75.0"
"E","c","o","ENSEMBLE-CMIP6","SurfaceAirTemperature|CRU4.02 Score","Relationships","global","score","1","0.830054","75.0"
"E","c","o","ENSEMBLE-CMIP6","Overall Score","Relationships","global","score","1","0.794269","75.0"
"E","c","o","NorESM2-LM","Benchmark Period Mean (intersection)","MeanState","global","scalar","Pg yr-1","113.71","75.0"
"E","c","o","NorESM2-LM","Benchmark Period Mean (complement)","MeanState","global","scalar","Pg yr-1","nan","75.0"
"E","c","o","NorESM2-LM","Period Mean (original grids)","MeanState","global","scalar","Pg yr-1","137.958","75.0"
"E","c","o","NorESM2-LM","Model Period Mean (intersection)","MeanState","global","scalar","Pg yr-1","111.083","75.0"
"E","c","o","NorESM2-LM","Model Period Mean (complement)","MeanState","global","scalar","Pg yr-1","22.7223","75.0"
"E","c","o","NorESM2-LM","Spatial Distribution Score","MeanState","global","score","1","0.938583","75.0"
"E","c","o","NorESM2-LM","Phase Shift","MeanState","global","scalar","months","1.31564","75.0"
"E","c","o","NorESM2-LM","Seasonal Cycle Score","MeanState","global","score","1","0.787476","75.0"
"E","c","o","NorESM2-LM","Bias","MeanState","global","scalar","g m-2 d-1","-0.0536975","75.0"
"E","c","o","NorESM2-LM","Bias Score","MeanState","global","score","1","0.445721","75.0"
"E","c","o","NorESM2-LM","RMSE","MeanState","global","scalar","g m-2 d-1","1.63303","75.0"
"E","c","o","NorESM2-LM","RMSE Score","MeanState","global","score","1","0.469399","75.0"
"E","c","o","NorESM2-LM","Overall Score","MeanState","global","score","1","0.622116","75.0"
"E","c","o","NorESM2-LM","Precipitation|GPCPv2.3 Hellinger Distance","Relationships","global","scalar","1","0.592532","75.0"
"E","c","o","NorESM2-LM","Precipitation|GPCPv2.3 Score","Relationships","global","score","1","0.903486","75.0"
"E","c","o","NorESM2-LM","SurfaceDownwardSWRadiation|CERESed4.2 Hellinger Distance","Relationships","global","scalar","1","0.521583","75.0"
"E","c","o","NorESM2-LM","SurfaceDownwardSWRadiation|CERESed4.2 Score","Relationships","global","score","1","0.748352","75.0"
"E","c","o","NorESM2-LM","SurfaceNetSWRadiation|CERESed4.2 Hellinger Distance","Relationships","global","scalar","1","0.640918","75.0"
"E","c","o","NorESM2-LM","SurfaceNetSWRadiation|CERESed4.2 Score","Relationships","global","score","1","0.747159","75.0"
"E","c","o","NorESM2-LM","SurfaceAirTemperature|CRU4.02 Hellinger Distance","Relationships","global","scalar","1","0.669178","75.0"
"E","c","o","NorESM2-LM","SurfaceAirTemperature|CRU4.02 Score","Relationships","global","score","1","0.800975","75.0"
"E","c","o","NorESM2-LM","Overall Score","Relationships","global","score","1","0.799993","75.0"
"E","c","o","CESM2","Benchmark Period Mean (intersection)","MeanState","global","scalar","Pg yr-1","113.067","75.0"
"E","c","o","CESM2","Benchmark Period Mean (complement)","MeanState","global","scalar","Pg yr-1","0.642602","75.0"
"E","c","o","CESM2","Period Mean (original grids)","MeanState","global","scalar","Pg yr-1","129.099","75.0"
"E","c","o","CESM2","Model Period Mean (intersection)","MeanState","global","scalar","Pg yr-1","111.837","75.0"
"E","c","o","CESM2","Model Period Mean (complement)","MeanState","global","scalar","Pg yr-1","15.8627","75.0"
"E","c","o","CESM2","Spatial Distribution Score","MeanState","global","score","1","0.933685","75.0"
"E","c","o","CESM2","Phase Shift","MeanState","global","scalar","months","1.33227","75.0"
"E","c","o","CESM2","Seasonal Cycle Score","MeanState","global","score","1","0.771678","75.0"
"E","c","o","CESM2","Bias","MeanState","global","scalar","g m-2 d-1","-0.0273113","75.0"
"E","c","o","CESM2","Bias Score","MeanState","global","score","1","0.460131","75.0"
"E","c","o","CESM2","RMSE","MeanState","global","scalar","g m-2 d-1","1.63038","75.0"
"E","c","o","CESM2","RMSE Score","MeanState","global","score","1","0.463324","75.0"
"E","c","o","CESM2","Overall Score","MeanState","global","score","1","0.618428","75.0"
"E","c","o","CESM2","Evapotranspiration|GLEAMv3.3a Hellinger Distance","Relationships","global","scalar","1","0.507917","75.0"
"E","c","o","CESM2","Evapotranspiration|GLEAMv3.3a Score","Relationships","global","score","1","0.782391","75.0"
"E","c","o","CESM2","Precipitation|GPCPv2.3 Hellinger Distance","Relationships","global","scalar","1","0.574529","75.0"
"E","c","o","CESM2","Precipitation|GPCPv2.3 Score","Relationships","global","score","1","0.859419","75.0"
"E","c","o","CESM2","SurfaceDownwardSWRadiation|CERESed4.2 Hellinger Distance","Relationships","global","scalar","1","0.527383","75.0"
"E","c","o","CESM2","SurfaceDownwardSWRadiation|CERESed4.2 Score","Relationships","global","score","1","0.746982","75.0"
"E","c","o","CESM2","SurfaceNetSWRadiation|CERESed4.2 Hellinger Distance","Relationships","global","scalar","1","0.648682","75.0"
"E","c","o","CESM2","SurfaceNetSWRadiation|CERESed4.2 Score","Relationships","global","score","1","0.736115","75.0"
"E","c","o","CESM2","SurfaceAirTemperature|CRU4.02 Hellinger Distance","Relationships","global","scalar","1","0.663487","75.0"
"E","c","o","CESM2","SurfaceAirTemperature|CRU4.02 Score","Relationships","global","score","1","0.771612","75.0"
"E","c","o","CESM2","Overall Score","Relationships","global","score","1","0.779304","75.0"
"E","c","o","ACCESS-ESM1-5","Benchmark Period Mean (intersection)","MeanState","global","scalar","Pg yr-1","113.184","75.0"
"E","c","o","ACCESS-ESM1-5","Benchmark Period Mean (complement)","MeanState","global","scalar","Pg yr-1","0.526519","75.0"
"E","c","o","ACCESS-ESM1-5","Period Mean (original grids)","MeanState","global","scalar","Pg yr-1","123.122","75.0"
"E","c","o","ACCESS-ESM1-5","Model Period Mean (intersection)","MeanState","global","scalar","Pg yr-1","116.973","75.0"
"E","c","o","ACCESS-ESM1-5","Model Period Mean (complement)","MeanState","global","scalar","Pg yr-1","5.77988","75.0"
"E","c","o","ACCESS-ESM1-5","Spatial Distribution Score","MeanState","global","score","1","0.942816","75.0"
"E","c","o","ACCESS-ESM1-5","Phase Shift","MeanState","global","scalar","months","1.36398","75.0"
"E","c","o","ACCESS-ESM1-5","Seasonal Cycle Score","MeanState","global","score","1","0.785354","75.0"
"E","c","o","ACCESS-ESM1-5","Bias","MeanState","global","scalar","g m-2 d-1","0.0823582","75.0"
"E","c","o","ACCESS-ESM1-5","Bias Score","MeanState","global","score","1","0.442933","75.0"
"E","c","o","ACCESS-ESM1-5","RMSE","MeanState","global","scalar","g m-2 d-1","1.5555","75.0"
"E","c","o","ACCESS-ESM1-5","RMSE Score","MeanState","global","score","1","0.48063","75.0"
"E","c","o","ACCESS-ESM1-5","Overall Score","MeanState","global","score","1","0.626473","75.0"
"E","c","o","ACCESS-ESM1-5","Evapotranspiration|GLEAMv3.3a Hellinger Distance","Relationships","global","scalar","1","0.451471","75.0"
"E","c","o","ACCESS-ESM1-5","Evapotranspiration|GLEAMv3.3a Score","Relationships","global","score","1","0.748774","75.0"
"E","c","o","ACCESS-ESM1-5","Precipitation|GPCPv2.3 Hellinger Distance","Relationships","global","scalar","1","0.573243","75.0"
"E","c","o","ACCESS-ESM1-5","Precipitation|GPCPv2.3 Score","Relationships","global","score","1","0.801761","75.0"
"E","c","o","ACCESS-ESM1-5","SurfaceDownwardSWRadiation|CERESed4.2 Hellinger Distance","Relationships","global","scalar","1","0.525668","75.0"
"E","c","o","ACCESS-ESM1-5","SurfaceDownwardSWRadiation|CERESed4.2 Score","Relationships","global","score","1","0.613859","75.0"
"E","c","o","ACCESS-ESM1-5","SurfaceNetSWRadiation|CERESed4.2 Hellinger Distance","Relationships","global","scalar","1","0.668214","75.0"
"E","c","o","ACCESS-ESM1-5","SurfaceNetSWRadiation|CERESed4.2 Score","Relationships","global","score","1","0.621898","75.0"
"E","c","o","ACCESS-ESM1-5","SurfaceAirTemperature|CRU4.02 Hellinger Distance","Relationships","global","scalar","1","0.696799","75.0"
"E","c","o","ACCESS-ESM1-5","SurfaceAirTemperature|CRU4.02 Score","Relationships","global","score","1","0.768949","75.0"
"E","c","o","ACCESS-ESM1-5","Overall Score","Relationships","global","score","1","0.711048","75.0"
"E","c","o","CESM2","Benchmark Period Mean (intersection)","MeanState","global","scalar","1","1.35527","45.0"
"E","c","o","CESM2","Benchmark Period Mean (complement)","MeanState","global","scalar","1","1.94127","45.0"
"E","c","o","CESM2","Period Mean (original grids)","MeanState","global","scalar","1","1.62137","45.0"
"E","c","o","CESM2","Model Period Mean (intersection)","MeanState","global","scalar","1","1.56433","45.0"
"E","c","o","CESM2","Model Period Mean (complement)","MeanState","global","scalar","1","0.974998","45.0"
"E","c","o","CESM2","Spatial Distribution Score","MeanState","global","score","1","0.888057","45.0"
"E","c","o","CESM2","Phase Shift","MeanState","global","scalar","months","2.25162","45.0"
"E","c","o","CESM2","Seasonal Cycle Score","MeanState","global","score","1","0.616546","45.0"
"E","c","o","CESM2","Bias","MeanState","global","scalar","1","0.207948","45.0"
"E","c","o","CESM2","Bias Score","MeanState","global","score","1","0.255529","45.0"
"E","c","o","CESM2","RMSE","MeanState","global","scalar","1","0.934147","45.0"
"E","c","o","CESM2","RMSE Score","MeanState","global","score","1","0.331406","45.0"
"E","c","o","CESM2","Overall Score","MeanState","global","score","1","0.484589","45.0"
"E","c","o","NorESM2-LM","Benchmark Period Mean (intersection)","MeanState","global","scalar","1","1.35735","45.0"
"E","c","o","NorESM2-LM","Benchmark Period Mean (complement)","MeanState","global","scalar","1","nan","45.0"
"E","c","o","NorESM2-LM","Period Mean (original grids)","MeanState","global","scalar","1","1.65086","45.0"
"E","c","o","NorESM2-LM","Model Period Mean (intersection)","MeanState","global","scalar","1","1.53034","45.0"
"E","c","o","NorESM2-LM","Model Period Mean (complement)","MeanState","global","scalar","1","1.09162","45.0"
"E","c","o","NorESM2-LM","Spatial Distribution Score","MeanState","global","score","1","0.89268","45.0"
"E","c","o","NorESM2-LM","Phase Shift","MeanState","global","scalar","months","2.29184","45.0"
"E","c","o","NorESM2-LM","Seasonal Cycle Score","MeanState","global","score","1","0.614085","45.0"
"E","c","o","NorESM2-LM","Bias","MeanState","global","scalar","1","0.168974","45.0"
"E","c","o","NorESM2-LM","Bias Score","MeanState","global","score","1","0.275092","45.0"
"E","c","o","NorESM2-LM","RMSE","MeanState","global","scalar","1","0.907689","45.0"
"E","c","o","NorESM2-LM","RMSE Score","MeanState","global","score","1","0.330396","45.0"
"E","c","o","NorESM2-LM","Overall Score","MeanState","global","score","1","0.48853","45.0"
"E","c","o","ACCESS-ESM1-5","Benchmark Period Mean (intersection)","MeanState","global","scalar","1","1.35594","45.0"
"E","c","o","ACCESS-ESM1-5","Benchmark Period Mean (complement)","MeanState","global","scalar","1","1.78797","45.0"
"E","c","o","ACCESS-ESM1-5","Period Mean (original grids)","MeanState","global","scalar","1","1.18517","45.0"
"E","c","o","ACCESS-ESM1-5","Model Period Mean (intersection)","MeanState","global","scalar","1","1.27876","45.0"
"E","c","o","ACCESS-ESM1-5","Model Period Mean (complement)","MeanState","global","scalar","1","0.27257","45.0"
"E","c","o","ACCESS-ESM1-5","Spatial Distribution Score","MeanState","global","score","1","0.924478","45.0"
"E","c","o","ACCESS-ESM1-5","Phase Shift","MeanState","global","scalar","months","1.55156","45.0"
"E","c","o","ACCESS-ESM1-5","Seasonal Cycle Score","MeanState","global","score","1","0.747135","45.0"
"E","c","o","ACCESS-ESM1-5","Bias","MeanState","global","scalar","1","-0.0801289","45.0"
"E","c","o","ACCESS-ESM1-5","Bias Score","MeanState","global","score","1","0.266321","45.0"
"E","c","o","ACCESS-ESM1-5","RMSE","MeanState","global","scalar","1","0.742157","45.0"
"E","c","o","ACCESS-ESM1-5","RMSE Score","MeanState","global","score","1","0.357284","45.0"
"E","c","o","ACCESS-ESM1-5","Overall Score","MeanState","global","score","1","0.5305","45.0"
"E","c","o","ENSEMBLE-CMIP6","Benchmark Period Mean (intersection)","MeanState","global","scalar","1","1.35735","45.0"
"E","c","o","ENSEMBLE-CMIP6","Benchmark Period Mean (complement)","MeanState","global","scalar","1","nan","45.0"
"E","c","o","ENSEMBLE-CMIP6","Period Mean (original grids)","MeanState","global","scalar","1","1.43107","45.0"
"E","c","o","ENSEMBLE-CMIP6","Model Period Mean (intersection)","MeanState","global","scalar","1","1.54275","45.0"
"E","c","o","ENSEMBLE-CMIP6","Model Period Mean (complement)","MeanState","global","scalar","1","0.924237","45.0"
"E","c","o","ENSEMBLE-CMIP6","Spatial Distribution Score","MeanState","global","score","1","0.964727","45.0"
"E","c","o","ENSEMBLE-CMIP6","Phase Shift","MeanState","global","scalar","months","1.59894","45.0"
"E","c","o","ENSEMBLE-CMIP6","Seasonal Cycle Score","MeanState","global","score","1","0.779242","45.0"
"E","c","o","ENSEMBLE-CMIP6","Bias","MeanState","global","scalar","1","0.184392","45.0"
"E","c","o","ENSEMBLE-CMIP6","Bias Score","MeanState","global","score","1","0.346724","45.0"
"E","c","o","ENSEMBLE-CMIP6","RMSE","MeanState","global","scalar","1","0.562259","45.0"
"E","c","o","ENSEMBLE-CMIP6","RMSE Score","MeanState","global","score","1","0.424869","45.0"
"E","c","o","ENSEMBLE-CMIP6","Overall Score","MeanState","global","score","1","0.588086","45.0"
"E","c","o","UKESM1-0-LL","Benchmark Period Mean (intersection)","MeanState","global","scalar","1","1.37614","45.0"
"E","c","o","UKESM1-0-LL","Benchmark Period Mean (complement)","MeanState","global","scalar","1","0.472406","45.0"
"E","c","o","UKESM1-0-LL","Period Mean (original grids)","MeanState","global","scalar","1","2.6268","45.0"
"E","c","o","UKESM1-0-LL","Model Period Mean (intersection)","MeanState","global","scalar","1","2.47576","45.0"
"E","c","o","UKESM1-0-LL","Model Period Mean (complement)","MeanState","global","scalar","1","3.21097","45.0"
"E","c","o","UKESM1-0-LL","Spatial Distribution Score","MeanState","global","score","1","0.863581","45.0"
"E","c","o","UKESM1-0-LL","Phase Shift","MeanState","global","scalar","months","1.83216","45.0"
"E","c","o","UKESM1-0-LL","Seasonal Cycle Score","MeanState","global","score","1","0.731438","45.0"
"E","c","o","UKESM1-0-LL","Bias","MeanState","global","scalar","1","1.10006","45.0"
"E","c","o","UKESM1-0-LL","Bias Score","MeanState","global","score","1","0.178633","45.0"
"E","c","o","UKESM1-0-LL","RMSE","MeanState","global","scalar","1","1.30164","45.0"
"E","c","o","UKESM1-0-LL","RMSE Score","MeanState","global","score","1","0.420321","45.0"
"E","c","o","UKESM1-0-LL","Overall Score","MeanState","global","score","1","0.522859","45.0"
"R","a","d","CESM2","Period Mean (original grids)","MeanState","global","scalar","Watt m-2","140.792","12.0"
"R","a","d","CESM2","Bias","MeanState","global","scalar","Watt m-2","22.7264","12.0"
"R","a","d","CESM2","Bias Score","MeanState","global","score","1","0.751652","12.0"
"R","a","d","CESM2","Phase Shift","MeanState","global","scalar","months","0.203333","12.0"
"R","a","d","CESM2","Seasonal Cycle Score","MeanState","global","score","1","0.986531","12.0"
"R","a","d","CESM2","RMSE","MeanState","global","scalar","Watt m-2","53.0667","12.0"
"R","a","d","CESM2","RMSE Score","MeanState","global","score","1","0.652963","12.0"
"R","a","d","CESM2","Overall Score","MeanState","global","score","1","0.761027","12.0"
"R","a","d","NorESM2-LM","Period Mean (original grids)","MeanState","global","scalar","Watt m-2","140.437","12.0"
"R","a","d","NorESM2-LM","Bias","MeanState","global","scalar","Watt m-2","22.7729","12.0"
"R","a","d","NorESM2-LM","Bias Score","MeanState","global","score","1","0.723689","12.0"
"R","a","d","NorESM2-LM","Phase Shift","MeanState","global","scalar","months","0.271111","12.0"
"R","a","d","NorESM2-LM","Seasonal Cycle Score","MeanState","global","score","1","0.982041","12.0"
"R","a","d","NorESM2-LM","RMSE","MeanState","global","scalar","Watt m-2","46.8887","12.0"
"R","a","d","NorESM2-LM","RMSE Score","MeanState","global","score","1","0.648513","12.0"
"R","a","d","NorESM2-LM","Overall Score","MeanState","global","score","1","0.750689","12.0"
"R","a","d","ENSEMBLE-CMIP6","Period Mean (original grids)","MeanState","global","scalar","Watt m-2","141.558","12.0"
"R","a","d","ENSEMBLE-CMIP6","Bias","MeanState","global","scalar","Watt m-2","21.7134","12.0"
"R","a","d","ENSEMBLE-CMIP6","Bias Score","MeanState","global","score","1","0.781315","12.0"
"R","a","d","ENSEMBLE-CMIP6","Phase Shift","MeanState","global","scalar","months","0.406667","12.0"
"R","a","d","ENSEMBLE-CMIP6","Seasonal Cycle Score","MeanState","global","score","1","0.973061","12.0"
"R","a","d","ENSEMBLE-CMIP6","RMSE","MeanState","global","scalar","Watt m-2","46.0757","12.0"
"R","a","d","ENSEMBLE-CMIP6","RMSE Score","MeanState","global","score","1","0.69537","12.0"
"R","a","d","ENSEMBLE-CMIP6","Overall Score","MeanState","global","score","1","0.786279","12.0"
"R","a","d","ACCESS-ESM1-5","Period Mean (original grids)","MeanState","global","scalar","Watt m-2","148.32","12.0"
"R","a","d","ACCESS-ESM1-5","Bias","MeanState","global","scalar","Watt m-2","28.3044","12.0"
"R","a","d","ACCESS-ESM1-5","Bias Score","MeanState","global","score","1","0.69982","12.0"
"R","a","d","ACCESS-ESM1-5","Phase Shift","MeanState","global","scalar","months","0.407778","12.0"
"R","a","d","ACCESS-ESM1-5","Seasonal Cycle Score","MeanState","global","score","1","0.972917","12.0"
"R","a","d","ACCESS-ESM1-5","RMSE","MeanState","global","scalar","Watt m-2","52.3351","12.0"
"R","a","d","ACCESS-ESM1-5","RMSE Score","MeanState","global","score","1","0.617843","12.0"
"R","a","d","ACCESS-ESM1-5","Overall Score","MeanState","global","score","1","0.727106","12.0"
"R","a","d","UKESM1-0-LL","Period Mean (original grids)","MeanState","global","scalar","Watt m-2","138.081","12.0"
"R","a","d","UKESM1-0-LL","Bias","MeanState","global","scalar","Watt m-2","17.3283","12.0"
"R","a","d","UKESM1-0-LL","Bias Score","MeanState","global","score","1","0.797134","12.0"
"R","a","d","UKESM1-0-LL","Phase Shift","MeanState","global","scalar","months","0.338889","12.0"
"R","a","d","UKESM1-0-LL","Seasonal Cycle Score","MeanState","global","score","1","0.977551","12.0"
"R","a","d","UKESM1-0-LL","RMSE","MeanState","global","scalar","Watt m-2","45.5013","12.0"
"R","a","d","UKESM1-0-LL","RMSE Score","MeanState","global","score","1","0.650743","12.0"
"R","a","d","UKESM1-0-LL","Overall Score","MeanState","global","score","1","0.769043","12.0"
"R","a","d","UKESM1-0-LL","Benchmark Period Mean (intersection)","MeanState","global","scalar","Watt m-2","144.734","15.0"
"R","a","d","UKESM1-0-LL","Benchmark Period Mean (complement)","MeanState","global","scalar","Watt m-2","nan","15.0"
"R","a","d","UKESM1-0-LL","Period Mean (original grids)","MeanState","global","scalar","Watt m-2","158.566","15.0"
"R","a","d","UKESM1-0-LL","Model Period Mean (intersection)","MeanState","global","scalar","Watt m-2","146.317","15.0"
"R","a","d","UKESM1-0-LL","Model Period Mean (complement)","MeanState","global","scalar","Watt m-2","nan","15.0"
"R","a","d","UKESM1-0-LL","Spatial Distribution Score","MeanState","global","score","1","0.954588","15.0"
"R","a","d","UKESM1-0-LL","Phase Shift","MeanState","global","scalar","months","0.703419","15.0"
"R","a","d","UKESM1-0-LL","Seasonal Cycle Score","MeanState","global","score","1","0.923874","15.0"
"R","a","d","UKESM1-0-LL","Bias","MeanState","global","scalar","Watt m-2","1.55342","15.0"
"R","a","d","UKESM1-0-LL","Bias Score","MeanState","global","score","1","0.722882","15.0"
"R","a","d","UKESM1-0-LL","RMSE","MeanState","global","scalar","Watt m-2","18.7367","15.0"
"R","a","d","UKESM1-0-LL","RMSE Score","MeanState","global","score","1","0.721354","15.0"
"R","a","d","UKESM1-0-LL","Overall Score","MeanState","global","score","1","0.80881","15.0"
"R","a","d","ENSEMBLE-CMIP6","Benchmark Period Mean (intersection)","MeanState","global","scalar","Watt m-2","144.734","15.0"
"R","a","d","ENSEMBLE-CMIP6","Benchmark Period Mean (complement)","MeanState","global","scalar","Watt m-2","nan","15.0"
"R","a","d","ENSEMBLE-CMIP6","Period Mean (original grids)","MeanState","global","scalar","Watt m-2","147.168","15.0"
"R","a","d","ENSEMBLE-CMIP6","Model Period Mean (intersection)","MeanState","global","scalar","Watt m-2","147.034","15.0"
"R","a","d","ENSEMBLE-CMIP6","Model Period Mean (complement)","MeanState","global","scalar","Watt m-2","nan","15.0"
"R","a","d","ENSEMBLE-CMIP6","Spatial Distribution Score","MeanState","global","score","1","0.953644","15.0"
"R","a","d","ENSEMBLE-CMIP6","Phase Shift","MeanState","global","scalar","months","0.505277","15.0"
"R","a","d","ENSEMBLE-CMIP6","Seasonal Cycle Score","MeanState","global","score","1","0.951027","15.0"
"R","a","d","ENSEMBLE-CMIP6","Bias","MeanState","global","scalar","Watt m-2","2.30903","15.0"
"R","a","d","ENSEMBLE-CMIP6","Bias Score","MeanState","global","score","1","0.722105","15.0"
"R","a","d","ENSEMBLE-CMIP6","RMSE","MeanState","global","scalar","Watt m-2","17.1809","15.0"
"R","a","d","ENSEMBLE-CMIP6","RMSE Score","MeanState","global","score","1","0.757456","15.0"
"R","a","d","ENSEMBLE-CMIP6","Overall Score","MeanState","global","score","1","0.828338","15.0"
"R","a","d","NorESM2-LM","Benchmark Period Mean (intersection)","MeanState","global","scalar","Watt m-2","144.734","15.0"
"R","a","d","NorESM2-LM","Benchmark Period Mean (complement)","MeanState","global","scalar","Watt m-2","nan","15.0"
"R","a","d","NorESM2-LM","Period Mean (original grids)","MeanState","global","scalar","Watt m-2","157.937","15.0"
"R","a","d","NorESM2-LM","Model Period Mean (intersection)","MeanState","global","scalar","Watt m-2","144.172","15.0"
"R","a","d","NorESM2-LM","Model Period Mean (complement)","MeanState","global","scalar","Watt m-2","nan","15.0"
"R","a","d","NorESM2-LM","Spatial Distribution Score","MeanState","global","score","1","0.934609","15.0"
"R","a","d","NorESM2-LM","Phase Shift","MeanState","global","scalar","months","0.628987","15.0"
"R","a","d","NorESM2-LM","Seasonal Cycle Score","MeanState","global","score","1","0.935378","15.0"
"R","a","d","NorESM2-LM","Bias","MeanState","global","scalar","Watt m-2","-0.511847","15.0"
"R","a","d","NorESM2-LM","Bias Score","MeanState","global","score","1","0.693748","15.0"
"R","a","d","NorESM2-LM","RMSE","MeanState","global","scalar","Watt m-2","22.2848","15.0"
"R","a","d","NorESM2-LM","RMSE Score","MeanState","global","score","1","0.692057","15.0"
"R","a","d","NorESM2-LM","Overall Score","MeanState","global","score","1","0.78957","15.0"
"R","a","d","CESM2","Benchmark Period Mean (intersection)","MeanState","global","scalar","Watt m-2","144.734","15.0"
"R","a","d","CESM2","Benchmark Period Mean (complement)","MeanState","global","scalar","Watt m-2","nan","15.0"
"R","a","d","CESM2","Period Mean (original grids)","MeanState","global","scalar","Watt m-2","157.314","15.0"
"R","a","d","CESM2","Model Period Mean (intersection)","MeanState","global","scalar","Watt m-2","144.21","15.0"
"R","a","d","CESM2","Model Period Mean (complement)","MeanState","global","scalar","Watt m-2","nan","15.0"
"R","a","d","CESM2","Spatial Distribution Score","MeanState","global","score","1","0.941965","15.0"
"R","a","d","CESM2","Phase Shift","MeanState","global","scalar","months","0.607389","15.0"
"R","a","d","CESM2","Seasonal Cycle Score","MeanState","global","score","1","0.938272","15.0"
"R","a","d","CESM2","Bias","MeanState","global","scalar","Watt m-2","-0.506728","15.0"
"R","a","d","CESM2","Bias Score","MeanState","global","score","1","0.721245","15.0"
"R","a","d","CESM2","RMSE","MeanState","global","scalar","Watt m-2","19.5344","15.0"
"R","a","d","CESM2","RMSE Score","MeanState","global","score","1","0.717716","15.0"
"R","a","d","CESM2","Overall Score","MeanState","global","score","1","0.807383","15.0"
"R","a","d","ACCESS-ESM1-5","Benchmark Period Mean (intersection)","MeanState","global","scalar","Watt m-2","144.734","15.0"
"R","a","d","ACCESS-ESM1-5","Benchmark Period Mean (complement)","MeanState","global","scalar","Watt m-2","nan","15.0"
"R","a","d","ACCESS-ESM1-5","Period Mean (original grids)","MeanState","global","scalar","Watt m-2","168.125","15.0"
"R","a","d","ACCESS-ESM1-5","Model Period Mean (intersection)","MeanState","global","scalar","Watt m-2","153.545","15.0"
"R","a","d","ACCESS-ESM1-5","Model Period Mean (complement)","MeanState","global","scalar","Watt m-2","nan","15.0"
"R","a","d","ACCESS-ESM1-5","Spatial Distribution Score","MeanState","global","score","1","0.926742","15.0"
"R","a","d","ACCESS-ESM1-5","Phase Shift","MeanState","global","scalar","months","0.692137","15.0"
"R","a","d","ACCESS-ESM1-5","Seasonal Cycle Score","MeanState","global","score","1","0.925009","15.0"
"R","a","d","ACCESS-ESM1-5","Bias","MeanState","global","scalar","Watt m-2","8.77196","15.0"
"R","a","d","ACCESS-ESM1-5","Bias Score","MeanState","global","score","1","0.647786","15.0"
"R","a","d","ACCESS-ESM1-5","RMSE","MeanState","global","scalar","Watt m-2","23.9682","15.0"
"R","a","d","ACCESS-ESM1-5","RMSE Score","MeanState","global","score","1","0.696243","15.0"
"R","a","d","ACCESS-ESM1-5","Overall Score","MeanState","global","score","1","0.778404","15.0"
"R","a","d","CESM2","Benchmark Period Mean (intersection)","MeanState","global","scalar","W m-2","143.27","15.0"
"R","a","d","CESM2","Benchmark Period Mean (complement)","MeanState","global","scalar","W m-2","nan","15.0"
"R","a","d","CESM2","Period Mean (original grids)","MeanState","global","scalar","W m-2","157.627","15.0"
"R","a","d","CESM2","Model Period Mean (intersection)","MeanState","global","scalar","W m-2","144.838","15.0"
"R","a","d","CESM2","Model Period Mean (complement)","MeanState","global","scalar","W m-2","nan","15.0"
"R","a","d","CESM2","Spatial Distribution Score","MeanState","global","score","1","0.992876","15.0"
"R","a","d","CESM2","Phase Shift","MeanState","global","scalar","months","0.639758","15.0"
"R","a","d","CESM2","Seasonal Cycle Score","MeanState","global","score","1","0.930992","15.0"
"R","a","d","CESM2","Bias","MeanState","global","scalar","W m-2","1.60715","15.0"
"R","a","d","CESM2","Bias Score","MeanState","global","score","1","0.769326","15.0"
"R","a","d","CESM2","RMSE","MeanState","global","scalar","W m-2","16.3625","15.0"
"R","a","d","CESM2","RMSE Score","MeanState","global","score","1","0.730727","15.0"
"R","a","d","CESM2","Overall Score","MeanState","global","score","1","0.83093","15.0"
"R","a","d","UKESM1-0-LL","Benchmark Period Mean (intersection)","MeanState","global","scalar","W m-2","143.27","15.0"
"R","a","d","UKESM1-0-LL","Benchmark Period Mean (complement)","MeanState","global","scalar","W m-2","nan","15.0"
"R","a","d","UKESM1-0-LL","Period Mean (original grids)","MeanState","global","scalar","W m-2","159.264","15.0"
"R","a","d","UKESM1-0-LL","Model Period Mean (intersection)","MeanState","global","scalar","W m-2","147.11","15.0"
"R","a","d","UKESM1-0-LL","Model Period Mean (complement)","MeanState","global","scalar","W m-2","nan","15.0"
"R","a","d","UKESM1-0-LL","Spatial Distribution Score","MeanState","global","score","1","0.995976","15.0"
"R","a","d","UKESM1-0-LL","Phase Shift","MeanState","global","scalar","months","0.705","15.0"
"R","a","d","UKESM1-0-LL","Seasonal Cycle Score","MeanState","global","score","1","0.921922","15.0"
"R","a","d","UKESM1-0-LL","Bias","MeanState","global","scalar","W m-2","3.87675","15.0"
"R","a","d","UKESM1-0-LL","Bias Score","MeanState","global","score","1","0.777488","15.0"
"R","a","d","UKESM1-0-LL","RMSE","MeanState","global","scalar","W m-2","15.4243","15.0"
"R","a","d","UKESM1-0-LL","RMSE Score","MeanState","global","score","1","0.747533","15.0"
"R","a","d","UKESM1-0-LL","Overall Score","MeanState","global","score","1","0.83809","15.0"
"R","a","d","ENSEMBLE-CMIP6","Benchmark Period Mean (intersection)","MeanState","global","scalar","W m-2","143.27","15.0"
"R","a","d","ENSEMBLE-CMIP6","Benchmark Period Mean (complement)","MeanState","global","scalar","W m-2","nan","15.0"
"R","a","d","ENSEMBLE-CMIP6","Period Mean (original grids)","MeanState","global","scalar","W m-2","147.654","15.0"
"R","a","d","ENSEMBLE-CMIP6","Model Period Mean (intersection)","MeanState","global","scalar","W m-2","147.521","15.0"
"R","a","d","ENSEMBLE-CMIP6","Model Period Mean (complement)","MeanState","global","scalar","W m-2","nan","15.0"
"R","a","d","ENSEMBLE-CMIP6","Spatial Distribution Score","MeanState","global","score","1","0.996171","15.0"
"R","a","d","ENSEMBLE-CMIP6","Phase Shift","MeanState","global","scalar","months","0.548377","15.0"
"R","a","d","ENSEMBLE-CMIP6","Seasonal Cycle Score","MeanState","global","score","1","0.942652","15.0"
"R","a","d","ENSEMBLE-CMIP6","Bias","MeanState","global","scalar","W m-2","4.30462","15.0"
"R","a","d","ENSEMBLE-CMIP6","Bias Score","MeanState","global","score","1","0.787591","15.0"
"R","a","d","ENSEMBLE-CMIP6","RMSE","MeanState","global","scalar","W m-2","13.4801","15.0"
"R","a","d","ENSEMBLE-CMIP6","RMSE Score","MeanState","global","score","1","0.781953","15.0"
"R","a","d","ENSEMBLE-CMIP6","Overall Score","MeanState","global","score","1","0.858064","15.0"
"R","a","d","ACCESS-ESM1-5","Benchmark Period Mean (intersection)","MeanState","global","scalar","W m-2","143.27","15.0"
"R","a","d","ACCESS-ESM1-5","Benchmark Period Mean (complement)","MeanState","global","scalar","W m-2","nan","15.0"
"R","a","d","ACCESS-ESM1-5","Period Mean (original grids)","MeanState","global","scalar","W m-2","168.743","15.0"
"R","a","d","ACCESS-ESM1-5","Model Period Mean (intersection)","MeanState","global","scalar","W m-2","154.243","15.0"
"R","a","d","ACCESS-ESM1-5","Model Period Mean (complement)","MeanState","global","scalar","W m-2","nan","15.0"
"R","a","d","ACCESS-ESM1-5","Spatial Distribution Score","MeanState","global","score","1","0.986022","15.0"
"R","a","d","ACCESS-ESM1-5","Phase Shift","MeanState","global","scalar","months","0.67398","15.0"
"R","a","d","ACCESS-ESM1-5","Seasonal Cycle Score","MeanState","global","score","1","0.926295","15.0"
"R","a","d","ACCESS-ESM1-5","Bias","MeanState","global","scalar","W m-2","10.9653","15.0"
"R","a","d","ACCESS-ESM1-5","Bias Score","MeanState","global","score","1","0.690913","15.0"
"R","a","d","ACCESS-ESM1-5","RMSE","MeanState","global","scalar","W m-2","20.9461","15.0"
"R","a","d","ACCESS-ESM1-5","RMSE Score","MeanState","global","score","1","0.713108","15.0"
"R","a","d","ACCESS-ESM1-5","Overall Score","MeanState","global","score","1","0.805889","15.0"
"R","a","d","NorESM2-LM","Benchmark Period Mean (intersection)","MeanState","global","scalar","W m-2","143.27","15.0"
"R","a","d","NorESM2-LM","Benchmark Period Mean (complement)","MeanState","global","scalar","W m-2","nan","15.0"
"R","a","d","NorESM2-LM","Period Mean (original grids)","MeanState","global","scalar","W m-2","158.432","15.0"
"R","a","d","NorESM2-LM","Model Period Mean (intersection)","MeanState","global","scalar","W m-2","144.81","15.0"
"R","a","d","NorESM2-LM","Model Period Mean (complement)","MeanState","global","scalar","W m-2","nan","15.0"
"R","a","d","NorESM2-LM","Spatial Distribution Score","MeanState","global","score","1","0.98975","15.0"
"R","a","d","NorESM2-LM","Phase Shift","MeanState","global","scalar","months","0.678832","15.0"
"R","a","d","NorESM2-LM","Seasonal Cycle Score","MeanState","global","score","1","0.925737","15.0"
"R","a","d","NorESM2-LM","Bias","MeanState","global","scalar","W m-2","1.72798","15.0"
"R","a","d","NorESM2-LM","Bias Score","MeanState","global","score","1","0.744565","15.0"
"R","a","d","NorESM2-LM","RMSE","MeanState","global","scalar","W m-2","18.7788","15.0"
"R","a","d","NorESM2-LM","RMSE Score","MeanState","global","score","1","0.707406","15.0"
"R","a","d","NorESM2-LM","Overall Score","MeanState","global","score","1","0.814973","15.0"
"R","a","d","UKESM1-0-LL","Benchmark Period Mean (intersection)","MeanState","global","scalar","1","0.23463","20.0"
"R","a","d","UKESM1-0-LL","Benchmark Period Mean (complement)","MeanState","global","scalar","1","nan","20.0"
"R","a","d","UKESM1-0-LL","Period Mean (original grids)","MeanState","global","scalar","1","0.281802","20.0"
"R","a","d","UKESM1-0-LL","Model Period Mean (intersection)","MeanState","global","scalar","1","0.281797","20.0"
"R","a","d","UKESM1-0-LL","Model Period Mean (complement)","MeanState","global","scalar","1","nan","20.0"
"R","a","d","UKESM1-0-LL","Spatial Distribution Score","MeanState","global","score","1","0.990632","20.0"
"R","a","d","UKESM1-0-LL","Phase Shift","MeanState","global","scalar","months","2.98637","20.0"
"R","a","d","UKESM1-0-LL","Seasonal Cycle Score","MeanState","global","score","1","0.505523","20.0"
"R","a","d","UKESM1-0-LL","Bias","MeanState","global","scalar","1","0.0470435","20.0"
"R","a","d","UKESM1-0-LL","Bias Score","MeanState","global","score","1","0.408263","20.0"
"R","a","d","UKESM1-0-LL","RMSE","MeanState","global","scalar","1","0.0818513","20.0"
"R","a","d","UKESM1-0-LL","RMSE Score","MeanState","global","score","1","0.53584","20.0"
"R","a","d","UKESM1-0-LL","Overall Score","MeanState","global","score","1","0.59522","20.0"
"R","a","d","ENSEMBLE-CMIP6","Benchmark Period Mean (intersection)","MeanState","global","scalar","1","0.23463","20.0"
"R","a","d","ENSEMBLE-CMIP6","Benchmark Period Mean (complement)","MeanState","global","scalar","1","nan","20.0"
"R","a","d","ENSEMBLE-CMIP6","Period Mean (original grids)","MeanState","global","scalar","1","0.254334","20.0"
"R","a","d","ENSEMBLE-CMIP6","Model Period Mean (intersection)","MeanState","global","scalar","1","0.25417","20.0"
"R","a","d","ENSEMBLE-CMIP6","Model Period Mean (complement)","MeanState","global","scalar","1","nan","20.0"
"R","a","d","ENSEMBLE-CMIP6","Spatial Distribution Score","MeanState","global","score","1","0.984801","20.0"
"R","a","d","ENSEMBLE-CMIP6","Phase Shift","MeanState","global","scalar","months","2.6019","20.0"
"R","a","d","ENSEMBLE-CMIP6","Seasonal Cycle Score","MeanState","global","score","1","0.581349","20.0"
"R","a","d","ENSEMBLE-CMIP6","Bias","MeanState","global","scalar","1","0.0194493","20.0"
"R","a","d","ENSEMBLE-CMIP6","Bias Score","MeanState","global","score","1","0.511547","20.0"
"R","a","d","ENSEMBLE-CMIP6","RMSE","MeanState","global","scalar","1","0.0630097","20.0"
"R","a","d","ENSEMBLE-CMIP6","RMSE Score","MeanState","global","score","1","0.570043","20.0"
"R","a","d","ENSEMBLE-CMIP6","Overall Score","MeanState","global","score","1","0.643556","20.0"
"R","a","d","NorESM2-LM","Benchmark Period Mean (intersection)","MeanState","global","scalar","1","0.23463","20.0"
"R","a","d","NorESM2-LM","Benchmark Period Mean (complement)","MeanState","global","scalar","1","nan","20.0"
"R","a","d","NorESM2-LM","Period Mean (original grids)","MeanState","global","scalar","1","0.265103","20.0"
"R","a","d","NorESM2-LM","Model Period Mean (intersection)","MeanState","global","scalar","1","0.264365","20.0"
"R","a","d","NorESM2-LM","Model Period Mean (complement)","MeanState","global","scalar","1","nan","20.0"
"R","a","d","NorESM2-LM","Spatial Distribution Score","MeanState","global","score","1","0.963115","20.0"
"R","a","d","NorESM2-LM","Phase Shift","MeanState","global","scalar","months","2.43092","20.0"
"R","a","d","NorESM2-LM","Seasonal Cycle Score","MeanState","global","score","1","0.610385","20.0"
"R","a","d","NorESM2-LM","Bias","MeanState","global","scalar","1","0.0294041","20.0"
"R","a","d","NorESM2-LM","Bias Score","MeanState","global","score","1","0.464346","20.0"
"R","a","d","NorESM2-LM","RMSE","MeanState","global","scalar","1","0.0790763","20.0"
"R","a","d","NorESM2-LM","RMSE Score","MeanState","global","score","1","0.533715","20.0"
"R","a","d","NorESM2-LM","Overall Score","MeanState","global","score","1","0.621055","20.0"
"R","a","d","CESM2","Benchmark Period Mean (intersection)","MeanState","global","scalar","1","0.23463","20.0"
"R","a","d","CESM2","Benchmark Period Mean (complement)","MeanState","global","scalar","1","nan","20.0"
"R","a","d","CESM2","Period Mean (original grids)","MeanState","global","scalar","1","0.262285","20.0"
"R","a","d","CESM2","Model Period Mean (intersection)","MeanState","global","scalar","1","0.261994","20.0"
"R","a","d","CESM2","Model Period Mean (complement)","MeanState","global","scalar","1","nan","20.0"
"R","a","d","CESM2","Spatial Distribution Score","MeanState","global","score","1","0.96326","20.0"
"R","a","d","CESM2","Phase Shift","MeanState","global","scalar","months","2.36805","20.0"
"R","a","d","CESM2","Seasonal Cycle Score","MeanState","global","score","1","0.622012","20.0"
"R","a","d","CESM2","Bias","MeanState","global","scalar","1","0.0272672","20.0"
"R","a","d","CESM2","Bias Score","MeanState","global","score","1","0.485359","20.0"
"R","a","d","CESM2","RMSE","MeanState","global","scalar","1","0.0733873","20.0"
"R","a","d","CESM2","RMSE Score","MeanState","global","score","1","0.538322","20.0"
"R","a","d","CESM2","Overall Score","MeanState","global","score","1","0.629455","20.0"
"R","a","d","ACCESS-ESM1-5","Benchmark Period Mean (intersection)","MeanState","global","scalar","1","0.23463","20.0"
"R","a","d","ACCESS-ESM1-5","Benchmark Period Mean (complement)","MeanState","global","scalar","1","nan","20.0"
"R","a","d","ACCESS-ESM1-5","Period Mean (original grids)","MeanState","global","scalar","1","0.23806","20.0"
"R","a","d","ACCESS-ESM1-5","Model Period Mean (intersection)","MeanState","global","scalar","1","0.23689","20.0"
"R","a","d","ACCESS-ESM1-5","Model Period Mean (complement)","MeanState","global","scalar","1","nan","20.0"
"R","a","d","ACCESS-ESM1-5","Spatial Distribution Score","MeanState","global","score","1","0.959749","20.0"
"R","a","d","ACCESS-ESM1-5","Phase Shift","MeanState","global","scalar","months","2.81827","20.0"
"R","a","d","ACCESS-ESM1-5","Seasonal Cycle Score","MeanState","global","score","1","0.534969","20.0"
"R","a","d","ACCESS-ESM1-5","Bias","MeanState","global","scalar","1","0.00216248","20.0"
"R","a","d","ACCESS-ESM1-5","Bias Score","MeanState","global","score","1","0.465717","20.0"
"R","a","d","ACCESS-ESM1-5","RMSE","MeanState","global","scalar","1","0.0681512","20.0"
"R","a","d","ACCESS-ESM1-5","RMSE Score","MeanState","global","score","1","0.556864","20.0"
"R","a","d","ACCESS-ESM1-5","Overall Score","MeanState","global","score","1","0.614833","20.0"
"R","a","d","CESM2","Benchmark Period Mean (intersection)","MeanState","global","scalar","1","0.252855","20.0"
"R","a","d","CESM2","Benchmark Period Mean (complement)","MeanState","global","scalar","1","nan","20.0"
"R","a","d","CESM2","Period Mean (original grids)","MeanState","global","scalar","1","0.259565","20.0"
"R","a","d","CESM2","Model Period Mean (intersection)","MeanState","global","scalar","1","0.259243","20.0"
"R","a","d","CESM2","Model Period Mean (complement)","MeanState","global","scalar","1","nan","20.0"
"R","a","d","CESM2","Spatial Distribution Score","MeanState","global","score","1","0.991035","20.0"
"R","a","d","CESM2","Phase Shift","MeanState","global","scalar","months","2.07602","20.0"
"R","a","d","CESM2","Seasonal Cycle Score","MeanState","global","score","1","0.673292","20.0"
"R","a","d","CESM2","Bias","MeanState","global","scalar","1","0.00581072","20.0"
"R","a","d","CESM2","Bias Score","MeanState","global","score","1","0.490756","20.0"
"R","a","d","CESM2","RMSE","MeanState","global","scalar","1","0.0444584","20.0"
"R","a","d","CESM2","RMSE Score","MeanState","global","score","1","0.52339","20.0"
"R","a","d","CESM2","Overall Score","MeanState","global","score","1","0.640373","20.0"
"R","a","d","UKESM1-0-LL","Benchmark Period Mean (intersection)","MeanState","global","scalar","1","0.252855","20.0"
"R","a","d","UKESM1-0-LL","Benchmark Period Mean (complement)","MeanState","global","scalar","1","nan","20.0"
"R","a","d","UKESM1-0-LL","Period Mean (original grids)","MeanState","global","scalar","1","0.278371","20.0"
"R","a","d","UKESM1-0-LL","Model Period Mean (intersection)","MeanState","global","scalar","1","0.278379","20.0"
"R","a","d","UKESM1-0-LL","Model Period Mean (complement)","MeanState","global","scalar","1","nan","20.0"
"R","a","d","UKESM1-0-LL","Spatial Distribution Score","MeanState","global","score","1","0.991491","20.0"
"R","a","d","UKESM1-0-LL","Phase Shift","MeanState","global","scalar","months","2.35431","20.0"
"R","a","d","UKESM1-0-LL","Seasonal Cycle Score","MeanState","global","score","1","0.626048","20.0"
"R","a","d","UKESM1-0-LL","Bias","MeanState","global","scalar","1","0.0252124","20.0"
"R","a","d","UKESM1-0-LL","Bias Score","MeanState","global","score","1","0.362168","20.0"
"R","a","d","UKESM1-0-LL","RMSE","MeanState","global","scalar","1","0.0616949","20.0"
"R","a","d","UKESM1-0-LL","RMSE Score","MeanState","global","score","1","0.536578","20.0"
"R","a","d","UKESM1-0-LL","Overall Score","MeanState","global","score","1","0.610573","20.0"
"R","a","d","ENSEMBLE-CMIP6","Benchmark Period Mean (intersection)","MeanState","global","scalar","1","0.252855","20.0"
"R","a","d","ENSEMBLE-CMIP6","Benchmark Period Mean (complement)","MeanState","global","scalar","1","nan","20.0"
"R","a","d","ENSEMBLE-CMIP6","Period Mean (original grids)","MeanState","global","scalar","1","0.252134","20.0"
"R","a","d","ENSEMBLE-CMIP6","Model Period Mean (intersection)","MeanState","global","scalar","1","0.25194","20.0"
"R","a","d","ENSEMBLE-CMIP6","Model Period Mean (complement)","MeanState","global","scalar","1","nan","20.0"
"R","a","d","ENSEMBLE-CMIP6","Spatial Distribution Score","MeanState","global","score","1","0.996292","20.0"
"R","a","d","ENSEMBLE-CMIP6","Phase Shift","MeanState","global","scalar","months","2.09518","20.0"
"R","a","d","ENSEMBLE-CMIP6","Seasonal Cycle Score","MeanState","global","score","1","0.67092","20.0"
"R","a","d","ENSEMBLE-CMIP6","Bias","MeanState","global","scalar","1","-0.00126613","20.0"
"R","a","d","ENSEMBLE-CMIP6","Bias Score","MeanState","global","score","1","0.491958","20.0"
"R","a","d","ENSEMBLE-CMIP6","RMSE","MeanState","global","scalar","1","0.042816","20.0"
"R","a","d","ENSEMBLE-CMIP6","RMSE Score","MeanState","global","score","1","0.566361","20.0"
"R","a","d","ENSEMBLE-CMIP6","Overall Score","MeanState","global","score","1","0.658378","20.0"
"R","a","d","ACCESS-ESM1-5","Benchmark Period Mean (intersection)","MeanState","global","scalar","1","0.252855","20.0"
"R","a","d","ACCESS-ESM1-5","Benchmark Period Mean (complement)","MeanState","global","scalar","1","nan","20.0"
"R","a","d","ACCESS-ESM1-5","Period Mean (original grids)","MeanState","global","scalar","1","0.236495","20.0"
"R","a","d","ACCESS-ESM1-5","Model Period Mean (intersection)","MeanState","global","scalar","1","0.235311","20.0"
"R","a","d","ACCESS-ESM1-5","Model Period Mean (complement)","MeanState","global","scalar","1","nan","20.0"
"R","a","d","ACCESS-ESM1-5","Spatial Distribution Score","MeanState","global","score","1","0.98638","20.0"
"R","a","d","ACCESS-ESM1-5","Phase Shift","MeanState","global","scalar","months","2.31531","20.0"
"R","a","d","ACCESS-ESM1-5","Seasonal Cycle Score","MeanState","global","score","1","0.631221","20.0"
"R","a","d","ACCESS-ESM1-5","Bias","MeanState","global","scalar","1","-0.0179038","20.0"
"R","a","d","ACCESS-ESM1-5","Bias Score","MeanState","global","score","1","0.405898","20.0"
"R","a","d","ACCESS-ESM1-5","RMSE","MeanState","global","scalar","1","0.0628622","20.0"
"R","a","d","ACCESS-ESM1-5","RMSE Score","MeanState","global","score","1","0.500184","20.0"
"R","a","d","ACCESS-ESM1-5","Overall Score","MeanState","global","score","1","0.604773","20.0"
"R","a","d","NorESM2-LM","Benchmark Period Mean (intersection)","MeanState","global","scalar","1","0.252855","20.0"
"R","a","d","NorESM2-LM","Benchmark Period Mean (complement)","MeanState","global","scalar","1","nan","20.0"
"R","a","d","NorESM2-LM","Period Mean (original grids)","MeanState","global","scalar","1","0.262396","20.0"
"R","a","d","NorESM2-LM","Model Period Mean (intersection)","MeanState","global","scalar","1","0.261634","20.0"
"R","a","d","NorESM2-LM","Model Period Mean (complement)","MeanState","global","scalar","1","nan","20.0"
"R","a","d","NorESM2-LM","Spatial Distribution Score","MeanState","global","score","1","0.989951","20.0"
"R","a","d","NorESM2-LM","Phase Shift","MeanState","global","scalar","months","2.10477","20.0"
"R","a","d","NorESM2-LM","Seasonal Cycle Score","MeanState","global","score","1","0.667536","20.0"
"R","a","d","NorESM2-LM","Bias","MeanState","global","scalar","1","0.00773253","20.0"
"R","a","d","NorESM2-LM","Bias Score","MeanState","global","score","1","0.46718","20.0"
"R","a","d","NorESM2-LM","RMSE","MeanState","global","scalar","1","0.0498844","20.0"
"R","a","d","NorESM2-LM","RMSE Score","MeanState","global","score","1","0.515508","20.0"
"R","a","d","NorESM2-LM","Overall Score","MeanState","global","score","1","0.631137","20.0"
"R","a","d","ACCESS-ESM1-5","Benchmark Period Mean (intersection)","MeanState","global","scalar","W m-2","46.823","15.0"
"R","a","d","ACCESS-ESM1-5","Benchmark Period Mean (complement)","MeanState","global","scalar","W m-2","nan","15.0"
"R","a","d","ACCESS-ESM1-5","Period Mean (original grids)","MeanState","global","scalar","W m-2","40.8177","15.0"
"R","a","d","ACCESS-ESM1-5","Model Period Mean (intersection)","MeanState","global","scalar","W m-2","43.1063","15.0"
"R","a","d","ACCESS-ESM1-5","Model Period Mean (complement)","MeanState","global","scalar","W m-2","nan","15.0"
"R","a","d","ACCESS-ESM1-5","Spatial Distribution Score","MeanState","global","score","1","0.986807","15.0"
"R","a","d","ACCESS-ESM1-5","Phase Shift","MeanState","global","scalar","months","1.06992","15.0"
"R","a","d","ACCESS-ESM1-5","Seasonal Cycle Score","MeanState","global","score","1","0.857317","15.0"
"R","a","d","ACCESS-ESM1-5","Bias","MeanState","global","scalar","W m-2","-3.70924","15.0"
"R","a","d","ACCESS-ESM1-5","Bias Score","MeanState","global","score","1","0.541647","15.0"
"R","a","d","ACCESS-ESM1-5","RMSE","MeanState","global","scalar","W m-2","12.695","15.0"
"R","a","d","ACCESS-ESM1-5","RMSE Score","MeanState","global","score","1","0.613023","15.0"
"R","a","d","ACCESS-ESM1-5","Overall Score","MeanState","global","score","1","0.722364","15.0"
"R","a","d","CESM2","Benchmark Period Mean (intersection)","MeanState","global","scalar","W m-2","46.7272","15.0"
"R","a","d","CESM2","Benchmark Period Mean (complement)","MeanState","global","scalar","W m-2","nan","15.0"
"R","a","d","CESM2","Period Mean (original grids)","MeanState","global","scalar","W m-2","43.0991","15.0"
"R","a","d","CESM2","Model Period Mean (intersection)","MeanState","global","scalar","W m-2","44.6449","15.0"
"R","a","d","CESM2","Model Period Mean (complement)","MeanState","global","scalar","W m-2","nan","15.0"
"R","a","d","CESM2","Spatial Distribution Score","MeanState","global","score","1","0.991218","15.0"
"R","a","d","CESM2","Phase Shift","MeanState","global","scalar","months","0.861858","15.0"
"R","a","d","CESM2","Seasonal Cycle Score","MeanState","global","score","1","0.893591","15.0"
"R","a","d","CESM2","Bias","MeanState","global","scalar","W m-2","-1.96154","15.0"
"R","a","d","CESM2","Bias Score","MeanState","global","score","1","0.634871","15.0"
"R","a","d","CESM2","RMSE","MeanState","global","scalar","W m-2","10.625","15.0"
"R","a","d","CESM2","RMSE Score","MeanState","global","score","1","0.628606","15.0"
"R","a","d","CESM2","Overall Score","MeanState","global","score","1","0.755378","15.0"
"R","a","d","NorESM2-LM","Benchmark Period Mean (intersection)","MeanState","global","scalar","W m-2","46.8091","15.0"
"R","a","d","NorESM2-LM","Benchmark Period Mean (complement)","MeanState","global","scalar","W m-2","nan","15.0"
"R","a","d","NorESM2-LM","Period Mean (original grids)","MeanState","global","scalar","W m-2","43.3752","15.0"
"R","a","d","NorESM2-LM","Model Period Mean (intersection)","MeanState","global","scalar","W m-2","44.8047","15.0"
"R","a","d","NorESM2-LM","Model Period Mean (complement)","MeanState","global","scalar","W m-2","nan","15.0"
"R","a","d","NorESM2-LM","Spatial Distribution Score","MeanState","global","score","1","0.988118","15.0"
"R","a","d","NorESM2-LM","Phase Shift","MeanState","global","scalar","months","0.888286","15.0"
"R","a","d","NorESM2-LM","Seasonal Cycle Score","MeanState","global","score","1","0.888721","15.0"
"R","a","d","NorESM2-LM","Bias","MeanState","global","scalar","W m-2","-1.98636","15.0"
"R","a","d","NorESM2-LM","Bias Score","MeanState","global","score","1","0.608752","15.0"
"R","a","d","NorESM2-LM","RMSE","MeanState","global","scalar","W m-2","11.9835","15.0"
"R","a","d","NorESM2-LM","RMSE Score","MeanState","global","score","1","0.618445","15.0"
"R","a","d","NorESM2-LM","Overall Score","MeanState","global","score","1","0.744496","15.0"
"R","a","d","UKESM1-0-LL","Benchmark Period Mean (intersection)","MeanState","global","scalar","W m-2","46.7834","15.0"
"R","a","d","UKESM1-0-LL","Benchmark Period Mean (complement)","MeanState","global","scalar","W m-2","nan","15.0"
"R","a","d","UKESM1-0-LL","Period Mean (original grids)","MeanState","global","scalar","W m-2","48.4858","15.0"
"R","a","d","UKESM1-0-LL","Model Period Mean (intersection)","MeanState","global","scalar","W m-2","50.7746","15.0"
"R","a","d","UKESM1-0-LL","Model Period Mean (complement)","MeanState","global","scalar","W m-2","nan","15.0"
"R","a","d","UKESM1-0-LL","Spatial Distribution Score","MeanState","global","score","1","0.962893","15.0"
"R","a","d","UKESM1-0-LL","Phase Shift","MeanState","global","scalar","months","0.759299","15.0"
"R","a","d","UKESM1-0-LL","Seasonal Cycle Score","MeanState","global","score","1","0.908352","15.0"
"R","a","d","UKESM1-0-LL","Bias","MeanState","global","scalar","W m-2","4.00345","15.0"
"R","a","d","UKESM1-0-LL","Bias Score","MeanState","global","score","1","0.487254","15.0"
"R","a","d","UKESM1-0-LL","RMSE","MeanState","global","scalar","W m-2","14.0983","15.0"
"R","a","d","UKESM1-0-LL","RMSE Score","MeanState","global","score","1","0.639243","15.0"
"R","a","d","UKESM1-0-LL","Overall Score","MeanState","global","score","1","0.727397","15.0"
"R","a","d","ENSEMBLE-CMIP6","Benchmark Period Mean (intersection)","MeanState","global","scalar","W m-2","46.8317","15.0"
"R","a","d","ENSEMBLE-CMIP6","Benchmark Period Mean (complement)","MeanState","global","scalar","W m-2","nan","15.0"
"R","a","d","ENSEMBLE-CMIP6","Period Mean (original grids)","MeanState","global","scalar","W m-2","44.1498","15.0"
"R","a","d","ENSEMBLE-CMIP6","Model Period Mean (intersection)","MeanState","global","scalar","W m-2","44.2484","15.0"
"R","a","d","ENSEMBLE-CMIP6","Model Period Mean (complement)","MeanState","global","scalar","W m-2","nan","15.0"
"R","a","d","ENSEMBLE-CMIP6","Spatial Distribution Score","MeanState","global","score","1","0.983242","15.0"
"R","a","d","ENSEMBLE-CMIP6","Phase Shift","MeanState","global","scalar","months","0.716494","15.0"
"R","a","d","ENSEMBLE-CMIP6","Seasonal Cycle Score","MeanState","global","score","1","0.912437","15.0"
"R","a","d","ENSEMBLE-CMIP6","Bias","MeanState","global","scalar","W m-2","-2.57317","15.0"
"R","a","d","ENSEMBLE-CMIP6","Bias Score","MeanState","global","score","1","0.620805","15.0"
"R","a","d","ENSEMBLE-CMIP6","RMSE","MeanState","global","scalar","W m-2","10.475","15.0"
"R","a","d","ENSEMBLE-CMIP6","RMSE Score","MeanState","global","score","1","0.67514","15.0"
"R","a","d","ENSEMBLE-CMIP6","Overall Score","MeanState","global","score","1","0.773353","15.0"
"R","a","d","CESM2","Period Mean (original grids)","MeanState","global","scalar","Watt m-2","41.1742","12.0"
"R","a","d","CESM2","Bias","MeanState","global","scalar","Watt m-2","-7.37725","12.0"
"R","a","d","CESM2","Bias Score","MeanState","global","score","1","0.684646","12.0"
"R","a","d","CESM2","Phase Shift","MeanState","global","scalar","months","1.82556","12.0"
"R","a","d","CESM2","Seasonal Cycle Score","MeanState","global","score","1","0.703199","12.0"
"R","a","d","CESM2","RMSE","MeanState","global","scalar","Watt m-2","22.483","12.0"
"R","a","d","CESM2","RMSE Score","MeanState","global","score","1","0.44369","12.0"
"R","a","d","CESM2","Overall Score","MeanState","global","score","1","0.568806","12.0"
"R","a","d","NorESM2-LM","Period Mean (original grids)","MeanState","global","scalar","Watt m-2","40.7686","12.0"
"R","a","d","NorESM2-LM","Bias","MeanState","global","scalar","Watt m-2","-6.25007","12.0"
"R","a","d","NorESM2-LM","Bias Score","MeanState","global","score","1","0.664455","12.0"
"R","a","d","NorESM2-LM","Phase Shift","MeanState","global","scalar","months","1.62444","12.0"
"R","a","d","NorESM2-LM","Seasonal Cycle Score","MeanState","global","score","1","0.740717","12.0"
"R","a","d","NorESM2-LM","RMSE","MeanState","global","scalar","Watt m-2","32.8297","12.0"
"R","a","d","NorESM2-LM","RMSE Score","MeanState","global","score","1","0.434379","12.0"
"R","a","d","NorESM2-LM","Overall Score","MeanState","global","score","1","0.568482","12.0"
"R","a","d","ENSEMBLE-CMIP6","Period Mean (original grids)","MeanState","global","scalar","Watt m-2","38.6546","12.0"
"R","a","d","ENSEMBLE-CMIP6","Bias","MeanState","global","scalar","Watt m-2","-8.73181","12.0"
"R","a","d","ENSEMBLE-CMIP6","Bias Score","MeanState","global","score","1","0.671681","12.0"
"R","a","d","ENSEMBLE-CMIP6","Phase Shift","MeanState","global","scalar","months","1.35556","12.0"
"R","a","d","ENSEMBLE-CMIP6","Seasonal Cycle Score","MeanState","global","score","1","0.782576","12.0"
"R","a","d","ENSEMBLE-CMIP6","RMSE","MeanState","global","scalar","Watt m-2","20.6682","12.0"
"R","a","d","ENSEMBLE-CMIP6","RMSE Score","MeanState","global","score","1","0.52722","12.0"
"R","a","d","ENSEMBLE-CMIP6","Overall Score","MeanState","global","score","1","0.627174","12.0"
"R","a","d","ACCESS-ESM1-5","Period Mean (original grids)","MeanState","global","scalar","Watt m-2","37.2407","12.0"
"R","a","d","ACCESS-ESM1-5","Bias","MeanState","global","scalar","Watt m-2","-11.2093","12.0"
"R","a","d","ACCESS-ESM1-5","Bias Score","MeanState","global","score","1","0.520714","12.0"
"R","a","d","ACCESS-ESM1-5","Phase Shift","MeanState","global","scalar","months","1.21778","12.0"
"R","a","d","ACCESS-ESM1-5","Seasonal Cycle Score","MeanState","global","score","1","0.814904","12.0"
"R","a","d","ACCESS-ESM1-5","RMSE","MeanState","global","scalar","Watt m-2","34.6799","12.0"
"R","a","d","ACCESS-ESM1-5","RMSE Score","MeanState","global","score","1","0.476576","12.0"
"R","a","d","ACCESS-ESM1-5","Overall Score","MeanState","global","score","1","0.572193","12.0"
"R","a","d","UKESM1-0-LL","Period Mean (original grids)","MeanState","global","scalar","Watt m-2","46.7795","12.0"
"R","a","d","UKESM1-0-LL","Bias","MeanState","global","scalar","Watt m-2","0.578506","12.0"
"R","a","d","UKESM1-0-LL","Bias Score","MeanState","global","score","1","0.595847","12.0"
"R","a","d","UKESM1-0-LL","Phase Shift","MeanState","global","scalar","months","1.35333","12.0"
"R","a","d","UKESM1-0-LL","Seasonal Cycle Score","MeanState","global","score","1","0.798115","12.0"
"R","a","d","UKESM1-0-LL","RMSE","MeanState","global","scalar","Watt m-2","25.9488","12.0"
"R","a","d","UKESM1-0-LL","RMSE Score","MeanState","global","score","1","0.420718","12.0"
"R","a","d","UKESM1-0-LL","Overall Score","MeanState","global","score","1","0.55885","12.0"
"R","a","d","UKESM1-0-LL","Benchmark Period Mean (intersection)","MeanState","global","scalar","Watt m-2","42.2847","15.0"
"R","a","d","UKESM1-0-LL","Benchmark Period Mean (complement)","MeanState","global","scalar","Watt m-2","nan","15.0"
"R","a","d","UKESM1-0-LL","Period Mean (original grids)","MeanState","global","scalar","Watt m-2","48.5343","15.0"
"R","a","d","UKESM1-0-LL","Model Period Mean (intersection)","MeanState","global","scalar","Watt m-2","50.6744","15.0"
"R","a","d","UKESM1-0-LL","Model Period Mean (complement)","MeanState","global","scalar","Watt m-2","nan","15.0"
"R","a","d","UKESM1-0-LL","Spatial Distribution Score","MeanState","global","score","1","0.838007","15.0"
"R","a","d","UKESM1-0-LL","Phase Shift","MeanState","global","scalar","months","0.847765","15.0"
"R","a","d","UKESM1-0-LL","Seasonal Cycle Score","MeanState","global","score","1","0.896107","15.0"
"R","a","d","UKESM1-0-LL","Bias","MeanState","global","scalar","Watt m-2","8.37875","15.0"
"R","a","d","UKESM1-0-LL","Bias Score","MeanState","global","score","1","0.464957","15.0"
"R","a","d","UKESM1-0-LL","RMSE","MeanState","global","scalar","Watt m-2","16.7601","15.0"
"R","a","d","UKESM1-0-LL","RMSE Score","MeanState","global","score","1","0.625522","15.0"
"R","a","d","UKESM1-0-LL","Overall Score","MeanState","global","score","1","0.690023","15.0"
"R","a","d","ENSEMBLE-CMIP6","Benchmark Period Mean (intersection)","MeanState","global","scalar","Watt m-2","42.2847","15.0"
"R","a","d","ENSEMBLE-CMIP6","Benchmark Period Mean (complement)","MeanState","global","scalar","Watt m-2","nan","15.0"
"R","a","d","ENSEMBLE-CMIP6","Period Mean (original grids)","MeanState","global","scalar","Watt m-2","44.2","15.0"
"R","a","d","ENSEMBLE-CMIP6","Model Period Mean (intersection)","MeanState","global","scalar","Watt m-2","44.0999","15.0"
"R","a","d","ENSEMBLE-CMIP6","Model Period Mean (complement)","MeanState","global","scalar","Watt m-2","nan","15.0"
"R","a","d","ENSEMBLE-CMIP6","Spatial Distribution Score","MeanState","global","score","1","0.882535","15.0"
"R","a","d","ENSEMBLE-CMIP6","Phase Shift","MeanState","global","scalar","months","0.828011","15.0"
"R","a","d","ENSEMBLE-CMIP6","Seasonal Cycle Score","MeanState","global","score","1","0.89688","15.0"
"R","a","d","ENSEMBLE-CMIP6","Bias","MeanState","global","scalar","Watt m-2","1.79032","15.0"
"R","a","d","ENSEMBLE-CMIP6","Bias Score","MeanState","global","score","1","0.606826","15.0"
"R","a","d","ENSEMBLE-CMIP6","RMSE","MeanState","global","scalar","Watt m-2","11.7535","15.0"
"R","a","d","ENSEMBLE-CMIP6","RMSE Score","MeanState","global","score","1","0.674621","15.0"
"R","a","d","ENSEMBLE-CMIP6","Overall Score","MeanState","global","score","1","0.747096","15.0"
"R","a","d","NorESM2-LM","Benchmark Period Mean (intersection)","MeanState","global","scalar","Watt m-2","42.2847","15.0"
"R","a","d","NorESM2-LM","Benchmark Period Mean (complement)","MeanState","global","scalar","Watt m-2","nan","15.0"
"R","a","d","NorESM2-LM","Period Mean (original grids)","MeanState","global","scalar","Watt m-2","43.3283","15.0"
"R","a","d","NorESM2-LM","Model Period Mean (intersection)","MeanState","global","scalar","Watt m-2","44.6614","15.0"
"R","a","d","NorESM2-LM","Model Period Mean (complement)","MeanState","global","scalar","Watt m-2","nan","15.0"
"R","a","d","NorESM2-LM","Spatial Distribution Score","MeanState","global","score","1","0.912079","15.0"
"R","a","d","NorESM2-LM","Phase Shift","MeanState","global","scalar","months","0.954594","15.0"
"R","a","d","NorESM2-LM","Seasonal Cycle Score","MeanState","global","score","1","0.87815","15.0"
"R","a","d","NorESM2-LM","Bias","MeanState","global","scalar","Watt m-2","2.31708","15.0"
"R","a","d","NorESM2-LM","Bias Score","MeanState","global","score","1","0.571802","15.0"
"R","a","d","NorESM2-LM","RMSE","MeanState","global","scalar","Watt m-2","14.8883","15.0"
"R","a","d","NorESM2-LM","RMSE Score","MeanState","global","score","1","0.610885","15.0"
"R","a","d","NorESM2-LM","Overall Score","MeanState","global","score","1","0.71676","15.0"
"R","a","d","CESM2","Benchmark Period Mean (intersection)","MeanState","global","scalar","Watt m-2","42.2847","15.0"
"R","a","d","CESM2","Benchmark Period Mean (complement)","MeanState","global","scalar","Watt m-2","nan","15.0"
"R","a","d","CESM2","Period Mean (original grids)","MeanState","global","scalar","Watt m-2","42.9992","15.0"
"R","a","d","CESM2","Model Period Mean (intersection)","MeanState","global","scalar","Watt m-2","44.5686","15.0"
"R","a","d","CESM2","Model Period Mean (complement)","MeanState","global","scalar","Watt m-2","nan","15.0"
"R","a","d","CESM2","Spatial Distribution Score","MeanState","global","score","1","0.919017","15.0"
"R","a","d","CESM2","Phase Shift","MeanState","global","scalar","months","0.964365","15.0"
"R","a","d","CESM2","Seasonal Cycle Score","MeanState","global","score","1","0.876865","15.0"
"R","a","d","CESM2","Bias","MeanState","global","scalar","Watt m-2","2.28032","15.0"
"R","a","d","CESM2","Bias Score","MeanState","global","score","1","0.587366","15.0"
"R","a","d","CESM2","RMSE","MeanState","global","scalar","Watt m-2","14.6577","15.0"
"R","a","d","CESM2","RMSE Score","MeanState","global","score","1","0.607993","15.0"
"R","a","d","CESM2","Overall Score","MeanState","global","score","1","0.719847","15.0"
"R","a","d","ACCESS-ESM1-5","Benchmark Period Mean (intersection)","MeanState","global","scalar","Watt m-2","42.2847","15.0"
"R","a","d","ACCESS-ESM1-5","Benchmark Period Mean (complement)","MeanState","global","scalar","Watt m-2","nan","15.0"
"R","a","d","ACCESS-ESM1-5","Period Mean (original grids)","MeanState","global","scalar","Watt m-2","40.7931","15.0"
"R","a","d","ACCESS-ESM1-5","Model Period Mean (intersection)","MeanState","global","scalar","Watt m-2","42.9647","15.0"
"R","a","d","ACCESS-ESM1-5","Model Period Mean (complement)","MeanState","global","scalar","Watt m-2","nan","15.0"
"R","a","d","ACCESS-ESM1-5","Spatial Distribution Score","MeanState","global","score","1","0.935827","15.0"
"R","a","d","ACCESS-ESM1-5","Phase Shift","MeanState","global","scalar","months","1.02885","15.0"
"R","a","d","ACCESS-ESM1-5","Seasonal Cycle Score","MeanState","global","score","1","0.866134","15.0"
"R","a","d","ACCESS-ESM1-5","Bias","MeanState","global","scalar","Watt m-2","0.656715","15.0"
"R","a","d","ACCESS-ESM1-5","Bias Score","MeanState","global","score","1","0.574029","15.0"
"R","a","d","ACCESS-ESM1-5","RMSE","MeanState","global","scalar","Watt m-2","14.7076","15.0"
"R","a","d","ACCESS-ESM1-5","RMSE Score","MeanState","global","score","1","0.623589","15.0"
"R","a","d","ACCESS-ESM1-5","Overall Score","MeanState","global","score","1","0.724633","15.0"
"R","a","d","CESM2","Benchmark Period Mean (intersection)","MeanState","global","scalar","W m-2","43.1394","15.0"
"R","a","d","CESM2","Benchmark Period Mean (complement)","MeanState","global","scalar","W m-2","nan","15.0"
"R","a","d","CESM2","Period Mean (original grids)","MeanState","global","scalar","W m-2","43.0707","15.0"
"R","a","d","CESM2","Model Period Mean (intersection)","MeanState","global","scalar","W m-2","44.2045","15.0"
"R","a","d","CESM2","Model Period Mean (complement)","MeanState","global","scalar","W m-2","nan","15.0"
"R","a","d","CESM2","Spatial Distribution Score","MeanState","global","score","1","0.990334","15.0"
"R","a","d","CESM2","Phase Shift","MeanState","global","scalar","months","0.915597","15.0"
"R","a","d","CESM2","Seasonal Cycle Score","MeanState","global","score","1","0.881886","15.0"
"R","a","d","CESM2","Bias","MeanState","global","scalar","W m-2","0.957791","15.0"
"R","a","d","CESM2","Bias Score","MeanState","global","score","1","0.643775","15.0"
"R","a","d","CESM2","RMSE","MeanState","global","scalar","W m-2","9.39578","15.0"
"R","a","d","CESM2","RMSE Score","MeanState","global","score","1","0.629626","15.0"
"R","a","d","CESM2","Overall Score","MeanState","global","score","1","0.75505","15.0"
"R","a","d","UKESM1-0-LL","Benchmark Period Mean (intersection)","MeanState","global","scalar","W m-2","43.1394","15.0"
"R","a","d","UKESM1-0-LL","Benchmark Period Mean (complement)","MeanState","global","scalar","W m-2","nan","15.0"
"R","a","d","UKESM1-0-LL","Period Mean (original grids)","MeanState","global","scalar","W m-2","48.2764","15.0"
"R","a","d","UKESM1-0-LL","Model Period Mean (intersection)","MeanState","global","scalar","W m-2","50.2932","15.0"
"R","a","d","UKESM1-0-LL","Model Period Mean (complement)","MeanState","global","scalar","W m-2","nan","15.0"
"R","a","d","UKESM1-0-LL","Spatial Distribution Score","MeanState","global","score","1","0.984218","15.0"
"R","a","d","UKESM1-0-LL","Phase Shift","MeanState","global","scalar","months","0.882511","15.0"
"R","a","d","UKESM1-0-LL","Seasonal Cycle Score","MeanState","global","score","1","0.888568","15.0"
"R","a","d","UKESM1-0-LL","Bias","MeanState","global","scalar","W m-2","7.09503","15.0"
"R","a","d","UKESM1-0-LL","Bias Score","MeanState","global","score","1","0.475311","15.0"
"R","a","d","UKESM1-0-LL","RMSE","MeanState","global","scalar","W m-2","13.3984","15.0"
"R","a","d","UKESM1-0-LL","RMSE Score","MeanState","global","score","1","0.633159","15.0"
"R","a","d","UKESM1-0-LL","Overall Score","MeanState","global","score","1","0.722883","15.0"
"R","a","d","ENSEMBLE-CMIP6","Benchmark Period Mean (intersection)","MeanState","global","scalar","W m-2","43.1394","15.0"
"R","a","d","ENSEMBLE-CMIP6","Benchmark Period Mean (complement)","MeanState","global","scalar","W m-2","nan","15.0"
"R","a","d","ENSEMBLE-CMIP6","Period Mean (original grids)","MeanState","global","scalar","W m-2","43.8492","15.0"
"R","a","d","ENSEMBLE-CMIP6","Model Period Mean (intersection)","MeanState","global","scalar","W m-2","43.7468","15.0"
"R","a","d","ENSEMBLE-CMIP6","Model Period Mean (complement)","MeanState","global","scalar","W m-2","nan","15.0"
"R","a","d","ENSEMBLE-CMIP6","Spatial Distribution Score","MeanState","global","score","1","0.992659","15.0"
"R","a","d","ENSEMBLE-CMIP6","Phase Shift","MeanState","global","scalar","months","0.827667","15.0"
"R","a","d","ENSEMBLE-CMIP6","Seasonal Cycle Score","MeanState","global","score","1","0.895098","15.0"
"R","a","d","ENSEMBLE-CMIP6","Bias","MeanState","global","scalar","W m-2","0.543665","15.0"
"R","a","d","ENSEMBLE-CMIP6","Bias Score","MeanState","global","score","1","0.624572","15.0"
"R","a","d","ENSEMBLE-CMIP6","RMSE","MeanState","global","scalar","W m-2","9.13908","15.0"
"R","a","d","ENSEMBLE-CMIP6","RMSE Score","MeanState","global","score","1","0.672327","15.0"
"R","a","d","ENSEMBLE-CMIP6","Overall Score","MeanState","global","score","1","0.771397","15.0"
"R","a","d","ACCESS-ESM1-5","Benchmark Period Mean (intersection)","MeanState","global","scalar","W m-2","43.1394","15.0"
"R","a","d","ACCESS-ESM1-5","Benchmark Period Mean (complement)","MeanState","global","scalar","W m-2","nan","15.0"
"R","a","d","ACCESS-ESM1-5","Period Mean (original grids)","MeanState","global","scalar","W m-2","40.9948","15.0"
"R","a","d","ACCESS-ESM1-5","Model Period Mean (intersection)","MeanState","global","scalar","W m-2","42.7224","15.0"
"R","a","d","ACCESS-ESM1-5","Model Period Mean (complement)","MeanState","global","scalar","W m-2","nan","15.0"
"R","a","d","ACCESS-ESM1-5","Spatial Distribution Score","MeanState","global","score","1","0.980071","15.0"
"R","a","d","ACCESS-ESM1-5","Phase Shift","MeanState","global","scalar","months","1.16114","15.0"
"R","a","d","ACCESS-ESM1-5","Seasonal Cycle Score","MeanState","global","score","1","0.839463","15.0"
"R","a","d","ACCESS-ESM1-5","Bias","MeanState","global","scalar","W m-2","-0.498244","15.0"
"R","a","d","ACCESS-ESM1-5","Bias Score","MeanState","global","score","1","0.562348","15.0"
"R","a","d","ACCESS-ESM1-5","RMSE","MeanState","global","scalar","W m-2","11.8538","15.0"
"R","a","d","ACCESS-ESM1-5","RMSE Score","MeanState","global","score","1","0.603319","15.0"
"R","a","d","ACCESS-ESM1-5","Overall Score","MeanState","global","score","1","0.717704","15.0"
"R","a","d","NorESM2-LM","Benchmark Period Mean (intersection)","MeanState","global","scalar","W m-2","43.1394","15.0"
"R","a","d","NorESM2-LM","Benchmark Period Mean (complement)","MeanState","global","scalar","W m-2","nan","15.0"
"R","a","d","NorESM2-LM","Period Mean (original grids)","MeanState","global","scalar","W m-2","43.3141","15.0"
"R","a","d","NorESM2-LM","Model Period Mean (intersection)","MeanState","global","scalar","W m-2","44.2796","15.0"
"R","a","d","NorESM2-LM","Model Period Mean (complement)","MeanState","global","scalar","W m-2","nan","15.0"
"R","a","d","NorESM2-LM","Spatial Distribution Score","MeanState","global","score","1","0.989353","15.0"
"R","a","d","NorESM2-LM","Phase Shift","MeanState","global","scalar","months","0.961269","15.0"
"R","a","d","NorESM2-LM","Seasonal Cycle Score","MeanState","global","score","1","0.875805","15.0"
"R","a","d","NorESM2-LM","Bias","MeanState","global","scalar","W m-2","0.955017","15.0"
"R","a","d","NorESM2-LM","Bias Score","MeanState","global","score","1","0.612008","15.0"
"R","a","d","NorESM2-LM","RMSE","MeanState","global","scalar","W m-2","10.5823","15.0"
"R","a","d","NorESM2-LM","RMSE Score","MeanState","global","score","1","0.618845","15.0"
"R","a","d","NorESM2-LM","Overall Score","MeanState","global","score","1","0.742971","15.0"
"R","a","d","ACCESS-ESM1-5","Benchmark Period Mean (intersection)","MeanState","global","scalar","W m-2","374.38","15.0"
"R","a","d","ACCESS-ESM1-5","Benchmark Period Mean (complement)","MeanState","global","scalar","W m-2","nan","15.0"
"R","a","d","ACCESS-ESM1-5","Period Mean (original grids)","MeanState","global","scalar","W m-2","402.188","15.0"
"R","a","d","ACCESS-ESM1-5","Model Period Mean (intersection)","MeanState","global","scalar","W m-2","384.328","15.0"
"R","a","d","ACCESS-ESM1-5","Model Period Mean (complement)","MeanState","global","scalar","W m-2","nan","15.0"
"R","a","d","ACCESS-ESM1-5","Spatial Distribution Score","MeanState","global","score","1","0.997584","15.0"
"R","a","d","ACCESS-ESM1-5","Phase Shift","MeanState","global","scalar","months","0.566533","15.0"
"R","a","d","ACCESS-ESM1-5","Seasonal Cycle Score","MeanState","global","score","1","0.936409","15.0"
"R","a","d","ACCESS-ESM1-5","Bias","MeanState","global","scalar","W m-2","9.94872","15.0"
"R","a","d","ACCESS-ESM1-5","Bias Score","MeanState","global","score","1","0.63641","15.0"
"R","a","d","ACCESS-ESM1-5","RMSE","MeanState","global","scalar","W m-2","16.438","15.0"
"R","a","d","ACCESS-ESM1-5","RMSE Score","MeanState","global","score","1","0.727302","15.0"
"R","a","d","ACCESS-ESM1-5","Overall Score","MeanState","global","score","1","0.805001","15.0"
"R","a","d","CESM2","Benchmark Period Mean (intersection)","MeanState","global","scalar","W m-2","374.852","15.0"
"R","a","d","CESM2","Benchmark Period Mean (complement)","MeanState","global","scalar","W m-2","nan","15.0"
"R","a","d","CESM2","Period Mean (original grids)","MeanState","global","scalar","W m-2","398.941","15.0"
"R","a","d","CESM2","Model Period Mean (intersection)","MeanState","global","scalar","W m-2","384.257","15.0"
"R","a","d","CESM2","Model Period Mean (complement)","MeanState","global","scalar","W m-2","nan","15.0"
"R","a","d","CESM2","Spatial Distribution Score","MeanState","global","score","1","0.997874","15.0"
"R","a","d","CESM2","Phase Shift","MeanState","global","scalar","months","0.55426","15.0"
"R","a","d","CESM2","Seasonal Cycle Score","MeanState","global","score","1","0.942367","15.0"
"R","a","d","CESM2","Bias","MeanState","global","scalar","W m-2","9.42585","15.0"
"R","a","d","CESM2","Bias Score","MeanState","global","score","1","0.644387","15.0"
"R","a","d","CESM2","RMSE","MeanState","global","scalar","W m-2","15.0599","15.0"
"R","a","d","CESM2","RMSE Score","MeanState","global","score","1","0.746899","15.0"
"R","a","d","CESM2","Overall Score","MeanState","global","score","1","0.815685","15.0"
"R","a","d","NorESM2-LM","Benchmark Period Mean (intersection)","MeanState","global","scalar","W m-2","374.309","15.0"
"R","a","d","NorESM2-LM","Benchmark Period Mean (complement)","MeanState","global","scalar","W m-2","nan","15.0"
"R","a","d","NorESM2-LM","Period Mean (original grids)","MeanState","global","scalar","W m-2","398.612","15.0"
"R","a","d","NorESM2-LM","Model Period Mean (intersection)","MeanState","global","scalar","W m-2","383.145","15.0"
"R","a","d","NorESM2-LM","Model Period Mean (complement)","MeanState","global","scalar","W m-2","nan","15.0"
"R","a","d","NorESM2-LM","Spatial Distribution Score","MeanState","global","score","1","0.997773","15.0"
"R","a","d","NorESM2-LM","Phase Shift","MeanState","global","scalar","months","0.627989","15.0"
"R","a","d","NorESM2-LM","Seasonal Cycle Score","MeanState","global","score","1","0.934305","15.0"
"R","a","d","NorESM2-LM","Bias","MeanState","global","scalar","W m-2","8.73948","15.0"
"R","a","d","NorESM2-LM","Bias Score","MeanState","global","score","1","0.638294","15.0"
"R","a","d","NorESM2-LM","RMSE","MeanState","global","scalar","W m-2","16.8514","15.0"
"R","a","d","NorESM2-LM","RMSE Score","MeanState","global","score","1","0.723653","15.0"
"R","a","d","NorESM2-LM","Overall Score","MeanState","global","score","1","0.803536","15.0"
"R","a","d","UKESM1-0-LL","Benchmark Period Mean (intersection)","MeanState","global","scalar","W m-2","374.31","15.0"
"R","a","d","UKESM1-0-LL","Benchmark Period Mean (complement)","MeanState","global","scalar","W m-2","nan","15.0"
"R","a","d","UKESM1-0-LL","Period Mean (original grids)","MeanState","global","scalar","W m-2","393.574","15.0"
"R","a","d","UKESM1-0-LL","Model Period Mean (intersection)","MeanState","global","scalar","W m-2","376.838","15.0"
"R","a","d","UKESM1-0-LL","Model Period Mean (complement)","MeanState","global","scalar","W m-2","nan","15.0"
"R","a","d","UKESM1-0-LL","Spatial Distribution Score","MeanState","global","score","1","0.997969","15.0"
"R","a","d","UKESM1-0-LL","Phase Shift","MeanState","global","scalar","months","0.510539","15.0"
"R","a","d","UKESM1-0-LL","Seasonal Cycle Score","MeanState","global","score","1","0.945975","15.0"
"R","a","d","UKESM1-0-LL","Bias","MeanState","global","scalar","W m-2","2.51459","15.0"
"R","a","d","UKESM1-0-LL","Bias Score","MeanState","global","score","1","0.681518","15.0"
"R","a","d","UKESM1-0-LL","RMSE","MeanState","global","scalar","W m-2","14.4485","15.0"
"R","a","d","UKESM1-0-LL","RMSE Score","MeanState","global","score","1","0.730954","15.0"
"R","a","d","UKESM1-0-LL","Overall Score","MeanState","global","score","1","0.817474","15.0"
"R","a","d","ENSEMBLE-CMIP6","Benchmark Period Mean (intersection)","MeanState","global","scalar","W m-2","374.292","15.0"
"R","a","d","ENSEMBLE-CMIP6","Benchmark Period Mean (complement)","MeanState","global","scalar","W m-2","nan","15.0"
"R","a","d","ENSEMBLE-CMIP6","Period Mean (original grids)","MeanState","global","scalar","W m-2","379.56","15.0"
"R","a","d","ENSEMBLE-CMIP6","Model Period Mean (intersection)","MeanState","global","scalar","W m-2","378.807","15.0"
"R","a","d","ENSEMBLE-CMIP6","Model Period Mean (complement)","MeanState","global","scalar","W m-2","nan","15.0"
"R","a","d","ENSEMBLE-CMIP6","Spatial Distribution Score","MeanState","global","score","1","0.999431","15.0"
"R","a","d","ENSEMBLE-CMIP6","Phase Shift","MeanState","global","scalar","months","0.428542","15.0"
"R","a","d","ENSEMBLE-CMIP6","Seasonal Cycle Score","MeanState","global","score","1","0.955404","15.0"
"R","a","d","ENSEMBLE-CMIP6","Bias","MeanState","global","scalar","W m-2","4.54202","15.0"
"R","a","d","ENSEMBLE-CMIP6","Bias Score","MeanState","global","score","1","0.70483","15.0"
"R","a","d","ENSEMBLE-CMIP6","RMSE","MeanState","global","scalar","W m-2","11.8964","15.0"
"R","a","d","ENSEMBLE-CMIP6","RMSE Score","MeanState","global","score","1","0.778798","15.0"
"R","a","d","ENSEMBLE-CMIP6","Overall Score","MeanState","global","score","1","0.843452","15.0"
"R","a","d","CESM2","Period Mean (original grids)","MeanState","global","scalar","Watt m-2","380.746","12.0"
"R","a","d","CESM2","Bias","MeanState","global","scalar","Watt m-2","9.09029","12.0"
"R","a","d","CESM2","Bias Score","MeanState","global","score","1","0.810814","12.0"
"R","a","d","CESM2","Phase Shift","MeanState","global","scalar","months","0.589286","12.0"
"R","a","d","CESM2","Seasonal Cycle Score","MeanState","global","score","1","0.96043","12.0"
"R","a","d","CESM2","RMSE","MeanState","global","scalar","Watt m-2","25.2292","12.0"
"R","a","d","CESM2","RMSE Score","MeanState","global","score","1","0.707851","12.0"
"R","a","d","CESM2","Overall Score","MeanState","global","score","1","0.796737","12.0"
"R","a","d","NorESM2-LM","Period Mean (original grids)","MeanState","global","scalar","Watt m-2","380.121","12.0"
"R","a","d","NorESM2-LM","Bias","MeanState","global","scalar","Watt m-2","7.62161","12.0"
"R","a","d","NorESM2-LM","Bias Score","MeanState","global","score","1","0.817672","12.0"
"R","a","d","NorESM2-LM","Phase Shift","MeanState","global","scalar","months","0.515476","12.0"
"R","a","d","NorESM2-LM","Seasonal Cycle Score","MeanState","global","score","1","0.965395","12.0"
"R","a","d","NorESM2-LM","RMSE","MeanState","global","scalar","Watt m-2","22.0566","12.0"
"R","a","d","NorESM2-LM","RMSE Score","MeanState","global","score","1","0.709609","12.0"
"R","a","d","NorESM2-LM","Overall Score","MeanState","global","score","1","0.800571","12.0"
"R","a","d","ENSEMBLE-CMIP6","Period Mean (original grids)","MeanState","global","scalar","Watt m-2","374.262","12.0"
"R","a","d","ENSEMBLE-CMIP6","Bias","MeanState","global","scalar","Watt m-2","-1.3131","12.0"
"R","a","d","ENSEMBLE-CMIP6","Bias Score","MeanState","global","score","1","0.846245","12.0"
"R","a","d","ENSEMBLE-CMIP6","Phase Shift","MeanState","global","scalar","months","0.221429","12.0"
"R","a","d","ENSEMBLE-CMIP6","Seasonal Cycle Score","MeanState","global","score","1","0.985103","12.0"
"R","a","d","ENSEMBLE-CMIP6","RMSE","MeanState","global","scalar","Watt m-2","19.4681","12.0"
"R","a","d","ENSEMBLE-CMIP6","RMSE Score","MeanState","global","score","1","0.779309","12.0"
"R","a","d","ENSEMBLE-CMIP6","Overall Score","MeanState","global","score","1","0.847492","12.0"
"R","a","d","ACCESS-ESM1-5","Period Mean (original grids)","MeanState","global","scalar","Watt m-2","380.663","12.0"
"R","a","d","ACCESS-ESM1-5","Bias","MeanState","global","scalar","Watt m-2","7.9538","12.0"
"R","a","d","ACCESS-ESM1-5","Bias Score","MeanState","global","score","1","0.835317","12.0"
"R","a","d","ACCESS-ESM1-5","Phase Shift","MeanState","global","scalar","months","0.440476","12.0"
"R","a","d","ACCESS-ESM1-5","Seasonal Cycle Score","MeanState","global","score","1","0.962079","12.0"
"R","a","d","ACCESS-ESM1-5","RMSE","MeanState","global","scalar","Watt m-2","21.9778","12.0"
"R","a","d","ACCESS-ESM1-5","RMSE Score","MeanState","global","score","1","0.710386","12.0"
"R","a","d","ACCESS-ESM1-5","Overall Score","MeanState","global","score","1","0.804542","12.0"
"R","a","d","UKESM1-0-LL","Period Mean (original grids)","MeanState","global","scalar","Watt m-2","369.17","12.0"
"R","a","d","UKESM1-0-LL","Bias","MeanState","global","scalar","Watt m-2","-7.15142","12.0"
"R","a","d","UKESM1-0-LL","Bias Score","MeanState","global","score","1","0.808452","12.0"
"R","a","d","UKESM1-0-LL","Phase Shift","MeanState","global","scalar","months","0.221429","12.0"
"R","a","d","UKESM1-0-LL","Seasonal Cycle Score","MeanState","global","score","1","0.985103","12.0"
"R","a","d","UKESM1-0-LL","RMSE","MeanState","global","scalar","Watt m-2","26.8047","12.0"
"R","a","d","UKESM1-0-LL","RMSE Score","MeanState","global","score","1","0.687361","12.0"
"R","a","d","UKESM1-0-LL","Overall Score","MeanState","global","score","1","0.792069","12.0"
"R","a","d","UKESM1-0-LL","Benchmark Period Mean (intersection)","MeanState","global","scalar","Watt m-2","378.305","15.0"
"R","a","d","UKESM1-0-LL","Benchmark Period Mean (complement)","MeanState","global","scalar","Watt m-2","nan","15.0"
"R","a","d","UKESM1-0-LL","Period Mean (original grids)","MeanState","global","scalar","Watt m-2","393.171","15.0"
"R","a","d","UKESM1-0-LL","Model Period Mean (intersection)","MeanState","global","scalar","Watt m-2","376.945","15.0"
"R","a","d","UKESM1-0-LL","Model Period Mean (complement)","MeanState","global","scalar","Watt m-2","nan","15.0"
"R","a","d","UKESM1-0-LL","Spatial Distribution Score","MeanState","global","score","1","0.998803","15.0"
"R","a","d","UKESM1-0-LL","Phase Shift","MeanState","global","scalar","months","0.64443","15.0"
"R","a","d","UKESM1-0-LL","Seasonal Cycle Score","MeanState","global","score","1","0.925027","15.0"
"R","a","d","UKESM1-0-LL","Bias","MeanState","global","scalar","Watt m-2","-1.41852","15.0"
"R","a","d","UKESM1-0-LL","Bias Score","MeanState","global","score","1","0.699838","15.0"
"R","a","d","UKESM1-0-LL","RMSE","MeanState","global","scalar","Watt m-2","15.7281","15.0"
"R","a","d","UKESM1-0-LL","RMSE Score","MeanState","global","score","1","0.715309","15.0"
"R","a","d","UKESM1-0-LL","Overall Score","MeanState","global","score","1","0.810857","15.0"
"R","a","d","ENSEMBLE-CMIP6","Benchmark Period Mean (intersection)","MeanState","global","scalar","Watt m-2","378.305","15.0"
"R","a","d","ENSEMBLE-CMIP6","Benchmark Period Mean (complement)","MeanState","global","scalar","Watt m-2","nan","15.0"
"R","a","d","ENSEMBLE-CMIP6","Period Mean (original grids)","MeanState","global","scalar","Watt m-2","379.267","15.0"
"R","a","d","ENSEMBLE-CMIP6","Model Period Mean (intersection)","MeanState","global","scalar","Watt m-2","379.012","15.0"
"R","a","d","ENSEMBLE-CMIP6","Model Period Mean (complement)","MeanState","global","scalar","Watt m-2","nan","15.0"
"R","a","d","ENSEMBLE-CMIP6","Spatial Distribution Score","MeanState","global","score","1","0.996332","15.0"
"R","a","d","ENSEMBLE-CMIP6","Phase Shift","MeanState","global","scalar","months","0.503351","15.0"
"R","a","d","ENSEMBLE-CMIP6","Seasonal Cycle Score","MeanState","global","score","1","0.944586","15.0"
"R","a","d","ENSEMBLE-CMIP6","Bias","MeanState","global","scalar","Watt m-2","0.708182","15.0"
"R","a","d","ENSEMBLE-CMIP6","Bias Score","MeanState","global","score","1","0.709985","15.0"
"R","a","d","ENSEMBLE-CMIP6","RMSE","MeanState","global","scalar","Watt m-2","14.4398","15.0"
"R","a","d","ENSEMBLE-CMIP6","RMSE Score","MeanState","global","score","1","0.759753","15.0"
"R","a","d","ENSEMBLE-CMIP6","Overall Score","MeanState","global","score","1","0.834082","15.0"
"R","a","d","NorESM2-LM","Benchmark Period Mean (intersection)","MeanState","global","scalar","Watt m-2","378.305","15.0"
"R","a","d","NorESM2-LM","Benchmark Period Mean (complement)","MeanState","global","scalar","Watt m-2","nan","15.0"
"R","a","d","NorESM2-LM","Period Mean (original grids)","MeanState","global","scalar","Watt m-2","398.321","15.0"
"R","a","d","NorESM2-LM","Model Period Mean (intersection)","MeanState","global","scalar","Watt m-2","383.217","15.0"
"R","a","d","NorESM2-LM","Model Period Mean (complement)","MeanState","global","scalar","Watt m-2","nan","15.0"
"R","a","d","NorESM2-LM","Spatial Distribution Score","MeanState","global","score","1","0.998729","15.0"
"R","a","d","NorESM2-LM","Phase Shift","MeanState","global","scalar","months","0.74808","15.0"
"R","a","d","NorESM2-LM","Seasonal Cycle Score","MeanState","global","score","1","0.916925","15.0"
"R","a","d","NorESM2-LM","Bias","MeanState","global","scalar","Watt m-2","4.89945","15.0"
"R","a","d","NorESM2-LM","Bias Score","MeanState","global","score","1","0.662772","15.0"
"R","a","d","NorESM2-LM","RMSE","MeanState","global","scalar","Watt m-2","18.5224","15.0"
"R","a","d","NorESM2-LM","RMSE Score","MeanState","global","score","1","0.704067","15.0"
"R","a","d","NorESM2-LM","Overall Score","MeanState","global","score","1","0.797312","15.0"
"R","a","d","CESM2","Benchmark Period Mean (intersection)","MeanState","global","scalar","Watt m-2","378.305","15.0"
"R","a","d","CESM2","Benchmark Period Mean (complement)","MeanState","global","scalar","Watt m-2","nan","15.0"
"R","a","d","CESM2","Period Mean (original grids)","MeanState","global","scalar","Watt m-2","398.82","15.0"
"R","a","d","CESM2","Model Period Mean (intersection)","MeanState","global","scalar","Watt m-2","383.871","15.0"
"R","a","d","CESM2","Model Period Mean (complement)","MeanState","global","scalar","Watt m-2","nan","15.0"
"R","a","d","CESM2","Spatial Distribution Score","MeanState","global","score","1","0.999098","15.0"
"R","a","d","CESM2","Phase Shift","MeanState","global","scalar","months","0.688336","15.0"
"R","a","d","CESM2","Seasonal Cycle Score","MeanState","global","score","1","0.924449","15.0"
"R","a","d","CESM2","Bias","MeanState","global","scalar","Watt m-2","5.54939","15.0"
"R","a","d","CESM2","Bias Score","MeanState","global","score","1","0.673328","15.0"
"R","a","d","CESM2","RMSE","MeanState","global","scalar","Watt m-2","16.9355","15.0"
"R","a","d","CESM2","RMSE Score","MeanState","global","score","1","0.721272","15.0"
"R","a","d","CESM2","Overall Score","MeanState","global","score","1","0.807884","15.0"
"R","a","d","ACCESS-ESM1-5","Benchmark Period Mean (intersection)","MeanState","global","scalar","Watt m-2","378.305","15.0"
"R","a","d","ACCESS-ESM1-5","Benchmark Period Mean (complement)","MeanState","global","scalar","Watt m-2","nan","15.0"
"R","a","d","ACCESS-ESM1-5","Period Mean (original grids)","MeanState","global","scalar","Watt m-2","401.955","15.0"
"R","a","d","ACCESS-ESM1-5","Model Period Mean (intersection)","MeanState","global","scalar","Watt m-2","384.366","15.0"
"R","a","d","ACCESS-ESM1-5","Model Period Mean (complement)","MeanState","global","scalar","Watt m-2","nan","15.0"
"R","a","d","ACCESS-ESM1-5","Spatial Distribution Score","MeanState","global","score","1","0.999051","15.0"
"R","a","d","ACCESS-ESM1-5","Phase Shift","MeanState","global","scalar","months","0.623439","15.0"
"R","a","d","ACCESS-ESM1-5","Seasonal Cycle Score","MeanState","global","score","1","0.926177","15.0"
"R","a","d","ACCESS-ESM1-5","Bias","MeanState","global","scalar","Watt m-2","6.02851","15.0"
"R","a","d","ACCESS-ESM1-5","Bias Score","MeanState","global","score","1","0.662415","15.0"
"R","a","d","ACCESS-ESM1-5","RMSE","MeanState","global","scalar","Watt m-2","17.1818","15.0"
"R","a","d","ACCESS-ESM1-5","RMSE Score","MeanState","global","score","1","0.720556","15.0"
"R","a","d","ACCESS-ESM1-5","Overall Score","MeanState","global","score","1","0.805751","15.0"
"R","a","d","CESM2","Benchmark Period Mean (intersection)","MeanState","global","scalar","W m-2","376.699","15.0"
"R","a","d","CESM2","Benchmark Period Mean (complement)","MeanState","global","scalar","W m-2","nan","15.0"
"R","a","d","CESM2","Period Mean (original grids)","MeanState","global","scalar","W m-2","401.246","15.0"
"R","a","d","CESM2","Model Period Mean (intersection)","MeanState","global","scalar","W m-2","386.731","15.0"
"R","a","d","CESM2","Model Period Mean (complement)","MeanState","global","scalar","W m-2","nan","15.0"
"R","a","d","CESM2","Spatial Distribution Score","MeanState","global","score","1","0.998522","15.0"
"R","a","d","CESM2","Phase Shift","MeanState","global","scalar","months","0.625835","15.0"
"R","a","d","CESM2","Seasonal Cycle Score","MeanState","global","score","1","0.935179","15.0"
"R","a","d","CESM2","Bias","MeanState","global","scalar","W m-2","10.0219","15.0"
"R","a","d","CESM2","Bias Score","MeanState","global","score","1","0.632575","15.0"
"R","a","d","CESM2","RMSE","MeanState","global","scalar","W m-2","16.342","15.0"
"R","a","d","CESM2","RMSE Score","MeanState","global","score","1","0.73897","15.0"
"R","a","d","CESM2","Overall Score","MeanState","global","score","1","0.808843","15.0"
"R","a","d","UKESM1-0-LL","Benchmark Period Mean (intersection)","MeanState","global","scalar","W m-2","376.699","15.0"
"R","a","d","UKESM1-0-LL","Benchmark Period Mean (complement)","MeanState","global","scalar","W m-2","nan","15.0"
"R","a","d","UKESM1-0-LL","Period Mean (original grids)","MeanState","global","scalar","W m-2","396.622","15.0"
"R","a","d","UKESM1-0-LL","Model Period Mean (intersection)","MeanState","global","scalar","W m-2","380.459","15.0"
"R","a","d","UKESM1-0-LL","Model Period Mean (complement)","MeanState","global","scalar","W m-2","nan","15.0"
"R","a","d","UKESM1-0-LL","Spatial Distribution Score","MeanState","global","score","1","0.998788","15.0"
"R","a","d","UKESM1-0-LL","Phase Shift","MeanState","global","scalar","months","0.52351","15.0"
"R","a","d","UKESM1-0-LL","Seasonal Cycle Score","MeanState","global","score","1","0.941766","15.0"
"R","a","d","UKESM1-0-LL","Bias","MeanState","global","scalar","W m-2","3.7109","15.0"
"R","a","d","UKESM1-0-LL","Bias Score","MeanState","global","score","1","0.694197","15.0"
"R","a","d","UKESM1-0-LL","RMSE","MeanState","global","scalar","W m-2","14.0353","15.0"
"R","a","d","UKESM1-0-LL","RMSE Score","MeanState","global","score","1","0.737404","15.0"
"R","a","d","UKESM1-0-LL","Overall Score","MeanState","global","score","1","0.821912","15.0"
"R","a","d","ENSEMBLE-CMIP6","Benchmark Period Mean (intersection)","MeanState","global","scalar","W m-2","376.699","15.0"
"R","a","d","ENSEMBLE-CMIP6","Benchmark Period Mean (complement)","MeanState","global","scalar","W m-2","nan","15.0"
"R","a","d","ENSEMBLE-CMIP6","Period Mean (original grids)","MeanState","global","scalar","W m-2","381.956","15.0"
"R","a","d","ENSEMBLE-CMIP6","Model Period Mean (intersection)","MeanState","global","scalar","W m-2","381.703","15.0"
"R","a","d","ENSEMBLE-CMIP6","Model Period Mean (complement)","MeanState","global","scalar","W m-2","nan","15.0"
"R","a","d","ENSEMBLE-CMIP6","Spatial Distribution Score","MeanState","global","score","1","0.999548","15.0"
"R","a","d","ENSEMBLE-CMIP6","Phase Shift","MeanState","global","scalar","months","0.442077","15.0"
"R","a","d","ENSEMBLE-CMIP6","Seasonal Cycle Score","MeanState","global","score","1","0.953598","15.0"
"R","a","d","ENSEMBLE-CMIP6","Bias","MeanState","global","scalar","W m-2","5.0719","15.0"
"R","a","d","ENSEMBLE-CMIP6","Bias Score","MeanState","global","score","1","0.700015","15.0"
"R","a","d","ENSEMBLE-CMIP6","RMSE","MeanState","global","scalar","W m-2","12.3236","15.0"
"R","a","d","ENSEMBLE-CMIP6","RMSE Score","MeanState","global","score","1","0.781259","15.0"
"R","a","d","ENSEMBLE-CMIP6","Overall Score","MeanState","global","score","1","0.843136","15.0"
"R","a","d","ACCESS-ESM1-5","Benchmark Period Mean (intersection)","MeanState","global","scalar","W m-2","376.699","15.0"
"R","a","d","ACCESS-ESM1-5","Benchmark Period Mean (complement)","MeanState","global","scalar","W m-2","nan","15.0"
"R","a","d","ACCESS-ESM1-5","Period Mean (original grids)","MeanState","global","scalar","W m-2","405.094","15.0"
"R","a","d","ACCESS-ESM1-5","Model Period Mean (intersection)","MeanState","global","scalar","W m-2","387.871","15.0"
"R","a","d","ACCESS-ESM1-5","Model Period Mean (complement)","MeanState","global","scalar","W m-2","nan","15.0"
"R","a","d","ACCESS-ESM1-5","Spatial Distribution Score","MeanState","global","score","1","0.998487","15.0"
"R","a","d","ACCESS-ESM1-5","Phase Shift","MeanState","global","scalar","months","0.566106","15.0"
"R","a","d","ACCESS-ESM1-5","Seasonal Cycle Score","MeanState","global","score","1","0.936906","15.0"
"R","a","d","ACCESS-ESM1-5","Bias","MeanState","global","scalar","W m-2","11.1303","15.0"
"R","a","d","ACCESS-ESM1-5","Bias Score","MeanState","global","score","1","0.630804","15.0"
"R","a","d","ACCESS-ESM1-5","RMSE","MeanState","global","scalar","W m-2","17.2013","15.0"
"R","a","d","ACCESS-ESM1-5","RMSE Score","MeanState","global","score","1","0.732286","15.0"
"R","a","d","ACCESS-ESM1-5","Overall Score","MeanState","global","score","1","0.806154","15.0"
"R","a","d","NorESM2-LM","Benchmark Period Mean (intersection)","MeanState","global","scalar","W m-2","376.699","15.0"
"R","a","d","NorESM2-LM","Benchmark Period Mean (complement)","MeanState","global","scalar","W m-2","nan","15.0"
"R","a","d","NorESM2-LM","Period Mean (original grids)","MeanState","global","scalar","W m-2","400.886","15.0"
"R","a","d","NorESM2-LM","Model Period Mean (intersection)","MeanState","global","scalar","W m-2","386.067","15.0"
"R","a","d","NorESM2-LM","Model Period Mean (complement)","MeanState","global","scalar","W m-2","nan","15.0"
"R","a","d","NorESM2-LM","Spatial Distribution Score","MeanState","global","score","1","0.99874","15.0"
"R","a","d","NorESM2-LM","Phase Shift","MeanState","global","scalar","months","0.686349","15.0"
"R","a","d","NorESM2-LM","Seasonal Cycle Score","MeanState","global","score","1","0.92934","15.0"
"R","a","d","NorESM2-LM","Bias","MeanState","global","scalar","W m-2","9.49256","15.0"
"R","a","d","NorESM2-LM","Bias Score","MeanState","global","score","1","0.62732","15.0"
"R","a","d","NorESM2-LM","RMSE","MeanState","global","scalar","W m-2","17.8696","15.0"
"R","a","d","NorESM2-LM","RMSE Score","MeanState","global","score","1","0.716645","15.0"
"R","a","d","NorESM2-LM","Overall Score","MeanState","global","score","1","0.797738","15.0"
"R","a","d","ENSEMBLE-CMIP6","Benchmark Period Mean (intersection)","MeanState","global","scalar","W m-2","1.08051","1.0"
"R","a","d","ENSEMBLE-CMIP6","Benchmark Period Mean (complement)","MeanState","global","scalar","W m-2","nan","1.0"
"R","a","d","ENSEMBLE-CMIP6","Period Mean (original grids)","MeanState","global","scalar","W m-2","2.02863","1.0"
"R","a","d","ENSEMBLE-CMIP6","Model Period Mean (intersection)","MeanState","global","scalar","W m-2","2.3327","1.0"
"R","a","d","ENSEMBLE-CMIP6","Model Period Mean (complement)","MeanState","global","scalar","W m-2","0.857419","1.0"
"R","a","d","ENSEMBLE-CMIP6","Spatial Distribution Score","MeanState","global","score","1","0.312226","1.0"
"R","a","d","ENSEMBLE-CMIP6","Phase Shift","MeanState","global","scalar","months","1.21213","1.0"
"R","a","d","ENSEMBLE-CMIP6","Seasonal Cycle Score","MeanState","global","score","1","0.848992","1.0"
"R","a","d","ENSEMBLE-CMIP6","Bias","MeanState","global","scalar","W m-2","1.2639","1.0"
"R","a","d","ENSEMBLE-CMIP6","Bias Score","MeanState","global","score","1","0.520679","1.0"
"R","a","d","ENSEMBLE-CMIP6","RMSE","MeanState","global","scalar","W m-2","8.46814","1.0"
"R","a","d","ENSEMBLE-CMIP6","RMSE Score","MeanState","global","score","1","0.283182","1.0"
"R","a","d","ENSEMBLE-CMIP6","Overall Score","MeanState","global","score","1","0.449652","1.0"
"R","a","d","ACCESS-ESM1-5","Benchmark Period Mean (intersection)","MeanState","global","scalar","W m-2","1.08051","1.0"
"R","a","d","ACCESS-ESM1-5","Benchmark Period Mean (complement)","MeanState","global","scalar","W m-2","nan","1.0"
"R","a","d","ACCESS-ESM1-5","Period Mean (original grids)","MeanState","global","scalar","W m-2","1.85349","1.0"
"R","a","d","ACCESS-ESM1-5","Model Period Mean (intersection)","MeanState","global","scalar","W m-2","0.660905","1.0"
"R","a","d","ACCESS-ESM1-5","Model Period Mean (complement)","MeanState","global","scalar","W m-2","1.93958","1.0"
"R","a","d","ACCESS-ESM1-5","Spatial Distribution Score","MeanState","global","score","1","0.295585","1.0"
"R","a","d","ACCESS-ESM1-5","Phase Shift","MeanState","global","scalar","months","1.37284","1.0"
"R","a","d","ACCESS-ESM1-5","Seasonal Cycle Score","MeanState","global","score","1","0.821681","1.0"
"R","a","d","ACCESS-ESM1-5","Bias","MeanState","global","scalar","W m-2","-0.388257","1.0"
"R","a","d","ACCESS-ESM1-5","Bias Score","MeanState","global","score","1","0.642631","1.0"
"R","a","d","ACCESS-ESM1-5","RMSE","MeanState","global","scalar","W m-2","7.40039","1.0"
"R","a","d","ACCESS-ESM1-5","RMSE Score","MeanState","global","score","1","0.408877","1.0"
"R","a","d","ACCESS-ESM1-5","Overall Score","MeanState","global","score","1","0.51553","1.0"
"R","a","d","UKESM1-0-LL","Benchmark Period Mean (intersection)","MeanState","global","scalar","W m-2","1.08051","1.0"
"R","a","d","UKESM1-0-LL","Benchmark Period Mean (complement)","MeanState","global","scalar","W m-2","nan","1.0"
"R","a","d","UKESM1-0-LL","Period Mean (original grids)","MeanState","global","scalar","W m-2","2.22996","1.0"
"R","a","d","UKESM1-0-LL","Model Period Mean (intersection)","MeanState","global","scalar","W m-2","0.849159","1.0"
"R","a","d","UKESM1-0-LL","Model Period Mean (complement)","MeanState","global","scalar","W m-2","2.3876","1.0"
"R","a","d","UKESM1-0-LL","Spatial Distribution Score","MeanState","global","score","1","0.255753","1.0"
"R","a","d","UKESM1-0-LL","Phase Shift","MeanState","global","scalar","months","1.15803","1.0"
"R","a","d","UKESM1-0-LL","Seasonal Cycle Score","MeanState","global","score","1","0.849023","1.0"
"R","a","d","UKESM1-0-LL","Bias","MeanState","global","scalar","W m-2","-0.20542","1.0"
"R","a","d","UKESM1-0-LL","Bias Score","MeanState","global","score","1","0.686644","1.0"
"R","a","d","UKESM1-0-LL","RMSE","MeanState","global","scalar","W m-2","6.73239","1.0"
"R","a","d","UKESM1-0-LL","RMSE Score","MeanState","global","score","1","0.367057","1.0"
"R","a","d","UKESM1-0-LL","Overall Score","MeanState","global","score","1","0.505107","1.0"
"R","a","d","NorESM2-LM","Benchmark Period Mean (intersection)","MeanState","global","scalar","W m-2","1.08051","1.0"
"R","a","d","NorESM2-LM","Benchmark Period Mean (complement)","MeanState","global","scalar","W m-2","nan","1.0"
"R","a","d","NorESM2-LM","Period Mean (original grids)","MeanState","global","scalar","W m-2","1.05123","1.0"
"R","a","d","NorESM2-LM","Model Period Mean (intersection)","MeanState","global","scalar","W m-2","0.80386","1.0"
"R","a","d","NorESM2-LM","Model Period Mean (complement)","MeanState","global","scalar","W m-2","-0.571054","1.0"
"R","a","d","NorESM2-LM","Spatial Distribution Score","MeanState","global","score","1","0.346285","1.0"
"R","a","d","NorESM2-LM","Phase Shift","MeanState","global","scalar","months","1.22805","1.0"
"R","a","d","NorESM2-LM","Seasonal Cycle Score","MeanState","global","score","1","0.839374","1.0"
"R","a","d","NorESM2-LM","Bias","MeanState","global","scalar","W m-2","-0.272439","1.0"
"R","a","d","NorESM2-LM","Bias Score","MeanState","global","score","1","0.702932","1.0"
"R","a","d","NorESM2-LM","RMSE","MeanState","global","scalar","W m-2","8.35882","1.0"
"R","a","d","NorESM2-LM","RMSE Score","MeanState","global","score","1","0.249438","1.0"
"R","a","d","NorESM2-LM","Overall Score","MeanState","global","score","1","0.477493","1.0"
"R","a","d","CESM2","Benchmark Period Mean (intersection)","MeanState","global","scalar","W m-2","1.08051","1.0"
"R","a","d","CESM2","Benchmark Period Mean (complement)","MeanState","global","scalar","W m-2","nan","1.0"
"R","a","d","CESM2","Period Mean (original grids)","MeanState","global","scalar","W m-2","1.83766","1.0"
"R","a","d","CESM2","Model Period Mean (intersection)","MeanState","global","scalar","W m-2","0.774787","1.0"
"R","a","d","CESM2","Model Period Mean (complement)","MeanState","global","scalar","W m-2","-0.595118","1.0"
"R","a","d","CESM2","Spatial Distribution Score","MeanState","global","score","1","0.466963","1.0"
"R","a","d","CESM2","Phase Shift","MeanState","global","scalar","months","1.28618","1.0"
"R","a","d","CESM2","Seasonal Cycle Score","MeanState","global","score","1","0.838306","1.0"
"R","a","d","CESM2","Bias","MeanState","global","scalar","W m-2","-0.304589","1.0"
"R","a","d","CESM2","Bias Score","MeanState","global","score","1","0.722179","1.0"
"R","a","d","CESM2","RMSE","MeanState","global","scalar","W m-2","7.259","1.0"
"R","a","d","CESM2","RMSE Score","MeanState","global","score","1","0.262129","1.0"
"R","a","d","CESM2","Overall Score","MeanState","global","score","1","0.510341","1.0"
"R","a","d","CESM2","Period Mean (original grids)","MeanState","global","scalar","Watt m-2","72.6249","24.0"
"R","a","d","CESM2","Bias","MeanState","global","scalar","Watt m-2","17.1708","24.0"
"R","a","d","CESM2","Bias Score","MeanState","global","score","1","0.772597","24.0"
"R","a","d","CESM2","Phase Shift","MeanState","global","scalar","months","0.391026","24.0"
"R","a","d","CESM2","Seasonal Cycle Score","MeanState","global","score","1","0.974098","24.0"
"R","a","d","CESM2","RMSE","MeanState","global","scalar","Watt m-2","44.357","24.0"
"R","a","d","CESM2","RMSE Score","MeanState","global","score","1","0.699975","24.0"
"R","a","d","CESM2","Overall Score","MeanState","global","score","1","0.786661","24.0"
"R","a","d","NorESM2-LM","Period Mean (original grids)","MeanState","global","scalar","Watt m-2","72.8859","24.0"
"R","a","d","NorESM2-LM","Bias","MeanState","global","scalar","Watt m-2","16.3908","24.0"
"R","a","d","NorESM2-LM","Bias Score","MeanState","global","score","1","0.742144","24.0"
"R","a","d","NorESM2-LM","Phase Shift","MeanState","global","scalar","months","0.391026","24.0"
"R","a","d","NorESM2-LM","Seasonal Cycle Score","MeanState","global","score","1","0.974098","24.0"
"R","a","d","NorESM2-LM","RMSE","MeanState","global","scalar","Watt m-2","37.7349","24.0"
"R","a","d","NorESM2-LM","RMSE Score","MeanState","global","score","1","0.69713","24.0"
"R","a","d","NorESM2-LM","Overall Score","MeanState","global","score","1","0.777625","24.0"
"R","a","d","ENSEMBLE-CMIP6","Period Mean (original grids)","MeanState","global","scalar","Watt m-2","77.1921","24.0"
"R","a","d","ENSEMBLE-CMIP6","Bias","MeanState","global","scalar","Watt m-2","21.3461","24.0"
"R","a","d","ENSEMBLE-CMIP6","Bias Score","MeanState","global","score","1","0.737989","24.0"
"R","a","d","ENSEMBLE-CMIP6","Phase Shift","MeanState","global","scalar","months","0.391026","24.0"
"R","a","d","ENSEMBLE-CMIP6","Seasonal Cycle Score","MeanState","global","score","1","0.974098","24.0"
"R","a","d","ENSEMBLE-CMIP6","RMSE","MeanState","global","scalar","Watt m-2","42.7648","24.0"
"R","a","d","ENSEMBLE-CMIP6","RMSE Score","MeanState","global","score","1","0.73402","24.0"
"R","a","d","ENSEMBLE-CMIP6","Overall Score","MeanState","global","score","1","0.795032","24.0"
"R","a","d","ACCESS-ESM1-5","Period Mean (original grids)","MeanState","global","scalar","Watt m-2","80.0886","24.0"
"R","a","d","ACCESS-ESM1-5","Bias","MeanState","global","scalar","Watt m-2","25.3746","24.0"
"R","a","d","ACCESS-ESM1-5","Bias Score","MeanState","global","score","1","0.65739","24.0"
"R","a","d","ACCESS-ESM1-5","Phase Shift","MeanState","global","scalar","months","0.783333","24.0"
"R","a","d","ACCESS-ESM1-5","Seasonal Cycle Score","MeanState","global","score","1","0.939063","24.0"
"R","a","d","ACCESS-ESM1-5","RMSE","MeanState","global","scalar","Watt m-2","42.8538","24.0"
"R","a","d","ACCESS-ESM1-5","RMSE Score","MeanState","global","score","1","0.689385","24.0"
"R","a","d","ACCESS-ESM1-5","Overall Score","MeanState","global","score","1","0.743806","24.0"
"R","a","d","UKESM1-0-LL","Period Mean (original grids)","MeanState","global","scalar","Watt m-2","72.9125","24.0"
"R","a","d","UKESM1-0-LL","Bias","MeanState","global","scalar","Watt m-2","15.2328","24.0"
"R","a","d","UKESM1-0-LL","Bias Score","MeanState","global","score","1","0.805025","24.0"
"R","a","d","UKESM1-0-LL","Phase Shift","MeanState","global","scalar","months","0.469231","24.0"
"R","a","d","UKESM1-0-LL","Seasonal Cycle Score","MeanState","global","score","1","0.968917","24.0"
"R","a","d","UKESM1-0-LL","RMSE","MeanState","global","scalar","Watt m-2","38.8727","24.0"
"R","a","d","UKESM1-0-LL","RMSE Score","MeanState","global","score","1","0.723676","24.0"
"R","a","d","UKESM1-0-LL","Overall Score","MeanState","global","score","1","0.805323","24.0"
"R","a","d","UKESM1-0-LL","Benchmark Period Mean (intersection)","MeanState","global","scalar","Watt m-2","79.134","30.0"
"R","a","d","UKESM1-0-LL","Benchmark Period Mean (complement)","MeanState","global","scalar","Watt m-2","nan","30.0"
"R","a","d","UKESM1-0-LL","Period Mean (original grids)","MeanState","global","scalar","Watt m-2","84.1238","30.0"
"R","a","d","UKESM1-0-LL","Model Period Mean (intersection)","MeanState","global","scalar","Watt m-2","76.1807","30.0"
"R","a","d","UKESM1-0-LL","Model Period Mean (complement)","MeanState","global","scalar","Watt m-2","nan","30.0"
"R","a","d","UKESM1-0-LL","Spatial Distribution Score","MeanState","global","score","1","0.925027","30.0"
"R","a","d","UKESM1-0-LL","Phase Shift","MeanState","global","scalar","months","0.842832","30.0"
"R","a","d","UKESM1-0-LL","Seasonal Cycle Score","MeanState","global","score","1","0.900489","30.0"
"R","a","d","UKESM1-0-LL","Bias","MeanState","global","scalar","Watt m-2","-2.95954","30.0"
"R","a","d","UKESM1-0-LL","Bias Score","MeanState","global","score","1","0.682937","30.0"
"R","a","d","UKESM1-0-LL","RMSE","MeanState","global","scalar","Watt m-2","18.9665","30.0"
"R","a","d","UKESM1-0-LL","RMSE Score","MeanState","global","score","1","0.711672","30.0"
"R","a","d","UKESM1-0-LL","Overall Score","MeanState","global","score","1","0.786359","30.0"
"R","a","d","ENSEMBLE-CMIP6","Benchmark Period Mean (intersection)","MeanState","global","scalar","Watt m-2","79.134","30.0"
"R","a","d","ENSEMBLE-CMIP6","Benchmark Period Mean (complement)","MeanState","global","scalar","Watt m-2","nan","30.0"
"R","a","d","ENSEMBLE-CMIP6","Period Mean (original grids)","MeanState","global","scalar","Watt m-2","80.6978","30.0"
"R","a","d","ENSEMBLE-CMIP6","Model Period Mean (intersection)","MeanState","global","scalar","Watt m-2","80.6086","30.0"
"R","a","d","ENSEMBLE-CMIP6","Model Period Mean (complement)","MeanState","global","scalar","Watt m-2","nan","30.0"
"R","a","d","ENSEMBLE-CMIP6","Spatial Distribution Score","MeanState","global","score","1","0.899611","30.0"
"R","a","d","ENSEMBLE-CMIP6","Phase Shift","MeanState","global","scalar","months","0.679814","30.0"
"R","a","d","ENSEMBLE-CMIP6","Seasonal Cycle Score","MeanState","global","score","1","0.923359","30.0"
"R","a","d","ENSEMBLE-CMIP6","Bias","MeanState","global","scalar","Watt m-2","1.49113","30.0"
"R","a","d","ENSEMBLE-CMIP6","Bias Score","MeanState","global","score","1","0.64185","30.0"
"R","a","d","ENSEMBLE-CMIP6","RMSE","MeanState","global","scalar","Watt m-2","19.9151","30.0"
"R","a","d","ENSEMBLE-CMIP6","RMSE Score","MeanState","global","score","1","0.724606","30.0"
"R","a","d","ENSEMBLE-CMIP6","Overall Score","MeanState","global","score","1","0.782807","30.0"
"R","a","d","NorESM2-LM","Benchmark Period Mean (intersection)","MeanState","global","scalar","Watt m-2","79.134","30.0"
"R","a","d","NorESM2-LM","Benchmark Period Mean (complement)","MeanState","global","scalar","Watt m-2","nan","30.0"
"R","a","d","NorESM2-LM","Period Mean (original grids)","MeanState","global","scalar","Watt m-2","85.6483","30.0"
"R","a","d","NorESM2-LM","Model Period Mean (intersection)","MeanState","global","scalar","Watt m-2","76.7706","30.0"
"R","a","d","NorESM2-LM","Model Period Mean (complement)","MeanState","global","scalar","Watt m-2","nan","30.0"
"R","a","d","NorESM2-LM","Spatial Distribution Score","MeanState","global","score","1","0.894424","30.0"
"R","a","d","NorESM2-LM","Phase Shift","MeanState","global","scalar","months","0.914713","30.0"
"R","a","d","NorESM2-LM","Seasonal Cycle Score","MeanState","global","score","1","0.889571","30.0"
"R","a","d","NorESM2-LM","Bias","MeanState","global","scalar","Watt m-2","-2.39043","30.0"
"R","a","d","NorESM2-LM","Bias Score","MeanState","global","score","1","0.649428","30.0"
"R","a","d","NorESM2-LM","RMSE","MeanState","global","scalar","Watt m-2","22.2727","30.0"
"R","a","d","NorESM2-LM","RMSE Score","MeanState","global","score","1","0.672158","30.0"
"R","a","d","NorESM2-LM","Overall Score","MeanState","global","score","1","0.755548","30.0"
"R","a","d","CESM2","Benchmark Period Mean (intersection)","MeanState","global","scalar","Watt m-2","79.134","30.0"
"R","a","d","CESM2","Benchmark Period Mean (complement)","MeanState","global","scalar","Watt m-2","nan","30.0"
"R","a","d","CESM2","Period Mean (original grids)","MeanState","global","scalar","Watt m-2","86.1017","30.0"
"R","a","d","CESM2","Model Period Mean (intersection)","MeanState","global","scalar","Watt m-2","77.3519","30.0"
"R","a","d","CESM2","Model Period Mean (complement)","MeanState","global","scalar","Watt m-2","nan","30.0"
"R","a","d","CESM2","Spatial Distribution Score","MeanState","global","score","1","0.888825","30.0"
"R","a","d","CESM2","Phase Shift","MeanState","global","scalar","months","0.829578","30.0"
"R","a","d","CESM2","Seasonal Cycle Score","MeanState","global","score","1","0.900549","30.0"
"R","a","d","CESM2","Bias","MeanState","global","scalar","Watt m-2","-1.75955","30.0"
"R","a","d","CESM2","Bias Score","MeanState","global","score","1","0.661941","30.0"
"R","a","d","CESM2","RMSE","MeanState","global","scalar","Watt m-2","21.1298","30.0"
"R","a","d","CESM2","RMSE Score","MeanState","global","score","1","0.684351","30.0"
"R","a","d","CESM2","Overall Score","MeanState","global","score","1","0.764003","30.0"
"R","a","d","ACCESS-ESM1-5","Benchmark Period Mean (intersection)","MeanState","global","scalar","Watt m-2","79.134","30.0"
"R","a","d","ACCESS-ESM1-5","Benchmark Period Mean (complement)","MeanState","global","scalar","Watt m-2","nan","30.0"
"R","a","d","ACCESS-ESM1-5","Period Mean (original grids)","MeanState","global","scalar","Watt m-2","92.1976","30.0"
"R","a","d","ACCESS-ESM1-5","Model Period Mean (intersection)","MeanState","global","scalar","Watt m-2","82.8823","30.0"
"R","a","d","ACCESS-ESM1-5","Model Period Mean (complement)","MeanState","global","scalar","Watt m-2","nan","30.0"
"R","a","d","ACCESS-ESM1-5","Spatial Distribution Score","MeanState","global","score","1","0.89268","30.0"
"R","a","d","ACCESS-ESM1-5","Phase Shift","MeanState","global","scalar","months","0.820807","30.0"
"R","a","d","ACCESS-ESM1-5","Seasonal Cycle Score","MeanState","global","score","1","0.900394","30.0"
"R","a","d","ACCESS-ESM1-5","Bias","MeanState","global","scalar","Watt m-2","3.75276","30.0"
"R","a","d","ACCESS-ESM1-5","Bias Score","MeanState","global","score","1","0.641145","30.0"
"R","a","d","ACCESS-ESM1-5","RMSE","MeanState","global","scalar","Watt m-2","21.3519","30.0"
"R","a","d","ACCESS-ESM1-5","RMSE Score","MeanState","global","score","1","0.688687","30.0"
"R","a","d","ACCESS-ESM1-5","Overall Score","MeanState","global","score","1","0.762319","30.0"
"R","a","d","ENSEMBLE-CMIP6","Benchmark Period Mean (intersection)","MeanState","global","scalar","W m-2","72.2786","50.0"
"R","a","d","ENSEMBLE-CMIP6","Benchmark Period Mean (complement)","MeanState","global","scalar","W m-2","nan","50.0"
"R","a","d","ENSEMBLE-CMIP6","Period Mean (original grids)","MeanState","global","scalar","W m-2","81.0845","50.0"
"R","a","d","ENSEMBLE-CMIP6","Model Period Mean (intersection)","MeanState","global","scalar","W m-2","88.4442","50.0"
"R","a","d","ENSEMBLE-CMIP6","Model Period Mean (complement)","MeanState","global","scalar","W m-2","63.5168","50.0"
"R","a","d","ENSEMBLE-CMIP6","Spatial Distribution Score","MeanState","global","score","1","0.981083","50.0"
"R","a","d","ENSEMBLE-CMIP6","Phase Shift","MeanState","global","scalar","months","0.910207","50.0"
"R","a","d","ENSEMBLE-CMIP6","Seasonal Cycle Score","MeanState","global","score","1","0.88651","50.0"
"R","a","d","ENSEMBLE-CMIP6","Bias","MeanState","global","scalar","W m-2","16.2005","50.0"
"R","a","d","ENSEMBLE-CMIP6","Bias Score","MeanState","global","score","1","0.596878","50.0"
"R","a","d","ENSEMBLE-CMIP6","RMSE","MeanState","global","scalar","W m-2","21.4781","50.0"
"R","a","d","ENSEMBLE-CMIP6","RMSE Score","MeanState","global","score","1","0.681616","50.0"
"R","a","d","ENSEMBLE-CMIP6","Overall Score","MeanState","global","score","1","0.765541","50.0"
"R","a","d","ACCESS-ESM1-5","Benchmark Period Mean (intersection)","MeanState","global","scalar","W m-2","72.2786","50.0"
"R","a","d","ACCESS-ESM1-5","Benchmark Period Mean (complement)","MeanState","global","scalar","W m-2","nan","50.0"
"R","a","d","ACCESS-ESM1-5","Period Mean (original grids)","MeanState","global","scalar","W m-2","92.7266","50.0"
"R","a","d","ACCESS-ESM1-5","Model Period Mean (intersection)","MeanState","global","scalar","W m-2","91.1706","50.0"
"R","a","d","ACCESS-ESM1-5","Model Period Mean (complement)","MeanState","global","scalar","W m-2","65.473","50.0"
"R","a","d","ACCESS-ESM1-5","Spatial Distribution Score","MeanState","global","score","1","0.962447","50.0"
"R","a","d","ACCESS-ESM1-5","Phase Shift","MeanState","global","scalar","months","1.05012","50.0"
"R","a","d","ACCESS-ESM1-5","Seasonal Cycle Score","MeanState","global","score","1","0.86219","50.0"
"R","a","d","ACCESS-ESM1-5","Bias","MeanState","global","scalar","W m-2","18.9672","50.0"
"R","a","d","ACCESS-ESM1-5","Bias Score","MeanState","global","score","1","0.53235","50.0"
"R","a","d","ACCESS-ESM1-5","RMSE","MeanState","global","scalar","W m-2","27.2521","50.0"
"R","a","d","ACCESS-ESM1-5","RMSE Score","MeanState","global","score","1","0.627392","50.0"
"R","a","d","ACCESS-ESM1-5","Overall Score","MeanState","global","score","1","0.722354","50.0"
"R","a","d","UKESM1-0-LL","Benchmark Period Mean (intersection)","MeanState","global","scalar","W m-2","72.2786","50.0"
"R","a","d","UKESM1-0-LL","Benchmark Period Mean (complement)","MeanState","global","scalar","W m-2","nan","50.0"
"R","a","d","UKESM1-0-LL","Period Mean (original grids)","MeanState","global","scalar","W m-2","84.4717","50.0"
"R","a","d","UKESM1-0-LL","Model Period Mean (intersection)","MeanState","global","scalar","W m-2","81.9497","50.0"
"R","a","d","UKESM1-0-LL","Model Period Mean (complement)","MeanState","global","scalar","W m-2","63.9058","50.0"
"R","a","d","UKESM1-0-LL","Spatial Distribution Score","MeanState","global","score","1","0.986802","50.0"
"R","a","d","UKESM1-0-LL","Phase Shift","MeanState","global","scalar","months","1.06618","50.0"
"R","a","d","UKESM1-0-LL","Seasonal Cycle Score","MeanState","global","score","1","0.862097","50.0"
"R","a","d","UKESM1-0-LL","Bias","MeanState","global","scalar","W m-2","9.7151","50.0"
"R","a","d","UKESM1-0-LL","Bias Score","MeanState","global","score","1","0.672019","50.0"
"R","a","d","UKESM1-0-LL","RMSE","MeanState","global","scalar","W m-2","18.1744","50.0"
"R","a","d","UKESM1-0-LL","RMSE Score","MeanState","global","score","1","0.682284","50.0"
"R","a","d","UKESM1-0-LL","Overall Score","MeanState","global","score","1","0.777097","50.0"
"R","a","d","NorESM2-LM","Benchmark Period Mean (intersection)","MeanState","global","scalar","W m-2","72.2786","50.0"
"R","a","d","NorESM2-LM","Benchmark Period Mean (complement)","MeanState","global","scalar","W m-2","nan","50.0"
"R","a","d","NorESM2-LM","Period Mean (original grids)","MeanState","global","scalar","W m-2","86.1213","50.0"
"R","a","d","NorESM2-LM","Model Period Mean (intersection)","MeanState","global","scalar","W m-2","84.2208","50.0"
"R","a","d","NorESM2-LM","Model Period Mean (complement)","MeanState","global","scalar","W m-2","60.8527","50.0"
"R","a","d","NorESM2-LM","Spatial Distribution Score","MeanState","global","score","1","0.976875","50.0"
"R","a","d","NorESM2-LM","Phase Shift","MeanState","global","scalar","months","0.968375","50.0"
"R","a","d","NorESM2-LM","Seasonal Cycle Score","MeanState","global","score","1","0.882656","50.0"
"R","a","d","NorESM2-LM","Bias","MeanState","global","scalar","W m-2","11.9549","50.0"
"R","a","d","NorESM2-LM","Bias Score","MeanState","global","score","1","0.656922","50.0"
"R","a","d","NorESM2-LM","RMSE","MeanState","global","scalar","W m-2","20.7825","50.0"
"R","a","d","NorESM2-LM","RMSE Score","MeanState","global","score","1","0.643069","50.0"
"R","a","d","NorESM2-LM","Overall Score","MeanState","global","score","1","0.760518","50.0"
"R","a","d","CESM2","Benchmark Period Mean (intersection)","MeanState","global","scalar","W m-2","72.2786","50.0"
"R","a","d","CESM2","Benchmark Period Mean (complement)","MeanState","global","scalar","W m-2","nan","50.0"
"R","a","d","CESM2","Period Mean (original grids)","MeanState","global","scalar","W m-2","86.4918","50.0"
"R","a","d","CESM2","Model Period Mean (intersection)","MeanState","global","scalar","W m-2","84.6765","50.0"
"R","a","d","CESM2","Model Period Mean (complement)","MeanState","global","scalar","W m-2","61.8934","50.0"
"R","a","d","CESM2","Spatial Distribution Score","MeanState","global","score","1","0.989114","50.0"
"R","a","d","CESM2","Phase Shift","MeanState","global","scalar","months","0.908838","50.0"
"R","a","d","CESM2","Seasonal Cycle Score","MeanState","global","score","1","0.88859","50.0"
"R","a","d","CESM2","Bias","MeanState","global","scalar","W m-2","12.4737","50.0"
"R","a","d","CESM2","Bias Score","MeanState","global","score","1","0.65877","50.0"
"R","a","d","CESM2","RMSE","MeanState","global","scalar","W m-2","20.5079","50.0"
"R","a","d","CESM2","RMSE Score","MeanState","global","score","1","0.641431","50.0"
"R","a","d","CESM2","Overall Score","MeanState","global","score","1","0.763867","50.0"
"R","a","d","CESM2","Benchmark Period Mean (intersection)","MeanState","global","scalar","W m-2","81.7559","30.0"
"R","a","d","CESM2","Benchmark Period Mean (complement)","MeanState","global","scalar","W m-2","nan","30.0"
"R","a","d","CESM2","Period Mean (original grids)","MeanState","global","scalar","W m-2","86.7248","30.0"
"R","a","d","CESM2","Model Period Mean (intersection)","MeanState","global","scalar","W m-2","78.1674","30.0"
"R","a","d","CESM2","Model Period Mean (complement)","MeanState","global","scalar","W m-2","nan","30.0"
"R","a","d","CESM2","Spatial Distribution Score","MeanState","global","score","1","0.987059","30.0"
"R","a","d","CESM2","Phase Shift","MeanState","global","scalar","months","0.732654","30.0"
"R","a","d","CESM2","Seasonal Cycle Score","MeanState","global","score","1","0.913102","30.0"
"R","a","d","CESM2","Bias","MeanState","global","scalar","W m-2","-3.49186","30.0"
"R","a","d","CESM2","Bias Score","MeanState","global","score","1","0.733678","30.0"
"R","a","d","CESM2","RMSE","MeanState","global","scalar","W m-2","14.9905","30.0"
"R","a","d","CESM2","RMSE Score","MeanState","global","score","1","0.737781","30.0"
"R","a","d","CESM2","Overall Score","MeanState","global","score","1","0.82188","30.0"
"R","a","d","UKESM1-0-LL","Benchmark Period Mean (intersection)","MeanState","global","scalar","W m-2","81.7559","30.0"
"R","a","d","UKESM1-0-LL","Benchmark Period Mean (complement)","MeanState","global","scalar","W m-2","nan","30.0"
"R","a","d","UKESM1-0-LL","Period Mean (original grids)","MeanState","global","scalar","W m-2","84.8544","30.0"
"R","a","d","UKESM1-0-LL","Model Period Mean (intersection)","MeanState","global","scalar","W m-2","76.9782","30.0"
"R","a","d","UKESM1-0-LL","Model Period Mean (complement)","MeanState","global","scalar","W m-2","nan","30.0"
"R","a","d","UKESM1-0-LL","Spatial Distribution Score","MeanState","global","score","1","0.991501","30.0"
"R","a","d","UKESM1-0-LL","Phase Shift","MeanState","global","scalar","months","0.785836","30.0"
"R","a","d","UKESM1-0-LL","Seasonal Cycle Score","MeanState","global","score","1","0.905165","30.0"
"R","a","d","UKESM1-0-LL","Bias","MeanState","global","scalar","W m-2","-4.72118","30.0"
"R","a","d","UKESM1-0-LL","Bias Score","MeanState","global","score","1","0.732572","30.0"
"R","a","d","UKESM1-0-LL","RMSE","MeanState","global","scalar","W m-2","15.4146","30.0"
"R","a","d","UKESM1-0-LL","RMSE Score","MeanState","global","score","1","0.737823","30.0"
"R","a","d","UKESM1-0-LL","Overall Score","MeanState","global","score","1","0.820977","30.0"
"R","a","d","ENSEMBLE-CMIP6","Benchmark Period Mean (intersection)","MeanState","global","scalar","W m-2","81.7559","30.0"
"R","a","d","ENSEMBLE-CMIP6","Benchmark Period Mean (complement)","MeanState","global","scalar","W m-2","nan","30.0"
"R","a","d","ENSEMBLE-CMIP6","Period Mean (original grids)","MeanState","global","scalar","W m-2","81.4223","30.0"
"R","a","d","ENSEMBLE-CMIP6","Model Period Mean (intersection)","MeanState","global","scalar","W m-2","81.3343","30.0"
"R","a","d","ENSEMBLE-CMIP6","Model Period Mean (complement)","MeanState","global","scalar","W m-2","nan","30.0"
"R","a","d","ENSEMBLE-CMIP6","Spatial Distribution Score","MeanState","global","score","1","0.990212","30.0"
"R","a","d","ENSEMBLE-CMIP6","Phase Shift","MeanState","global","scalar","months","0.622144","30.0"
"R","a","d","ENSEMBLE-CMIP6","Seasonal Cycle Score","MeanState","global","score","1","0.929935","30.0"
"R","a","d","ENSEMBLE-CMIP6","Bias","MeanState","global","scalar","W m-2","-0.345635","30.0"
"R","a","d","ENSEMBLE-CMIP6","Bias Score","MeanState","global","score","1","0.7621","30.0"
"R","a","d","ENSEMBLE-CMIP6","RMSE","MeanState","global","scalar","W m-2","12.5746","30.0"
"R","a","d","ENSEMBLE-CMIP6","RMSE Score","MeanState","global","score","1","0.776858","30.0"
"R","a","d","ENSEMBLE-CMIP6","Overall Score","MeanState","global","score","1","0.847193","30.0"
"R","a","d","ACCESS-ESM1-5","Benchmark Period Mean (intersection)","MeanState","global","scalar","W m-2","81.7559","30.0"
"R","a","d","ACCESS-ESM1-5","Benchmark Period Mean (complement)","MeanState","global","scalar","W m-2","nan","30.0"
"R","a","d","ACCESS-ESM1-5","Period Mean (original grids)","MeanState","global","scalar","W m-2","93.0218","30.0"
"R","a","d","ACCESS-ESM1-5","Model Period Mean (intersection)","MeanState","global","scalar","W m-2","83.8158","30.0"
"R","a","d","ACCESS-ESM1-5","Model Period Mean (complement)","MeanState","global","scalar","W m-2","nan","30.0"
"R","a","d","ACCESS-ESM1-5","Spatial Distribution Score","MeanState","global","score","1","0.985623","30.0"
"R","a","d","ACCESS-ESM1-5","Phase Shift","MeanState","global","scalar","months","0.797827","30.0"
"R","a","d","ACCESS-ESM1-5","Seasonal Cycle Score","MeanState","global","score","1","0.902088","30.0"
"R","a","d","ACCESS-ESM1-5","Bias","MeanState","global","scalar","W m-2","2.1433","30.0"
"R","a","d","ACCESS-ESM1-5","Bias Score","MeanState","global","score","1","0.726781","30.0"
"R","a","d","ACCESS-ESM1-5","RMSE","MeanState","global","scalar","W m-2","15.8297","30.0"
"R","a","d","ACCESS-ESM1-5","RMSE Score","MeanState","global","score","1","0.721188","30.0"
"R","a","d","ACCESS-ESM1-5","Overall Score","MeanState","global","score","1","0.811374","30.0"
"R","a","d","NorESM2-LM","Benchmark Period Mean (intersection)","MeanState","global","scalar","W m-2","81.7559","30.0"
"R","a","d","NorESM2-LM","Benchmark Period Mean (complement)","MeanState","global","scalar","W m-2","nan","30.0"
"R","a","d","NorESM2-LM","Period Mean (original grids)","MeanState","global","scalar","W m-2","86.5489","30.0"
"R","a","d","NorESM2-LM","Model Period Mean (intersection)","MeanState","global","scalar","W m-2","77.707","30.0"
"R","a","d","NorESM2-LM","Model Period Mean (complement)","MeanState","global","scalar","W m-2","nan","30.0"
"R","a","d","NorESM2-LM","Spatial Distribution Score","MeanState","global","score","1","0.987755","30.0"
"R","a","d","NorESM2-LM","Phase Shift","MeanState","global","scalar","months","0.806335","30.0"
"R","a","d","NorESM2-LM","Seasonal Cycle Score","MeanState","global","score","1","0.905186","30.0"
"R","a","d","NorESM2-LM","Bias","MeanState","global","scalar","W m-2","-4.00225","30.0"
"R","a","d","NorESM2-LM","Bias Score","MeanState","global","score","1","0.729453","30.0"
"R","a","d","NorESM2-LM","RMSE","MeanState","global","scalar","W m-2","16.1232","30.0"
"R","a","d","NorESM2-LM","RMSE Score","MeanState","global","score","1","0.722406","30.0"
"R","a","d","NorESM2-LM","Overall Score","MeanState","global","score","1","0.813441","30.0"
"R","a","d","CESM2","Period Mean (original grids)","MeanState","global","scalar","Watt m-2","-68.1675","12.0"
"R","a","d","CESM2","Bias","MeanState","global","scalar","Watt m-2","-9.04941","12.0"
"R","a","d","CESM2","Bias Score","MeanState","global","score","1","0.479286","12.0"
"R","a","d","CESM2","Phase Shift","MeanState","global","scalar","months","1.23095","12.0"
"R","a","d","CESM2","Seasonal Cycle Score","MeanState","global","score","1","0.798639","12.0"
"R","a","d","CESM2","RMSE","MeanState","global","scalar","Watt m-2","21.5524","12.0"
"R","a","d","CESM2","RMSE Score","MeanState","global","score","1","0.366669","12.0"
"R","a","d","CESM2","Overall Score","MeanState","global","score","1","0.502816","12.0"
"R","a","d","NorESM2-LM","Period Mean (original grids)","MeanState","global","scalar","Watt m-2","-67.551","12.0"
"R","a","d","NorESM2-LM","Bias","MeanState","global","scalar","Watt m-2","-9.24116","12.0"
"R","a","d","NorESM2-LM","Bias Score","MeanState","global","score","1","0.482384","12.0"
"R","a","d","NorESM2-LM","Phase Shift","MeanState","global","scalar","months","0.945238","12.0"
"R","a","d","NorESM2-LM","Seasonal Cycle Score","MeanState","global","score","1","0.872545","12.0"
"R","a","d","NorESM2-LM","RMSE","MeanState","global","scalar","Watt m-2","21.1022","12.0"
"R","a","d","NorESM2-LM","RMSE Score","MeanState","global","score","1","0.357031","12.0"
"R","a","d","NorESM2-LM","Overall Score","MeanState","global","score","1","0.517248","12.0"
"R","a","d","ENSEMBLE-CMIP6","Period Mean (original grids)","MeanState","global","scalar","Watt m-2","-64.3659","12.0"
"R","a","d","ENSEMBLE-CMIP6","Bias","MeanState","global","scalar","Watt m-2","-2.77325","12.0"
"R","a","d","ENSEMBLE-CMIP6","Bias Score","MeanState","global","score","1","0.66255","12.0"
"R","a","d","ENSEMBLE-CMIP6","Phase Shift","MeanState","global","scalar","months","0.79881","12.0"
"R","a","d","ENSEMBLE-CMIP6","Seasonal Cycle Score","MeanState","global","score","1","0.882782","12.0"
"R","a","d","ENSEMBLE-CMIP6","RMSE","MeanState","global","scalar","Watt m-2","14.9428","12.0"
"R","a","d","ENSEMBLE-CMIP6","RMSE Score","MeanState","global","score","1","0.452621","12.0"
"R","a","d","ENSEMBLE-CMIP6","Overall Score","MeanState","global","score","1","0.612644","12.0"
"R","a","d","ACCESS-ESM1-5","Period Mean (original grids)","MeanState","global","scalar","Watt m-2","-68.2315","12.0"
"R","a","d","ACCESS-ESM1-5","Bias","MeanState","global","scalar","Watt m-2","-6.1418","12.0"
"R","a","d","ACCESS-ESM1-5","Bias Score","MeanState","global","score","1","0.677848","12.0"
"R","a","d","ACCESS-ESM1-5","Phase Shift","MeanState","global","scalar","months","1.2381","12.0"
"R","a","d","ACCESS-ESM1-5","Seasonal Cycle Score","MeanState","global","score","1","0.836579","12.0"
"R","a","d","ACCESS-ESM1-5","RMSE","MeanState","global","scalar","Watt m-2","20.9718","12.0"
"R","a","d","ACCESS-ESM1-5","RMSE Score","MeanState","global","score","1","0.296228","12.0"
"R","a","d","ACCESS-ESM1-5","Overall Score","MeanState","global","score","1","0.526721","12.0"
"R","a","d","UKESM1-0-LL","Period Mean (original grids)","MeanState","global","scalar","Watt m-2","-65.1684","12.0"
"R","a","d","UKESM1-0-LL","Bias","MeanState","global","scalar","Watt m-2","-3.04001","12.0"
"R","a","d","UKESM1-0-LL","Bias Score","MeanState","global","score","1","0.564359","12.0"
"R","a","d","UKESM1-0-LL","Phase Shift","MeanState","global","scalar","months","0.945238","12.0"
"R","a","d","UKESM1-0-LL","Seasonal Cycle Score","MeanState","global","score","1","0.872545","12.0"
"R","a","d","UKESM1-0-LL","RMSE","MeanState","global","scalar","Watt m-2","18.8709","12.0"
"R","a","d","UKESM1-0-LL","RMSE Score","MeanState","global","score","1","0.334829","12.0"
"R","a","d","UKESM1-0-LL","Overall Score","MeanState","global","score","1","0.526641","12.0"
"R","a","d","UKESM1-0-LL","Benchmark Period Mean (intersection)","MeanState","global","scalar","Watt m-2","-65.1249","15.0"
"R","a","d","UKESM1-0-LL","Benchmark Period Mean (complement)","MeanState","global","scalar","Watt m-2","nan","15.0"
"R","a","d","UKESM1-0-LL","Period Mean (original grids)","MeanState","global","scalar","Watt m-2","-74.4424","15.0"
"R","a","d","UKESM1-0-LL","Model Period Mean (intersection)","MeanState","global","scalar","Watt m-2","-70.136","15.0"
"R","a","d","UKESM1-0-LL","Model Period Mean (complement)","MeanState","global","scalar","Watt m-2","nan","15.0"
"R","a","d","UKESM1-0-LL","Spatial Distribution Score","MeanState","global","score","1","0.985238","15.0"
"R","a","d","UKESM1-0-LL","Phase Shift","MeanState","global","scalar","months","1.2381","15.0"
"R","a","d","UKESM1-0-LL","Seasonal Cycle Score","MeanState","global","score","1","0.827593","15.0"
"R","a","d","UKESM1-0-LL","Bias","MeanState","global","scalar","Watt m-2","-4.98777","15.0"
"R","a","d","UKESM1-0-LL","Bias Score","MeanState","global","score","1","0.598476","15.0"
"R","a","d","UKESM1-0-LL","RMSE","MeanState","global","scalar","Watt m-2","14.3928","15.0"
"R","a","d","UKESM1-0-LL","RMSE Score","MeanState","global","score","1","0.613391","15.0"
"R","a","d","UKESM1-0-LL","Overall Score","MeanState","global","score","1","0.727618","15.0"
"R","a","d","ENSEMBLE-CMIP6","Benchmark Period Mean (intersection)","MeanState","global","scalar","Watt m-2","-65.1249","15.0"
"R","a","d","ENSEMBLE-CMIP6","Benchmark Period Mean (complement)","MeanState","global","scalar","Watt m-2","nan","15.0"
"R","a","d","ENSEMBLE-CMIP6","Period Mean (original grids)","MeanState","global","scalar","Watt m-2","-66.4699","15.0"
"R","a","d","ENSEMBLE-CMIP6","Model Period Mean (intersection)","MeanState","global","scalar","Watt m-2","-66.4255","15.0"
"R","a","d","ENSEMBLE-CMIP6","Model Period Mean (complement)","MeanState","global","scalar","Watt m-2","nan","15.0"
"R","a","d","ENSEMBLE-CMIP6","Spatial Distribution Score","MeanState","global","score","1","0.938484","15.0"
"R","a","d","ENSEMBLE-CMIP6","Phase Shift","MeanState","global","scalar","months","1.07647","15.0"
"R","a","d","ENSEMBLE-CMIP6","Seasonal Cycle Score","MeanState","global","score","1","0.851565","15.0"
"R","a","d","ENSEMBLE-CMIP6","Bias","MeanState","global","scalar","Watt m-2","-1.2927","15.0"
"R","a","d","ENSEMBLE-CMIP6","Bias Score","MeanState","global","score","1","0.641036","15.0"
"R","a","d","ENSEMBLE-CMIP6","RMSE","MeanState","global","scalar","Watt m-2","12.2808","15.0"
"R","a","d","ENSEMBLE-CMIP6","RMSE Score","MeanState","global","score","1","0.660826","15.0"
"R","a","d","ENSEMBLE-CMIP6","Overall Score","MeanState","global","score","1","0.750547","15.0"
"R","a","d","NorESM2-LM","Benchmark Period Mean (intersection)","MeanState","global","scalar","Watt m-2","-65.1249","15.0"
"R","a","d","NorESM2-LM","Benchmark Period Mean (complement)","MeanState","global","scalar","Watt m-2","nan","15.0"
"R","a","d","NorESM2-LM","Period Mean (original grids)","MeanState","global","scalar","Watt m-2","-72.2887","15.0"
"R","a","d","NorESM2-LM","Model Period Mean (intersection)","MeanState","global","scalar","Watt m-2","-67.4015","15.0"
"R","a","d","NorESM2-LM","Model Period Mean (complement)","MeanState","global","scalar","Watt m-2","nan","15.0"
"R","a","d","NorESM2-LM","Spatial Distribution Score","MeanState","global","score","1","0.974775","15.0"
"R","a","d","NorESM2-LM","Phase Shift","MeanState","global","scalar","months","1.40785","15.0"
"R","a","d","NorESM2-LM","Seasonal Cycle Score","MeanState","global","score","1","0.792915","15.0"
"R","a","d","NorESM2-LM","Bias","MeanState","global","scalar","Watt m-2","-2.35367","15.0"
"R","a","d","NorESM2-LM","Bias Score","MeanState","global","score","1","0.597693","15.0"
"R","a","d","NorESM2-LM","RMSE","MeanState","global","scalar","Watt m-2","15.2344","15.0"
"R","a","d","NorESM2-LM","RMSE Score","MeanState","global","score","1","0.590364","15.0"
"R","a","d","NorESM2-LM","Overall Score","MeanState","global","score","1","0.709222","15.0"
"R","a","d","CESM2","Benchmark Period Mean (intersection)","MeanState","global","scalar","Watt m-2","-65.1249","15.0"
"R","a","d","CESM2","Benchmark Period Mean (complement)","MeanState","global","scalar","Watt m-2","nan","15.0"
"R","a","d","CESM2","Period Mean (original grids)","MeanState","global","scalar","Watt m-2","-71.2121","15.0"
"R","a","d","CESM2","Model Period Mean (intersection)","MeanState","global","scalar","Watt m-2","-66.8583","15.0"
"R","a","d","CESM2","Model Period Mean (complement)","MeanState","global","scalar","Watt m-2","nan","15.0"
"R","a","d","CESM2","Spatial Distribution Score","MeanState","global","score","1","0.960034","15.0"
"R","a","d","CESM2","Phase Shift","MeanState","global","scalar","months","1.35439","15.0"
"R","a","d","CESM2","Seasonal Cycle Score","MeanState","global","score","1","0.801248","15.0"
"R","a","d","CESM2","Bias","MeanState","global","scalar","Watt m-2","-1.72557","15.0"
"R","a","d","CESM2","Bias Score","MeanState","global","score","1","0.603329","15.0"
"R","a","d","CESM2","RMSE","MeanState","global","scalar","Watt m-2","14.7465","15.0"
"R","a","d","CESM2","RMSE Score","MeanState","global","score","1","0.593539","15.0"
"R","a","d","CESM2","Overall Score","MeanState","global","score","1","0.710338","15.0"
"R","a","d","ACCESS-ESM1-5","Benchmark Period Mean (intersection)","MeanState","global","scalar","Watt m-2","-65.1249","15.0"
"R","a","d","ACCESS-ESM1-5","Benchmark Period Mean (complement)","MeanState","global","scalar","Watt m-2","nan","15.0"
"R","a","d","ACCESS-ESM1-5","Period Mean (original grids)","MeanState","global","scalar","Watt m-2","-75.9279","15.0"
"R","a","d","ACCESS-ESM1-5","Model Period Mean (intersection)","MeanState","global","scalar","Watt m-2","-70.6622","15.0"
"R","a","d","ACCESS-ESM1-5","Model Period Mean (complement)","MeanState","global","scalar","Watt m-2","nan","15.0"
"R","a","d","ACCESS-ESM1-5","Spatial Distribution Score","MeanState","global","score","1","0.988515","15.0"
"R","a","d","ACCESS-ESM1-5","Phase Shift","MeanState","global","scalar","months","1.53418","15.0"
"R","a","d","ACCESS-ESM1-5","Seasonal Cycle Score","MeanState","global","score","1","0.775581","15.0"
"R","a","d","ACCESS-ESM1-5","Bias","MeanState","global","scalar","Watt m-2","-5.49343","15.0"
"R","a","d","ACCESS-ESM1-5","Bias Score","MeanState","global","score","1","0.588519","15.0"
"R","a","d","ACCESS-ESM1-5","RMSE","MeanState","global","scalar","Watt m-2","15.9878","15.0"
"R","a","d","ACCESS-ESM1-5","RMSE Score","MeanState","global","score","1","0.55927","15.0"
"R","a","d","ACCESS-ESM1-5","Overall Score","MeanState","global","score","1","0.694231","15.0"
"R","a","d","CESM2","Benchmark Period Mean (intersection)","MeanState","global","scalar","W m-2","-61.514","15.0"
"R","a","d","CESM2","Benchmark Period Mean (complement)","MeanState","global","scalar","W m-2","nan","15.0"
"R","a","d","CESM2","Period Mean (original grids)","MeanState","global","scalar","W m-2","-70.9019","15.0"
"R","a","d","CESM2","Model Period Mean (intersection)","MeanState","global","scalar","W m-2","-66.6711","15.0"
"R","a","d","CESM2","Model Period Mean (complement)","MeanState","global","scalar","W m-2","nan","15.0"
"R","a","d","CESM2","Spatial Distribution Score","MeanState","global","score","1","0.98584","15.0"
"R","a","d","CESM2","Phase Shift","MeanState","global","scalar","months","1.50115","15.0"
"R","a","d","CESM2","Seasonal Cycle Score","MeanState","global","score","1","0.785218","15.0"
"R","a","d","CESM2","Bias","MeanState","global","scalar","W m-2","-5.09901","15.0"
"R","a","d","CESM2","Bias Score","MeanState","global","score","1","0.522864","15.0"
"R","a","d","CESM2","RMSE","MeanState","global","scalar","W m-2","13.9602","15.0"
"R","a","d","CESM2","RMSE Score","MeanState","global","score","1","0.563617","15.0"
"R","a","d","CESM2","Overall Score","MeanState","global","score","1","0.684231","15.0"
"R","a","d","UKESM1-0-LL","Benchmark Period Mean (intersection)","MeanState","global","scalar","W m-2","-61.514","15.0"
"R","a","d","UKESM1-0-LL","Benchmark Period Mean (complement)","MeanState","global","scalar","W m-2","nan","15.0"
"R","a","d","UKESM1-0-LL","Period Mean (original grids)","MeanState","global","scalar","W m-2","-74.4091","15.0"
"R","a","d","UKESM1-0-LL","Model Period Mean (intersection)","MeanState","global","scalar","W m-2","-70.132","15.0"
"R","a","d","UKESM1-0-LL","Model Period Mean (complement)","MeanState","global","scalar","W m-2","nan","15.0"
"R","a","d","UKESM1-0-LL","Spatial Distribution Score","MeanState","global","score","1","0.977341","15.0"
"R","a","d","UKESM1-0-LL","Phase Shift","MeanState","global","scalar","months","1.5884","15.0"
"R","a","d","UKESM1-0-LL","Seasonal Cycle Score","MeanState","global","score","1","0.772175","15.0"
"R","a","d","UKESM1-0-LL","Bias","MeanState","global","scalar","W m-2","-8.59792","15.0"
"R","a","d","UKESM1-0-LL","Bias Score","MeanState","global","score","1","0.519799","15.0"
"R","a","d","UKESM1-0-LL","RMSE","MeanState","global","scalar","W m-2","15.3945","15.0"
"R","a","d","UKESM1-0-LL","RMSE Score","MeanState","global","score","1","0.553488","15.0"
"R","a","d","UKESM1-0-LL","Overall Score","MeanState","global","score","1","0.675258","15.0"
"R","a","d","ENSEMBLE-CMIP6","Benchmark Period Mean (intersection)","MeanState","global","scalar","W m-2","-61.514","15.0"
"R","a","d","ENSEMBLE-CMIP6","Benchmark Period Mean (complement)","MeanState","global","scalar","W m-2","nan","15.0"
"R","a","d","ENSEMBLE-CMIP6","Period Mean (original grids)","MeanState","global","scalar","W m-2","-66.2319","15.0"
"R","a","d","ENSEMBLE-CMIP6","Model Period Mean (intersection)","MeanState","global","scalar","W m-2","-66.1865","15.0"
"R","a","d","ENSEMBLE-CMIP6","Model Period Mean (complement)","MeanState","global","scalar","W m-2","nan","15.0"
"R","a","d","ENSEMBLE-CMIP6","Spatial Distribution Score","MeanState","global","score","1","0.98212","15.0"
"R","a","d","ENSEMBLE-CMIP6","Phase Shift","MeanState","global","scalar","months","1.41808","15.0"
"R","a","d","ENSEMBLE-CMIP6","Seasonal Cycle Score","MeanState","global","score","1","0.800978","15.0"
"R","a","d","ENSEMBLE-CMIP6","Bias","MeanState","global","scalar","W m-2","-4.65026","15.0"
"R","a","d","ENSEMBLE-CMIP6","Bias Score","MeanState","global","score","1","0.573265","15.0"
"R","a","d","ENSEMBLE-CMIP6","RMSE","MeanState","global","scalar","W m-2","11.7335","15.0"
"R","a","d","ENSEMBLE-CMIP6","RMSE Score","MeanState","global","score","1","0.620093","15.0"
"R","a","d","ENSEMBLE-CMIP6","Overall Score","MeanState","global","score","1","0.71931","15.0"
"R","a","d","ACCESS-ESM1-5","Benchmark Period Mean (intersection)","MeanState","global","scalar","W m-2","-61.514","15.0"
"R","a","d","ACCESS-ESM1-5","Benchmark Period Mean (complement)","MeanState","global","scalar","W m-2","nan","15.0"
"R","a","d","ACCESS-ESM1-5","Period Mean (original grids)","MeanState","global","scalar","W m-2","-75.7211","15.0"
"R","a","d","ACCESS-ESM1-5","Model Period Mean (intersection)","MeanState","global","scalar","W m-2","-70.4268","15.0"
"R","a","d","ACCESS-ESM1-5","Model Period Mean (complement)","MeanState","global","scalar","W m-2","nan","15.0"
"R","a","d","ACCESS-ESM1-5","Spatial Distribution Score","MeanState","global","score","1","0.974984","15.0"
"R","a","d","ACCESS-ESM1-5","Phase Shift","MeanState","global","scalar","months","1.60859","15.0"
"R","a","d","ACCESS-ESM1-5","Seasonal Cycle Score","MeanState","global","score","1","0.764742","15.0"
"R","a","d","ACCESS-ESM1-5","Bias","MeanState","global","scalar","W m-2","-8.822","15.0"
"R","a","d","ACCESS-ESM1-5","Bias Score","MeanState","global","score","1","0.52147","15.0"
"R","a","d","ACCESS-ESM1-5","RMSE","MeanState","global","scalar","W m-2","16.3446","15.0"
"R","a","d","ACCESS-ESM1-5","RMSE Score","MeanState","global","score","1","0.522471","15.0"
"R","a","d","ACCESS-ESM1-5","Overall Score","MeanState","global","score","1","0.661228","15.0"
"R","a","d","NorESM2-LM","Benchmark Period Mean (intersection)","MeanState","global","scalar","W m-2","-61.514","15.0"
"R","a","d","NorESM2-LM","Benchmark Period Mean (complement)","MeanState","global","scalar","W m-2","nan","15.0"
"R","a","d","NorESM2-LM","Period Mean (original grids)","MeanState","global","scalar","W m-2","-71.8831","15.0"
"R","a","d","NorESM2-LM","Model Period Mean (intersection)","MeanState","global","scalar","W m-2","-67.1035","15.0"
"R","a","d","NorESM2-LM","Model Period Mean (complement)","MeanState","global","scalar","W m-2","nan","15.0"
"R","a","d","NorESM2-LM","Spatial Distribution Score","MeanState","global","score","1","0.983813","15.0"
"R","a","d","NorESM2-LM","Phase Shift","MeanState","global","scalar","months","1.62136","15.0"
"R","a","d","NorESM2-LM","Seasonal Cycle Score","MeanState","global","score","1","0.764897","15.0"
"R","a","d","NorESM2-LM","Bias","MeanState","global","scalar","W m-2","-5.73022","15.0"
"R","a","d","NorESM2-LM","Bias Score","MeanState","global","score","1","0.505616","15.0"
"R","a","d","NorESM2-LM","RMSE","MeanState","global","scalar","W m-2","15.0602","15.0"
"R","a","d","NorESM2-LM","RMSE Score","MeanState","global","score","1","0.548442","15.0"
"R","a","d","NorESM2-LM","Overall Score","MeanState","global","score","1","0.670242","15.0"
"H","y","d","ENSEMBLE-CMIP6","Anomaly Magnitude","MeanState","global","scalar","cm","8.6263","125.0"
"H","y","d","ENSEMBLE-CMIP6","RMSE","MeanState","global","scalar","cm","8.56166","125.0"
"H","y","d","ENSEMBLE-CMIP6","RMSE Score","MeanState","global","score","1","0.294755","125.0"
"H","y","d","ENSEMBLE-CMIP6","Interannual Variability Score","MeanState","global","score","1","0.783214","125.0"
"H","y","d","ENSEMBLE-CMIP6","Overall Score","MeanState","global","score","1","0.457575","125.0"
"H","y","d","ACCESS-ESM1-5","Anomaly Magnitude","MeanState","global","scalar","cm","6.48653","125.0"
"H","y","d","ACCESS-ESM1-5","RMSE","MeanState","global","scalar","cm","6.21013","125.0"
"H","y","d","ACCESS-ESM1-5","RMSE Score","MeanState","global","score","1","0.375933","125.0"
"H","y","d","ACCESS-ESM1-5","Interannual Variability Score","MeanState","global","score","1","0.93771","125.0"
"H","y","d","ACCESS-ESM1-5","Overall Score","MeanState","global","score","1","0.563192","125.0"
"H","y","d","NorESM2-LM","Anomaly Magnitude","MeanState","global","scalar","cm","10.4645","125.0"
"H","y","d","NorESM2-LM","RMSE","MeanState","global","scalar","cm","9.29249","125.0"
"H","y","d","NorESM2-LM","RMSE Score","MeanState","global","score","1","0.270424","125.0"
"H","y","d","NorESM2-LM","Interannual Variability Score","MeanState","global","score","1","0.600793","125.0"
"H","y","d","NorESM2-LM","Overall Score","MeanState","global","score","1","0.380547","125.0"
"H","y","d","CESM2","Anomaly Magnitude","MeanState","global","scalar","cm","7.37333","125.0"
"H","y","d","CESM2","RMSE","MeanState","global","scalar","cm","5.82319","125.0"
"H","y","d","CESM2","RMSE Score","MeanState","global","score","1","0.401817","125.0"
"H","y","d","CESM2","Interannual Variability Score","MeanState","global","score","1","0.938373","125.0"
"H","y","d","CESM2","Overall Score","MeanState","global","score","1","0.580669","125.0"
"H","y","d","UKESM1-0-LL","Anomaly Magnitude","MeanState","global","scalar","cm","8.94929","125.0"
"H","y","d","UKESM1-0-LL","RMSE","MeanState","global","scalar","cm","8.84121","125.0"
"H","y","d","UKESM1-0-LL","RMSE Score","MeanState","global","score","1","0.363096","125.0"
"H","y","d","UKESM1-0-LL","Interannual Variability Score","MeanState","global","score","1","0.74756","125.0"
"H","y","d","UKESM1-0-LL","Overall Score","MeanState","global","score","1","0.491251","125.0"
"H","y","d","NorESM2-LM","Period Mean","MeanState","global","scalar","mm d-1","1.06188","75.0"
"H","y","d","NorESM2-LM","Bias","MeanState","global","scalar","mm d-1","0.236477","75.0"
"H","y","d","NorESM2-LM","Bias Score","MeanState","global","score","1","0.738463","75.0"
"H","y","d","NorESM2-LM","Interannual Variability Score","MeanState","global","score","1","0.508722","75.0"
"H","y","d","NorESM2-LM","Spatial Distribution Score","MeanState","global","score","1","0.79937","75.0"
"H","y","d","NorESM2-LM","Overall Score","MeanState","global","score","1","0.682185","75.0"
"H","y","d","UKESM1-0-LL","Period Mean","MeanState","global","scalar","mm d-1","0.99715","75.0"
"H","y","d","UKESM1-0-LL","Bias","MeanState","global","scalar","mm d-1","0.171742","75.0"
"H","y","d","UKESM1-0-LL","Bias Score","MeanState","global","score","1","0.761027","75.0"
"H","y","d","UKESM1-0-LL","Interannual Variability Score","MeanState","global","score","1","0.564003","75.0"
"H","y","d","UKESM1-0-LL","Spatial Distribution Score","MeanState","global","score","1","0.917679","75.0"
"H","y","d","UKESM1-0-LL","Overall Score","MeanState","global","score","1","0.74757","75.0"
"H","y","d","CESM2","Period Mean","MeanState","global","scalar","mm d-1","1.07642","75.0"
"H","y","d","CESM2","Bias","MeanState","global","scalar","mm d-1","0.251016","75.0"
"H","y","d","CESM2","Bias Score","MeanState","global","score","1","0.779031","75.0"
"H","y","d","CESM2","Interannual Variability Score","MeanState","global","score","1","0.501411","75.0"
"H","y","d","CESM2","Spatial Distribution Score","MeanState","global","score","1","0.916433","75.0"
"H","y","d","CESM2","Overall Score","MeanState","global","score","1","0.732292","75.0"
"H","y","d","ACCESS-ESM1-5","Period Mean","MeanState","global","scalar","mm d-1","0.936191","75.0"
"H","y","d","ACCESS-ESM1-5","Bias","MeanState","global","scalar","mm d-1","0.110783","75.0"
"H","y","d","ACCESS-ESM1-5","Bias Score","MeanState","global","score","1","0.72681","75.0"
"H","y","d","ACCESS-ESM1-5","Interannual Variability Score","MeanState","global","score","1","0.581676","75.0"
"H","y","d","ACCESS-ESM1-5","Spatial Distribution Score","MeanState","global","score","1","0.89292","75.0"
"H","y","d","ACCESS-ESM1-5","Overall Score","MeanState","global","score","1","0.733802","75.0"
"H","y","d","ENSEMBLE-CMIP6","Period Mean","MeanState","global","scalar","mm d-1","0.940506","75.0"
"H","y","d","ENSEMBLE-CMIP6","Bias","MeanState","global","scalar","mm d-1","0.115098","75.0"
"H","y","d","ENSEMBLE-CMIP6","Bias Score","MeanState","global","score","1","0.789253","75.0"
"H","y","d","ENSEMBLE-CMIP6","Interannual Variability Score","MeanState","global","score","1","0.514328","75.0"
"H","y","d","ENSEMBLE-CMIP6","Spatial Distribution Score","MeanState","global","score","1","0.90263","75.0"
"H","y","d","ENSEMBLE-CMIP6","Overall Score","MeanState","global","score","1","0.735404","75.0"
"H","y","d","UKESM1-0-LL","Benchmark Period Mean (intersection)","MeanState","global","scalar","mm d-1","0.816889","75.0"
"H","y","d","UKESM1-0-LL","Benchmark Period Mean (complement)","MeanState","global","scalar","mm d-1","1.24821","75.0"
"H","y","d","UKESM1-0-LL","Period Mean (original grids)","MeanState","global","scalar","mm d-1","0.890151","75.0"
"H","y","d","UKESM1-0-LL","Model Period Mean (intersection)","MeanState","global","scalar","mm d-1","0.857103","75.0"
"H","y","d","UKESM1-0-LL","Model Period Mean (complement)","MeanState","global","scalar","mm d-1","0.833291","75.0"
"H","y","d","UKESM1-0-LL","Spatial Distribution Score","MeanState","global","score","1","0.773892","75.0"
"H","y","d","UKESM1-0-LL","Phase Shift","MeanState","global","scalar","months","1.45257","75.0"
"H","y","d","UKESM1-0-LL","Seasonal Cycle Score","MeanState","global","score","1","0.838147","75.0"
"H","y","d","UKESM1-0-LL","Bias","MeanState","global","scalar","mm d-1","0.0408885","75.0"
"H","y","d","UKESM1-0-LL","Bias Score","MeanState","global","score","1","0.575463","75.0"
"H","y","d","UKESM1-0-LL","RMSE","MeanState","global","scalar","mm d-1","0.882858","75.0"
"H","y","d","UKESM1-0-LL","RMSE Score","MeanState","global","score","1","0.505892","75.0"
"H","y","d","UKESM1-0-LL","Overall Score","MeanState","global","score","1","0.639857","75.0"
"H","y","d","NorESM2-LM","Benchmark Period Mean (intersection)","MeanState","global","scalar","mm d-1","0.81774","75.0"
"H","y","d","NorESM2-LM","Benchmark Period Mean (complement)","MeanState","global","scalar","mm d-1","nan","75.0"
"H","y","d","NorESM2-LM","Period Mean (original grids)","MeanState","global","scalar","mm d-1","0.921427","75.0"
"H","y","d","NorESM2-LM","Model Period Mean (intersection)","MeanState","global","scalar","mm d-1","0.867977","75.0"
"H","y","d","NorESM2-LM","Model Period Mean (complement)","MeanState","global","scalar","mm d-1","1.0977","75.0"
"H","y","d","NorESM2-LM","Spatial Distribution Score","MeanState","global","score","1","0.845428","75.0"
"H","y","d","NorESM2-LM","Phase Shift","MeanState","global","scalar","months","1.49163","75.0"
"H","y","d","NorESM2-LM","Seasonal Cycle Score","MeanState","global","score","1","0.830955","75.0"
"H","y","d","NorESM2-LM","Bias","MeanState","global","scalar","mm d-1","0.0458598","75.0"
"H","y","d","NorESM2-LM","Bias Score","MeanState","global","score","1","0.558032","75.0"
"H","y","d","NorESM2-LM","RMSE","MeanState","global","scalar","mm d-1","0.963581","75.0"
"H","y","d","NorESM2-LM","RMSE Score","MeanState","global","score","1","0.482195","75.0"
"H","y","d","NorESM2-LM","Overall Score","MeanState","global","score","1","0.639761","75.0"
"H","y","d","ENSEMBLE-CMIP6","Benchmark Period Mean (intersection)","MeanState","global","scalar","mm d-1","0.81774","75.0"
"H","y","d","ENSEMBLE-CMIP6","Benchmark Period Mean (complement)","MeanState","global","scalar","mm d-1","nan","75.0"
"H","y","d","ENSEMBLE-CMIP6","Period Mean (original grids)","MeanState","global","scalar","mm d-1","0.826491","75.0"
"H","y","d","ENSEMBLE-CMIP6","Model Period Mean (intersection)","MeanState","global","scalar","mm d-1","0.829456","75.0"
"H","y","d","ENSEMBLE-CMIP6","Model Period Mean (complement)","MeanState","global","scalar","mm d-1","0.778644","75.0"
"H","y","d","ENSEMBLE-CMIP6","Spatial Distribution Score","MeanState","global","score","1","0.855338","75.0"
"H","y","d","ENSEMBLE-CMIP6","Phase Shift","MeanState","global","scalar","months","1.17339","75.0"
"H","y","d","ENSEMBLE-CMIP6","Seasonal Cycle Score","MeanState","global","score","1","0.894077","75.0"
"H","y","d","ENSEMBLE-CMIP6","Bias","MeanState","global","scalar","mm d-1","0.0107696","75.0"
"H","y","d","ENSEMBLE-CMIP6","Bias Score","MeanState","global","score","1","0.586133","75.0"
"H","y","d","ENSEMBLE-CMIP6","RMSE","MeanState","global","scalar","mm d-1","0.806957","75.0"
"H","y","d","ENSEMBLE-CMIP6","RMSE Score","MeanState","global","score","1","0.536736","75.0"
"H","y","d","ENSEMBLE-CMIP6","Overall Score","MeanState","global","score","1","0.681804","75.0"
"H","y","d","ACCESS-ESM1-5","Benchmark Period Mean (intersection)","MeanState","global","scalar","mm d-1","0.817313","75.0"
"H","y","d","ACCESS-ESM1-5","Benchmark Period Mean (complement)","MeanState","global","scalar","mm d-1","1.16312","75.0"
"H","y","d","ACCESS-ESM1-5","Period Mean (original grids)","MeanState","global","scalar","mm d-1","0.954151","75.0"
"H","y","d","ACCESS-ESM1-5","Model Period Mean (intersection)","MeanState","global","scalar","mm d-1","0.904353","75.0"
"H","y","d","ACCESS-ESM1-5","Model Period Mean (complement)","MeanState","global","scalar","mm d-1","1.01824","75.0"
"H","y","d","ACCESS-ESM1-5","Spatial Distribution Score","MeanState","global","score","1","0.796797","75.0"
"H","y","d","ACCESS-ESM1-5","Phase Shift","MeanState","global","scalar","months","1.82068","75.0"
"H","y","d","ACCESS-ESM1-5","Seasonal Cycle Score","MeanState","global","score","1","0.838174","75.0"
"H","y","d","ACCESS-ESM1-5","Bias","MeanState","global","scalar","mm d-1","0.0870844","75.0"
"H","y","d","ACCESS-ESM1-5","Bias Score","MeanState","global","score","1","0.540891","75.0"
"H","y","d","ACCESS-ESM1-5","RMSE","MeanState","global","scalar","mm d-1","1.08098","75.0"
"H","y","d","ACCESS-ESM1-5","RMSE Score","MeanState","global","score","1","0.438077","75.0"
"H","y","d","ACCESS-ESM1-5","Overall Score","MeanState","global","score","1","0.610403","75.0"
"H","y","d","CESM2","Benchmark Period Mean (intersection)","MeanState","global","scalar","mm d-1","0.817323","75.0"
"H","y","d","CESM2","Benchmark Period Mean (complement)","MeanState","global","scalar","mm d-1","1.13703","75.0"
"H","y","d","CESM2","Period Mean (original grids)","MeanState","global","scalar","mm d-1","0.964894","75.0"
"H","y","d","CESM2","Model Period Mean (intersection)","MeanState","global","scalar","mm d-1","0.984761","75.0"
"H","y","d","CESM2","Model Period Mean (complement)","MeanState","global","scalar","mm d-1","0.871036","75.0"
"H","y","d","CESM2","Spatial Distribution Score","MeanState","global","score","1","0.853321","75.0"
"H","y","d","CESM2","Phase Shift","MeanState","global","scalar","months","1.34541","75.0"
"H","y","d","CESM2","Seasonal Cycle Score","MeanState","global","score","1","0.872221","75.0"
"H","y","d","CESM2","Bias","MeanState","global","scalar","mm d-1","0.167649","75.0"
"H","y","d","CESM2","Bias Score","MeanState","global","score","1","0.580763","75.0"
"H","y","d","CESM2","RMSE","MeanState","global","scalar","mm d-1","0.959735","75.0"
"H","y","d","CESM2","RMSE Score","MeanState","global","score","1","0.486656","75.0"
"H","y","d","CESM2","Overall Score","MeanState","global","score","1","0.655923","75.0"
"H","y","d","ACCESS-ESM1-5","Benchmark Period Mean (intersection)","MeanState","global","scalar","mm d-1","0.259655","125.0"
"H","y","d","ACCESS-ESM1-5","Benchmark Period Mean (complement)","MeanState","global","scalar","mm d-1","0.0655191","125.0"
"H","y","d","ACCESS-ESM1-5","Period Mean (original grids)","MeanState","global","scalar","mm d-1","0.955376","125.0"
"H","y","d","ACCESS-ESM1-5","Model Period Mean (intersection)","MeanState","global","scalar","mm d-1","0.932225","125.0"
"H","y","d","ACCESS-ESM1-5","Model Period Mean (complement)","MeanState","global","scalar","mm d-1","nan","125.0"
"H","y","d","ACCESS-ESM1-5","Spatial Distribution Score","MeanState","global","score","1","0.415415","125.0"
"H","y","d","ACCESS-ESM1-5","Phase Shift","MeanState","global","scalar","months","2.01692","125.0"
"H","y","d","ACCESS-ESM1-5","Seasonal Cycle Score","MeanState","global","score","1","0.790412","125.0"
"H","y","d","ACCESS-ESM1-5","Bias","MeanState","global","scalar","mm d-1","0.67468","125.0"
"H","y","d","ACCESS-ESM1-5","Bias Score","MeanState","global","score","1","0.402688","125.0"
"H","y","d","ACCESS-ESM1-5","RMSE","MeanState","global","scalar","mm d-1","1.1282","125.0"
"H","y","d","ACCESS-ESM1-5","RMSE Score","MeanState","global","score","1","0.297643","125.0"
"H","y","d","ACCESS-ESM1-5","Overall Score","MeanState","global","score","1","0.44076","125.0"
"H","y","d","CESM2","Benchmark Period Mean (intersection)","MeanState","global","scalar","mm d-1","0.26291","125.0"
"H","y","d","CESM2","Benchmark Period Mean (complement)","MeanState","global","scalar","mm d-1","0.0535399","125.0"
"H","y","d","CESM2","Period Mean (original grids)","MeanState","global","scalar","mm d-1","0.967182","125.0"
"H","y","d","CESM2","Model Period Mean (intersection)","MeanState","global","scalar","mm d-1","0.964565","125.0"
"H","y","d","CESM2","Model Period Mean (complement)","MeanState","global","scalar","mm d-1","nan","125.0"
"H","y","d","CESM2","Spatial Distribution Score","MeanState","global","score","1","0.444583","125.0"
"H","y","d","CESM2","Phase Shift","MeanState","global","scalar","months","1.80698","125.0"
"H","y","d","CESM2","Seasonal Cycle Score","MeanState","global","score","1","0.797522","125.0"
"H","y","d","CESM2","Bias","MeanState","global","scalar","mm d-1","0.70321","125.0"
"H","y","d","CESM2","Bias Score","MeanState","global","score","1","0.387803","125.0"
"H","y","d","CESM2","RMSE","MeanState","global","scalar","mm d-1","1.08854","125.0"
"H","y","d","CESM2","RMSE Score","MeanState","global","score","1","0.33854","125.0"
"H","y","d","CESM2","Overall Score","MeanState","global","score","1","0.461397","125.0"
"H","y","d","NorESM2-LM","Benchmark Period Mean (intersection)","MeanState","global","scalar","mm d-1","0.253206","125.0"
"H","y","d","NorESM2-LM","Benchmark Period Mean (complement)","MeanState","global","scalar","mm d-1","nan","125.0"
"H","y","d","NorESM2-LM","Period Mean (original grids)","MeanState","global","scalar","mm d-1","0.922224","125.0"
"H","y","d","NorESM2-LM","Model Period Mean (intersection)","MeanState","global","scalar","mm d-1","0.936963","125.0"
"H","y","d","NorESM2-LM","Model Period Mean (complement)","MeanState","global","scalar","mm d-1","nan","125.0"
"H","y","d","NorESM2-LM","Spatial Distribution Score","MeanState","global","score","1","0.538643","125.0"
"H","y","d","NorESM2-LM","Phase Shift","MeanState","global","scalar","months","1.9629","125.0"
"H","y","d","NorESM2-LM","Seasonal Cycle Score","MeanState","global","score","1","0.740635","125.0"
"H","y","d","NorESM2-LM","Bias","MeanState","global","scalar","mm d-1","0.675152","125.0"
"H","y","d","NorESM2-LM","Bias Score","MeanState","global","score","1","0.444254","125.0"
"H","y","d","NorESM2-LM","RMSE","MeanState","global","scalar","mm d-1","1.09408","125.0"
"H","y","d","NorESM2-LM","RMSE Score","MeanState","global","score","1","0.35688","125.0"
"H","y","d","NorESM2-LM","Overall Score","MeanState","global","score","1","0.487458","125.0"
"H","y","d","UKESM1-0-LL","Benchmark Period Mean (intersection)","MeanState","global","scalar","mm d-1","0.259777","125.0"
"H","y","d","UKESM1-0-LL","Benchmark Period Mean (complement)","MeanState","global","scalar","mm d-1","0.0612264","125.0"
"H","y","d","UKESM1-0-LL","Period Mean (original grids)","MeanState","global","scalar","mm d-1","0.888485","125.0"
"H","y","d","UKESM1-0-LL","Model Period Mean (intersection)","MeanState","global","scalar","mm d-1","0.843032","125.0"
"H","y","d","UKESM1-0-LL","Model Period Mean (complement)","MeanState","global","scalar","mm d-1","nan","125.0"
"H","y","d","UKESM1-0-LL","Spatial Distribution Score","MeanState","global","score","1","0.383321","125.0"
"H","y","d","UKESM1-0-LL","Phase Shift","MeanState","global","scalar","months","1.55581","125.0"
"H","y","d","UKESM1-0-LL","Seasonal Cycle Score","MeanState","global","score","1","0.796059","125.0"
"H","y","d","UKESM1-0-LL","Bias","MeanState","global","scalar","mm d-1","0.586357","125.0"
"H","y","d","UKESM1-0-LL","Bias Score","MeanState","global","score","1","0.443857","125.0"
"H","y","d","UKESM1-0-LL","RMSE","MeanState","global","scalar","mm d-1","0.909436","125.0"
"H","y","d","UKESM1-0-LL","RMSE Score","MeanState","global","score","1","0.412279","125.0"
"H","y","d","UKESM1-0-LL","Overall Score","MeanState","global","score","1","0.489559","125.0"
"H","y","d","ENSEMBLE-CMIP6","Benchmark Period Mean (intersection)","MeanState","global","scalar","mm d-1","0.252911","125.0"
"H","y","d","ENSEMBLE-CMIP6","Benchmark Period Mean (complement)","MeanState","global","scalar","mm d-1","nan","125.0"
"H","y","d","ENSEMBLE-CMIP6","Period Mean (original grids)","MeanState","global","scalar","mm d-1","0.827424","125.0"
"H","y","d","ENSEMBLE-CMIP6","Model Period Mean (intersection)","MeanState","global","scalar","mm d-1","0.818297","125.0"
"H","y","d","ENSEMBLE-CMIP6","Model Period Mean (complement)","MeanState","global","scalar","mm d-1","nan","125.0"
"H","y","d","ENSEMBLE-CMIP6","Spatial Distribution Score","MeanState","global","score","1","0.655822","125.0"
"H","y","d","ENSEMBLE-CMIP6","Phase Shift","MeanState","global","scalar","months","1.64476","125.0"
"H","y","d","ENSEMBLE-CMIP6","Seasonal Cycle Score","MeanState","global","score","1","0.832683","125.0"
"H","y","d","ENSEMBLE-CMIP6","Bias","MeanState","global","scalar","mm d-1","0.564773","125.0"
"H","y","d","ENSEMBLE-CMIP6","Bias Score","MeanState","global","score","1","0.463371","125.0"
"H","y","d","ENSEMBLE-CMIP6","RMSE","MeanState","global","scalar","mm d-1","0.835451","125.0"
"H","y","d","ENSEMBLE-CMIP6","RMSE Score","MeanState","global","score","1","0.428409","125.0"
"H","y","d","ENSEMBLE-CMIP6","Overall Score","MeanState","global","score","1","0.561739","125.0"
"H","y","d","ENSEMBLE-CMIP6","Benchmark Period Mean (intersection)","MeanState","global","scalar","mm d-1","0.724285","125.0"
"H","y","d","ENSEMBLE-CMIP6","Benchmark Period Mean (complement)","MeanState","global","scalar","mm d-1","nan","125.0"
"H","y","d","ENSEMBLE-CMIP6","Period Mean (original grids)","MeanState","global","scalar","mm d-1","0.833536","125.0"
"H","y","d","ENSEMBLE-CMIP6","Model Period Mean (intersection)","MeanState","global","scalar","mm d-1","0.829335","125.0"
"H","y","d","ENSEMBLE-CMIP6","Model Period Mean (complement)","MeanState","global","scalar","mm d-1","0.809637","125.0"
"H","y","d","ENSEMBLE-CMIP6","Spatial Distribution Score","MeanState","global","score","1","0.882003","125.0"
"H","y","d","ENSEMBLE-CMIP6","Phase Shift","MeanState","global","scalar","months","1.51239","125.0"
"H","y","d","ENSEMBLE-CMIP6","Seasonal Cycle Score","MeanState","global","score","1","0.8413","125.0"
"H","y","d","ENSEMBLE-CMIP6","Bias","MeanState","global","scalar","mm d-1","0.104498","125.0"
"H","y","d","ENSEMBLE-CMIP6","Bias Score","MeanState","global","score","1","0.570672","125.0"
"H","y","d","ENSEMBLE-CMIP6","RMSE","MeanState","global","scalar","mm d-1","0.784258","125.0"
"H","y","d","ENSEMBLE-CMIP6","RMSE Score","MeanState","global","score","1","0.467276","125.0"
"H","y","d","ENSEMBLE-CMIP6","Overall Score","MeanState","global","score","1","0.645705","125.0"
"H","y","d","ACCESS-ESM1-5","Benchmark Period Mean (intersection)","MeanState","global","scalar","mm d-1","0.724175","125.0"
"H","y","d","ACCESS-ESM1-5","Benchmark Period Mean (complement)","MeanState","global","scalar","mm d-1","1.01742","125.0"
"H","y","d","ACCESS-ESM1-5","Period Mean (original grids)","MeanState","global","scalar","mm d-1","0.946627","125.0"
"H","y","d","ACCESS-ESM1-5","Model Period Mean (intersection)","MeanState","global","scalar","mm d-1","0.900326","125.0"
"H","y","d","ACCESS-ESM1-5","Model Period Mean (complement)","MeanState","global","scalar","mm d-1","1.02614","125.0"
"H","y","d","ACCESS-ESM1-5","Spatial Distribution Score","MeanState","global","score","1","0.747537","125.0"
"H","y","d","ACCESS-ESM1-5","Phase Shift","MeanState","global","scalar","months","2.06449","125.0"
"H","y","d","ACCESS-ESM1-5","Seasonal Cycle Score","MeanState","global","score","1","0.790445","125.0"
"H","y","d","ACCESS-ESM1-5","Bias","MeanState","global","scalar","mm d-1","0.176121","125.0"
"H","y","d","ACCESS-ESM1-5","Bias Score","MeanState","global","score","1","0.510195","125.0"
"H","y","d","ACCESS-ESM1-5","RMSE","MeanState","global","scalar","mm d-1","1.07696","125.0"
"H","y","d","ACCESS-ESM1-5","RMSE Score","MeanState","global","score","1","0.37972","125.0"
"H","y","d","ACCESS-ESM1-5","Overall Score","MeanState","global","score","1","0.561524","125.0"
"H","y","d","UKESM1-0-LL","Benchmark Period Mean (intersection)","MeanState","global","scalar","mm d-1","0.723969","125.0"
"H","y","d","UKESM1-0-LL","Benchmark Period Mean (complement)","MeanState","global","scalar","mm d-1","1.1458","125.0"
"H","y","d","UKESM1-0-LL","Period Mean (original grids)","MeanState","global","scalar","mm d-1","0.9033","125.0"
"H","y","d","UKESM1-0-LL","Model Period Mean (intersection)","MeanState","global","scalar","mm d-1","0.853535","125.0"
"H","y","d","UKESM1-0-LL","Model Period Mean (complement)","MeanState","global","scalar","mm d-1","0.898332","125.0"
"H","y","d","UKESM1-0-LL","Spatial Distribution Score","MeanState","global","score","1","0.708348","125.0"
"H","y","d","UKESM1-0-LL","Phase Shift","MeanState","global","scalar","months","1.66016","125.0"
"H","y","d","UKESM1-0-LL","Seasonal Cycle Score","MeanState","global","score","1","0.7875","125.0"
"H","y","d","UKESM1-0-LL","Bias","MeanState","global","scalar","mm d-1","0.129539","125.0"
"H","y","d","UKESM1-0-LL","Bias Score","MeanState","global","score","1","0.549754","125.0"
"H","y","d","UKESM1-0-LL","RMSE","MeanState","global","scalar","mm d-1","0.841632","125.0"
"H","y","d","UKESM1-0-LL","RMSE Score","MeanState","global","score","1","0.459775","125.0"
"H","y","d","UKESM1-0-LL","Overall Score","MeanState","global","score","1","0.59303","125.0"
"H","y","d","NorESM2-LM","Benchmark Period Mean (intersection)","MeanState","global","scalar","mm d-1","0.724285","125.0"
"H","y","d","NorESM2-LM","Benchmark Period Mean (complement)","MeanState","global","scalar","mm d-1","nan","125.0"
"H","y","d","NorESM2-LM","Period Mean (original grids)","MeanState","global","scalar","mm d-1","0.922163","125.0"
"H","y","d","NorESM2-LM","Model Period Mean (intersection)","MeanState","global","scalar","mm d-1","0.856719","125.0"
"H","y","d","NorESM2-LM","Model Period Mean (complement)","MeanState","global","scalar","mm d-1","1.09253","125.0"
"H","y","d","NorESM2-LM","Spatial Distribution Score","MeanState","global","score","1","0.857108","125.0"
"H","y","d","NorESM2-LM","Phase Shift","MeanState","global","scalar","months","1.7563","125.0"
"H","y","d","NorESM2-LM","Seasonal Cycle Score","MeanState","global","score","1","0.774276","125.0"
"H","y","d","NorESM2-LM","Bias","MeanState","global","scalar","mm d-1","0.127778","125.0"
"H","y","d","NorESM2-LM","Bias Score","MeanState","global","score","1","0.524431","125.0"
"H","y","d","NorESM2-LM","RMSE","MeanState","global","scalar","mm d-1","0.959383","125.0"
"H","y","d","NorESM2-LM","RMSE Score","MeanState","global","score","1","0.409842","125.0"
"H","y","d","NorESM2-LM","Overall Score","MeanState","global","score","1","0.5951","125.0"
"H","y","d","CESM2","Benchmark Period Mean (intersection)","MeanState","global","scalar","mm d-1","0.724135","125.0"
"H","y","d","CESM2","Benchmark Period Mean (complement)","MeanState","global","scalar","mm d-1","1.04942","125.0"
"H","y","d","CESM2","Period Mean (original grids)","MeanState","global","scalar","mm d-1","0.972493","125.0"
"H","y","d","CESM2","Model Period Mean (intersection)","MeanState","global","scalar","mm d-1","0.98074","125.0"
"H","y","d","CESM2","Model Period Mean (complement)","MeanState","global","scalar","mm d-1","0.941352","125.0"
"H","y","d","CESM2","Spatial Distribution Score","MeanState","global","score","1","0.828509","125.0"
"H","y","d","CESM2","Phase Shift","MeanState","global","scalar","months","1.60927","125.0"
"H","y","d","CESM2","Seasonal Cycle Score","MeanState","global","score","1","0.819222","125.0"
"H","y","d","CESM2","Bias","MeanState","global","scalar","mm d-1","0.256529","125.0"
"H","y","d","CESM2","Bias Score","MeanState","global","score","1","0.550316","125.0"
"H","y","d","CESM2","RMSE","MeanState","global","scalar","mm d-1","0.980943","125.0"
"H","y","d","CESM2","RMSE Score","MeanState","global","score","1","0.406215","125.0"
"H","y","d","CESM2","Overall Score","MeanState","global","score","1","0.602096","125.0"
"H","y","d","NorESM2-LM","Benchmark Period Mean (intersection)","MeanState","global","scalar","1","0.477887","45.0"
"H","y","d","NorESM2-LM","Benchmark Period Mean (complement)","MeanState","global","scalar","1","0.414818","45.0"
"H","y","d","NorESM2-LM","Period Mean (original grids)","MeanState","global","scalar","1","0.525627","45.0"
"H","y","d","NorESM2-LM","Model Period Mean (intersection)","MeanState","global","scalar","1","0.492208","45.0"
"H","y","d","NorESM2-LM","Model Period Mean (complement)","MeanState","global","scalar","1","0.696407","45.0"
"H","y","d","NorESM2-LM","Spatial Distribution Score","MeanState","global","score","1","0.970582","45.0"
"H","y","d","NorESM2-LM","Phase Shift","MeanState","global","scalar","months","1.77057","45.0"
"H","y","d","NorESM2-LM","Seasonal Cycle Score","MeanState","global","score","1","0.767485","45.0"
"H","y","d","NorESM2-LM","Bias","MeanState","global","scalar","1","0.0154428","45.0"
"H","y","d","NorESM2-LM","Bias Score","MeanState","global","score","1","0.511827","45.0"
"H","y","d","NorESM2-LM","Overall Score","MeanState","global","score","1","0.749964","45.0"
"H","y","d","ENSEMBLE-CMIP6","Benchmark Period Mean (intersection)","MeanState","global","scalar","1","0.477724","45.0"
"H","y","d","ENSEMBLE-CMIP6","Benchmark Period Mean (complement)","MeanState","global","scalar","1","0.465709","45.0"
"H","y","d","ENSEMBLE-CMIP6","Period Mean (original grids)","MeanState","global","scalar","1","0.572631","45.0"
"H","y","d","ENSEMBLE-CMIP6","Model Period Mean (intersection)","MeanState","global","scalar","1","0.540648","45.0"
"H","y","d","ENSEMBLE-CMIP6","Model Period Mean (complement)","MeanState","global","scalar","1","0.7375","45.0"
"H","y","d","ENSEMBLE-CMIP6","Spatial Distribution Score","MeanState","global","score","1","0.980724","45.0"
"H","y","d","ENSEMBLE-CMIP6","Phase Shift","MeanState","global","scalar","months","1.71343","45.0"
"H","y","d","ENSEMBLE-CMIP6","Seasonal Cycle Score","MeanState","global","score","1","0.761664","45.0"
"H","y","d","ENSEMBLE-CMIP6","Bias","MeanState","global","scalar","1","0.0648934","45.0"
"H","y","d","ENSEMBLE-CMIP6","Bias Score","MeanState","global","score","1","0.537823","45.0"
"H","y","d","ENSEMBLE-CMIP6","Overall Score","MeanState","global","score","1","0.76007","45.0"
"H","y","d","ACCESS-ESM1-5","Benchmark Period Mean (intersection)","MeanState","global","scalar","1","0.477751","45.0"
"H","y","d","ACCESS-ESM1-5","Benchmark Period Mean (complement)","MeanState","global","scalar","1","0.432856","45.0"
"H","y","d","ACCESS-ESM1-5","Period Mean (original grids)","MeanState","global","scalar","1","0.605397","45.0"
"H","y","d","ACCESS-ESM1-5","Model Period Mean (intersection)","MeanState","global","scalar","1","0.576258","45.0"
"H","y","d","ACCESS-ESM1-5","Model Period Mean (complement)","MeanState","global","scalar","1","0.765423","45.0"
"H","y","d","ACCESS-ESM1-5","Spatial Distribution Score","MeanState","global","score","1","0.931934","45.0"
"H","y","d","ACCESS-ESM1-5","Phase Shift","MeanState","global","scalar","months","1.91503","45.0"
"H","y","d","ACCESS-ESM1-5","Seasonal Cycle Score","MeanState","global","score","1","0.716096","45.0"
"H","y","d","ACCESS-ESM1-5","Bias","MeanState","global","scalar","1","0.101461","45.0"
"H","y","d","ACCESS-ESM1-5","Bias Score","MeanState","global","score","1","0.398528","45.0"
"H","y","d","ACCESS-ESM1-5","Overall Score","MeanState","global","score","1","0.682186","45.0"
"H","y","d","CESM2","Benchmark Period Mean (intersection)","MeanState","global","scalar","1","0.47777","45.0"
"H","y","d","CESM2","Benchmark Period Mean (complement)","MeanState","global","scalar","1","0.405622","45.0"
"H","y","d","CESM2","Period Mean (original grids)","MeanState","global","scalar","1","0.526271","45.0"
"H","y","d","CESM2","Model Period Mean (intersection)","MeanState","global","scalar","1","0.489096","45.0"
"H","y","d","CESM2","Model Period Mean (complement)","MeanState","global","scalar","1","0.716303","45.0"
"H","y","d","CESM2","Spatial Distribution Score","MeanState","global","score","1","0.977664","45.0"
"H","y","d","CESM2","Phase Shift","MeanState","global","scalar","months","1.80709","45.0"
"H","y","d","CESM2","Seasonal Cycle Score","MeanState","global","score","1","0.765028","45.0"
"H","y","d","CESM2","Bias","MeanState","global","scalar","1","0.0143329","45.0"
"H","y","d","CESM2","Bias Score","MeanState","global","score","1","0.52078","45.0"
"H","y","d","CESM2","Overall Score","MeanState","global","score","1","0.754491","45.0"
"H","y","d","UKESM1-0-LL","Benchmark Period Mean (intersection)","MeanState","global","scalar","1","0.477725","45.0"
"H","y","d","UKESM1-0-LL","Benchmark Period Mean (complement)","MeanState","global","scalar","1","0.461265","45.0"
"H","y","d","UKESM1-0-LL","Period Mean (original grids)","MeanState","global","scalar","1","0.566913","45.0"
"H","y","d","UKESM1-0-LL","Model Period Mean (intersection)","MeanState","global","scalar","1","0.529362","45.0"
"H","y","d","UKESM1-0-LL","Model Period Mean (complement)","MeanState","global","scalar","1","0.738974","45.0"
"H","y","d","UKESM1-0-LL","Spatial Distribution Score","MeanState","global","score","1","0.921067","45.0"
"H","y","d","UKESM1-0-LL","Phase Shift","MeanState","global","scalar","months","1.66771","45.0"
"H","y","d","UKESM1-0-LL","Seasonal Cycle Score","MeanState","global","score","1","0.763129","45.0"
"H","y","d","UKESM1-0-LL","Bias","MeanState","global","scalar","1","0.0537071","45.0"
"H","y","d","UKESM1-0-LL","Bias Score","MeanState","global","score","1","0.460524","45.0"
"H","y","d","UKESM1-0-LL","Overall Score","MeanState","global","score","1","0.714907","45.0"
"H","y","d","UKESM1-0-LL","Benchmark Period Mean (intersection)","MeanState","global","scalar","1","0.520854","45.0"
"H","y","d","UKESM1-0-LL","Benchmark Period Mean (complement)","MeanState","global","scalar","1","0.421819","45.0"
"H","y","d","UKESM1-0-LL","Period Mean (original grids)","MeanState","global","scalar","1","0.565227","45.0"
"H","y","d","UKESM1-0-LL","Model Period Mean (intersection)","MeanState","global","scalar","1","0.578275","45.0"
"H","y","d","UKESM1-0-LL","Model Period Mean (complement)","MeanState","global","scalar","1","0.528223","45.0"
"H","y","d","UKESM1-0-LL","Spatial Distribution Score","MeanState","global","score","1","0.86368","45.0"
"H","y","d","UKESM1-0-LL","Phase Shift","MeanState","global","scalar","months","1.48968","45.0"
"H","y","d","UKESM1-0-LL","Seasonal Cycle Score","MeanState","global","score","1","0.777301","45.0"
"H","y","d","UKESM1-0-LL","Bias","MeanState","global","scalar","1","0.0578517","45.0"
"H","y","d","UKESM1-0-LL","Bias Score","MeanState","global","score","1","0.393674","45.0"
"H","y","d","UKESM1-0-LL","Overall Score","MeanState","global","score","1","0.678219","45.0"
"H","y","d","ENSEMBLE-CMIP6","Benchmark Period Mean (intersection)","MeanState","global","scalar","1","0.520842","45.0"
"H","y","d","ENSEMBLE-CMIP6","Benchmark Period Mean (complement)","MeanState","global","scalar","1","0.421581","45.0"
"H","y","d","ENSEMBLE-CMIP6","Period Mean (original grids)","MeanState","global","scalar","1","0.570533","45.0"
"H","y","d","ENSEMBLE-CMIP6","Model Period Mean (intersection)","MeanState","global","scalar","1","0.585557","45.0"
"H","y","d","ENSEMBLE-CMIP6","Model Period Mean (complement)","MeanState","global","scalar","1","0.525191","45.0"
"H","y","d","ENSEMBLE-CMIP6","Spatial Distribution Score","MeanState","global","score","1","0.965024","45.0"
"H","y","d","ENSEMBLE-CMIP6","Phase Shift","MeanState","global","scalar","months","1.83317","45.0"
"H","y","d","ENSEMBLE-CMIP6","Seasonal Cycle Score","MeanState","global","score","1","0.711327","45.0"
"H","y","d","ENSEMBLE-CMIP6","Bias","MeanState","global","scalar","1","0.0650098","45.0"
"H","y","d","ENSEMBLE-CMIP6","Bias Score","MeanState","global","score","1","0.478562","45.0"
"H","y","d","ENSEMBLE-CMIP6","Overall Score","MeanState","global","score","1","0.718304","45.0"
"H","y","d","NorESM2-LM","Benchmark Period Mean (intersection)","MeanState","global","scalar","1","0.52092","45.0"
"H","y","d","NorESM2-LM","Benchmark Period Mean (complement)","MeanState","global","scalar","1","0.432776","45.0"
"H","y","d","NorESM2-LM","Period Mean (original grids)","MeanState","global","scalar","1","0.523761","45.0"
"H","y","d","NorESM2-LM","Model Period Mean (intersection)","MeanState","global","scalar","1","0.53412","45.0"
"H","y","d","NorESM2-LM","Model Period Mean (complement)","MeanState","global","scalar","1","0.494114","45.0"
"H","y","d","NorESM2-LM","Spatial Distribution Score","MeanState","global","score","1","0.936792","45.0"
"H","y","d","NorESM2-LM","Phase Shift","MeanState","global","scalar","months","1.59558","45.0"
"H","y","d","NorESM2-LM","Seasonal Cycle Score","MeanState","global","score","1","0.762692","45.0"
"H","y","d","NorESM2-LM","Bias","MeanState","global","scalar","1","0.0137384","45.0"
"H","y","d","NorESM2-LM","Bias Score","MeanState","global","score","1","0.465122","45.0"
"H","y","d","NorESM2-LM","Overall Score","MeanState","global","score","1","0.721535","45.0"
"H","y","d","CESM2","Benchmark Period Mean (intersection)","MeanState","global","scalar","1","0.52076","45.0"
"H","y","d","CESM2","Benchmark Period Mean (complement)","MeanState","global","scalar","1","0.451818","45.0"
"H","y","d","CESM2","Period Mean (original grids)","MeanState","global","scalar","1","0.525151","45.0"
"H","y","d","CESM2","Model Period Mean (intersection)","MeanState","global","scalar","1","0.530806","45.0"
"H","y","d","CESM2","Model Period Mean (complement)","MeanState","global","scalar","1","0.50822","45.0"
"H","y","d","CESM2","Spatial Distribution Score","MeanState","global","score","1","0.95076","45.0"
"H","y","d","CESM2","Phase Shift","MeanState","global","scalar","months","1.60933","45.0"
"H","y","d","CESM2","Seasonal Cycle Score","MeanState","global","score","1","0.761401","45.0"
"H","y","d","CESM2","Bias","MeanState","global","scalar","1","0.0111216","45.0"
"H","y","d","CESM2","Bias Score","MeanState","global","score","1","0.491025","45.0"
"H","y","d","CESM2","Overall Score","MeanState","global","score","1","0.734395","45.0"
"H","y","d","ACCESS-ESM1-5","Benchmark Period Mean (intersection)","MeanState","global","scalar","1","0.520894","45.0"
"H","y","d","ACCESS-ESM1-5","Benchmark Period Mean (complement)","MeanState","global","scalar","1","0.420828","45.0"
"H","y","d","ACCESS-ESM1-5","Period Mean (original grids)","MeanState","global","scalar","1","0.603529","45.0"
"H","y","d","ACCESS-ESM1-5","Model Period Mean (intersection)","MeanState","global","scalar","1","0.623329","45.0"
"H","y","d","ACCESS-ESM1-5","Model Period Mean (complement)","MeanState","global","scalar","1","0.546004","45.0"
"H","y","d","ACCESS-ESM1-5","Spatial Distribution Score","MeanState","global","score","1","0.885833","45.0"
"H","y","d","ACCESS-ESM1-5","Phase Shift","MeanState","global","scalar","months","1.97875","45.0"
"H","y","d","ACCESS-ESM1-5","Seasonal Cycle Score","MeanState","global","score","1","0.678038","45.0"
"H","y","d","ACCESS-ESM1-5","Bias","MeanState","global","scalar","1","0.103071","45.0"
"H","y","d","ACCESS-ESM1-5","Bias Score","MeanState","global","score","1","0.370056","45.0"
"H","y","d","ACCESS-ESM1-5","Overall Score","MeanState","global","score","1","0.644642","45.0"
"H","y","d","ACCESS-ESM1-5","Benchmark Period Mean (intersection)","MeanState","global","scalar","1","0.572778","125.0"
"H","y","d","ACCESS-ESM1-5","Benchmark Period Mean (complement)","MeanState","global","scalar","1","0.572332","125.0"
"H","y","d","ACCESS-ESM1-5","Period Mean (original grids)","MeanState","global","scalar","1","0.603487","125.0"
"H","y","d","ACCESS-ESM1-5","Model Period Mean (intersection)","MeanState","global","scalar","1","0.603345","125.0"
"H","y","d","ACCESS-ESM1-5","Model Period Mean (complement)","MeanState","global","scalar","1","0.57872","125.0"
"H","y","d","ACCESS-ESM1-5","Spatial Distribution Score","MeanState","global","score","1","0.980377","125.0"
"H","y","d","ACCESS-ESM1-5","Phase Shift","MeanState","global","scalar","months","1.99224","125.0"
"H","y","d","ACCESS-ESM1-5","Seasonal Cycle Score","MeanState","global","score","1","0.671573","125.0"
"H","y","d","ACCESS-ESM1-5","Bias","MeanState","global","scalar","1","0.0304631","125.0"
"H","y","d","ACCESS-ESM1-5","Bias Score","MeanState","global","score","1","0.462263","125.0"
"H","y","d","ACCESS-ESM1-5","Overall Score","MeanState","global","score","1","0.704738","125.0"
"H","y","d","CESM2","Benchmark Period Mean (intersection)","MeanState","global","scalar","1","0.574253","125.0"
"H","y","d","CESM2","Benchmark Period Mean (complement)","MeanState","global","scalar","1","0.552876","125.0"
"H","y","d","CESM2","Period Mean (original grids)","MeanState","global","scalar","1","0.524989","125.0"
"H","y","d","CESM2","Model Period Mean (intersection)","MeanState","global","scalar","1","0.524606","125.0"
"H","y","d","CESM2","Model Period Mean (complement)","MeanState","global","scalar","1","0.556787","125.0"
"H","y","d","CESM2","Spatial Distribution Score","MeanState","global","score","1","0.978503","125.0"
"H","y","d","CESM2","Phase Shift","MeanState","global","scalar","months","1.9546","125.0"
"H","y","d","CESM2","Seasonal Cycle Score","MeanState","global","score","1","0.698137","125.0"
"H","y","d","CESM2","Bias","MeanState","global","scalar","1","-0.0498353","125.0"
"H","y","d","CESM2","Bias Score","MeanState","global","score","1","0.447897","125.0"
"H","y","d","CESM2","Overall Score","MeanState","global","score","1","0.708179","125.0"
"H","y","d","NorESM2-LM","Benchmark Period Mean (intersection)","MeanState","global","scalar","1","0.573353","125.0"
"H","y","d","NorESM2-LM","Benchmark Period Mean (complement)","MeanState","global","scalar","1","0.502473","125.0"
"H","y","d","NorESM2-LM","Period Mean (original grids)","MeanState","global","scalar","1","0.523845","125.0"
"H","y","d","NorESM2-LM","Model Period Mean (intersection)","MeanState","global","scalar","1","0.522053","125.0"
"H","y","d","NorESM2-LM","Model Period Mean (complement)","MeanState","global","scalar","1","0.551842","125.0"
"H","y","d","NorESM2-LM","Spatial Distribution Score","MeanState","global","score","1","0.976934","125.0"
"H","y","d","NorESM2-LM","Phase Shift","MeanState","global","scalar","months","1.9231","125.0"
"H","y","d","NorESM2-LM","Seasonal Cycle Score","MeanState","global","score","1","0.687629","125.0"
"H","y","d","NorESM2-LM","Bias","MeanState","global","scalar","1","-0.0497677","125.0"
"H","y","d","NorESM2-LM","Bias Score","MeanState","global","score","1","0.423251","125.0"
"H","y","d","NorESM2-LM","Overall Score","MeanState","global","score","1","0.695938","125.0"
"H","y","d","UKESM1-0-LL","Benchmark Period Mean (intersection)","MeanState","global","scalar","1","0.573178","125.0"
"H","y","d","UKESM1-0-LL","Benchmark Period Mean (complement)","MeanState","global","scalar","1","0.510723","125.0"
"H","y","d","UKESM1-0-LL","Period Mean (original grids)","MeanState","global","scalar","1","0.565026","125.0"
"H","y","d","UKESM1-0-LL","Model Period Mean (intersection)","MeanState","global","scalar","1","0.563838","125.0"
"H","y","d","UKESM1-0-LL","Model Period Mean (complement)","MeanState","global","scalar","1","0.558598","125.0"
"H","y","d","UKESM1-0-LL","Spatial Distribution Score","MeanState","global","score","1","0.980168","125.0"
"H","y","d","UKESM1-0-LL","Phase Shift","MeanState","global","scalar","months","1.72082","125.0"
"H","y","d","UKESM1-0-LL","Seasonal Cycle Score","MeanState","global","score","1","0.727187","125.0"
"H","y","d","UKESM1-0-LL","Bias","MeanState","global","scalar","1","-0.00941038","125.0"
"H","y","d","UKESM1-0-LL","Bias Score","MeanState","global","score","1","0.490914","125.0"
"H","y","d","UKESM1-0-LL","Overall Score","MeanState","global","score","1","0.732756","125.0"
"H","y","d","ENSEMBLE-CMIP6","Benchmark Period Mean (intersection)","MeanState","global","scalar","1","0.573152","125.0"
"H","y","d","ENSEMBLE-CMIP6","Benchmark Period Mean (complement)","MeanState","global","scalar","1","0.522267","125.0"
"H","y","d","ENSEMBLE-CMIP6","Period Mean (original grids)","MeanState","global","scalar","1","0.570455","125.0"
"H","y","d","ENSEMBLE-CMIP6","Model Period Mean (intersection)","MeanState","global","scalar","1","0.569101","125.0"
"H","y","d","ENSEMBLE-CMIP6","Model Period Mean (complement)","MeanState","global","scalar","1","0.641425","125.0"
"H","y","d","ENSEMBLE-CMIP6","Spatial Distribution Score","MeanState","global","score","1","0.97712","125.0"
"H","y","d","ENSEMBLE-CMIP6","Phase Shift","MeanState","global","scalar","months","1.75196","125.0"
"H","y","d","ENSEMBLE-CMIP6","Seasonal Cycle Score","MeanState","global","score","1","0.70498","125.0"
"H","y","d","ENSEMBLE-CMIP6","Bias","MeanState","global","scalar","1","-0.00432698","125.0"
"H","y","d","ENSEMBLE-CMIP6","Bias Score","MeanState","global","score","1","0.518242","125.0"
"H","y","d","ENSEMBLE-CMIP6","Overall Score","MeanState","global","score","1","0.733447","125.0"
"H","y","d","ENSEMBLE-CMIP6","Benchmark Period Mean (intersection)","MeanState","global","scalar","1","0.486458","125.0"
"H","y","d","ENSEMBLE-CMIP6","Benchmark Period Mean (complement)","MeanState","global","scalar","1","0.321923","125.0"
"H","y","d","ENSEMBLE-CMIP6","Period Mean (original grids)","MeanState","global","scalar","1","0.571673","125.0"
"H","y","d","ENSEMBLE-CMIP6","Model Period Mean (intersection)","MeanState","global","scalar","1","0.527527","125.0"
"H","y","d","ENSEMBLE-CMIP6","Model Period Mean (complement)","MeanState","global","scalar","1","0.719624","125.0"
"H","y","d","ENSEMBLE-CMIP6","Spatial Distribution Score","MeanState","global","score","1","0.97555","125.0"
"H","y","d","ENSEMBLE-CMIP6","Phase Shift","MeanState","global","scalar","months","1.68983","125.0"
"H","y","d","ENSEMBLE-CMIP6","Seasonal Cycle Score","MeanState","global","score","1","0.757262","125.0"
"H","y","d","ENSEMBLE-CMIP6","Bias","MeanState","global","scalar","1","0.0415045","125.0"
"H","y","d","ENSEMBLE-CMIP6","Bias Score","MeanState","global","score","1","0.665388","125.0"
"H","y","d","ENSEMBLE-CMIP6","Overall Score","MeanState","global","score","1","0.7994","125.0"
"H","y","d","ACCESS-ESM1-5","Benchmark Period Mean (intersection)","MeanState","global","scalar","1","0.486515","125.0"
"H","y","d","ACCESS-ESM1-5","Benchmark Period Mean (complement)","MeanState","global","scalar","1","0.320561","125.0"
"H","y","d","ACCESS-ESM1-5","Period Mean (original grids)","MeanState","global","scalar","1","0.603209","125.0"
"H","y","d","ACCESS-ESM1-5","Model Period Mean (intersection)","MeanState","global","scalar","1","0.562264","125.0"
"H","y","d","ACCESS-ESM1-5","Model Period Mean (complement)","MeanState","global","scalar","1","0.746985","125.0"
"H","y","d","ACCESS-ESM1-5","Spatial Distribution Score","MeanState","global","score","1","0.97688","125.0"
"H","y","d","ACCESS-ESM1-5","Phase Shift","MeanState","global","scalar","months","2.0912","125.0"
"H","y","d","ACCESS-ESM1-5","Seasonal Cycle Score","MeanState","global","score","1","0.674763","125.0"
"H","y","d","ACCESS-ESM1-5","Bias","MeanState","global","scalar","1","0.0766639","125.0"
"H","y","d","ACCESS-ESM1-5","Bias Score","MeanState","global","score","1","0.552374","125.0"
"H","y","d","ACCESS-ESM1-5","Overall Score","MeanState","global","score","1","0.734673","125.0"
"H","y","d","UKESM1-0-LL","Benchmark Period Mean (intersection)","MeanState","global","scalar","1","0.486467","125.0"
"H","y","d","UKESM1-0-LL","Benchmark Period Mean (complement)","MeanState","global","scalar","1","0.234617","125.0"
"H","y","d","UKESM1-0-LL","Period Mean (original grids)","MeanState","global","scalar","1","0.565427","125.0"
"H","y","d","UKESM1-0-LL","Model Period Mean (intersection)","MeanState","global","scalar","1","0.515576","125.0"
"H","y","d","UKESM1-0-LL","Model Period Mean (complement)","MeanState","global","scalar","1","0.718575","125.0"
"H","y","d","UKESM1-0-LL","Spatial Distribution Score","MeanState","global","score","1","0.981736","125.0"
"H","y","d","UKESM1-0-LL","Phase Shift","MeanState","global","scalar","months","2.02807","125.0"
"H","y","d","UKESM1-0-LL","Seasonal Cycle Score","MeanState","global","score","1","0.700769","125.0"
"H","y","d","UKESM1-0-LL","Bias","MeanState","global","scalar","1","0.0295767","125.0"
"H","y","d","UKESM1-0-LL","Bias Score","MeanState","global","score","1","0.635168","125.0"
"H","y","d","UKESM1-0-LL","Overall Score","MeanState","global","score","1","0.772558","125.0"
"H","y","d","NorESM2-LM","Benchmark Period Mean (intersection)","MeanState","global","scalar","1","0.486613","125.0"
"H","y","d","NorESM2-LM","Benchmark Period Mean (complement)","MeanState","global","scalar","1","0.302612","125.0"
"H","y","d","NorESM2-LM","Period Mean (original grids)","MeanState","global","scalar","1","0.523913","125.0"
"H","y","d","NorESM2-LM","Model Period Mean (intersection)","MeanState","global","scalar","1","0.477803","125.0"
"H","y","d","NorESM2-LM","Model Period Mean (complement)","MeanState","global","scalar","1","0.677957","125.0"
"H","y","d","NorESM2-LM","Spatial Distribution Score","MeanState","global","score","1","0.96966","125.0"
"H","y","d","NorESM2-LM","Phase Shift","MeanState","global","scalar","months","2.17943","125.0"
"H","y","d","NorESM2-LM","Seasonal Cycle Score","MeanState","global","score","1","0.668879","125.0"
"H","y","d","NorESM2-LM","Bias","MeanState","global","scalar","1","-0.00820697","125.0"
"H","y","d","NorESM2-LM","Bias Score","MeanState","global","score","1","0.567169","125.0"
"H","y","d","NorESM2-LM","Overall Score","MeanState","global","score","1","0.735236","125.0"
"H","y","d","CESM2","Benchmark Period Mean (intersection)","MeanState","global","scalar","1","0.486488","125.0"
"H","y","d","CESM2","Benchmark Period Mean (complement)","MeanState","global","scalar","1","0.265796","125.0"
"H","y","d","CESM2","Period Mean (original grids)","MeanState","global","scalar","1","0.528007","125.0"
"H","y","d","CESM2","Model Period Mean (intersection)","MeanState","global","scalar","1","0.479323","125.0"
"H","y","d","CESM2","Model Period Mean (complement)","MeanState","global","scalar","1","0.69051","125.0"
"H","y","d","CESM2","Spatial Distribution Score","MeanState","global","score","1","0.960775","125.0"
"H","y","d","CESM2","Phase Shift","MeanState","global","scalar","months","2.26571","125.0"
"H","y","d","CESM2","Seasonal Cycle Score","MeanState","global","score","1","0.67203","125.0"
"H","y","d","CESM2","Bias","MeanState","global","scalar","1","-0.00623127","125.0"
"H","y","d","CESM2","Bias Score","MeanState","global","score","1","0.579465","125.0"
"H","y","d","CESM2","Overall Score","MeanState","global","score","1","0.737423","125.0"
"H","y","d","NorESM2-LM","Benchmark Period Mean (intersection)","MeanState","global","scalar","kg m-2","23.9098","45.0"
"H","y","d","NorESM2-LM","Benchmark Period Mean (complement)","MeanState","global","scalar","kg m-2","nan","45.0"
"H","y","d","NorESM2-LM","Period Mean (original grids)","MeanState","global","scalar","kg m-2","25.7769","45.0"
"H","y","d","NorESM2-LM","Model Period Mean (intersection)","MeanState","global","scalar","kg m-2","30.0463","45.0"
"H","y","d","NorESM2-LM","Model Period Mean (complement)","MeanState","global","scalar","kg m-2","21.0345","45.0"
"H","y","d","NorESM2-LM","Spatial Distribution Score","MeanState","global","score","1","0.631959","45.0"
"H","y","d","NorESM2-LM","Phase Shift","MeanState","global","scalar","months","1.38333","45.0"
"H","y","d","NorESM2-LM","Seasonal Cycle Score","MeanState","global","score","1","0.801732","45.0"
"H","y","d","NorESM2-LM","Bias","MeanState","global","scalar","kg m-2","6.06023","45.0"
"H","y","d","NorESM2-LM","Bias Score","MeanState","global","score","1","0.321823","45.0"
"H","y","d","NorESM2-LM","RMSE","MeanState","global","scalar","kg m-2","8.81608","45.0"
"H","y","d","NorESM2-LM","RMSE Score","MeanState","global","score","1","0.461675","45.0"
"H","y","d","NorESM2-LM","Overall Score","MeanState","global","score","1","0.535773","45.0"
"H","y","d","ACCESS-ESM1-5","Benchmark Period Mean (intersection)","MeanState","global","scalar","kg m-2","23.9114","45.0"
"H","y","d","ACCESS-ESM1-5","Benchmark Period Mean (complement)","MeanState","global","scalar","kg m-2","22.6773","45.0"
"H","y","d","ACCESS-ESM1-5","Period Mean (original grids)","MeanState","global","scalar","kg m-2","20.6324","45.0"
"H","y","d","ACCESS-ESM1-5","Model Period Mean (intersection)","MeanState","global","scalar","kg m-2","19.8974","45.0"
"H","y","d","ACCESS-ESM1-5","Model Period Mean (complement)","MeanState","global","scalar","kg m-2","28.5102","45.0"
"H","y","d","ACCESS-ESM1-5","Spatial Distribution Score","MeanState","global","score","1","0.982618","45.0"
"H","y","d","ACCESS-ESM1-5","Phase Shift","MeanState","global","scalar","months","1.76685","45.0"
"H","y","d","ACCESS-ESM1-5","Seasonal Cycle Score","MeanState","global","score","1","0.742772","45.0"
"H","y","d","ACCESS-ESM1-5","Bias","MeanState","global","scalar","kg m-2","-4.01453","45.0"
"H","y","d","ACCESS-ESM1-5","Bias Score","MeanState","global","score","1","0.309064","45.0"
"H","y","d","ACCESS-ESM1-5","RMSE","MeanState","global","scalar","kg m-2","6.1084","45.0"
"H","y","d","ACCESS-ESM1-5","RMSE Score","MeanState","global","score","1","0.545668","45.0"
"H","y","d","ACCESS-ESM1-5","Overall Score","MeanState","global","score","1","0.625158","45.0"
"H","y","d","UKESM1-0-LL","Benchmark Period Mean (intersection)","MeanState","global","scalar","kg m-2","23.9141","45.0"
"H","y","d","UKESM1-0-LL","Benchmark Period Mean (complement)","MeanState","global","scalar","kg m-2","21.1178","45.0"
"H","y","d","UKESM1-0-LL","Period Mean (original grids)","MeanState","global","scalar","kg m-2","19.0838","45.0"
"H","y","d","UKESM1-0-LL","Model Period Mean (intersection)","MeanState","global","scalar","kg m-2","20.7876","45.0"
"H","y","d","UKESM1-0-LL","Model Period Mean (complement)","MeanState","global","scalar","kg m-2","13.4106","45.0"
"H","y","d","UKESM1-0-LL","Spatial Distribution Score","MeanState","global","score","1","0.841257","45.0"
"H","y","d","UKESM1-0-LL","Phase Shift","MeanState","global","scalar","months","1.45889","45.0"
"H","y","d","UKESM1-0-LL","Seasonal Cycle Score","MeanState","global","score","1","0.794726","45.0"
"H","y","d","UKESM1-0-LL","Bias","MeanState","global","scalar","kg m-2","-3.12675","45.0"
"H","y","d","UKESM1-0-LL","Bias Score","MeanState","global","score","1","0.275073","45.0"
"H","y","d","UKESM1-0-LL","RMSE","MeanState","global","scalar","kg m-2","7.43998","45.0"
"H","y","d","UKESM1-0-LL","RMSE Score","MeanState","global","score","1","0.466192","45.0"
"H","y","d","UKESM1-0-LL","Overall Score","MeanState","global","score","1","0.568688","45.0"
"H","y","d","CESM2","Benchmark Period Mean (intersection)","MeanState","global","scalar","kg m-2","23.9161","45.0"
"H","y","d","CESM2","Benchmark Period Mean (complement)","MeanState","global","scalar","kg m-2","18.7548","45.0"
"H","y","d","CESM2","Period Mean (original grids)","MeanState","global","scalar","kg m-2","28.1446","45.0"
"H","y","d","CESM2","Model Period Mean (intersection)","MeanState","global","scalar","kg m-2","30.0427","45.0"
"H","y","d","CESM2","Model Period Mean (complement)","MeanState","global","scalar","kg m-2","32.7043","45.0"
"H","y","d","CESM2","Spatial Distribution Score","MeanState","global","score","1","0.657518","45.0"
"H","y","d","CESM2","Phase Shift","MeanState","global","scalar","months","1.28898","45.0"
"H","y","d","CESM2","Seasonal Cycle Score","MeanState","global","score","1","0.815257","45.0"
"H","y","d","CESM2","Bias","MeanState","global","scalar","kg m-2","6.11897","45.0"
"H","y","d","CESM2","Bias Score","MeanState","global","score","1","0.332009","45.0"
"H","y","d","CESM2","RMSE","MeanState","global","scalar","kg m-2","8.37701","45.0"
"H","y","d","CESM2","RMSE Score","MeanState","global","score","1","0.475293","45.0"
"H","y","d","CESM2","Overall Score","MeanState","global","score","1","0.551074","45.0"
"H","y","d","ENSEMBLE-CMIP6","Benchmark Period Mean (intersection)","MeanState","global","scalar","kg m-2","23.9098","45.0"
"H","y","d","ENSEMBLE-CMIP6","Benchmark Period Mean (complement)","MeanState","global","scalar","kg m-2","nan","45.0"
"H","y","d","ENSEMBLE-CMIP6","Period Mean (original grids)","MeanState","global","scalar","kg m-2","22.6581","45.0"
"H","y","d","ENSEMBLE-CMIP6","Model Period Mean (intersection)","MeanState","global","scalar","kg m-2","22.4514","45.0"
"H","y","d","ENSEMBLE-CMIP6","Model Period Mean (complement)","MeanState","global","scalar","kg m-2","22.6248","45.0"
"H","y","d","ENSEMBLE-CMIP6","Spatial Distribution Score","MeanState","global","score","1","0.989188","45.0"
"H","y","d","ENSEMBLE-CMIP6","Phase Shift","MeanState","global","scalar","months","0.921722","45.0"
"H","y","d","ENSEMBLE-CMIP6","Seasonal Cycle Score","MeanState","global","score","1","0.878188","45.0"
"H","y","d","ENSEMBLE-CMIP6","Bias","MeanState","global","scalar","kg m-2","-1.47131","45.0"
"H","y","d","ENSEMBLE-CMIP6","Bias Score","MeanState","global","score","1","0.447415","45.0"
"H","y","d","ENSEMBLE-CMIP6","RMSE","MeanState","global","scalar","kg m-2","4.13799","45.0"
"H","y","d","ENSEMBLE-CMIP6","RMSE Score","MeanState","global","score","1","0.601022","45.0"
"H","y","d","ENSEMBLE-CMIP6","Overall Score","MeanState","global","score","1","0.703367","45.0"
"H","y","d","NorESM2-LM","Total Area","MeanState","global","scalar","1e6 km2","18.6915","1.0"
"H","y","d","NorESM2-LM","Overlap Continuous Area","MeanState","global","scalar","1e6 km2","9.7277","1.0"
"H","y","d","NorESM2-LM","Overlap Discontinuous Area","MeanState","global","scalar","1e6 km2","2.08873","1.0"
"H","y","d","NorESM2-LM","Missed Continuous Area","MeanState","global","scalar","1e6 km2","1.30699","1.0"
"H","y","d","NorESM2-LM","Missed Discontinuous Area","MeanState","global","scalar","1e6 km2","2.34572","1.0"
"H","y","d","NorESM2-LM","Excess Area","MeanState","global","scalar","1e6 km2","7.13061","1.0"
"H","y","d","NorESM2-LM","Missed Continuous Score","MeanState","global","score","1","0.881556","1.0"
"H","y","d","NorESM2-LM","Missed Discontinuous Score","MeanState","global","score","1","0.471023","1.0"
"H","y","d","NorESM2-LM","Excess Score","MeanState","global","score","1","0.520434","1.0"
"H","y","d","NorESM2-LM","Overall Score","MeanState","global","score","1","0.632573","1.0"
"H","y","d","ACCESS-ESM1-5","Total Area","MeanState","global","scalar","1e6 km2","18.3051","1.0"
"H","y","d","ACCESS-ESM1-5","Overlap Continuous Area","MeanState","global","scalar","1e6 km2","10.6343","1.0"
"H","y","d","ACCESS-ESM1-5","Overlap Discontinuous Area","MeanState","global","scalar","1e6 km2","2.91834","1.0"
"H","y","d","ACCESS-ESM1-5","Missed Continuous Area","MeanState","global","scalar","1e6 km2","0.396019","1.0"
"H","y","d","ACCESS-ESM1-5","Missed Discontinuous Area","MeanState","global","scalar","1e6 km2","1.51652","1.0"
"H","y","d","ACCESS-ESM1-5","Excess Area","MeanState","global","scalar","1e6 km2","5.00511","1.0"
"H","y","d","ACCESS-ESM1-5","Missed Continuous Score","MeanState","global","score","1","0.964097","1.0"
"H","y","d","ACCESS-ESM1-5","Missed Discontinuous Score","MeanState","global","score","1","0.658045","1.0"
"H","y","d","ACCESS-ESM1-5","Excess Score","MeanState","global","score","1","0.580945","1.0"
"H","y","d","ACCESS-ESM1-5","Overall Score","MeanState","global","score","1","0.721512","1.0"
"H","y","d","CESM2","Total Area","MeanState","global","scalar","1e6 km2","15.9811","1.0"
"H","y","d","CESM2","Overlap Continuous Area","MeanState","global","scalar","1e6 km2","9.36867","1.0"
"H","y","d","CESM2","Overlap Discontinuous Area","MeanState","global","scalar","1e6 km2","1.80227","1.0"
"H","y","d","CESM2","Missed Continuous Area","MeanState","global","scalar","1e6 km2","1.68751","1.0"
"H","y","d","CESM2","Missed Discontinuous Area","MeanState","global","scalar","1e6 km2","2.6299","1.0"
"H","y","d","CESM2","Excess Area","MeanState","global","scalar","1e6 km2","4.95792","1.0"
"H","y","d","CESM2","Missed Continuous Score","MeanState","global","score","1","0.847369","1.0"
"H","y","d","CESM2","Missed Discontinuous Score","MeanState","global","score","1","0.406634","1.0"
"H","y","d","CESM2","Excess Score","MeanState","global","score","1","0.586235","1.0"
"H","y","d","CESM2","Overall Score","MeanState","global","score","1","0.643346","1.0"
"H","y","d","UKESM1-0-LL","Total Area","MeanState","global","scalar","1e6 km2","20.0017","1.0"
"H","y","d","UKESM1-0-LL","Overlap Continuous Area","MeanState","global","scalar","1e6 km2","10.6487","1.0"
"H","y","d","UKESM1-0-LL","Overlap Discontinuous Area","MeanState","global","scalar","1e6 km2","3.26297","1.0"
"H","y","d","UKESM1-0-LL","Missed Continuous Area","MeanState","global","scalar","1e6 km2","0.39217","1.0"
"H","y","d","UKESM1-0-LL","Missed Discontinuous Area","MeanState","global","scalar","1e6 km2","1.18014","1.0"
"H","y","d","UKESM1-0-LL","Excess Area","MeanState","global","scalar","1e6 km2","6.27554","1.0"
"H","y","d","UKESM1-0-LL","Missed Continuous Score","MeanState","global","score","1","0.96448","1.0"
"H","y","d","UKESM1-0-LL","Missed Discontinuous Score","MeanState","global","score","1","0.734388","1.0"
"H","y","d","UKESM1-0-LL","Excess Score","MeanState","global","score","1","0.532393","1.0"
"H","y","d","UKESM1-0-LL","Overall Score","MeanState","global","score","1","0.710088","1.0"
"H","y","d","NorESM2-LM","Total Area","MeanState","global","scalar","1e6 km2","17.1365","1.0"
"H","y","d","NorESM2-LM","Overlap Continuous Area","MeanState","global","scalar","1e6 km2","9.45916","1.0"
"H","y","d","NorESM2-LM","Overlap Discontinuous Area","MeanState","global","scalar","1e6 km2","1.83272","1.0"
"H","y","d","NorESM2-LM","Missed Continuous Area","MeanState","global","scalar","1e6 km2","2.03919","1.0"
"H","y","d","NorESM2-LM","Missed Discontinuous Area","MeanState","global","scalar","1e6 km2","1.8732","1.0"
"H","y","d","NorESM2-LM","Excess Area","MeanState","global","scalar","1e6 km2","6.10967","1.0"
"H","y","d","NorESM2-LM","Missed Continuous Score","MeanState","global","score","1","0.822653","1.0"
"H","y","d","NorESM2-LM","Missed Discontinuous Score","MeanState","global","score","1","0.494538","1.0"
"H","y","d","NorESM2-LM","Excess Score","MeanState","global","score","1","0.55199","1.0"
"H","y","d","NorESM2-LM","Overall Score","MeanState","global","score","1","0.632636","1.0"
"H","y","d","UKESM1-0-LL","Total Area","MeanState","global","scalar","1e6 km2","17.9102","1.0"
"H","y","d","UKESM1-0-LL","Overlap Continuous Area","MeanState","global","scalar","1e6 km2","10.8821","1.0"
"H","y","d","UKESM1-0-LL","Overlap Discontinuous Area","MeanState","global","scalar","1e6 km2","2.58342","1.0"
"H","y","d","UKESM1-0-LL","Missed Continuous Area","MeanState","global","scalar","1e6 km2","0.621044","1.0"
"H","y","d","UKESM1-0-LL","Missed Discontinuous Area","MeanState","global","scalar","1e6 km2","1.12414","1.0"
"H","y","d","UKESM1-0-LL","Excess Area","MeanState","global","scalar","1e6 km2","4.60698","1.0"
"H","y","d","UKESM1-0-LL","Missed Continuous Score","MeanState","global","score","1","0.946011","1.0"
"H","y","d","UKESM1-0-LL","Missed Discontinuous Score","MeanState","global","score","1","0.696797","1.0"
"H","y","d","UKESM1-0-LL","Excess Score","MeanState","global","score","1","0.607591","1.0"
"H","y","d","UKESM1-0-LL","Overall Score","MeanState","global","score","1","0.735265","1.0"
"H","y","d","CESM2","Total Area","MeanState","global","scalar","1e6 km2","14.8807","1.0"
"H","y","d","CESM2","Overlap Continuous Area","MeanState","global","scalar","1e6 km2","9.32527","1.0"
"H","y","d","CESM2","Overlap Discontinuous Area","MeanState","global","scalar","1e6 km2","1.73246","1.0"
"H","y","d","CESM2","Missed Continuous Area","MeanState","global","scalar","1e6 km2","2.17903","1.0"
"H","y","d","CESM2","Missed Discontinuous Area","MeanState","global","scalar","1e6 km2","1.9749","1.0"
"H","y","d","CESM2","Excess Area","MeanState","global","scalar","1e6 km2","4.00955","1.0"
"H","y","d","CESM2","Missed Continuous Score","MeanState","global","score","1","0.81059","1.0"
"H","y","d","CESM2","Missed Discontinuous Score","MeanState","global","score","1","0.467303","1.0"
"H","y","d","CESM2","Excess Score","MeanState","global","score","1","0.62667","1.0"
"H","y","d","CESM2","Overall Score","MeanState","global","score","1","0.661415","1.0"
"H","y","d","ACCESS-ESM1-5","Total Area","MeanState","global","scalar","1e6 km2","14.9616","1.0"
"H","y","d","ACCESS-ESM1-5","Overlap Continuous Area","MeanState","global","scalar","1e6 km2","10.1021","1.0"
"H","y","d","ACCESS-ESM1-5","Overlap Discontinuous Area","MeanState","global","scalar","1e6 km2","1.94565","1.0"
"H","y","d","ACCESS-ESM1-5","Missed Continuous Area","MeanState","global","scalar","1e6 km2","1.39958","1.0"
"H","y","d","ACCESS-ESM1-5","Missed Discontinuous Area","MeanState","global","scalar","1e6 km2","1.75951","1.0"
"H","y","d","ACCESS-ESM1-5","Excess Area","MeanState","global","scalar","1e6 km2","3.14868","1.0"
"H","y","d","ACCESS-ESM1-5","Missed Continuous Score","MeanState","global","score","1","0.878316","1.0"
"H","y","d","ACCESS-ESM1-5","Missed Discontinuous Score","MeanState","global","score","1","0.525119","1.0"
"H","y","d","ACCESS-ESM1-5","Excess Score","MeanState","global","score","1","0.675204","1.0"
"H","y","d","ACCESS-ESM1-5","Overall Score","MeanState","global","score","1","0.717894","1.0"
"H","y","d","NorESM2-LM","Benchmark Period Mean (intersection)","MeanState","global","scalar","W m-2","39.788","45.0"
"H","y","d","NorESM2-LM","Benchmark Period Mean (complement)","MeanState","global","scalar","W m-2","nan","45.0"
"H","y","d","NorESM2-LM","Period Mean (original grids)","MeanState","global","scalar","W m-2","49.2003","45.0"
"H","y","d","NorESM2-LM","Model Period Mean (intersection)","MeanState","global","scalar","W m-2","43.8375","45.0"
"H","y","d","NorESM2-LM","Model Period Mean (complement)","MeanState","global","scalar","W m-2","48.1478","45.0"
"H","y","d","NorESM2-LM","Spatial Distribution Score","MeanState","global","score","1","0.930561","45.0"
"H","y","d","NorESM2-LM","Phase Shift","MeanState","global","scalar","months","1.35159","45.0"
"H","y","d","NorESM2-LM","Seasonal Cycle Score","MeanState","global","score","1","0.782175","45.0"
"H","y","d","NorESM2-LM","Bias","MeanState","global","scalar","W m-2","4.37092","45.0"
"H","y","d","NorESM2-LM","Bias Score","MeanState","global","score","1","0.610093","45.0"
"H","y","d","NorESM2-LM","RMSE","MeanState","global","scalar","W m-2","15.9774","45.0"
"H","y","d","NorESM2-LM","RMSE Score","MeanState","global","score","1","0.550111","45.0"
"H","y","d","NorESM2-LM","Overall Score","MeanState","global","score","1","0.68461","45.0"
"H","y","d","ENSEMBLE-CMIP6","Benchmark Period Mean (intersection)","MeanState","global","scalar","W m-2","39.788","45.0"
"H","y","d","ENSEMBLE-CMIP6","Benchmark Period Mean (complement)","MeanState","global","scalar","W m-2","nan","45.0"
"H","y","d","ENSEMBLE-CMIP6","Period Mean (original grids)","MeanState","global","scalar","W m-2","49.5568","45.0"
"H","y","d","ENSEMBLE-CMIP6","Model Period Mean (intersection)","MeanState","global","scalar","W m-2","49.5934","45.0"
"H","y","d","ENSEMBLE-CMIP6","Model Period Mean (complement)","MeanState","global","scalar","W m-2","50.0937","45.0"
"H","y","d","ENSEMBLE-CMIP6","Spatial Distribution Score","MeanState","global","score","1","0.933165","45.0"
"H","y","d","ENSEMBLE-CMIP6","Phase Shift","MeanState","global","scalar","months","1.19078","45.0"
"H","y","d","ENSEMBLE-CMIP6","Seasonal Cycle Score","MeanState","global","score","1","0.799603","45.0"
"H","y","d","ENSEMBLE-CMIP6","Bias","MeanState","global","scalar","W m-2","10.1296","45.0"
"H","y","d","ENSEMBLE-CMIP6","Bias Score","MeanState","global","score","1","0.565562","45.0"
"H","y","d","ENSEMBLE-CMIP6","RMSE","MeanState","global","scalar","W m-2","14.9784","45.0"
"H","y","d","ENSEMBLE-CMIP6","RMSE Score","MeanState","global","score","1","0.615295","45.0"
"H","y","d","ENSEMBLE-CMIP6","Overall Score","MeanState","global","score","1","0.705784","45.0"
"H","y","d","ACCESS-ESM1-5","Benchmark Period Mean (intersection)","MeanState","global","scalar","W m-2","39.788","45.0"
"H","y","d","ACCESS-ESM1-5","Benchmark Period Mean (complement)","MeanState","global","scalar","W m-2","nan","45.0"
"H","y","d","ACCESS-ESM1-5","Period Mean (original grids)","MeanState","global","scalar","W m-2","60.3976","45.0"
"H","y","d","ACCESS-ESM1-5","Model Period Mean (intersection)","MeanState","global","scalar","W m-2","55.7274","45.0"
"H","y","d","ACCESS-ESM1-5","Model Period Mean (complement)","MeanState","global","scalar","W m-2","52.3633","45.0"
"H","y","d","ACCESS-ESM1-5","Spatial Distribution Score","MeanState","global","score","1","0.880931","45.0"
"H","y","d","ACCESS-ESM1-5","Phase Shift","MeanState","global","scalar","months","1.37311","45.0"
"H","y","d","ACCESS-ESM1-5","Seasonal Cycle Score","MeanState","global","score","1","0.799444","45.0"
"H","y","d","ACCESS-ESM1-5","Bias","MeanState","global","scalar","W m-2","16.3898","45.0"
"H","y","d","ACCESS-ESM1-5","Bias Score","MeanState","global","score","1","0.411125","45.0"
"H","y","d","ACCESS-ESM1-5","RMSE","MeanState","global","scalar","W m-2","24.8157","45.0"
"H","y","d","ACCESS-ESM1-5","RMSE Score","MeanState","global","score","1","0.483937","45.0"
"H","y","d","ACCESS-ESM1-5","Overall Score","MeanState","global","score","1","0.611875","45.0"
"H","y","d","CESM2","Benchmark Period Mean (intersection)","MeanState","global","scalar","W m-2","39.788","45.0"
"H","y","d","CESM2","Benchmark Period Mean (complement)","MeanState","global","scalar","W m-2","nan","45.0"
"H","y","d","CESM2","Period Mean (original grids)","MeanState","global","scalar","W m-2","49.2059","45.0"
"H","y","d","CESM2","Model Period Mean (intersection)","MeanState","global","scalar","W m-2","43.4605","45.0"
"H","y","d","CESM2","Model Period Mean (complement)","MeanState","global","scalar","W m-2","51.3161","45.0"
"H","y","d","CESM2","Spatial Distribution Score","MeanState","global","score","1","0.944149","45.0"
"H","y","d","CESM2","Phase Shift","MeanState","global","scalar","months","1.28375","45.0"
"H","y","d","CESM2","Seasonal Cycle Score","MeanState","global","score","1","0.782807","45.0"
"H","y","d","CESM2","Bias","MeanState","global","scalar","W m-2","4.24135","45.0"
"H","y","d","CESM2","Bias Score","MeanState","global","score","1","0.607371","45.0"
"H","y","d","CESM2","RMSE","MeanState","global","scalar","W m-2","15.4472","45.0"
"H","y","d","CESM2","RMSE Score","MeanState","global","score","1","0.554365","45.0"
"H","y","d","CESM2","Overall Score","MeanState","global","score","1","0.688612","45.0"
"H","y","d","UKESM1-0-LL","Benchmark Period Mean (intersection)","MeanState","global","scalar","W m-2","39.788","45.0"
"H","y","d","UKESM1-0-LL","Benchmark Period Mean (complement)","MeanState","global","scalar","W m-2","nan","45.0"
"H","y","d","UKESM1-0-LL","Period Mean (original grids)","MeanState","global","scalar","W m-2","52.6494","45.0"
"H","y","d","UKESM1-0-LL","Model Period Mean (intersection)","MeanState","global","scalar","W m-2","47.1453","45.0"
"H","y","d","UKESM1-0-LL","Model Period Mean (complement)","MeanState","global","scalar","W m-2","51.727","45.0"
"H","y","d","UKESM1-0-LL","Spatial Distribution Score","MeanState","global","score","1","0.878436","45.0"
"H","y","d","UKESM1-0-LL","Phase Shift","MeanState","global","scalar","months","1.25978","45.0"
"H","y","d","UKESM1-0-LL","Seasonal Cycle Score","MeanState","global","score","1","0.780491","45.0"
"H","y","d","UKESM1-0-LL","Bias","MeanState","global","scalar","W m-2","7.67771","45.0"
"H","y","d","UKESM1-0-LL","Bias Score","MeanState","global","score","1","0.523642","45.0"
"H","y","d","UKESM1-0-LL","RMSE","MeanState","global","scalar","W m-2","18.0238","45.0"
"H","y","d","UKESM1-0-LL","RMSE Score","MeanState","global","score","1","0.54011","45.0"
"H","y","d","UKESM1-0-LL","Overall Score","MeanState","global","score","1","0.652558","45.0"
"H","y","d","NorESM2-LM","Benchmark Period Mean (intersection)","MeanState","global","scalar","W m-2","31.8057","75.0"
"H","y","d","NorESM2-LM","Benchmark Period Mean (complement)","MeanState","global","scalar","W m-2","nan","75.0"
"H","y","d","NorESM2-LM","Period Mean (original grids)","MeanState","global","scalar","W m-2","49.1956","75.0"
"H","y","d","NorESM2-LM","Model Period Mean (intersection)","MeanState","global","scalar","W m-2","38.2812","75.0"
"H","y","d","NorESM2-LM","Model Period Mean (complement)","MeanState","global","scalar","W m-2","74.4053","75.0"
"H","y","d","NorESM2-LM","Spatial Distribution Score","MeanState","global","score","1","0.94563","75.0"
"H","y","d","NorESM2-LM","Phase Shift","MeanState","global","scalar","months","1.13227","75.0"
"H","y","d","NorESM2-LM","Seasonal Cycle Score","MeanState","global","score","1","0.799447","75.0"
"H","y","d","NorESM2-LM","Bias","MeanState","global","scalar","W m-2","6.56948","75.0"
"H","y","d","NorESM2-LM","Bias Score","MeanState","global","score","1","0.558085","75.0"
"H","y","d","NorESM2-LM","RMSE","MeanState","global","scalar","W m-2","13.9977","75.0"
"H","y","d","NorESM2-LM","RMSE Score","MeanState","global","score","1","0.50178","75.0"
"H","y","d","NorESM2-LM","Overall Score","MeanState","global","score","1","0.661344","75.0"
"H","y","d","CESM2","Benchmark Period Mean (intersection)","MeanState","global","scalar","W m-2","31.8057","75.0"
"H","y","d","CESM2","Benchmark Period Mean (complement)","MeanState","global","scalar","W m-2","nan","75.0"
"H","y","d","CESM2","Period Mean (original grids)","MeanState","global","scalar","W m-2","49.3563","75.0"
"H","y","d","CESM2","Model Period Mean (intersection)","MeanState","global","scalar","W m-2","38.0066","75.0"
"H","y","d","CESM2","Model Period Mean (complement)","MeanState","global","scalar","W m-2","79.0933","75.0"
"H","y","d","CESM2","Spatial Distribution Score","MeanState","global","score","1","0.959926","75.0"
"H","y","d","CESM2","Phase Shift","MeanState","global","scalar","months","1.11808","75.0"
"H","y","d","CESM2","Seasonal Cycle Score","MeanState","global","score","1","0.807173","75.0"
"H","y","d","CESM2","Bias","MeanState","global","scalar","W m-2","6.3448","75.0"
"H","y","d","CESM2","Bias Score","MeanState","global","score","1","0.552493","75.0"
"H","y","d","CESM2","RMSE","MeanState","global","scalar","W m-2","13.5073","75.0"
"H","y","d","CESM2","RMSE Score","MeanState","global","score","1","0.506778","75.0"
"H","y","d","CESM2","Overall Score","MeanState","global","score","1","0.66663","75.0"
"H","y","d","ACCESS-ESM1-5","Benchmark Period Mean (intersection)","MeanState","global","scalar","W m-2","31.8057","75.0"
"H","y","d","ACCESS-ESM1-5","Benchmark Period Mean (complement)","MeanState","global","scalar","W m-2","nan","75.0"
"H","y","d","ACCESS-ESM1-5","Period Mean (original grids)","MeanState","global","scalar","W m-2","60.3825","75.0"
"H","y","d","ACCESS-ESM1-5","Model Period Mean (intersection)","MeanState","global","scalar","W m-2","48.8449","75.0"
"H","y","d","ACCESS-ESM1-5","Model Period Mean (complement)","MeanState","global","scalar","W m-2","82.1577","75.0"
"H","y","d","ACCESS-ESM1-5","Spatial Distribution Score","MeanState","global","score","1","0.861942","75.0"
"H","y","d","ACCESS-ESM1-5","Phase Shift","MeanState","global","scalar","months","1.25172","75.0"
"H","y","d","ACCESS-ESM1-5","Seasonal Cycle Score","MeanState","global","score","1","0.789807","75.0"
"H","y","d","ACCESS-ESM1-5","Bias","MeanState","global","scalar","W m-2","17.1507","75.0"
"H","y","d","ACCESS-ESM1-5","Bias Score","MeanState","global","score","1","0.313124","75.0"
"H","y","d","ACCESS-ESM1-5","RMSE","MeanState","global","scalar","W m-2","24.107","75.0"
"H","y","d","ACCESS-ESM1-5","RMSE Score","MeanState","global","score","1","0.38944","75.0"
"H","y","d","ACCESS-ESM1-5","Overall Score","MeanState","global","score","1","0.548751","75.0"
"H","y","d","ENSEMBLE-CMIP6","Benchmark Period Mean (intersection)","MeanState","global","scalar","W m-2","31.8057","75.0"
"H","y","d","ENSEMBLE-CMIP6","Benchmark Period Mean (complement)","MeanState","global","scalar","W m-2","nan","75.0"
"H","y","d","ENSEMBLE-CMIP6","Period Mean (original grids)","MeanState","global","scalar","W m-2","49.4297","75.0"
"H","y","d","ENSEMBLE-CMIP6","Model Period Mean (intersection)","MeanState","global","scalar","W m-2","43.5825","75.0"
"H","y","d","ENSEMBLE-CMIP6","Model Period Mean (complement)","MeanState","global","scalar","W m-2","77.2851","75.0"
"H","y","d","ENSEMBLE-CMIP6","Spatial Distribution Score","MeanState","global","score","1","0.932444","75.0"
"H","y","d","ENSEMBLE-CMIP6","Phase Shift","MeanState","global","scalar","months","0.917513","75.0"
"H","y","d","ENSEMBLE-CMIP6","Seasonal Cycle Score","MeanState","global","score","1","0.837108","75.0"
"H","y","d","ENSEMBLE-CMIP6","Bias","MeanState","global","scalar","W m-2","11.8294","75.0"
"H","y","d","ENSEMBLE-CMIP6","Bias Score","MeanState","global","score","1","0.446657","75.0"
"H","y","d","ENSEMBLE-CMIP6","RMSE","MeanState","global","scalar","W m-2","14.9809","75.0"
"H","y","d","ENSEMBLE-CMIP6","RMSE Score","MeanState","global","score","1","0.559334","75.0"
"H","y","d","ENSEMBLE-CMIP6","Overall Score","MeanState","global","score","1","0.666975","75.0"
"H","y","d","UKESM1-0-LL","Benchmark Period Mean (intersection)","MeanState","global","scalar","W m-2","31.8057","75.0"
"H","y","d","UKESM1-0-LL","Benchmark Period Mean (complement)","MeanState","global","scalar","W m-2","nan","75.0"
"H","y","d","UKESM1-0-LL","Period Mean (original grids)","MeanState","global","scalar","W m-2","52.5122","75.0"
"H","y","d","UKESM1-0-LL","Model Period Mean (intersection)","MeanState","global","scalar","W m-2","41.3253","75.0"
"H","y","d","UKESM1-0-LL","Model Period Mean (complement)","MeanState","global","scalar","W m-2","79.4189","75.0"
"H","y","d","UKESM1-0-LL","Spatial Distribution Score","MeanState","global","score","1","0.909331","75.0"
"H","y","d","UKESM1-0-LL","Phase Shift","MeanState","global","scalar","months","1.02114","75.0"
"H","y","d","UKESM1-0-LL","Seasonal Cycle Score","MeanState","global","score","1","0.815756","75.0"
"H","y","d","UKESM1-0-LL","Bias","MeanState","global","scalar","W m-2","9.57622","75.0"
"H","y","d","UKESM1-0-LL","Bias Score","MeanState","global","score","1","0.427455","75.0"
"H","y","d","UKESM1-0-LL","RMSE","MeanState","global","scalar","W m-2","16.5974","75.0"
"H","y","d","UKESM1-0-LL","RMSE Score","MeanState","global","score","1","0.462934","75.0"
"H","y","d","UKESM1-0-LL","Overall Score","MeanState","global","score","1","0.615682","75.0"
"H","y","d","UKESM1-0-LL","Benchmark Period Mean (intersection)","MeanState","global","scalar","watt/m2","48.9328","45.0"
"H","y","d","UKESM1-0-LL","Benchmark Period Mean (complement)","MeanState","global","scalar","watt/m2","nan","45.0"
"H","y","d","UKESM1-0-LL","Period Mean (original grids)","MeanState","global","scalar","watt/m2","52.2872","45.0"
"H","y","d","UKESM1-0-LL","Model Period Mean (intersection)","MeanState","global","scalar","watt/m2","51.6346","45.0"
"H","y","d","UKESM1-0-LL","Model Period Mean (complement)","MeanState","global","scalar","watt/m2","39.02","45.0"
"H","y","d","UKESM1-0-LL","Spatial Distribution Score","MeanState","global","score","1","0.930339","45.0"
"H","y","d","UKESM1-0-LL","Phase Shift","MeanState","global","scalar","months","1.16902","45.0"
"H","y","d","UKESM1-0-LL","Seasonal Cycle Score","MeanState","global","score","1","0.789503","45.0"
"H","y","d","UKESM1-0-LL","Bias","MeanState","global","scalar","watt/m2","2.76497","45.0"
"H","y","d","UKESM1-0-LL","Bias Score","MeanState","global","score","1","0.586953","45.0"
"H","y","d","UKESM1-0-LL","RMSE","MeanState","global","scalar","watt/m2","18.5366","45.0"
"H","y","d","UKESM1-0-LL","RMSE Score","MeanState","global","score","1","0.557042","45.0"
"H","y","d","UKESM1-0-LL","Overall Score","MeanState","global","score","1","0.684176","45.0"
"H","y","d","ENSEMBLE-CMIP6","Benchmark Period Mean (intersection)","MeanState","global","scalar","watt/m2","48.9328","45.0"
"H","y","d","ENSEMBLE-CMIP6","Benchmark Period Mean (complement)","MeanState","global","scalar","watt/m2","nan","45.0"
"H","y","d","ENSEMBLE-CMIP6","Period Mean (original grids)","MeanState","global","scalar","watt/m2","49.1694","45.0"
"H","y","d","ENSEMBLE-CMIP6","Model Period Mean (intersection)","MeanState","global","scalar","watt/m2","54.0072","45.0"
"H","y","d","ENSEMBLE-CMIP6","Model Period Mean (complement)","MeanState","global","scalar","watt/m2","38.5065","45.0"
"H","y","d","ENSEMBLE-CMIP6","Spatial Distribution Score","MeanState","global","score","1","0.970753","45.0"
"H","y","d","ENSEMBLE-CMIP6","Phase Shift","MeanState","global","scalar","months","1.06694","45.0"
"H","y","d","ENSEMBLE-CMIP6","Seasonal Cycle Score","MeanState","global","score","1","0.807379","45.0"
"H","y","d","ENSEMBLE-CMIP6","Bias","MeanState","global","scalar","watt/m2","5.13778","45.0"
"H","y","d","ENSEMBLE-CMIP6","Bias Score","MeanState","global","score","1","0.661176","45.0"
"H","y","d","ENSEMBLE-CMIP6","RMSE","MeanState","global","scalar","watt/m2","14.9916","45.0"
"H","y","d","ENSEMBLE-CMIP6","RMSE Score","MeanState","global","score","1","0.610568","45.0"
"H","y","d","ENSEMBLE-CMIP6","Overall Score","MeanState","global","score","1","0.732089","45.0"
"H","y","d","NorESM2-LM","Benchmark Period Mean (intersection)","MeanState","global","scalar","watt/m2","48.9328","45.0"
"H","y","d","NorESM2-LM","Benchmark Period Mean (complement)","MeanState","global","scalar","watt/m2","nan","45.0"
"H","y","d","NorESM2-LM","Period Mean (original grids)","MeanState","global","scalar","watt/m2","48.86","45.0"
"H","y","d","NorESM2-LM","Model Period Mean (intersection)","MeanState","global","scalar","watt/m2","47.6735","45.0"
"H","y","d","NorESM2-LM","Model Period Mean (complement)","MeanState","global","scalar","watt/m2","36.8037","45.0"
"H","y","d","NorESM2-LM","Spatial Distribution Score","MeanState","global","score","1","0.962593","45.0"
"H","y","d","NorESM2-LM","Phase Shift","MeanState","global","scalar","months","1.20871","45.0"
"H","y","d","NorESM2-LM","Seasonal Cycle Score","MeanState","global","score","1","0.787147","45.0"
"H","y","d","NorESM2-LM","Bias","MeanState","global","scalar","watt/m2","-1.161","45.0"
"H","y","d","NorESM2-LM","Bias Score","MeanState","global","score","1","0.607379","45.0"
"H","y","d","NorESM2-LM","RMSE","MeanState","global","scalar","watt/m2","18.271","45.0"
"H","y","d","NorESM2-LM","RMSE Score","MeanState","global","score","1","0.548598","45.0"
"H","y","d","NorESM2-LM","Overall Score","MeanState","global","score","1","0.690863","45.0"
"H","y","d","CESM2","Benchmark Period Mean (intersection)","MeanState","global","scalar","watt/m2","48.9328","45.0"
"H","y","d","CESM2","Benchmark Period Mean (complement)","MeanState","global","scalar","watt/m2","nan","45.0"
"H","y","d","CESM2","Period Mean (original grids)","MeanState","global","scalar","watt/m2","49.0037","45.0"
"H","y","d","CESM2","Model Period Mean (intersection)","MeanState","global","scalar","watt/m2","47.3042","45.0"
"H","y","d","CESM2","Model Period Mean (complement)","MeanState","global","scalar","watt/m2","39.4638","45.0"
"H","y","d","CESM2","Spatial Distribution Score","MeanState","global","score","1","0.97434","45.0"
"H","y","d","CESM2","Phase Shift","MeanState","global","scalar","months","1.17682","45.0"
"H","y","d","CESM2","Seasonal Cycle Score","MeanState","global","score","1","0.78808","45.0"
"H","y","d","CESM2","Bias","MeanState","global","scalar","watt/m2","-1.43587","45.0"
"H","y","d","CESM2","Bias Score","MeanState","global","score","1","0.646742","45.0"
"H","y","d","CESM2","RMSE","MeanState","global","scalar","watt/m2","16.8452","45.0"
"H","y","d","CESM2","RMSE Score","MeanState","global","score","1","0.554796","45.0"
"H","y","d","CESM2","Overall Score","MeanState","global","score","1","0.703751","45.0"
"H","y","d","ACCESS-ESM1-5","Benchmark Period Mean (intersection)","MeanState","global","scalar","watt/m2","48.9328","45.0"
"H","y","d","ACCESS-ESM1-5","Benchmark Period Mean (complement)","MeanState","global","scalar","watt/m2","nan","45.0"
"H","y","d","ACCESS-ESM1-5","Period Mean (original grids)","MeanState","global","scalar","watt/m2","60.0537","45.0"
"H","y","d","ACCESS-ESM1-5","Model Period Mean (intersection)","MeanState","global","scalar","watt/m2","60.6538","45.0"
"H","y","d","ACCESS-ESM1-5","Model Period Mean (complement)","MeanState","global","scalar","watt/m2","40.0839","45.0"
"H","y","d","ACCESS-ESM1-5","Spatial Distribution Score","MeanState","global","score","1","0.94433","45.0"
"H","y","d","ACCESS-ESM1-5","Phase Shift","MeanState","global","scalar","months","1.2092","45.0"
"H","y","d","ACCESS-ESM1-5","Seasonal Cycle Score","MeanState","global","score","1","0.797921","45.0"
"H","y","d","ACCESS-ESM1-5","Bias","MeanState","global","scalar","watt/m2","11.844","45.0"
"H","y","d","ACCESS-ESM1-5","Bias Score","MeanState","global","score","1","0.482462","45.0"
"H","y","d","ACCESS-ESM1-5","RMSE","MeanState","global","scalar","watt/m2","23.4918","45.0"
"H","y","d","ACCESS-ESM1-5","RMSE Score","MeanState","global","score","1","0.519633","45.0"
"H","y","d","ACCESS-ESM1-5","Overall Score","MeanState","global","score","1","0.652796","45.0"
"H","y","d","ACCESS-ESM1-5","Benchmark Period Mean (intersection)","MeanState","global","scalar","W m-2","47.1462","125.0"
"H","y","d","ACCESS-ESM1-5","Benchmark Period Mean (complement)","MeanState","global","scalar","W m-2","nan","125.0"
"H","y","d","ACCESS-ESM1-5","Period Mean (original grids)","MeanState","global","scalar","W m-2","60.0577","125.0"
"H","y","d","ACCESS-ESM1-5","Model Period Mean (intersection)","MeanState","global","scalar","W m-2","54.1583","125.0"
"H","y","d","ACCESS-ESM1-5","Model Period Mean (complement)","MeanState","global","scalar","W m-2","nan","125.0"
"H","y","d","ACCESS-ESM1-5","Spatial Distribution Score","MeanState","global","score","1","0.962009","125.0"
"H","y","d","ACCESS-ESM1-5","Phase Shift","MeanState","global","scalar","months","1.31445","125.0"
"H","y","d","ACCESS-ESM1-5","Seasonal Cycle Score","MeanState","global","score","1","0.778121","125.0"
"H","y","d","ACCESS-ESM1-5","Bias","MeanState","global","scalar","W m-2","7.03713","125.0"
"H","y","d","ACCESS-ESM1-5","Bias Score","MeanState","global","score","1","0.529228","125.0"
"H","y","d","ACCESS-ESM1-5","RMSE","MeanState","global","scalar","W m-2","20.1938","125.0"
"H","y","d","ACCESS-ESM1-5","RMSE Score","MeanState","global","score","1","0.5203","125.0"
"H","y","d","ACCESS-ESM1-5","Overall Score","MeanState","global","score","1","0.661991","125.0"
"H","y","d","CESM2","Benchmark Period Mean (intersection)","MeanState","global","scalar","W m-2","47.2532","125.0"
"H","y","d","CESM2","Benchmark Period Mean (complement)","MeanState","global","scalar","W m-2","nan","125.0"
"H","y","d","CESM2","Period Mean (original grids)","MeanState","global","scalar","W m-2","48.9897","125.0"
"H","y","d","CESM2","Model Period Mean (intersection)","MeanState","global","scalar","W m-2","44.8905","125.0"
"H","y","d","CESM2","Model Period Mean (complement)","MeanState","global","scalar","W m-2","nan","125.0"
"H","y","d","CESM2","Spatial Distribution Score","MeanState","global","score","1","0.972714","125.0"
"H","y","d","CESM2","Phase Shift","MeanState","global","scalar","months","1.24771","125.0"
"H","y","d","CESM2","Seasonal Cycle Score","MeanState","global","score","1","0.779593","125.0"
"H","y","d","CESM2","Bias","MeanState","global","scalar","W m-2","-2.42201","125.0"
"H","y","d","CESM2","Bias Score","MeanState","global","score","1","0.592701","125.0"
"H","y","d","CESM2","RMSE","MeanState","global","scalar","W m-2","15.7526","125.0"
"H","y","d","CESM2","RMSE Score","MeanState","global","score","1","0.578409","125.0"
"H","y","d","CESM2","Overall Score","MeanState","global","score","1","0.700365","125.0"
"H","y","d","NorESM2-LM","Benchmark Period Mean (intersection)","MeanState","global","scalar","W m-2","47.1293","125.0"
"H","y","d","NorESM2-LM","Benchmark Period Mean (complement)","MeanState","global","scalar","W m-2","nan","125.0"
"H","y","d","NorESM2-LM","Period Mean (original grids)","MeanState","global","scalar","W m-2","48.8586","125.0"
"H","y","d","NorESM2-LM","Model Period Mean (intersection)","MeanState","global","scalar","W m-2","44.1213","125.0"
"H","y","d","NorESM2-LM","Model Period Mean (complement)","MeanState","global","scalar","W m-2","nan","125.0"
"H","y","d","NorESM2-LM","Spatial Distribution Score","MeanState","global","score","1","0.967863","125.0"
"H","y","d","NorESM2-LM","Phase Shift","MeanState","global","scalar","months","1.28613","125.0"
"H","y","d","NorESM2-LM","Seasonal Cycle Score","MeanState","global","score","1","0.770203","125.0"
"H","y","d","NorESM2-LM","Bias","MeanState","global","scalar","W m-2","-2.85894","125.0"
"H","y","d","NorESM2-LM","Bias Score","MeanState","global","score","1","0.574299","125.0"
"H","y","d","NorESM2-LM","RMSE","MeanState","global","scalar","W m-2","16.7044","125.0"
"H","y","d","NorESM2-LM","RMSE Score","MeanState","global","score","1","0.574936","125.0"
"H","y","d","NorESM2-LM","Overall Score","MeanState","global","score","1","0.692447","125.0"
"H","y","d","UKESM1-0-LL","Benchmark Period Mean (intersection)","MeanState","global","scalar","W m-2","47.0966","125.0"
"H","y","d","UKESM1-0-LL","Benchmark Period Mean (complement)","MeanState","global","scalar","W m-2","nan","125.0"
"H","y","d","UKESM1-0-LL","Period Mean (original grids)","MeanState","global","scalar","W m-2","52.2826","125.0"
"H","y","d","UKESM1-0-LL","Model Period Mean (intersection)","MeanState","global","scalar","W m-2","47.5414","125.0"
"H","y","d","UKESM1-0-LL","Model Period Mean (complement)","MeanState","global","scalar","W m-2","nan","125.0"
"H","y","d","UKESM1-0-LL","Spatial Distribution Score","MeanState","global","score","1","0.96847","125.0"
"H","y","d","UKESM1-0-LL","Phase Shift","MeanState","global","scalar","months","1.14964","125.0"
"H","y","d","UKESM1-0-LL","Seasonal Cycle Score","MeanState","global","score","1","0.788422","125.0"
"H","y","d","UKESM1-0-LL","Bias","MeanState","global","scalar","W m-2","0.402507","125.0"
"H","y","d","UKESM1-0-LL","Bias Score","MeanState","global","score","1","0.595957","125.0"
"H","y","d","UKESM1-0-LL","RMSE","MeanState","global","scalar","W m-2","16.1176","125.0"
"H","y","d","UKESM1-0-LL","RMSE Score","MeanState","global","score","1","0.578486","125.0"
"H","y","d","UKESM1-0-LL","Overall Score","MeanState","global","score","1","0.701964","125.0"
"H","y","d","ENSEMBLE-CMIP6","Benchmark Period Mean (intersection)","MeanState","global","scalar","W m-2","47.1379","125.0"
"H","y","d","ENSEMBLE-CMIP6","Benchmark Period Mean (complement)","MeanState","global","scalar","W m-2","nan","125.0"
"H","y","d","ENSEMBLE-CMIP6","Period Mean (original grids)","MeanState","global","scalar","W m-2","49.1632","125.0"
"H","y","d","ENSEMBLE-CMIP6","Model Period Mean (intersection)","MeanState","global","scalar","W m-2","49.06","125.0"
"H","y","d","ENSEMBLE-CMIP6","Model Period Mean (complement)","MeanState","global","scalar","W m-2","nan","125.0"
"H","y","d","ENSEMBLE-CMIP6","Spatial Distribution Score","MeanState","global","score","1","0.976036","125.0"
"H","y","d","ENSEMBLE-CMIP6","Phase Shift","MeanState","global","scalar","months","1.0922","125.0"
"H","y","d","ENSEMBLE-CMIP6","Seasonal Cycle Score","MeanState","global","score","1","0.80515","125.0"
"H","y","d","ENSEMBLE-CMIP6","Bias","MeanState","global","scalar","W m-2","1.97851","125.0"
"H","y","d","ENSEMBLE-CMIP6","Bias Score","MeanState","global","score","1","0.636791","125.0"
"H","y","d","ENSEMBLE-CMIP6","RMSE","MeanState","global","scalar","W m-2","13.8217","125.0"
"H","y","d","ENSEMBLE-CMIP6","RMSE Score","MeanState","global","score","1","0.630443","125.0"
"H","y","d","ENSEMBLE-CMIP6","Overall Score","MeanState","global","score","1","0.735772","125.0"
"H","y","d","ENSEMBLE-CMIP6","Benchmark Period Mean (intersection)","MeanState","global","scalar","W m-2","36.3533","125.0"
"H","y","d","ENSEMBLE-CMIP6","Benchmark Period Mean (complement)","MeanState","global","scalar","W m-2","nan","125.0"
"H","y","d","ENSEMBLE-CMIP6","Period Mean (original grids)","MeanState","global","scalar","W m-2","49.4394","125.0"
"H","y","d","ENSEMBLE-CMIP6","Model Period Mean (intersection)","MeanState","global","scalar","W m-2","48.2515","125.0"
"H","y","d","ENSEMBLE-CMIP6","Model Period Mean (complement)","MeanState","global","scalar","W m-2","52.7416","125.0"
"H","y","d","ENSEMBLE-CMIP6","Spatial Distribution Score","MeanState","global","score","1","0.973106","125.0"
"H","y","d","ENSEMBLE-CMIP6","Phase Shift","MeanState","global","scalar","months","1.1699","125.0"
"H","y","d","ENSEMBLE-CMIP6","Seasonal Cycle Score","MeanState","global","score","1","0.808688","125.0"
"H","y","d","ENSEMBLE-CMIP6","Bias","MeanState","global","scalar","W m-2","11.964","125.0"
"H","y","d","ENSEMBLE-CMIP6","Bias Score","MeanState","global","score","1","0.589898","125.0"
"H","y","d","ENSEMBLE-CMIP6","RMSE","MeanState","global","scalar","W m-2","17.1342","125.0"
"H","y","d","ENSEMBLE-CMIP6","RMSE Score","MeanState","global","score","1","0.6023","125.0"
"H","y","d","ENSEMBLE-CMIP6","Overall Score","MeanState","global","score","1","0.715258","125.0"
"H","y","d","ACCESS-ESM1-5","Benchmark Period Mean (intersection)","MeanState","global","scalar","W m-2","36.3533","125.0"
"H","y","d","ACCESS-ESM1-5","Benchmark Period Mean (complement)","MeanState","global","scalar","W m-2","nan","125.0"
"H","y","d","ACCESS-ESM1-5","Period Mean (original grids)","MeanState","global","scalar","W m-2","60.3201","125.0"
"H","y","d","ACCESS-ESM1-5","Model Period Mean (intersection)","MeanState","global","scalar","W m-2","54.4405","125.0"
"H","y","d","ACCESS-ESM1-5","Model Period Mean (complement)","MeanState","global","scalar","W m-2","55.4862","125.0"
"H","y","d","ACCESS-ESM1-5","Spatial Distribution Score","MeanState","global","score","1","0.937032","125.0"
"H","y","d","ACCESS-ESM1-5","Phase Shift","MeanState","global","scalar","months","1.52667","125.0"
"H","y","d","ACCESS-ESM1-5","Seasonal Cycle Score","MeanState","global","score","1","0.75774","125.0"
"H","y","d","ACCESS-ESM1-5","Bias","MeanState","global","scalar","W m-2","18.2251","125.0"
"H","y","d","ACCESS-ESM1-5","Bias Score","MeanState","global","score","1","0.416893","125.0"
"H","y","d","ACCESS-ESM1-5","RMSE","MeanState","global","scalar","W m-2","27.343","125.0"
"H","y","d","ACCESS-ESM1-5","RMSE Score","MeanState","global","score","1","0.453569","125.0"
"H","y","d","ACCESS-ESM1-5","Overall Score","MeanState","global","score","1","0.60376","125.0"
"H","y","d","UKESM1-0-LL","Benchmark Period Mean (intersection)","MeanState","global","scalar","W m-2","36.3533","125.0"
"H","y","d","UKESM1-0-LL","Benchmark Period Mean (complement)","MeanState","global","scalar","W m-2","nan","125.0"
"H","y","d","UKESM1-0-LL","Period Mean (original grids)","MeanState","global","scalar","W m-2","52.3849","125.0"
"H","y","d","UKESM1-0-LL","Model Period Mean (intersection)","MeanState","global","scalar","W m-2","45.6444","125.0"
"H","y","d","UKESM1-0-LL","Model Period Mean (complement)","MeanState","global","scalar","W m-2","53.4631","125.0"
"H","y","d","UKESM1-0-LL","Spatial Distribution Score","MeanState","global","score","1","0.941309","125.0"
"H","y","d","UKESM1-0-LL","Phase Shift","MeanState","global","scalar","months","1.27926","125.0"
"H","y","d","UKESM1-0-LL","Seasonal Cycle Score","MeanState","global","score","1","0.79137","125.0"
"H","y","d","UKESM1-0-LL","Bias","MeanState","global","scalar","W m-2","9.35388","125.0"
"H","y","d","UKESM1-0-LL","Bias Score","MeanState","global","score","1","0.543589","125.0"
"H","y","d","UKESM1-0-LL","RMSE","MeanState","global","scalar","W m-2","18.6284","125.0"
"H","y","d","UKESM1-0-LL","RMSE Score","MeanState","global","score","1","0.533519","125.0"
"H","y","d","UKESM1-0-LL","Overall Score","MeanState","global","score","1","0.668661","125.0"
"H","y","d","NorESM2-LM","Benchmark Period Mean (intersection)","MeanState","global","scalar","W m-2","36.3533","125.0"
"H","y","d","NorESM2-LM","Benchmark Period Mean (complement)","MeanState","global","scalar","W m-2","nan","125.0"
"H","y","d","NorESM2-LM","Period Mean (original grids)","MeanState","global","scalar","W m-2","49.0103","125.0"
"H","y","d","NorESM2-LM","Model Period Mean (intersection)","MeanState","global","scalar","W m-2","42.2034","125.0"
"H","y","d","NorESM2-LM","Model Period Mean (complement)","MeanState","global","scalar","W m-2","50.0779","125.0"
"H","y","d","NorESM2-LM","Spatial Distribution Score","MeanState","global","score","1","0.970772","125.0"
"H","y","d","NorESM2-LM","Phase Shift","MeanState","global","scalar","months","1.35111","125.0"
"H","y","d","NorESM2-LM","Seasonal Cycle Score","MeanState","global","score","1","0.772","125.0"
"H","y","d","NorESM2-LM","Bias","MeanState","global","scalar","W m-2","5.9552","125.0"
"H","y","d","NorESM2-LM","Bias Score","MeanState","global","score","1","0.682694","125.0"
"H","y","d","NorESM2-LM","RMSE","MeanState","global","scalar","W m-2","16.2031","125.0"
"H","y","d","NorESM2-LM","RMSE Score","MeanState","global","score","1","0.565687","125.0"
"H","y","d","NorESM2-LM","Overall Score","MeanState","global","score","1","0.711368","125.0"
"H","y","d","CESM2","Benchmark Period Mean (intersection)","MeanState","global","scalar","W m-2","36.3533","125.0"
"H","y","d","CESM2","Benchmark Period Mean (complement)","MeanState","global","scalar","W m-2","nan","125.0"
"H","y","d","CESM2","Period Mean (original grids)","MeanState","global","scalar","W m-2","49.4755","125.0"
"H","y","d","CESM2","Model Period Mean (intersection)","MeanState","global","scalar","W m-2","42.2728","125.0"
"H","y","d","CESM2","Model Period Mean (complement)","MeanState","global","scalar","W m-2","52.8563","125.0"
"H","y","d","CESM2","Spatial Distribution Score","MeanState","global","score","1","0.977858","125.0"
"H","y","d","CESM2","Phase Shift","MeanState","global","scalar","months","1.32233","125.0"
"H","y","d","CESM2","Seasonal Cycle Score","MeanState","global","score","1","0.772339","125.0"
"H","y","d","CESM2","Bias","MeanState","global","scalar","W m-2","6.07278","125.0"
"H","y","d","CESM2","Bias Score","MeanState","global","score","1","0.666076","125.0"
"H","y","d","CESM2","RMSE","MeanState","global","scalar","W m-2","16.1024","125.0"
"H","y","d","CESM2","RMSE Score","MeanState","global","score","1","0.564651","125.0"
"H","y","d","CESM2","Overall Score","MeanState","global","score","1","0.709115","125.0"
"H","y","d","NorESM2-LM","Benchmark Period Mean (intersection)","MeanState","global","scalar","W m-2","38.9569","30.0"
"H","y","d","NorESM2-LM","Benchmark Period Mean (complement)","MeanState","global","scalar","W m-2","nan","30.0"
"H","y","d","NorESM2-LM","Period Mean (original grids)","MeanState","global","scalar","W m-2","36.1192","30.0"
"H","y","d","NorESM2-LM","Model Period Mean (intersection)","MeanState","global","scalar","W m-2","40.1301","30.0"
"H","y","d","NorESM2-LM","Model Period Mean (complement)","MeanState","global","scalar","W m-2","7.12256","30.0"
"H","y","d","NorESM2-LM","Spatial Distribution Score","MeanState","global","score","1","0.892374","30.0"
"H","y","d","NorESM2-LM","Phase Shift","MeanState","global","scalar","months","1.23602","30.0"
"H","y","d","NorESM2-LM","Seasonal Cycle Score","MeanState","global","score","1","0.848749","30.0"
"H","y","d","NorESM2-LM","Bias","MeanState","global","scalar","W m-2","1.07707","30.0"
"H","y","d","NorESM2-LM","Bias Score","MeanState","global","score","1","0.618019","30.0"
"H","y","d","NorESM2-LM","RMSE","MeanState","global","scalar","W m-2","15.6537","30.0"
"H","y","d","NorESM2-LM","RMSE Score","MeanState","global","score","1","0.559881","30.0"
"H","y","d","NorESM2-LM","Overall Score","MeanState","global","score","1","0.695781","30.0"
"H","y","d","ENSEMBLE-CMIP6","Benchmark Period Mean (intersection)","MeanState","global","scalar","W m-2","38.9569","30.0"
"H","y","d","ENSEMBLE-CMIP6","Benchmark Period Mean (complement)","MeanState","global","scalar","W m-2","nan","30.0"
"H","y","d","ENSEMBLE-CMIP6","Period Mean (original grids)","MeanState","global","scalar","W m-2","29.6168","30.0"
"H","y","d","ENSEMBLE-CMIP6","Model Period Mean (intersection)","MeanState","global","scalar","W m-2","36.7223","30.0"
"H","y","d","ENSEMBLE-CMIP6","Model Period Mean (complement)","MeanState","global","scalar","W m-2","6.19759","30.0"
"H","y","d","ENSEMBLE-CMIP6","Spatial Distribution Score","MeanState","global","score","1","0.923132","30.0"
"H","y","d","ENSEMBLE-CMIP6","Phase Shift","MeanState","global","scalar","months","0.945978","30.0"
"H","y","d","ENSEMBLE-CMIP6","Seasonal Cycle Score","MeanState","global","score","1","0.89563","30.0"
"H","y","d","ENSEMBLE-CMIP6","Bias","MeanState","global","scalar","W m-2","-2.39369","30.0"
"H","y","d","ENSEMBLE-CMIP6","Bias Score","MeanState","global","score","1","0.660317","30.0"
"H","y","d","ENSEMBLE-CMIP6","RMSE","MeanState","global","scalar","W m-2","12.5731","30.0"
"H","y","d","ENSEMBLE-CMIP6","RMSE Score","MeanState","global","score","1","0.632831","30.0"
"H","y","d","ENSEMBLE-CMIP6","Overall Score","MeanState","global","score","1","0.748948","30.0"
"H","y","d","ACCESS-ESM1-5","Benchmark Period Mean (intersection)","MeanState","global","scalar","W m-2","38.9569","30.0"
"H","y","d","ACCESS-ESM1-5","Benchmark Period Mean (complement)","MeanState","global","scalar","W m-2","nan","30.0"
"H","y","d","ACCESS-ESM1-5","Period Mean (original grids)","MeanState","global","scalar","W m-2","30.4362","30.0"
"H","y","d","ACCESS-ESM1-5","Model Period Mean (intersection)","MeanState","global","scalar","W m-2","34.839","30.0"
"H","y","d","ACCESS-ESM1-5","Model Period Mean (complement)","MeanState","global","scalar","W m-2","4.07398","30.0"
"H","y","d","ACCESS-ESM1-5","Spatial Distribution Score","MeanState","global","score","1","0.873108","30.0"
"H","y","d","ACCESS-ESM1-5","Phase Shift","MeanState","global","scalar","months","1.18943","30.0"
"H","y","d","ACCESS-ESM1-5","Seasonal Cycle Score","MeanState","global","score","1","0.85349","30.0"
"H","y","d","ACCESS-ESM1-5","Bias","MeanState","global","scalar","W m-2","-4.4392","30.0"
"H","y","d","ACCESS-ESM1-5","Bias Score","MeanState","global","score","1","0.581248","30.0"
"H","y","d","ACCESS-ESM1-5","RMSE","MeanState","global","scalar","W m-2","16.9894","30.0"
"H","y","d","ACCESS-ESM1-5","RMSE Score","MeanState","global","score","1","0.554966","30.0"
"H","y","d","ACCESS-ESM1-5","Overall Score","MeanState","global","score","1","0.683556","30.0"
"H","y","d","CESM2","Benchmark Period Mean (intersection)","MeanState","global","scalar","W m-2","38.9569","30.0"
"H","y","d","CESM2","Benchmark Period Mean (complement)","MeanState","global","scalar","W m-2","nan","30.0"
"H","y","d","CESM2","Period Mean (original grids)","MeanState","global","scalar","W m-2","35.261","30.0"
"H","y","d","CESM2","Model Period Mean (intersection)","MeanState","global","scalar","W m-2","40.7119","30.0"
"H","y","d","CESM2","Model Period Mean (complement)","MeanState","global","scalar","W m-2","4.8942","30.0"
"H","y","d","CESM2","Spatial Distribution Score","MeanState","global","score","1","0.886254","30.0"
"H","y","d","CESM2","Phase Shift","MeanState","global","scalar","months","1.13304","30.0"
"H","y","d","CESM2","Seasonal Cycle Score","MeanState","global","score","1","0.862096","30.0"
"H","y","d","CESM2","Bias","MeanState","global","scalar","W m-2","1.51784","30.0"
"H","y","d","CESM2","Bias Score","MeanState","global","score","1","0.606066","30.0"
"H","y","d","CESM2","RMSE","MeanState","global","scalar","W m-2","15.2338","30.0"
"H","y","d","CESM2","RMSE Score","MeanState","global","score","1","0.567153","30.0"
"H","y","d","CESM2","Overall Score","MeanState","global","score","1","0.697744","30.0"
"H","y","d","UKESM1-0-LL","Benchmark Period Mean (intersection)","MeanState","global","scalar","W m-2","38.9569","30.0"
"H","y","d","UKESM1-0-LL","Benchmark Period Mean (complement)","MeanState","global","scalar","W m-2","nan","30.0"
"H","y","d","UKESM1-0-LL","Period Mean (original grids)","MeanState","global","scalar","W m-2","29.941","30.0"
"H","y","d","UKESM1-0-LL","Model Period Mean (intersection)","MeanState","global","scalar","W m-2","34.4432","30.0"
"H","y","d","UKESM1-0-LL","Model Period Mean (complement)","MeanState","global","scalar","W m-2","4.17986","30.0"
"H","y","d","UKESM1-0-LL","Spatial Distribution Score","MeanState","global","score","1","0.93033","30.0"
"H","y","d","UKESM1-0-LL","Phase Shift","MeanState","global","scalar","months","1.30097","30.0"
"H","y","d","UKESM1-0-LL","Seasonal Cycle Score","MeanState","global","score","1","0.837076","30.0"
"H","y","d","UKESM1-0-LL","Bias","MeanState","global","scalar","W m-2","-4.70673","30.0"
"H","y","d","UKESM1-0-LL","Bias Score","MeanState","global","score","1","0.620832","30.0"
"H","y","d","UKESM1-0-LL","RMSE","MeanState","global","scalar","W m-2","14.6254","30.0"
"H","y","d","UKESM1-0-LL","RMSE Score","MeanState","global","score","1","0.589132","30.0"
"H","y","d","UKESM1-0-LL","Overall Score","MeanState","global","score","1","0.7133","30.0"
"H","y","d","UKESM1-0-LL","Benchmark Period Mean (intersection)","MeanState","global","scalar","watt/m2","40.6316","30.0"
"H","y","d","UKESM1-0-LL","Benchmark Period Mean (complement)","MeanState","global","scalar","watt/m2","nan","30.0"
"H","y","d","UKESM1-0-LL","Period Mean (original grids)","MeanState","global","scalar","watt/m2","29.8197","30.0"
"H","y","d","UKESM1-0-LL","Model Period Mean (intersection)","MeanState","global","scalar","watt/m2","32.6618","30.0"
"H","y","d","UKESM1-0-LL","Model Period Mean (complement)","MeanState","global","scalar","watt/m2","14.4822","30.0"
"H","y","d","UKESM1-0-LL","Spatial Distribution Score","MeanState","global","score","1","0.929307","30.0"
"H","y","d","UKESM1-0-LL","Phase Shift","MeanState","global","scalar","months","1.21554","30.0"
"H","y","d","UKESM1-0-LL","Seasonal Cycle Score","MeanState","global","score","1","0.863429","30.0"
"H","y","d","UKESM1-0-LL","Bias","MeanState","global","scalar","watt/m2","-8.02793","30.0"
"H","y","d","UKESM1-0-LL","Bias Score","MeanState","global","score","1","0.563652","30.0"
"H","y","d","UKESM1-0-LL","RMSE","MeanState","global","scalar","watt/m2","18.3304","30.0"
"H","y","d","UKESM1-0-LL","RMSE Score","MeanState","global","score","1","0.559723","30.0"
"H","y","d","UKESM1-0-LL","Overall Score","MeanState","global","score","1","0.695167","30.0"
"H","y","d","ENSEMBLE-CMIP6","Benchmark Period Mean (intersection)","MeanState","global","scalar","watt/m2","40.6316","30.0"
"H","y","d","ENSEMBLE-CMIP6","Benchmark Period Mean (complement)","MeanState","global","scalar","watt/m2","nan","30.0"
"H","y","d","ENSEMBLE-CMIP6","Period Mean (original grids)","MeanState","global","scalar","watt/m2","29.5754","30.0"
"H","y","d","ENSEMBLE-CMIP6","Model Period Mean (intersection)","MeanState","global","scalar","watt/m2","35.0435","30.0"
"H","y","d","ENSEMBLE-CMIP6","Model Period Mean (complement)","MeanState","global","scalar","watt/m2","16.603","30.0"
"H","y","d","ENSEMBLE-CMIP6","Spatial Distribution Score","MeanState","global","score","1","0.915749","30.0"
"H","y","d","ENSEMBLE-CMIP6","Phase Shift","MeanState","global","scalar","months","1.00815","30.0"
"H","y","d","ENSEMBLE-CMIP6","Seasonal Cycle Score","MeanState","global","score","1","0.893902","30.0"
"H","y","d","ENSEMBLE-CMIP6","Bias","MeanState","global","scalar","watt/m2","-5.62284","30.0"
"H","y","d","ENSEMBLE-CMIP6","Bias Score","MeanState","global","score","1","0.630729","30.0"
"H","y","d","ENSEMBLE-CMIP6","RMSE","MeanState","global","scalar","watt/m2","15.8877","30.0"
"H","y","d","ENSEMBLE-CMIP6","RMSE Score","MeanState","global","score","1","0.58357","30.0"
"H","y","d","ENSEMBLE-CMIP6","Overall Score","MeanState","global","score","1","0.721504","30.0"
"H","y","d","NorESM2-LM","Benchmark Period Mean (intersection)","MeanState","global","scalar","watt/m2","40.6316","30.0"
"H","y","d","NorESM2-LM","Benchmark Period Mean (complement)","MeanState","global","scalar","watt/m2","nan","30.0"
"H","y","d","NorESM2-LM","Period Mean (original grids)","MeanState","global","scalar","watt/m2","35.9998","30.0"
"H","y","d","NorESM2-LM","Model Period Mean (intersection)","MeanState","global","scalar","watt/m2","38.5432","30.0"
"H","y","d","NorESM2-LM","Model Period Mean (complement)","MeanState","global","scalar","watt/m2","17.4057","30.0"
"H","y","d","NorESM2-LM","Spatial Distribution Score","MeanState","global","score","1","0.89001","30.0"
"H","y","d","NorESM2-LM","Phase Shift","MeanState","global","scalar","months","1.32966","30.0"
"H","y","d","NorESM2-LM","Seasonal Cycle Score","MeanState","global","score","1","0.835626","30.0"
"H","y","d","NorESM2-LM","Bias","MeanState","global","scalar","watt/m2","-2.1399","30.0"
"H","y","d","NorESM2-LM","Bias Score","MeanState","global","score","1","0.624271","30.0"
"H","y","d","NorESM2-LM","RMSE","MeanState","global","scalar","watt/m2","17.8283","30.0"
"H","y","d","NorESM2-LM","RMSE Score","MeanState","global","score","1","0.519565","30.0"
"H","y","d","NorESM2-LM","Overall Score","MeanState","global","score","1","0.677807","30.0"
"H","y","d","CESM2","Benchmark Period Mean (intersection)","MeanState","global","scalar","watt/m2","40.6316","30.0"
"H","y","d","CESM2","Benchmark Period Mean (complement)","MeanState","global","scalar","watt/m2","nan","30.0"
"H","y","d","CESM2","Period Mean (original grids)","MeanState","global","scalar","watt/m2","35.1754","30.0"
"H","y","d","CESM2","Model Period Mean (intersection)","MeanState","global","scalar","watt/m2","39.0955","30.0"
"H","y","d","CESM2","Model Period Mean (complement)","MeanState","global","scalar","watt/m2","15.7955","30.0"
"H","y","d","CESM2","Spatial Distribution Score","MeanState","global","score","1","0.880782","30.0"
"H","y","d","CESM2","Phase Shift","MeanState","global","scalar","months","1.17472","30.0"
"H","y","d","CESM2","Seasonal Cycle Score","MeanState","global","score","1","0.861436","30.0"
"H","y","d","CESM2","Bias","MeanState","global","scalar","watt/m2","-1.66094","30.0"
"H","y","d","CESM2","Bias Score","MeanState","global","score","1","0.622311","30.0"
"H","y","d","CESM2","RMSE","MeanState","global","scalar","watt/m2","17.0471","30.0"
"H","y","d","CESM2","RMSE Score","MeanState","global","score","1","0.536426","30.0"
"H","y","d","CESM2","Overall Score","MeanState","global","score","1","0.687477","30.0"
"H","y","d","ACCESS-ESM1-5","Benchmark Period Mean (intersection)","MeanState","global","scalar","watt/m2","40.6316","30.0"
"H","y","d","ACCESS-ESM1-5","Benchmark Period Mean (complement)","MeanState","global","scalar","watt/m2","nan","30.0"
"H","y","d","ACCESS-ESM1-5","Period Mean (original grids)","MeanState","global","scalar","watt/m2","30.406","30.0"
"H","y","d","ACCESS-ESM1-5","Model Period Mean (intersection)","MeanState","global","scalar","watt/m2","33.9853","30.0"
"H","y","d","ACCESS-ESM1-5","Model Period Mean (complement)","MeanState","global","scalar","watt/m2","12.3089","30.0"
"H","y","d","ACCESS-ESM1-5","Spatial Distribution Score","MeanState","global","score","1","0.854139","30.0"
"H","y","d","ACCESS-ESM1-5","Phase Shift","MeanState","global","scalar","months","1.17397","30.0"
"H","y","d","ACCESS-ESM1-5","Seasonal Cycle Score","MeanState","global","score","1","0.863157","30.0"
"H","y","d","ACCESS-ESM1-5","Bias","MeanState","global","scalar","watt/m2","-6.73972","30.0"
"H","y","d","ACCESS-ESM1-5","Bias Score","MeanState","global","score","1","0.546748","30.0"
"H","y","d","ACCESS-ESM1-5","RMSE","MeanState","global","scalar","watt/m2","20.1607","30.0"
"H","y","d","ACCESS-ESM1-5","RMSE Score","MeanState","global","score","1","0.530743","30.0"
"H","y","d","ACCESS-ESM1-5","Overall Score","MeanState","global","score","1","0.665106","30.0"
"H","y","d","ACCESS-ESM1-5","Benchmark Period Mean (intersection)","MeanState","global","scalar","W m-2","26.0185","50.0"
"H","y","d","ACCESS-ESM1-5","Benchmark Period Mean (complement)","MeanState","global","scalar","W m-2","nan","50.0"
"H","y","d","ACCESS-ESM1-5","Period Mean (original grids)","MeanState","global","scalar","W m-2","30.4165","50.0"
"H","y","d","ACCESS-ESM1-5","Model Period Mean (intersection)","MeanState","global","scalar","W m-2","27.4946","50.0"
"H","y","d","ACCESS-ESM1-5","Model Period Mean (complement)","MeanState","global","scalar","W m-2","nan","50.0"
"H","y","d","ACCESS-ESM1-5","Spatial Distribution Score","MeanState","global","score","1","0.948415","50.0"
"H","y","d","ACCESS-ESM1-5","Phase Shift","MeanState","global","scalar","months","1.2463","50.0"
"H","y","d","ACCESS-ESM1-5","Seasonal Cycle Score","MeanState","global","score","1","0.842837","50.0"
"H","y","d","ACCESS-ESM1-5","Bias","MeanState","global","scalar","W m-2","1.48553","50.0"
"H","y","d","ACCESS-ESM1-5","Bias Score","MeanState","global","score","1","0.612161","50.0"
"H","y","d","ACCESS-ESM1-5","RMSE","MeanState","global","scalar","W m-2","14.9569","50.0"
"H","y","d","ACCESS-ESM1-5","RMSE Score","MeanState","global","score","1","0.582284","50.0"
"H","y","d","ACCESS-ESM1-5","Overall Score","MeanState","global","score","1","0.713596","50.0"
"H","y","d","CESM2","Benchmark Period Mean (intersection)","MeanState","global","scalar","W m-2","25.9722","50.0"
"H","y","d","CESM2","Benchmark Period Mean (complement)","MeanState","global","scalar","W m-2","nan","50.0"
"H","y","d","CESM2","Period Mean (original grids)","MeanState","global","scalar","W m-2","35.1842","50.0"
"H","y","d","CESM2","Model Period Mean (intersection)","MeanState","global","scalar","W m-2","32.0811","50.0"
"H","y","d","CESM2","Model Period Mean (complement)","MeanState","global","scalar","W m-2","nan","50.0"
"H","y","d","CESM2","Spatial Distribution Score","MeanState","global","score","1","0.9569","50.0"
"H","y","d","CESM2","Phase Shift","MeanState","global","scalar","months","1.15553","50.0"
"H","y","d","CESM2","Seasonal Cycle Score","MeanState","global","score","1","0.86018","50.0"
"H","y","d","CESM2","Bias","MeanState","global","scalar","W m-2","6.08042","50.0"
"H","y","d","CESM2","Bias Score","MeanState","global","score","1","0.601197","50.0"
"H","y","d","CESM2","RMSE","MeanState","global","scalar","W m-2","14.6345","50.0"
"H","y","d","CESM2","RMSE Score","MeanState","global","score","1","0.612822","50.0"
"H","y","d","CESM2","Overall Score","MeanState","global","score","1","0.728784","50.0"
"H","y","d","NorESM2-LM","Benchmark Period Mean (intersection)","MeanState","global","scalar","W m-2","25.9902","50.0"
"H","y","d","NorESM2-LM","Benchmark Period Mean (complement)","MeanState","global","scalar","W m-2","nan","50.0"
"H","y","d","NorESM2-LM","Period Mean (original grids)","MeanState","global","scalar","W m-2","35.9883","50.0"
"H","y","d","NorESM2-LM","Model Period Mean (intersection)","MeanState","global","scalar","W m-2","32.1741","50.0"
"H","y","d","NorESM2-LM","Model Period Mean (complement)","MeanState","global","scalar","W m-2","nan","50.0"
"H","y","d","NorESM2-LM","Spatial Distribution Score","MeanState","global","score","1","0.956835","50.0"
"H","y","d","NorESM2-LM","Phase Shift","MeanState","global","scalar","months","1.29455","50.0"
"H","y","d","NorESM2-LM","Seasonal Cycle Score","MeanState","global","score","1","0.844177","50.0"
"H","y","d","NorESM2-LM","Bias","MeanState","global","scalar","W m-2","6.04699","50.0"
"H","y","d","NorESM2-LM","Bias Score","MeanState","global","score","1","0.610066","50.0"
"H","y","d","NorESM2-LM","RMSE","MeanState","global","scalar","W m-2","15.6708","50.0"
"H","y","d","NorESM2-LM","RMSE Score","MeanState","global","score","1","0.595788","50.0"
"H","y","d","NorESM2-LM","Overall Score","MeanState","global","score","1","0.720531","50.0"
"H","y","d","UKESM1-0-LL","Benchmark Period Mean (intersection)","MeanState","global","scalar","W m-2","25.9775","50.0"
"H","y","d","UKESM1-0-LL","Benchmark Period Mean (complement)","MeanState","global","scalar","W m-2","nan","50.0"
"H","y","d","UKESM1-0-LL","Period Mean (original grids)","MeanState","global","scalar","W m-2","29.8294","50.0"
"H","y","d","UKESM1-0-LL","Model Period Mean (intersection)","MeanState","global","scalar","W m-2","27.186","50.0"
"H","y","d","UKESM1-0-LL","Model Period Mean (complement)","MeanState","global","scalar","W m-2","nan","50.0"
"H","y","d","UKESM1-0-LL","Spatial Distribution Score","MeanState","global","score","1","0.949551","50.0"
"H","y","d","UKESM1-0-LL","Phase Shift","MeanState","global","scalar","months","1.24982","50.0"
"H","y","d","UKESM1-0-LL","Seasonal Cycle Score","MeanState","global","score","1","0.838095","50.0"
"H","y","d","UKESM1-0-LL","Bias","MeanState","global","scalar","W m-2","1.20948","50.0"
"H","y","d","UKESM1-0-LL","Bias Score","MeanState","global","score","1","0.631262","50.0"
"H","y","d","UKESM1-0-LL","RMSE","MeanState","global","scalar","W m-2","13.9531","50.0"
"H","y","d","UKESM1-0-LL","RMSE Score","MeanState","global","score","1","0.618752","50.0"
"H","y","d","UKESM1-0-LL","Overall Score","MeanState","global","score","1","0.731282","50.0"
"H","y","d","ENSEMBLE-CMIP6","Benchmark Period Mean (intersection)","MeanState","global","scalar","W m-2","25.973","50.0"
"H","y","d","ENSEMBLE-CMIP6","Benchmark Period Mean (complement)","MeanState","global","scalar","W m-2","nan","50.0"
"H","y","d","ENSEMBLE-CMIP6","Period Mean (original grids)","MeanState","global","scalar","W m-2","29.5769","50.0"
"H","y","d","ENSEMBLE-CMIP6","Model Period Mean (intersection)","MeanState","global","scalar","W m-2","29.4564","50.0"
"H","y","d","ENSEMBLE-CMIP6","Model Period Mean (complement)","MeanState","global","scalar","W m-2","nan","50.0"
"H","y","d","ENSEMBLE-CMIP6","Spatial Distribution Score","MeanState","global","score","1","0.965192","50.0"
"H","y","d","ENSEMBLE-CMIP6","Phase Shift","MeanState","global","scalar","months","1.05178","50.0"
"H","y","d","ENSEMBLE-CMIP6","Seasonal Cycle Score","MeanState","global","score","1","0.886666","50.0"
"H","y","d","ENSEMBLE-CMIP6","Bias","MeanState","global","scalar","W m-2","3.48961","50.0"
"H","y","d","ENSEMBLE-CMIP6","Bias Score","MeanState","global","score","1","0.645453","50.0"
"H","y","d","ENSEMBLE-CMIP6","RMSE","MeanState","global","scalar","W m-2","12.6992","50.0"
"H","y","d","ENSEMBLE-CMIP6","RMSE Score","MeanState","global","score","1","0.666037","50.0"
"H","y","d","ENSEMBLE-CMIP6","Overall Score","MeanState","global","score","1","0.765877","50.0"
"H","y","d","ENSEMBLE-CMIP6","Benchmark Period Mean (intersection)","MeanState","global","scalar","W m-2","34.8448","50.0"
"H","y","d","ENSEMBLE-CMIP6","Benchmark Period Mean (complement)","MeanState","global","scalar","W m-2","nan","50.0"
"H","y","d","ENSEMBLE-CMIP6","Period Mean (original grids)","MeanState","global","scalar","W m-2","29.6164","50.0"
"H","y","d","ENSEMBLE-CMIP6","Model Period Mean (intersection)","MeanState","global","scalar","W m-2","37.86","50.0"
"H","y","d","ENSEMBLE-CMIP6","Model Period Mean (complement)","MeanState","global","scalar","W m-2","9.9177","50.0"
"H","y","d","ENSEMBLE-CMIP6","Spatial Distribution Score","MeanState","global","score","1","0.976509","50.0"
"H","y","d","ENSEMBLE-CMIP6","Phase Shift","MeanState","global","scalar","months","1.06334","50.0"
"H","y","d","ENSEMBLE-CMIP6","Seasonal Cycle Score","MeanState","global","score","1","0.881728","50.0"
"H","y","d","ENSEMBLE-CMIP6","Bias","MeanState","global","scalar","W m-2","2.97258","50.0"
"H","y","d","ENSEMBLE-CMIP6","Bias Score","MeanState","global","score","1","0.710983","50.0"
"H","y","d","ENSEMBLE-CMIP6","RMSE","MeanState","global","scalar","W m-2","12.8343","50.0"
"H","y","d","ENSEMBLE-CMIP6","RMSE Score","MeanState","global","score","1","0.629019","50.0"
"H","y","d","ENSEMBLE-CMIP6","Overall Score","MeanState","global","score","1","0.765452","50.0"
"H","y","d","ACCESS-ESM1-5","Benchmark Period Mean (intersection)","MeanState","global","scalar","W m-2","34.8448","50.0"
"H","y","d","ACCESS-ESM1-5","Benchmark Period Mean (complement)","MeanState","global","scalar","W m-2","nan","50.0"
"H","y","d","ACCESS-ESM1-5","Period Mean (original grids)","MeanState","global","scalar","W m-2","30.553","50.0"
"H","y","d","ACCESS-ESM1-5","Model Period Mean (intersection)","MeanState","global","scalar","W m-2","36.0691","50.0"
"H","y","d","ACCESS-ESM1-5","Model Period Mean (complement)","MeanState","global","scalar","W m-2","8.04716","50.0"
"H","y","d","ACCESS-ESM1-5","Spatial Distribution Score","MeanState","global","score","1","0.962419","50.0"
"H","y","d","ACCESS-ESM1-5","Phase Shift","MeanState","global","scalar","months","1.21904","50.0"
"H","y","d","ACCESS-ESM1-5","Seasonal Cycle Score","MeanState","global","score","1","0.856144","50.0"
"H","y","d","ACCESS-ESM1-5","Bias","MeanState","global","scalar","W m-2","1.1303","50.0"
"H","y","d","ACCESS-ESM1-5","Bias Score","MeanState","global","score","1","0.609656","50.0"
"H","y","d","ACCESS-ESM1-5","RMSE","MeanState","global","scalar","W m-2","17.4041","50.0"
"H","y","d","ACCESS-ESM1-5","RMSE Score","MeanState","global","score","1","0.557824","50.0"
"H","y","d","ACCESS-ESM1-5","Overall Score","MeanState","global","score","1","0.708773","50.0"
"H","y","d","UKESM1-0-LL","Benchmark Period Mean (intersection)","MeanState","global","scalar","W m-2","34.8448","50.0"
"H","y","d","UKESM1-0-LL","Benchmark Period Mean (complement)","MeanState","global","scalar","W m-2","nan","50.0"
"H","y","d","UKESM1-0-LL","Period Mean (original grids)","MeanState","global","scalar","W m-2","29.8568","50.0"
"H","y","d","UKESM1-0-LL","Model Period Mean (intersection)","MeanState","global","scalar","W m-2","35.4561","50.0"
"H","y","d","UKESM1-0-LL","Model Period Mean (complement)","MeanState","global","scalar","W m-2","8.05506","50.0"
"H","y","d","UKESM1-0-LL","Spatial Distribution Score","MeanState","global","score","1","0.961198","50.0"
"H","y","d","UKESM1-0-LL","Phase Shift","MeanState","global","scalar","months","1.26905","50.0"
"H","y","d","UKESM1-0-LL","Seasonal Cycle Score","MeanState","global","score","1","0.852307","50.0"
"H","y","d","UKESM1-0-LL","Bias","MeanState","global","scalar","W m-2","0.566641","50.0"
"H","y","d","UKESM1-0-LL","Bias Score","MeanState","global","score","1","0.682208","50.0"
"H","y","d","UKESM1-0-LL","RMSE","MeanState","global","scalar","W m-2","14.5747","50.0"
"H","y","d","UKESM1-0-LL","RMSE Score","MeanState","global","score","1","0.590501","50.0"
"H","y","d","UKESM1-0-LL","Overall Score","MeanState","global","score","1","0.735343","50.0"
"H","y","d","NorESM2-LM","Benchmark Period Mean (intersection)","MeanState","global","scalar","W m-2","34.8448","50.0"
"H","y","d","NorESM2-LM","Benchmark Period Mean (complement)","MeanState","global","scalar","W m-2","nan","50.0"
"H","y","d","NorESM2-LM","Period Mean (original grids)","MeanState","global","scalar","W m-2","36.0598","50.0"
"H","y","d","NorESM2-LM","Model Period Mean (intersection)","MeanState","global","scalar","W m-2","41.1585","50.0"
"H","y","d","NorESM2-LM","Model Period Mean (complement)","MeanState","global","scalar","W m-2","11.3243","50.0"
"H","y","d","NorESM2-LM","Spatial Distribution Score","MeanState","global","score","1","0.974169","50.0"
"H","y","d","NorESM2-LM","Phase Shift","MeanState","global","scalar","months","1.31635","50.0"
"H","y","d","NorESM2-LM","Seasonal Cycle Score","MeanState","global","score","1","0.842009","50.0"
"H","y","d","NorESM2-LM","Bias","MeanState","global","scalar","W m-2","6.27159","50.0"
"H","y","d","NorESM2-LM","Bias Score","MeanState","global","score","1","0.638878","50.0"
"H","y","d","NorESM2-LM","RMSE","MeanState","global","scalar","W m-2","17.0404","50.0"
"H","y","d","NorESM2-LM","RMSE Score","MeanState","global","score","1","0.572216","50.0"
"H","y","d","NorESM2-LM","Overall Score","MeanState","global","score","1","0.719898","50.0"
"H","y","d","CESM2","Benchmark Period Mean (intersection)","MeanState","global","scalar","W m-2","34.8448","50.0"
"H","y","d","CESM2","Benchmark Period Mean (complement)","MeanState","global","scalar","W m-2","nan","50.0"
"H","y","d","CESM2","Period Mean (original grids)","MeanState","global","scalar","W m-2","35.1787","50.0"
"H","y","d","CESM2","Model Period Mean (intersection)","MeanState","global","scalar","W m-2","41.6289","50.0"
"H","y","d","CESM2","Model Period Mean (complement)","MeanState","global","scalar","W m-2","9.63218","50.0"
"H","y","d","CESM2","Spatial Distribution Score","MeanState","global","score","1","0.977759","50.0"
"H","y","d","CESM2","Phase Shift","MeanState","global","scalar","months","1.16198","50.0"
"H","y","d","CESM2","Seasonal Cycle Score","MeanState","global","score","1","0.865859","50.0"
"H","y","d","CESM2","Bias","MeanState","global","scalar","W m-2","6.7055","50.0"
"H","y","d","CESM2","Bias Score","MeanState","global","score","1","0.653456","50.0"
"H","y","d","CESM2","RMSE","MeanState","global","scalar","W m-2","16.3053","50.0"
"H","y","d","CESM2","RMSE Score","MeanState","global","score","1","0.582204","50.0"
"H","y","d","CESM2","Overall Score","MeanState","global","score","1","0.732296","50.0"
"H","y","d","ENSEMBLE-CMIP6","Benchmark Period Mean (intersection)","MeanState","global","scalar","mm d-1","1.34831","75.0"
"H","y","d","ENSEMBLE-CMIP6","Benchmark Period Mean (complement)","MeanState","global","scalar","mm d-1","nan","75.0"
"H","y","d","ENSEMBLE-CMIP6","Period Mean (original grids)","MeanState","global","scalar","mm d-1","1.69988","75.0"
"H","y","d","ENSEMBLE-CMIP6","Model Period Mean (intersection)","MeanState","global","scalar","mm d-1","1.56558","75.0"
"H","y","d","ENSEMBLE-CMIP6","Model Period Mean (complement)","MeanState","global","scalar","mm d-1","2.80317","75.0"
"H","y","d","ENSEMBLE-CMIP6","Spatial Distribution Score","MeanState","global","score","1","0.972869","75.0"
"H","y","d","ENSEMBLE-CMIP6","Phase Shift","MeanState","global","scalar","months","1.06214","75.0"
"H","y","d","ENSEMBLE-CMIP6","Seasonal Cycle Score","MeanState","global","score","1","0.793852","75.0"
"H","y","d","ENSEMBLE-CMIP6","Bias","MeanState","global","scalar","mm d-1","0.218661","75.0"
"H","y","d","ENSEMBLE-CMIP6","Bias Score","MeanState","global","score","1","0.641104","75.0"
"H","y","d","ENSEMBLE-CMIP6","RMSE","MeanState","global","scalar","mm d-1","0.545052","75.0"
"H","y","d","ENSEMBLE-CMIP6","RMSE Score","MeanState","global","score","1","0.608823","75.0"
"H","y","d","ENSEMBLE-CMIP6","Overall Score","MeanState","global","score","1","0.725094","75.0"
"H","y","d","ENSEMBLE-CMIP6","Precipitation|GPCPv2.3 Hellinger Distance","Relationships","global","scalar","1","0.790293","75.0"
"H","y","d","ENSEMBLE-CMIP6","Precipitation|GPCPv2.3 Score","Relationships","global","score","1","0.917589","75.0"
"H","y","d","ENSEMBLE-CMIP6","SurfaceAirTemperature|CRU4.02 Hellinger Distance","Relationships","global","scalar","1","0.745618","75.0"
"H","y","d","ENSEMBLE-CMIP6","SurfaceAirTemperature|CRU4.02 Score","Relationships","global","score","1","0.756958","75.0"
"H","y","d","ENSEMBLE-CMIP6","Overall Score","Relationships","global","score","1","0.837273","75.0"
"H","y","d","CESM2","Benchmark Period Mean (intersection)","MeanState","global","scalar","mm d-1","1.34831","75.0"
"H","y","d","CESM2","Benchmark Period Mean (complement)","MeanState","global","scalar","mm d-1","nan","75.0"
"H","y","d","CESM2","Period Mean (original grids)","MeanState","global","scalar","mm d-1","1.69418","75.0"
"H","y","d","CESM2","Model Period Mean (intersection)","MeanState","global","scalar","mm d-1","1.37168","75.0"
"H","y","d","CESM2","Model Period Mean (complement)","MeanState","global","scalar","mm d-1","2.99266","75.0"
"H","y","d","CESM2","Spatial Distribution Score","MeanState","global","score","1","0.970886","75.0"
"H","y","d","CESM2","Phase Shift","MeanState","global","scalar","months","1.21992","75.0"
"H","y","d","CESM2","Seasonal Cycle Score","MeanState","global","score","1","0.753452","75.0"
"H","y","d","CESM2","Bias","MeanState","global","scalar","mm d-1","0.0282461","75.0"
"H","y","d","CESM2","Bias Score","MeanState","global","score","1","0.606056","75.0"
"H","y","d","CESM2","RMSE","MeanState","global","scalar","mm d-1","0.561625","75.0"
"H","y","d","CESM2","RMSE Score","MeanState","global","score","1","0.571137","75.0"
"H","y","d","CESM2","Overall Score","MeanState","global","score","1","0.694534","75.0"
"H","y","d","CESM2","Precipitation|GPCPv2.3 Hellinger Distance","Relationships","global","scalar","1","0.813422","75.0"
"H","y","d","CESM2","Precipitation|GPCPv2.3 Score","Relationships","global","score","1","0.884089","75.0"
"H","y","d","CESM2","SurfaceAirTemperature|CRU4.02 Hellinger Distance","Relationships","global","scalar","1","0.721573","75.0"
"H","y","d","CESM2","SurfaceAirTemperature|CRU4.02 Score","Relationships","global","score","1","0.832559","75.0"
"H","y","d","CESM2","Overall Score","Relationships","global","score","1","0.858324","75.0"
"H","y","d","UKESM1-0-LL","Benchmark Period Mean (intersection)","MeanState","global","scalar","mm d-1","1.34831","75.0"
"H","y","d","UKESM1-0-LL","Benchmark Period Mean (complement)","MeanState","global","scalar","mm d-1","nan","75.0"
"H","y","d","UKESM1-0-LL","Period Mean (original grids)","MeanState","global","scalar","mm d-1","1.80559","75.0"
"H","y","d","UKESM1-0-LL","Model Period Mean (intersection)","MeanState","global","scalar","mm d-1","1.48692","75.0"
"H","y","d","UKESM1-0-LL","Model Period Mean (complement)","MeanState","global","scalar","mm d-1","2.94957","75.0"
"H","y","d","UKESM1-0-LL","Spatial Distribution Score","MeanState","global","score","1","0.964632","75.0"
"H","y","d","UKESM1-0-LL","Phase Shift","MeanState","global","scalar","months","1.06177","75.0"
"H","y","d","UKESM1-0-LL","Seasonal Cycle Score","MeanState","global","score","1","0.794006","75.0"
"H","y","d","UKESM1-0-LL","Bias","MeanState","global","scalar","mm d-1","0.140329","75.0"
"H","y","d","UKESM1-0-LL","Bias Score","MeanState","global","score","1","0.620864","75.0"
"H","y","d","UKESM1-0-LL","RMSE","MeanState","global","scalar","mm d-1","0.567142","75.0"
"H","y","d","UKESM1-0-LL","RMSE Score","MeanState","global","score","1","0.568587","75.0"
"H","y","d","UKESM1-0-LL","Overall Score","MeanState","global","score","1","0.703335","75.0"
"H","y","d","UKESM1-0-LL","Precipitation|GPCPv2.3 Hellinger Distance","Relationships","global","scalar","1","0.803893","75.0"
"H","y","d","UKESM1-0-LL","Precipitation|GPCPv2.3 Score","Relationships","global","score","1","0.889629","75.0"
"H","y","d","UKESM1-0-LL","SurfaceAirTemperature|CRU4.02 Hellinger Distance","Relationships","global","scalar","1","0.744749","75.0"
"H","y","d","UKESM1-0-LL","SurfaceAirTemperature|CRU4.02 Score","Relationships","global","score","1","0.777904","75.0"
"H","y","d","UKESM1-0-LL","Overall Score","Relationships","global","score","1","0.833766","75.0"
"H","y","d","ACCESS-ESM1-5","Benchmark Period Mean (intersection)","MeanState","global","scalar","mm d-1","1.34831","75.0"
"H","y","d","ACCESS-ESM1-5","Benchmark Period Mean (complement)","MeanState","global","scalar","mm d-1","nan","75.0"
"H","y","d","ACCESS-ESM1-5","Period Mean (original grids)","MeanState","global","scalar","mm d-1","2.07837","75.0"
"H","y","d","ACCESS-ESM1-5","Model Period Mean (intersection)","MeanState","global","scalar","mm d-1","1.74253","75.0"
"H","y","d","ACCESS-ESM1-5","Model Period Mean (complement)","MeanState","global","scalar","mm d-1","3.00785","75.0"
"H","y","d","ACCESS-ESM1-5","Spatial Distribution Score","MeanState","global","score","1","0.949298","75.0"
"H","y","d","ACCESS-ESM1-5","Phase Shift","MeanState","global","scalar","months","1.32875","75.0"
"H","y","d","ACCESS-ESM1-5","Seasonal Cycle Score","MeanState","global","score","1","0.731792","75.0"
"H","y","d","ACCESS-ESM1-5","Bias","MeanState","global","scalar","mm d-1","0.39772","75.0"
"H","y","d","ACCESS-ESM1-5","Bias Score","MeanState","global","score","1","0.519793","75.0"
"H","y","d","ACCESS-ESM1-5","RMSE","MeanState","global","scalar","mm d-1","0.728947","75.0"
"H","y","d","ACCESS-ESM1-5","RMSE Score","MeanState","global","score","1","0.515018","75.0"
"H","y","d","ACCESS-ESM1-5","Overall Score","MeanState","global","score","1","0.646184","75.0"
"H","y","d","ACCESS-ESM1-5","Precipitation|GPCPv2.3 Hellinger Distance","Relationships","global","scalar","1","0.754476","75.0"
"H","y","d","ACCESS-ESM1-5","Precipitation|GPCPv2.3 Score","Relationships","global","score","1","0.877248","75.0"
"H","y","d","ACCESS-ESM1-5","SurfaceAirTemperature|CRU4.02 Hellinger Distance","Relationships","global","scalar","1","0.680605","75.0"
"H","y","d","ACCESS-ESM1-5","SurfaceAirTemperature|CRU4.02 Score","Relationships","global","score","1","0.681499","75.0"
"H","y","d","ACCESS-ESM1-5","Overall Score","Relationships","global","score","1","0.779374","75.0"
"H","y","d","CESM2","Benchmark Period Mean (intersection)","MeanState","global","scalar","mm d-1","1.55907","75.0"
"H","y","d","CESM2","Benchmark Period Mean (complement)","MeanState","global","scalar","mm d-1","nan","75.0"
"H","y","d","CESM2","Period Mean (original grids)","MeanState","global","scalar","mm d-1","1.70196","75.0"
"H","y","d","CESM2","Model Period Mean (intersection)","MeanState","global","scalar","mm d-1","1.69199","75.0"
"H","y","d","CESM2","Model Period Mean (complement)","MeanState","global","scalar","mm d-1","1.31322","75.0"
"H","y","d","CESM2","Spatial Distribution Score","MeanState","global","score","1","0.968608","75.0"
"H","y","d","CESM2","Phase Shift","MeanState","global","scalar","months","1.52503","75.0"
"H","y","d","CESM2","Seasonal Cycle Score","MeanState","global","score","1","0.760416","75.0"
"H","y","d","CESM2","Bias","MeanState","global","scalar","mm d-1","0.13893","75.0"
"H","y","d","CESM2","Bias Score","MeanState","global","score","1","0.574695","75.0"
"H","y","d","CESM2","RMSE","MeanState","global","scalar","mm d-1","0.736921","75.0"
"H","y","d","CESM2","RMSE Score","MeanState","global","score","1","0.496273","75.0"
"H","y","d","CESM2","Overall Score","MeanState","global","score","1","0.659253","75.0"
"H","y","d","CESM2","Precipitation|GPCPv2.3 Hellinger Distance","Relationships","global","scalar","1","0.616233","75.0"
"H","y","d","CESM2","Precipitation|GPCPv2.3 Score","Relationships","global","score","1","0.891532","75.0"
"H","y","d","CESM2","SurfaceAirTemperature|CRU4.02 Hellinger Distance","Relationships","global","scalar","1","0.713097","75.0"
"H","y","d","CESM2","SurfaceAirTemperature|CRU4.02 Score","Relationships","global","score","1","0.770185","75.0"
"H","y","d","CESM2","Overall Score","Relationships","global","score","1","0.830859","75.0"
"H","y","d","NorESM2-LM","Benchmark Period Mean (intersection)","MeanState","global","scalar","mm d-1","1.55907","75.0"
"H","y","d","NorESM2-LM","Benchmark Period Mean (complement)","MeanState","global","scalar","mm d-1","nan","75.0"
"H","y","d","NorESM2-LM","Period Mean (original grids)","MeanState","global","scalar","mm d-1","1.69099","75.0"
"H","y","d","NorESM2-LM","Model Period Mean (intersection)","MeanState","global","scalar","mm d-1","1.69235","75.0"
"H","y","d","NorESM2-LM","Model Period Mean (complement)","MeanState","global","scalar","mm d-1","1.21954","75.0"
"H","y","d","NorESM2-LM","Spatial Distribution Score","MeanState","global","score","1","0.96269","75.0"
"H","y","d","NorESM2-LM","Phase Shift","MeanState","global","scalar","months","1.49673","75.0"
"H","y","d","NorESM2-LM","Seasonal Cycle Score","MeanState","global","score","1","0.761251","75.0"
"H","y","d","NorESM2-LM","Bias","MeanState","global","scalar","mm d-1","0.135765","75.0"
"H","y","d","NorESM2-LM","Bias Score","MeanState","global","score","1","0.566528","75.0"
"H","y","d","NorESM2-LM","RMSE","MeanState","global","scalar","mm d-1","0.757846","75.0"
"H","y","d","NorESM2-LM","RMSE Score","MeanState","global","score","1","0.491088","75.0"
"H","y","d","NorESM2-LM","Overall Score","MeanState","global","score","1","0.654529","75.0"
"H","y","d","NorESM2-LM","Precipitation|GPCPv2.3 Hellinger Distance","Relationships","global","scalar","1","0.591257","75.0"
"H","y","d","NorESM2-LM","Precipitation|GPCPv2.3 Score","Relationships","global","score","1","0.891308","75.0"
"H","y","d","NorESM2-LM","SurfaceAirTemperature|CRU4.02 Hellinger Distance","Relationships","global","scalar","1","0.687489","75.0"
"H","y","d","NorESM2-LM","SurfaceAirTemperature|CRU4.02 Score","Relationships","global","score","1","0.759286","75.0"
"H","y","d","NorESM2-LM","Overall Score","Relationships","global","score","1","0.825297","75.0"
"H","y","d","UKESM1-0-LL","Benchmark Period Mean (intersection)","MeanState","global","scalar","mm d-1","1.55907","75.0"
"H","y","d","UKESM1-0-LL","Benchmark Period Mean (complement)","MeanState","global","scalar","mm d-1","nan","75.0"
"H","y","d","UKESM1-0-LL","Period Mean (original grids)","MeanState","global","scalar","mm d-1","1.81701","75.0"
"H","y","d","UKESM1-0-LL","Model Period Mean (intersection)","MeanState","global","scalar","mm d-1","1.84743","75.0"
"H","y","d","UKESM1-0-LL","Model Period Mean (complement)","MeanState","global","scalar","mm d-1","1.299","75.0"
"H","y","d","UKESM1-0-LL","Spatial Distribution Score","MeanState","global","score","1","0.945947","75.0"
"H","y","d","UKESM1-0-LL","Phase Shift","MeanState","global","scalar","months","1.33421","75.0"
"H","y","d","UKESM1-0-LL","Seasonal Cycle Score","MeanState","global","score","1","0.762643","75.0"
"H","y","d","UKESM1-0-LL","Bias","MeanState","global","scalar","mm d-1","0.290535","75.0"
"H","y","d","UKESM1-0-LL","Bias Score","MeanState","global","score","1","0.55007","75.0"
"H","y","d","UKESM1-0-LL","RMSE","MeanState","global","scalar","mm d-1","0.74848","75.0"
"H","y","d","UKESM1-0-LL","RMSE Score","MeanState","global","score","1","0.503302","75.0"
"H","y","d","UKESM1-0-LL","Overall Score","MeanState","global","score","1","0.653053","75.0"
"H","y","d","UKESM1-0-LL","Precipitation|GPCPv2.3 Hellinger Distance","Relationships","global","scalar","1","0.57762","75.0"
"H","y","d","UKESM1-0-LL","Precipitation|GPCPv2.3 Score","Relationships","global","score","1","0.85079","75.0"
"H","y","d","UKESM1-0-LL","SurfaceAirTemperature|CRU4.02 Hellinger Distance","Relationships","global","scalar","1","0.72654","75.0"
"H","y","d","UKESM1-0-LL","SurfaceAirTemperature|CRU4.02 Score","Relationships","global","score","1","0.781445","75.0"
"H","y","d","UKESM1-0-LL","Overall Score","Relationships","global","score","1","0.816118","75.0"
"H","y","d","ENSEMBLE-CMIP6","Benchmark Period Mean (intersection)","MeanState","global","scalar","mm d-1","1.55907","75.0"
"H","y","d","ENSEMBLE-CMIP6","Benchmark Period Mean (complement)","MeanState","global","scalar","mm d-1","nan","75.0"
"H","y","d","ENSEMBLE-CMIP6","Period Mean (original grids)","MeanState","global","scalar","mm d-1","1.70809","75.0"
"H","y","d","ENSEMBLE-CMIP6","Model Period Mean (intersection)","MeanState","global","scalar","mm d-1","1.92887","75.0"
"H","y","d","ENSEMBLE-CMIP6","Model Period Mean (complement)","MeanState","global","scalar","mm d-1","1.283","75.0"
"H","y","d","ENSEMBLE-CMIP6","Spatial Distribution Score","MeanState","global","score","1","0.968965","75.0"
"H","y","d","ENSEMBLE-CMIP6","Phase Shift","MeanState","global","scalar","months","1.34554","75.0"
"H","y","d","ENSEMBLE-CMIP6","Seasonal Cycle Score","MeanState","global","score","1","0.769034","75.0"
"H","y","d","ENSEMBLE-CMIP6","Bias","MeanState","global","scalar","mm d-1","0.371734","75.0"
"H","y","d","ENSEMBLE-CMIP6","Bias Score","MeanState","global","score","1","0.56585","75.0"
"H","y","d","ENSEMBLE-CMIP6","RMSE","MeanState","global","scalar","mm d-1","0.718982","75.0"
"H","y","d","ENSEMBLE-CMIP6","RMSE Score","MeanState","global","score","1","0.531394","75.0"
"H","y","d","ENSEMBLE-CMIP6","Overall Score","MeanState","global","score","1","0.673327","75.0"
"H","y","d","ENSEMBLE-CMIP6","Precipitation|GPCPv2.3 Hellinger Distance","Relationships","global","scalar","1","0.581901","75.0"
"H","y","d","ENSEMBLE-CMIP6","Precipitation|GPCPv2.3 Score","Relationships","global","score","1","0.876521","75.0"
"H","y","d","ENSEMBLE-CMIP6","SurfaceAirTemperature|CRU4.02 Hellinger Distance","Relationships","global","scalar","1","0.731004","75.0"
"H","y","d","ENSEMBLE-CMIP6","SurfaceAirTemperature|CRU4.02 Score","Relationships","global","score","1","0.738653","75.0"
"H","y","d","ENSEMBLE-CMIP6","Overall Score","Relationships","global","score","1","0.807587","75.0"
"H","y","d","ACCESS-ESM1-5","Benchmark Period Mean (intersection)","MeanState","global","scalar","mm d-1","1.55907","75.0"
"H","y","d","ACCESS-ESM1-5","Benchmark Period Mean (complement)","MeanState","global","scalar","mm d-1","nan","75.0"
"H","y","d","ACCESS-ESM1-5","Period Mean (original grids)","MeanState","global","scalar","mm d-1","2.08753","75.0"
"H","y","d","ACCESS-ESM1-5","Model Period Mean (intersection)","MeanState","global","scalar","mm d-1","2.16816","75.0"
"H","y","d","ACCESS-ESM1-5","Model Period Mean (complement)","MeanState","global","scalar","mm d-1","1.35708","75.0"
"H","y","d","ACCESS-ESM1-5","Spatial Distribution Score","MeanState","global","score","1","0.952745","75.0"
"H","y","d","ACCESS-ESM1-5","Phase Shift","MeanState","global","scalar","months","1.60489","75.0"
"H","y","d","ACCESS-ESM1-5","Seasonal Cycle Score","MeanState","global","score","1","0.728466","75.0"
"H","y","d","ACCESS-ESM1-5","Bias","MeanState","global","scalar","mm d-1","0.613632","75.0"
"H","y","d","ACCESS-ESM1-5","Bias Score","MeanState","global","score","1","0.42568","75.0"
"H","y","d","ACCESS-ESM1-5","RMSE","MeanState","global","scalar","mm d-1","1.03496","75.0"
"H","y","d","ACCESS-ESM1-5","RMSE Score","MeanState","global","score","1","0.419517","75.0"
"H","y","d","ACCESS-ESM1-5","Overall Score","MeanState","global","score","1","0.589185","75.0"
"H","y","d","ACCESS-ESM1-5","Precipitation|GPCPv2.3 Hellinger Distance","Relationships","global","scalar","1","0.538586","75.0"
"H","y","d","ACCESS-ESM1-5","Precipitation|GPCPv2.3 Score","Relationships","global","score","1","0.839726","75.0"
"H","y","d","ACCESS-ESM1-5","SurfaceAirTemperature|CRU4.02 Hellinger Distance","Relationships","global","scalar","1","0.64742","75.0"
"H","y","d","ACCESS-ESM1-5","SurfaceAirTemperature|CRU4.02 Score","Relationships","global","score","1","0.682166","75.0"
"H","y","d","ACCESS-ESM1-5","Overall Score","Relationships","global","score","1","0.760946","75.0"
"H","y","d","ACCESS-ESM1-5","Benchmark Period Mean (intersection)","MeanState","global","scalar","mm d-1","1.62811","75.0"
"H","y","d","ACCESS-ESM1-5","Benchmark Period Mean (complement)","MeanState","global","scalar","mm d-1","nan","75.0"
"H","y","d","ACCESS-ESM1-5","Period Mean (original grids)","MeanState","global","scalar","mm d-1","2.07851","75.0"
"H","y","d","ACCESS-ESM1-5","Model Period Mean (intersection)","MeanState","global","scalar","mm d-1","1.87434","75.0"
"H","y","d","ACCESS-ESM1-5","Model Period Mean (complement)","MeanState","global","scalar","mm d-1","nan","75.0"
"H","y","d","ACCESS-ESM1-5","Spatial Distribution Score","MeanState","global","score","1","0.962047","75.0"
"H","y","d","ACCESS-ESM1-5","Phase Shift","MeanState","global","scalar","months","1.31424","75.0"
"H","y","d","ACCESS-ESM1-5","Seasonal Cycle Score","MeanState","global","score","1","0.777863","75.0"
"H","y","d","ACCESS-ESM1-5","Bias","MeanState","global","scalar","mm d-1","0.24707","75.0"
"H","y","d","ACCESS-ESM1-5","Bias Score","MeanState","global","score","1","0.528401","75.0"
"H","y","d","ACCESS-ESM1-5","RMSE","MeanState","global","scalar","mm d-1","0.700314","75.0"
"H","y","d","ACCESS-ESM1-5","RMSE Score","MeanState","global","score","1","0.520292","75.0"
"H","y","d","ACCESS-ESM1-5","Overall Score","MeanState","global","score","1","0.661779","75.0"
"H","y","d","ACCESS-ESM1-5","Precipitation|GPCPv2.3 Hellinger Distance","Relationships","global","scalar","1","0.783213","75.0"
"H","y","d","ACCESS-ESM1-5","Precipitation|GPCPv2.3 Score","Relationships","global","score","1","0.900013","75.0"
"H","y","d","ACCESS-ESM1-5","SurfaceAirTemperature|CRU4.02 Hellinger Distance","Relationships","global","scalar","1","0.667166","75.0"
"H","y","d","ACCESS-ESM1-5","SurfaceAirTemperature|CRU4.02 Score","Relationships","global","score","1","0.794301","75.0"
"H","y","d","ACCESS-ESM1-5","Precipitation|ERA5 Hellinger Distance","Relationships","global","scalar","1","0.799024","75.0"
"H","y","d","ACCESS-ESM1-5","Precipitation|ERA5 Score","Relationships","global","score","1","0.862044","75.0"
"H","y","d","ACCESS-ESM1-5","Overall Score","Relationships","global","score","1","0.852119","75.0"
"H","y","d","CESM2","Benchmark Period Mean (intersection)","MeanState","global","scalar","mm d-1","1.63185","75.0"
"H","y","d","CESM2","Benchmark Period Mean (complement)","MeanState","global","scalar","mm d-1","nan","75.0"
"H","y","d","CESM2","Period Mean (original grids)","MeanState","global","scalar","mm d-1","1.69369","75.0"
"H","y","d","CESM2","Model Period Mean (intersection)","MeanState","global","scalar","mm d-1","1.55141","75.0"
"H","y","d","CESM2","Model Period Mean (complement)","MeanState","global","scalar","mm d-1","nan","75.0"
"H","y","d","CESM2","Spatial Distribution Score","MeanState","global","score","1","0.972744","75.0"
"H","y","d","CESM2","Phase Shift","MeanState","global","scalar","months","1.24566","75.0"
"H","y","d","CESM2","Seasonal Cycle Score","MeanState","global","score","1","0.779383","75.0"
"H","y","d","CESM2","Bias","MeanState","global","scalar","mm d-1","-0.0825443","75.0"
"H","y","d","CESM2","Bias Score","MeanState","global","score","1","0.592816","75.0"
"H","y","d","CESM2","RMSE","MeanState","global","scalar","mm d-1","0.544182","75.0"
"H","y","d","CESM2","RMSE Score","MeanState","global","score","1","0.578301","75.0"
"H","y","d","CESM2","Overall Score","MeanState","global","score","1","0.700309","75.0"
"H","y","d","CESM2","Precipitation|GPCPv2.3 Hellinger Distance","Relationships","global","scalar","1","0.805283","75.0"
"H","y","d","CESM2","Precipitation|GPCPv2.3 Score","Relationships","global","score","1","0.927174","75.0"
"H","y","d","CESM2","SurfaceAirTemperature|CRU4.02 Hellinger Distance","Relationships","global","scalar","1","0.728859","75.0"
"H","y","d","CESM2","SurfaceAirTemperature|CRU4.02 Score","Relationships","global","score","1","0.902396","75.0"
"H","y","d","CESM2","Precipitation|ERA5 Hellinger Distance","Relationships","global","scalar","1","0.816773","75.0"
"H","y","d","CESM2","Precipitation|ERA5 Score","Relationships","global","score","1","0.94417","75.0"
"H","y","d","CESM2","Overall Score","Relationships","global","score","1","0.92458","75.0"
"H","y","d","UKESM1-0-LL","Benchmark Period Mean (intersection)","MeanState","global","scalar","mm d-1","1.6264","75.0"
"H","y","d","UKESM1-0-LL","Benchmark Period Mean (complement)","MeanState","global","scalar","mm d-1","nan","75.0"
"H","y","d","UKESM1-0-LL","Period Mean (original grids)","MeanState","global","scalar","mm d-1","1.80543","75.0"
"H","y","d","UKESM1-0-LL","Model Period Mean (intersection)","MeanState","global","scalar","mm d-1","1.64056","75.0"
"H","y","d","UKESM1-0-LL","Model Period Mean (complement)","MeanState","global","scalar","mm d-1","nan","75.0"
"H","y","d","UKESM1-0-LL","Spatial Distribution Score","MeanState","global","score","1","0.968421","75.0"
"H","y","d","UKESM1-0-LL","Phase Shift","MeanState","global","scalar","months","1.14835","75.0"
"H","y","d","UKESM1-0-LL","Seasonal Cycle Score","MeanState","global","score","1","0.788203","75.0"
"H","y","d","UKESM1-0-LL","Bias","MeanState","global","scalar","mm d-1","0.0127044","75.0"
"H","y","d","UKESM1-0-LL","Bias Score","MeanState","global","score","1","0.595848","75.0"
"H","y","d","UKESM1-0-LL","RMSE","MeanState","global","scalar","mm d-1","0.556505","75.0"
"H","y","d","UKESM1-0-LL","RMSE Score","MeanState","global","score","1","0.578397","75.0"
"H","y","d","UKESM1-0-LL","Overall Score","MeanState","global","score","1","0.701853","75.0"
"H","y","d","UKESM1-0-LL","Precipitation|GPCPv2.3 Hellinger Distance","Relationships","global","scalar","1","0.800212","75.0"
"H","y","d","UKESM1-0-LL","Precipitation|GPCPv2.3 Score","Relationships","global","score","1","0.925418","75.0"
"H","y","d","UKESM1-0-LL","SurfaceAirTemperature|CRU4.02 Hellinger Distance","Relationships","global","scalar","1","0.752341","75.0"
"H","y","d","UKESM1-0-LL","SurfaceAirTemperature|CRU4.02 Score","Relationships","global","score","1","0.892255","75.0"
"H","y","d","UKESM1-0-LL","Precipitation|ERA5 Hellinger Distance","Relationships","global","scalar","1","0.831278","75.0"
"H","y","d","UKESM1-0-LL","Precipitation|ERA5 Score","Relationships","global","score","1","0.890502","75.0"
"H","y","d","UKESM1-0-LL","Overall Score","Relationships","global","score","1","0.902725","75.0"
"H","y","d","ENSEMBLE-CMIP6","Benchmark Period Mean (intersection)","MeanState","global","scalar","mm d-1","1.6278","75.0"
"H","y","d","ENSEMBLE-CMIP6","Benchmark Period Mean (complement)","MeanState","global","scalar","mm d-1","nan","75.0"
"H","y","d","ENSEMBLE-CMIP6","Period Mean (original grids)","MeanState","global","scalar","mm d-1","1.69968","75.0"
"H","y","d","ENSEMBLE-CMIP6","Model Period Mean (intersection)","MeanState","global","scalar","mm d-1","1.6951","75.0"
"H","y","d","ENSEMBLE-CMIP6","Model Period Mean (complement)","MeanState","global","scalar","mm d-1","nan","75.0"
"H","y","d","ENSEMBLE-CMIP6","Spatial Distribution Score","MeanState","global","score","1","0.975914","75.0"
"H","y","d","ENSEMBLE-CMIP6","Phase Shift","MeanState","global","scalar","months","1.1137","75.0"
"H","y","d","ENSEMBLE-CMIP6","Seasonal Cycle Score","MeanState","global","score","1","0.798008","75.0"
"H","y","d","ENSEMBLE-CMIP6","Bias","MeanState","global","scalar","mm d-1","0.0688475","75.0"
"H","y","d","ENSEMBLE-CMIP6","Bias Score","MeanState","global","score","1","0.633419","75.0"
"H","y","d","ENSEMBLE-CMIP6","RMSE","MeanState","global","scalar","mm d-1","0.492638","75.0"
"H","y","d","ENSEMBLE-CMIP6","RMSE Score","MeanState","global","score","1","0.619971","75.0"
"H","y","d","ENSEMBLE-CMIP6","Overall Score","MeanState","global","score","1","0.729456","75.0"
"H","y","d","ENSEMBLE-CMIP6","Precipitation|GPCPv2.3 Hellinger Distance","Relationships","global","scalar","1","0.806835","75.0"
"H","y","d","ENSEMBLE-CMIP6","Precipitation|GPCPv2.3 Score","Relationships","global","score","1","0.933622","75.0"
"H","y","d","ENSEMBLE-CMIP6","SurfaceAirTemperature|CRU4.02 Hellinger Distance","Relationships","global","scalar","1","0.779579","75.0"
"H","y","d","ENSEMBLE-CMIP6","SurfaceAirTemperature|CRU4.02 Score","Relationships","global","score","1","0.892047","75.0"
"H","y","d","ENSEMBLE-CMIP6","Precipitation|ERA5 Hellinger Distance","Relationships","global","scalar","1","0.827304","75.0"
"H","y","d","ENSEMBLE-CMIP6","Precipitation|ERA5 Score","Relationships","global","score","1","0.897939","75.0"
"H","y","d","ENSEMBLE-CMIP6","Overall Score","Relationships","global","score","1","0.907869","75.0"
"H","y","d","CESM2","Benchmark Period Mean (intersection)","MeanState","global","scalar","mm d-1","1.55874","75.0"
"H","y","d","CESM2","Benchmark Period Mean (complement)","MeanState","global","scalar","mm d-1","nan","75.0"
"H","y","d","CESM2","Period Mean (original grids)","MeanState","global","scalar","mm d-1","1.70279","75.0"
"H","y","d","CESM2","Model Period Mean (intersection)","MeanState","global","scalar","mm d-1","1.69143","75.0"
"H","y","d","CESM2","Model Period Mean (complement)","MeanState","global","scalar","mm d-1","1.31347","75.0"
"H","y","d","CESM2","Spatial Distribution Score","MeanState","global","score","1","0.968712","75.0"
"H","y","d","CESM2","Phase Shift","MeanState","global","scalar","months","1.52177","75.0"
"H","y","d","CESM2","Seasonal Cycle Score","MeanState","global","score","1","0.760836","75.0"
"H","y","d","CESM2","Bias","MeanState","global","scalar","mm d-1","0.138702","75.0"
"H","y","d","CESM2","Bias Score","MeanState","global","score","1","0.576374","75.0"
"H","y","d","CESM2","RMSE","MeanState","global","scalar","mm d-1","0.735798","75.0"
"H","y","d","CESM2","RMSE Score","MeanState","global","score","1","0.495943","75.0"
"H","y","d","CESM2","Overall Score","MeanState","global","score","1","0.659562","75.0"
"H","y","d","CESM2","Precipitation|GPCPv2.3 Hellinger Distance","Relationships","global","scalar","1","0.61677","75.0"
"H","y","d","CESM2","Precipitation|GPCPv2.3 Score","Relationships","global","score","1","0.891614","75.0"
"H","y","d","CESM2","SurfaceAirTemperature|CRU4.02 Hellinger Distance","Relationships","global","scalar","1","0.709944","75.0"
"H","y","d","CESM2","SurfaceAirTemperature|CRU4.02 Score","Relationships","global","score","1","0.770065","75.0"
"H","y","d","CESM2","Overall Score","Relationships","global","score","1","0.830839","75.0"
"H","y","d","NorESM2-LM","Benchmark Period Mean (intersection)","MeanState","global","scalar","mm d-1","1.55874","75.0"
"H","y","d","NorESM2-LM","Benchmark Period Mean (complement)","MeanState","global","scalar","mm d-1","nan","75.0"
"H","y","d","NorESM2-LM","Period Mean (original grids)","MeanState","global","scalar","mm d-1","1.69083","75.0"
"H","y","d","NorESM2-LM","Model Period Mean (intersection)","MeanState","global","scalar","mm d-1","1.69311","75.0"
"H","y","d","NorESM2-LM","Model Period Mean (complement)","MeanState","global","scalar","mm d-1","1.21876","75.0"
"H","y","d","NorESM2-LM","Spatial Distribution Score","MeanState","global","score","1","0.96248","75.0"
"H","y","d","NorESM2-LM","Phase Shift","MeanState","global","scalar","months","1.50494","75.0"
"H","y","d","NorESM2-LM","Seasonal Cycle Score","MeanState","global","score","1","0.759546","75.0"
"H","y","d","NorESM2-LM","Bias","MeanState","global","scalar","mm d-1","0.136862","75.0"
"H","y","d","NorESM2-LM","Bias Score","MeanState","global","score","1","0.567103","75.0"
"H","y","d","NorESM2-LM","RMSE","MeanState","global","scalar","mm d-1","0.758175","75.0"
"H","y","d","NorESM2-LM","RMSE Score","MeanState","global","score","1","0.491465","75.0"
"H","y","d","NorESM2-LM","Overall Score","MeanState","global","score","1","0.654412","75.0"
"H","y","d","NorESM2-LM","Precipitation|GPCPv2.3 Hellinger Distance","Relationships","global","scalar","1","0.589435","75.0"
"H","y","d","NorESM2-LM","Precipitation|GPCPv2.3 Score","Relationships","global","score","1","0.891377","75.0"
"H","y","d","NorESM2-LM","SurfaceAirTemperature|CRU4.02 Hellinger Distance","Relationships","global","scalar","1","0.685079","75.0"
"H","y","d","NorESM2-LM","SurfaceAirTemperature|CRU4.02 Score","Relationships","global","score","1","0.759605","75.0"
"H","y","d","NorESM2-LM","Overall Score","Relationships","global","score","1","0.825491","75.0"
"H","y","d","ACCESS-ESM1-5","Benchmark Period Mean (intersection)","MeanState","global","scalar","mm d-1","1.55874","75.0"
"H","y","d","ACCESS-ESM1-5","Benchmark Period Mean (complement)","MeanState","global","scalar","mm d-1","nan","75.0"
"H","y","d","ACCESS-ESM1-5","Period Mean (original grids)","MeanState","global","scalar","mm d-1","2.0874","75.0"
"H","y","d","ACCESS-ESM1-5","Model Period Mean (intersection)","MeanState","global","scalar","mm d-1","2.16717","75.0"
"H","y","d","ACCESS-ESM1-5","Model Period Mean (complement)","MeanState","global","scalar","mm d-1","1.35719","75.0"
"H","y","d","ACCESS-ESM1-5","Spatial Distribution Score","MeanState","global","score","1","0.952703","75.0"
"H","y","d","ACCESS-ESM1-5","Phase Shift","MeanState","global","scalar","months","1.61081","75.0"
"H","y","d","ACCESS-ESM1-5","Seasonal Cycle Score","MeanState","global","score","1","0.727168","75.0"
"H","y","d","ACCESS-ESM1-5","Bias","MeanState","global","scalar","mm d-1","0.612974","75.0"
"H","y","d","ACCESS-ESM1-5","Bias Score","MeanState","global","score","1","0.425036","75.0"
"H","y","d","ACCESS-ESM1-5","RMSE","MeanState","global","scalar","mm d-1","1.03435","75.0"
"H","y","d","ACCESS-ESM1-5","RMSE Score","MeanState","global","score","1","0.419337","75.0"
"H","y","d","ACCESS-ESM1-5","Overall Score","MeanState","global","score","1","0.588716","75.0"
"H","y","d","ACCESS-ESM1-5","Precipitation|GPCPv2.3 Hellinger Distance","Relationships","global","scalar","1","0.537981","75.0"
"H","y","d","ACCESS-ESM1-5","Precipitation|GPCPv2.3 Score","Relationships","global","score","1","0.839061","75.0"
"H","y","d","ACCESS-ESM1-5","SurfaceAirTemperature|CRU4.02 Hellinger Distance","Relationships","global","scalar","1","0.644078","75.0"
"H","y","d","ACCESS-ESM1-5","SurfaceAirTemperature|CRU4.02 Score","Relationships","global","score","1","0.682237","75.0"
"H","y","d","ACCESS-ESM1-5","Overall Score","Relationships","global","score","1","0.760649","75.0"
"H","y","d","ENSEMBLE-CMIP6","Benchmark Period Mean (intersection)","MeanState","global","scalar","mm d-1","1.55874","75.0"
"H","y","d","ENSEMBLE-CMIP6","Benchmark Period Mean (complement)","MeanState","global","scalar","mm d-1","nan","75.0"
"H","y","d","ENSEMBLE-CMIP6","Period Mean (original grids)","MeanState","global","scalar","mm d-1","1.70743","75.0"
"H","y","d","ENSEMBLE-CMIP6","Model Period Mean (intersection)","MeanState","global","scalar","mm d-1","1.92807","75.0"
"H","y","d","ENSEMBLE-CMIP6","Model Period Mean (complement)","MeanState","global","scalar","mm d-1","1.28261","75.0"
"H","y","d","ENSEMBLE-CMIP6","Spatial Distribution Score","MeanState","global","score","1","0.968734","75.0"
"H","y","d","ENSEMBLE-CMIP6","Phase Shift","MeanState","global","scalar","months","1.34708","75.0"
"H","y","d","ENSEMBLE-CMIP6","Seasonal Cycle Score","MeanState","global","score","1","0.769848","75.0"
"H","y","d","ENSEMBLE-CMIP6","Bias","MeanState","global","scalar","mm d-1","0.371267","75.0"
"H","y","d","ENSEMBLE-CMIP6","Bias Score","MeanState","global","score","1","0.565949","75.0"
"H","y","d","ENSEMBLE-CMIP6","RMSE","MeanState","global","scalar","mm d-1","0.718184","75.0"
"H","y","d","ENSEMBLE-CMIP6","RMSE Score","MeanState","global","score","1","0.531952","75.0"
"H","y","d","ENSEMBLE-CMIP6","Overall Score","MeanState","global","score","1","0.673687","75.0"
"H","y","d","ENSEMBLE-CMIP6","Precipitation|GPCPv2.3 Hellinger Distance","Relationships","global","scalar","1","0.581248","75.0"
"H","y","d","ENSEMBLE-CMIP6","Precipitation|GPCPv2.3 Score","Relationships","global","score","1","0.875916","75.0"
"H","y","d","ENSEMBLE-CMIP6","SurfaceAirTemperature|CRU4.02 Hellinger Distance","Relationships","global","scalar","1","0.726906","75.0"
"H","y","d","ENSEMBLE-CMIP6","SurfaceAirTemperature|CRU4.02 Score","Relationships","global","score","1","0.738828","75.0"
"H","y","d","ENSEMBLE-CMIP6","Overall Score","Relationships","global","score","1","0.807372","75.0"
"H","y","d","UKESM1-0-LL","Benchmark Period Mean (intersection)","MeanState","global","scalar","mm d-1","1.55874","75.0"
"H","y","d","UKESM1-0-LL","Benchmark Period Mean (complement)","MeanState","global","scalar","mm d-1","nan","75.0"
"H","y","d","UKESM1-0-LL","Period Mean (original grids)","MeanState","global","scalar","mm d-1","1.8162","75.0"
"H","y","d","UKESM1-0-LL","Model Period Mean (intersection)","MeanState","global","scalar","mm d-1","1.84622","75.0"
"H","y","d","UKESM1-0-LL","Model Period Mean (complement)","MeanState","global","scalar","mm d-1","1.30005","75.0"
"H","y","d","UKESM1-0-LL","Spatial Distribution Score","MeanState","global","score","1","0.945502","75.0"
"H","y","d","UKESM1-0-LL","Phase Shift","MeanState","global","scalar","months","1.34113","75.0"
"H","y","d","UKESM1-0-LL","Seasonal Cycle Score","MeanState","global","score","1","0.760153","75.0"
"H","y","d","UKESM1-0-LL","Bias","MeanState","global","scalar","mm d-1","0.289646","75.0"
"H","y","d","UKESM1-0-LL","Bias Score","MeanState","global","score","1","0.550762","75.0"
"H","y","d","UKESM1-0-LL","RMSE","MeanState","global","scalar","mm d-1","0.747534","75.0"
"H","y","d","UKESM1-0-LL","RMSE Score","MeanState","global","score","1","0.503215","75.0"
"H","y","d","UKESM1-0-LL","Overall Score","MeanState","global","score","1","0.652569","75.0"
"H","y","d","UKESM1-0-LL","Precipitation|GPCPv2.3 Hellinger Distance","Relationships","global","scalar","1","0.577049","75.0"
"H","y","d","UKESM1-0-LL","Precipitation|GPCPv2.3 Score","Relationships","global","score","1","0.850198","75.0"
"H","y","d","UKESM1-0-LL","SurfaceAirTemperature|CRU4.02 Hellinger Distance","Relationships","global","scalar","1","0.718862","75.0"
"H","y","d","UKESM1-0-LL","SurfaceAirTemperature|CRU4.02 Score","Relationships","global","score","1","0.781489","75.0"
"H","y","d","UKESM1-0-LL","Overall Score","Relationships","global","score","1","0.815843","75.0"