{"Ecosystem and Carbon Cycle": {"children": {"Gross Primary Productivity": {"children": {"FLUXNET2015": {"children": {}, "Bias Score global": [0.7503580177492852, -1.7205898665140877, 0.4309936726294811, 0.5392381761353219], "Seasonal Cycle Score global": [0.860137072530447, -1.6500823191593543, 0.05927498397166551, 0.7306702626572388], "RMSE Score global": [0.7679811513186263, -1.710131250820984, 0.3264502745765496, 0.6156998249258073], "Overall Score global": [0.7818790798549464, -1.7077078301071342, 0.3148947242698603, 0.6109340259823264]}, "FLUXCOM": {"children": {}, "Spatial Distribution Score global": [0.6823194806454553, -1.7275270304195334, 0.47866589573238505, 0.566541654041693], "Seasonal Cycle Score global": [1.4187857533361603, -0.8736955175138678, -1.0057372640134192, 0.4606470281911301], "Bias Score global": [0.7901305334257831, -1.6784532951070434, 0.15786641770637763, 0.730456343974882], "RMSE Score global": [1.2592969540017391, -1.5000852297108662, -0.13934225580808005, 0.3801305315172077], "Overall Score global": [1.0027846446462487, -1.6343246172158357, 0.06678742309269708, 0.5647525494768889]}}, "Bias Score global": [0.7804438490281252, -1.6963548782978144, 0.2413440899356368, 0.6745669393340529], "Seasonal Cycle Score global": [1.169473224076818, -1.4231558660276018, -0.40924743928033164, 0.6629300812311132], "RMSE Score global": [1.1291631181703874, -1.58617067465781, -0.0002157990512941634, 0.4572233555387188], "Overall Score global": [0.9336166394427482, -1.663710848988112, 0.1483590754435928, 0.5817351341017729]}}, "Bias Score global": [0.7804438490281252, -1.6963548782978144, 0.2413440899356368, 0.6745669393340529], "Seasonal Cycle Score global": [1.169473224076818, -1.4231558660276018, -0.40924743928033164, 0.6629300812311132], "RMSE Score global": [1.1291631181703874, -1.58617067465781, -0.0002157990512941634, 0.4572233555387188], "Overall Score global": [0.9336166394427482, -1.663710848988112, 0.1483590754435928, 0.5817351341017729]}}