{"Ecosystem and Carbon Cycle": {"children": {"Biomass": {"children": {"ESACCI": {"children": {}}, "GEOCARBON": {"children": {}}, "NBCD2000": {"children": {}}, "Saatchi2011": {"children": {}}, "Thurner": {"children": {}}, "USForest": {"children": {}}, "XuSaatchi2021": {"children": {}}}}, "Burned Area": {"children": {"GFED4.1S": {"children": {}}}}, "Carbon Dioxide": {"children": {"NOAA.Emulated": {"children": {}}, "HIPPOAToM": {"children": {}}}}, "Gross Primary Productivity": {"children": {"FLUXNET2015": {"children": {}, "Bias Score global": [1.4038629240748255, -1.1193099552995898, -1.1502591483709084, 0.2347440147037457, 0.6309621648919296], "Seasonal Cycle Score global": [1.10289607946646, -0.49169451044331064, -1.629762817158486, 0.08091372641826246, 0.9376475217170743], "RMSE Score global": [1.050929404110058, -1.3417123174315664, -1.0577050295405923, 0.49066068067234275, 0.8578272621897612], "Overall Score global": [1.1566667205961987, -1.10672117517727, -1.2561170842296763, 0.34614675128309935, 0.8600247875276446]}, "FLUXCOM": {"children": {}, "Spatial Distribution Score global": [0.8564448398977204, -1.648544656308347, -0.6802455099475861, 0.703245329993197, 0.7690999963650167], "Seasonal Cycle Score global": [1.5141708287587756, -0.23221286440946215, -1.3490654592668367, -0.611091335363874, 0.678198830281409], "Bias Score global": [1.0897042329677007, -1.478729265774232, -0.7628251891256539, 0.13967821576345832, 1.012172006168726], "RMSE Score global": [1.4123643326603392, -1.194904181789683, -1.0590634345218135, 0.19533813446452344, 0.6462651491866356], "Overall Score global": [1.2212356544725522, -1.3876782829469054, -0.9288582276486514, 0.30238234055312346, 0.7929185155698825]}, "WECANN": {"children": {}, "Spatial Distribution Score global": [0.8541089606298596, -1.2853784318257981, -0.6576646094080888, -999.0, 1.0889340806040269], "Seasonal Cycle Score global": [1.1421889296631689, -0.8103269110129607, -1.1618498178963181, -999.0, 0.8299877992461038], "Bias Score global": [0.6687133442690767, -1.2103831890216132, -0.7143279800346021, -999.0, 1.2559978247871382], "RMSE Score global": [1.128474336154994, -1.1122520235104252, -0.8710449681302186, -999.0, 0.8548226554856488], "Overall Score global": [0.9569162175454268, -1.183389588507029, -0.7973277934371839, -999.0, 1.0238011643987859]}}, "Bias Score global": [0.8929271684408342, -1.2439029656930316, -0.7172031113745363, -999.0, 1.0681789086267333], "Seasonal Cycle Score global": [1.1553715148066677, -0.5659920710622373, -1.3365835681717744, -999.0, 0.747204124427344], "RMSE Score global": [1.2076251786667205, -1.0813557029302387, -0.8890703531976191, -999.0, 0.7628008774611376], "Overall Score global": [1.0730626184595018, -1.160819837659836, -0.8213332883182982, -999.0, 0.9090905075186297]}, "Leaf Area Index": {"children": {"AVHRR": {"children": {}, "Spatial Distribution Score global": [0.5904816417532555, -1.9772143275912766, 0.5243997396774688, 0.2130486247397636, 0.6492843214207886], "Seasonal Cycle Score global": [-1.3887903126321646, 1.4978388441295327, -0.7670678702504545, 0.22211621331240047, 0.4359031254406781], "Bias Score global": [0.7846386954583314, -1.794299996106933, 0.6961918612488863, -0.40496581847512586, 0.7184352578748424], "RMSE Score global": [0.26890541832723774, 1.0592937639232929, -1.8579705257608308, -0.061613397852355374, 0.5913847413626641], "Overall Score global": [0.7415935488213784, -1.7862732375899364, 0.12634262896248236, -0.1817811527619519, 1.1001182125680244]}, "AVH15C1": {"children": {}, "Spatial Distribution Score global": [0.47308589560748976, -1.9717960272941528, 0.6771929833808469, 0.1960790305259667, 0.6254381177798495], "Seasonal Cycle Score global": [1.7667652313499322, 0.24604299076842898, -1.0108250443663576, -0.8845610411395369, -0.11742213661246372], "Bias Score global": [0.6050584936801091, -1.5449127611281837, 1.2430332326757905, -0.7243278258885806, 0.4211488606608665], "RMSE Score global": [1.0563138461105157, -0.30737386856795784, -1.7664221652248353, 0.23320516468323263, 0.7842770229990474], "Overall Score global": [1.19704238971759, -1.6931651298787636, 0.08742052865454307, -0.34751856296675254, 0.7562207744733784]}, "MODIS": {"children": {}, "Spatial Distribution Score global": [0.30017382101126944, -1.9816816763265455, 0.5423541920881904, 0.4284212313108323, 0.7107324319162478], "Seasonal Cycle Score global": [-0.3909753329034691, 0.30208028001193216, -1.7503516131206203, 0.9003765837150376, 0.9388700822971267], "Bias Score global": [0.44570284278882083, -1.9308698527782642, 0.47934438488477704, 0.09213158346676621, 0.9136910416378988], "RMSE Score global": [0.5235105752055003, -0.3557155949826871, -1.7911603396046833, 0.6199925835189636, 1.0033727758629067], "Overall Score global": [0.48247182552018614, -1.5106730140473648, -0.7983576402332805, 0.613650908536739, 1.2129079202237292]}}, "Spatial Distribution Score global": [0.46324661665837613, -1.9825349753462653, 0.5870543137765681, 0.2714445807570287, 0.6607894641542897], "Seasonal Cycle Score global": [0.24140506360288586, 1.010415642772954, -1.882740001340384, 0.017932898197297067, 0.61298639676722], "Bias Score global": [0.6541664789688628, -1.7922934883328274, 0.8553228664174253, -0.40090041424058076, 0.6837045571871198], "RMSE Score global": [0.6866515381515489, -0.06033660359421524, -1.8937694470418627, 0.3736446056647129, 0.8938099068198149], "Overall Score global": [0.8553760440124148, -1.7465421536426209, -0.23717415171692083, 0.05177629876886655, 1.0765639625782684]}, "Global Net Ecosystem Carbon Balance": {"children": {"GCP": {"children": {}}, "Hoffman": {"children": {}}}}, "Net Ecosystem Exchange": {"children": {"FLUXNET2015": {"children": {}}}}, "Ecosystem Respiration": {"children": {"FLUXNET2015": {"children": {}}, "FLUXCOM": {"children": {}}}}, "Soil Carbon": {"children": {"HWSD": {"children": {}}, "NCSCDV22": {"children": {}}, "Koven": {"children": {}}}}, "Nitrogen Fixation": {"children": {"Davies-Barnard": {"children": {}}}}, "Methane": {"children": {"FluxnetANN": {"children": {}}}}}}, "Hydrology Cycle": {"children": {"Evapotranspiration": {"children": {"GLEAMv3.3a": {"children": {}, "Spatial Distribution Score global": [0.4274970488449757, 0.6420341519114549, -1.7249525450033927, -999.0, 0.6554213442469617], "Seasonal Cycle Score global": [0.6337514640439468, -1.0223294666058902, -0.9187485343605664, -999.0, 1.3073265369225018], "Bias Score global": [0.13979064896405902, 0.5128288624209001, -1.6500372614522794, -999.0, 0.99741775006732], "RMSE Score global": [0.7885468639557155, -1.2514074290907404, -0.6918934251275592, -999.0, 1.1547539902625858], "Overall Score global": [0.53201999707568, 0.08640758185621085, -1.6355361705855536, -999.0, 1.0171085916536633]}, "MODIS": {"children": {}, "Spatial Distribution Score global": [0.4926573308018775, 0.6123258155209426, -1.7297451510334507, -999.0, 0.6247620047106306], "Seasonal Cycle Score global": [1.059495969769324, -0.9682790110817281, -1.0294132821286417, -999.0, 0.9381963234410415], "Bias Score global": [0.40722875988234186, 0.4520405565871661, -1.7064768946155975, -999.0, 0.8472075781460898], "RMSE Score global": [0.981090023218258, -1.5094009698315631, -0.29244799886065653, -999.0, 0.8207589454739634], "Overall Score global": [0.7245611957476408, 0.049841167480864715, -1.6467005705688376, -999.0, 0.8722982073403328]}, "MOD16A2": {"children": {}, "Spatial Distribution Score global": [0.4917161069015958, 0.6126431147232713, -1.7296937379042845, -999.0, 0.6253345162794168], "Seasonal Cycle Score global": [1.110781746735862, -0.9457484938091265, -1.0463905057365883, -999.0, 0.8813572528098487], "Bias Score global": [0.40369935208996854, 0.45746952083242315, -1.706700135915262, -999.0, 0.8455312629928701], "RMSE Score global": [0.98286177628608, -1.5102727023836797, -0.29036039525096097, -999.0, 0.8177713213485626],