{"Ecosystem and Carbon Cycle": {"children": {"Gross Primary Productivity": {"children": {"FLUXNET2015": {"children": {}, "Bias Score global": [0.682782376453426, -1.7278769760094552, 0.4898515724543745, 0.5552430271016547], "Seasonal Cycle Score global": [0.860137072530447, -1.6500823191593543, 0.05927498397166551, 0.7306702626572388], "RMSE Score global": [0.6551595276844712, -1.7285807705965355, 0.4790134359063542, 0.5944078070057106], "Overall Score global": [0.6880506663275319, -1.7252138201808915, 0.43993727844430747, 0.5972258754090529]}, "FLUXCOM": {"children": {}, "Spatial Distribution Score global": [0.6165621620264697, -1.7314315163893614, 0.5411686733372848, 0.5737006810256069], "Seasonal Cycle Score global": [1.4187857533361603, -0.8736955175138678, -1.0057372640134192, 0.4606470281911301], "Bias Score global": [0.7677028601056967, -1.6901315347373438, 0.2075902217623387, 0.7148384528693085], "RMSE Score global": [0.933894230345067, -1.678612208579396, 0.24429614090644358, 0.5004218373278853], "Overall Score global": [0.8134442963281623, -1.7046047310458774, 0.3122617500258243, 0.5788986846918915]}, "WECANN": {"children": {}, "Spatial Distribution Score global": [0.6360134791141661, -1.4119057937612727, -999.0, 0.7758923146471064], "Seasonal Cycle Score global": [0.8383620589975367, -1.4055185952058948, -999.0, 0.5671565362083546], "Bias Score global": [0.546410213522773, -1.4028408484580182, -999.0, 0.8564306349352447], "RMSE Score global": [0.7789388720971172, -1.41169283391815, -999.0, 0.6327539618210329], "Overall Score global": [0.6884629907712015, -1.414051121656207, -999.0, 0.7255881308850056]}}, "Bias Score global": [0.6947928356221403, -1.4141424919431054, -999.0, 0.7193496563209643], "Seasonal Cycle Score global": [0.8977545122004834, -1.3952004708993688, -999.0, 0.4974459586988835], "RMSE Score global": [0.822292807372644, -1.407577988998335, -999.0, 0.5852851816256908], "Overall Score global": [0.7618975758197649, -1.412759847634469, -999.0, 0.6508622718147041]}}, "Bias Score global": [0.6947928356221403, -1.4141424919431054, -999.0, 0.7193496563209643], "Seasonal Cycle Score global": [0.8977545122004834, -1.3952004708993688, -999.0, 0.4974459586988835], "RMSE Score global": [0.822292807372644, -1.407577988998335, -999.0, 0.5852851816256908], "Overall Score global": [0.7618975758197649, -1.412759847634469, -999.0, 0.6508622718147041]}, "Relationships": {"children": {"GrossPrimaryProductivity/FLUXNET2015": {"children": {"Precipitation/GPCPv2.3": {"children": {}, "Overall Score global": [-999.0, -999.0, -999.0, -999.0]}, "SurfaceDownwardSWRadiation/CERESed4.1": {"children": {}, "Overall Score global": [-999.0, -999.0, -999.0, -999.0]}, "SurfaceAirTemperature/CRU4.02": {"children": {}, "Overall Score global": [-999.0, -999.0, -999.0, -999.0]}}, "Overall Score global": [-999.0, -999.0, -999.0, -999.0]}, "GrossPrimaryProductivity/FLUXCOM": {"children": {"Precipitation/GPCPv2.3": {"children": {}, "Overall Score global": [-999.0, -999.0, -999.0, -999.0]}, "SurfaceDownwardSWRadiation/CERESed4.1": {"children": {}, "Overall Score global": [-999.0, -999.0, -999.0, -999.0]}, "SurfaceAirTemperature/CRU4.02": {"children": {}, "Overall Score global": [-999.0, -999.0, -999.0, -999.0]}}, "Overall Score global": [-999.0, -999.0, -999.0, -999.0]}, "GrossPrimaryProductivity/WECANN": {"children": {"Precipitation/GPCPv2.3": {"children": {}, "Overall Score global": [-999.0, -999.0, -999.0, -999.0]}, "SurfaceDownwardSWRadiation/CERESed4.1": {"children": {}, "Overall Score global": [-999.0, -999.0, -999.0, -999.0]}, "SurfaceAirTemperature/CRU4.02": {"children": {}, "Overall Score global": [-999.0, -999.0, -999.0, -999.0]}}, "Overall Score global": [-999.0, -999.0, -999.0, -999.0]}}, "Overall Score global": [-999.0, -999.0, -999.0, -999.0]}}