{"Ecosystem and Carbon Cycle": {"children": {"Biomass": {"children": {"ESACCI": {"children": {}}, "GEOCARBON": {"children": {}}, "NBCD2000": {"children": {}}, "Saatchi2011": {"children": {}}, "Thurner": {"children": {}}, "USForest": {"children": {}}, "XuSaatchi2021": {"children": {}}}}, "Burned Area": {"children": {"GFED4.1S": {"children": {}}}}, "Carbon Dioxide": {"children": {"NOAA.Emulated": {"children": {}}, "HIPPOAToM": {"children": {}}}}, "Gross Primary Productivity": {"children": {"FLUXNET2015": {"children": {}, "Bias Score global": [0.42606671014637354, 0.9548066891446759, -1.380873399291053], "Seasonal Cycle Score global": [-0.16124530524862474, 1.297380625128076, -1.136135319879442], "RMSE Score global": [0.5076524630983398, 0.8892908807943738, -1.3969433438927135], "Overall Score global": [0.3758069021986417, 0.9928068771331807, -1.3686137793318178]}, "FLUXCOM": {"children": {}, "Spatial Distribution Score global": [0.6797541061997514, 0.7341111993165247, -1.413865305516275], "Seasonal Cycle Score global": [-1.0248876068014294, 1.356365627427459, -0.3314780206260348], "Bias Score global": [0.24085918115966157, 1.0864217429067442, -1.3272809240664052], "RMSE Score global": [0.3989452857460028, 0.9755303333937746, -1.3744756191397762], "Overall Score global": [0.42863773325083315, 0.9528153459761973, -1.3814530792270314]}, "WECANN": {"children": {}, "Spatial Distribution Score global": [-999.0, 1.0000000000000002, -1.0], "Seasonal Cycle Score global": [-999.0, 1.0000000000000013, -0.9999999999999988], "Bias Score global": [-999.0, 1.0000000000000002, -1.0], "RMSE Score global": [-999.0, 1.0, -1.0], "Overall Score global": [-999.0, 0.9999999999999997, -1.0000000000000004]}}, "Bias Score global": [-999.0, 1.0000000000000002, -0.9999999999999998], "Seasonal Cycle Score global": [-999.0, 0.9999999999999983, -1.0000000000000016], "RMSE Score global": [-999.0, 0.9999999999999998, -1.0000000000000002], "Overall Score global": [-999.0, 1.0, -1.0]}, "Leaf Area Index": {"children": {"AVHRR": {"children": {}, "Spatial Distribution Score global": [0.5128744629492192, 0.8849302987017614, -1.3978047616509828], "Seasonal Cycle Score global": [-0.712392952457519, -0.41061473168567675, 1.1230076841432013], "Bias Score global": [0.08662599992701146, 1.1791320712370303, -1.265758071164042], "RMSE Score global": [-0.7814670270508084, 0.08369957102285497, 0.6977674560279534], "Overall Score global": [0.09266328531842531, 1.175781337660324, -1.268444622978747]}, "AVH15C1": {"children": {}, "Spatial Distribution Score global": [0.5139646375795539, 0.884017358461837, -1.397981996041392], "Seasonal Cycle Score global": [-1.2048422108185575, 0.25554435835705713, 0.9492978524615003], "Bias Score global": [-0.13197918673590175, 1.2853894952464928, -1.153410308510591], "RMSE Score global": [-0.007367166552552096, 1.2212146614491826, -1.2138474948966138], "Overall Score global": [0.08280250504960796, 1.1812425258784296, -1.2640450309280353]}, "MODIS": {"children": {}, "Spatial Distribution Score global": [0.5905398849143735, 0.8175853865249729, -1.4081252714393453], "Seasonal Cycle Score global": [0.29253096982335136, 0.3553942313025249, -0.6479252011258874], "Bias Score global": [0.3350163896916902, 1.0223754187813279, -1.3573918084730179], "RMSE Score global": [0.34469202807786925, 1.0154631264944587, -1.3601551545723247], "Overall Score global": [0.43582113069912454, 0.9472267469562042, -1.3830478776553268]}}, "Spatial Distribution Score global": [0.5373790737689125, 0.8641907737867304, -1.4015698475556462], "Seasonal Cycle Score global": [-0.5415680644842435, 0.0667746193246388, 0.47479344515960475], "Bias Score global": [0.10168056808921741, 1.1707348452678663, -1.2724154133570842], "RMSE Score global": [-0.05943793757402782, 1.0345026679633467, -0.9750647303893162], "Overall Score global": [0.22256206658916614, 1.0982021600101717, -1.3207642265993402]}, "Global Net Ecosystem Carbon Balance": {"children": {"GCP": {"children": {}}, "Hoffman": {"children": {}}}}, "Net Ecosystem Exchange": {"children": {"FLUXNET2015": {"children": {}}}}, "Ecosystem Respiration": {"children": {"FLUXNET2015": {"children": {}}, "FLUXCOM": {"children": {}}}}, "Soil Carbon": {"children": {"HWSD": {"children": {}}, "NCSCDV22": {"children": {}}, "Koven": {"children": {}}}}, "Nitrogen Fixation": {"children": {"Davies-Barnard": {"children": {}}}}, "Methane": {"children": {"FluxnetANN": {"children": {}}}}}}, "Hydrology Cycle": {"children": {"Evapotranspiration": {"children": {"GLEAMv3.3a": {"children": {}, "Spatial Distribution Score global": [-999.0, 0.10698150579784294, -0.10698150579783738], "Seasonal Cycle Score global": [-999.0, 1.000000000000001, -0.9999999999999988], "Bias Score global": [-999.0, 1.0, -1.0], "RMSE Score global": [-999.0, 0.9999999999999998, -1.0000000000000002], "Overall Score global": [-999.0, 0.9999999999999992, -1.0000000000000009]}, "MODIS": {"children": {}, "Spatial Distribution Score global": [-999.0, 0.13798572095158335, -0.13798572095158335], "Seasonal Cycle Score global": [-999.0, 0.9999999999999978, -1.0000000000000022], "Bias Score global": [-999.0, 1.0000000000000009, -0.9999999999999991], "RMSE Score global": [-999.0, 0.9999999999999998, -1.0000000000000002], "Overall Score global": [-999.0, 1.000000000000001, -0.999999999999999]}, "MOD16A2": {"children": {}, "Spatial Distribution Score global": [-999.0, 0.1407073262310765, -0.1407073262310765], "Seasonal Cycle Score global": [-999.0, 0.9999999999999978, -1.0000000000000022], "Bias Score global": [-999.0, 1.0, -1.0], "RMSE Score global": [-999.0, 0.9999999999999998, -1.0000000000000002], "Overall Score global": [-999.0, 1.0, -1.0]}}, "Spatial Distribution Score global": [-999.0, 0.12855818432683241, -0.12855818432683241], "Seasonal Cycle Score global": [-999.0, 1.0000000000000018, -0.9999999999999983], "Bias Score global": [-999.0, 1.0, -1.0], "RMSE Score global": [-999.0, 0.9999999999999998, -1.0000000000000002], "Overall Score global": [-999.0, 1.0, -1.0]}, "Evaporative Fraction": {"children": {"FLUXCOM": {"children": {}}, "CLASS": {"children": {}}, "WECANN": {"children": {}}}}, "Latent Heat": {"children": {"FLUXNET2015": {"children": {}}, "FLUXCOM": {"children": {}}, "DOLCE": {"children": {}, "Spatial Distribution Score global": [-999.0, 0.0, -999.0], "Seasonal Cycle Score global": [-999.0, 0.0, -999.0], "Bias Score global": [-999.0, 0.0, -999.0], "RMSE Score global": [-999.0, 0.0, -999.0], "Overall Score global": [-999.0, 0.0, -999.0]}, "CLASS": {"children": {}}, "WECANN": {"children": {}}}}, "Runoff": {"children": {"Dai": {"children": {}}, "LORA": {"children": {}}, "CLASS": {"children": {}}}}, "Sensible Heat": {"children": {"FLUXNET2015": {"children": {}}, "FLUXCOM": {"children": {}}, "CLASS": {"children": {}}, "WECANN": {"children": {}}}}, "Terrestrial Water Storage Anomaly": {"children": {"GRACE": {"children": {}}}}, "Snow Water Equivalent": {"children": {"CanSISE": {"children": {}}}}, "Permafrost": {"children": {"Brown2002": {"children": {}}, "Obu2018": {"children": {}}}}, "Surface Soil Moisture": {"children": {"WangMao": {"children": {}}}}}, "Spatial Distribution Score global": [-999.0, 0.01785530337872626, -0.01785530337872626], "Seasonal Cycle Score global": [-999.0, 0.22466602361753407, -0.22466602361753407], "Bias Score global": [-999.0, 0.2549445810585561, -0.2549445810585561], "RMSE Score global": [-999.0, 0.7603960805126836, -0.7603960805126836], "Overall Score global": [-999.0, 0.40365161381603687, -0.40365161381603687]}, "Radiation and Energy Cycle": {"children": {"Albedo": {"children": {"CERESed4.2": {"children": {}}, "GEWEX.SRB": {"children": {}}}}, "Surface Upward SW Radiation": {"children": {"CERESed4.2": {"children": {}}, "FLUXNET2015": {"children": {}}, "GEWEX.SRB": {"children": {}}, "WRMC.BSRN": {"children": {}}}}, "Surface Net SW Radiation": {"children": {"CERESed4.2": {"children": {}}, "FLUXNET2015": {"children": {}}, "GEWEX.SRB": {"children": {}}, "WRMC.BSRN": {"children": {}}}},