{"Ecosystem and Carbon Cycle": {"children": {"Biomass": {"children": {"ESACCI": {"children": {}}, "GEOCARBON": {"children": {}}, "NBCD2000": {"children": {}}, "Saatchi2011": {"children": {}}, "Thurner": {"children": {}}, "USForest": {"children": {}}, "XuSaatchi2021": {"children": {}}}}, "Burned Area": {"children": {"GFED4.1S": {"children": {}}}}, "Carbon Dioxide": {"children": {"NOAA.Emulated": {"children": {}}, "HIPPOAToM": {"children": {}}}}, "Gross Primary Productivity": {"children": {"FLUXNET2015": {"children": {}, "Bias Score global": [1.4038629240748255, -1.1193099552995898, -1.1502591483709084, 0.2347440147037457, 0.6309621648919296], "Seasonal Cycle Score global": [1.10289607946646, -0.49169451044331064, -1.629762817158486, 0.08091372641826246, 0.9376475217170743], "RMSE Score global": [1.050929404110058, -1.3417123174315664, -1.0577050295405923, 0.49066068067234275, 0.8578272621897612], "Overall Score global": [1.1566667205961987, -1.10672117517727, -1.2561170842296763, 0.34614675128309935, 0.8600247875276446]}, "FLUXCOM": {"children": {}, "Spatial Distribution Score global": [0.8564448398977204, -1.648544656308347, -0.6802455099475861, 0.703245329993197, 0.7690999963650167], "Seasonal Cycle Score global": [1.5141708287587756, -0.23221286440946215, -1.3490654592668367, -0.611091335363874, 0.678198830281409], "Bias Score global": [1.0897042329677007, -1.478729265774232, -0.7628251891256539, 0.13967821576345832, 1.012172006168726], "RMSE Score global": [1.4123643326603392, -1.194904181789683, -1.0590634345218135, 0.19533813446452344, 0.6462651491866356], "Overall Score global": [1.2212356544725522, -1.3876782829469054, -0.9288582276486514, 0.30238234055312346, 0.7929185155698825]}, "WECANN": {"children": {}, "Spatial Distribution Score global": [0.8541089606298596, -1.2853784318257981, -0.6576646094080888, -999.0, 1.0889340806040269], "Seasonal Cycle Score global": [1.1421889296631689, -0.8103269110129607, -1.1618498178963181, -999.0, 0.8299877992461038], "Bias Score global": [0.6687133442690767, -1.2103831890216132, -0.7143279800346021, -999.0, 1.2559978247871382], "RMSE Score global": [1.128474336154994, -1.1122520235104252, -0.8710449681302186, -999.0, 0.8548226554856488], "Overall Score global": [0.9569162175454268, -1.183389588507029, -0.7973277934371839, -999.0, 1.0238011643987859]}}, "Bias Score global": [0.8929271684408342, -1.2439029656930316, -0.7172031113745363, -999.0, 1.0681789086267333], "Seasonal Cycle Score global": [1.1553715148066677, -0.5659920710622373, -1.3365835681717744, -999.0, 0.747204124427344], "RMSE Score global": [1.2076251786667205, -1.0813557029302387, -0.8890703531976191, -999.0, 0.7628008774611376], "Overall Score global": [1.0730626184595018, -1.160819837659836, -0.8213332883182982, -999.0, 0.9090905075186297]}, "Leaf Area Index": {"children": {"AVHRR": {"children": {}, "Spatial Distribution Score global": [0.5904816417532555, -1.9772143275912766, 0.5243997396774688, 0.2130486247397636, 0.6492843214207886], "Seasonal Cycle Score global": [-1.3887903126321646, 1.4978388441295327, -0.7670678702504545, 0.22211621331240047, 0.4359031254406781], "Bias Score global": [0.7846386954583314, -1.794299996106933, 0.6961918612488863, -0.40496581847512586, 0.7184352578748424], "RMSE Score global": [0.26890541832723774, 1.0592937639232929, -1.8579705257608308, -0.061613397852355374, 0.5913847413626641], "Overall Score global": [0.7415935488213784, -1.7862732375899364, 0.12634262896248236, -0.1817811527619519, 1.1001182125680244]}, "AVH15C1": {"children": {}, "Spatial Distribution Score global": [0.47308589560748976, -1.9717960272941528, 0.6771929833808469, 0.1960790305259667, 0.6254381177798495], "Seasonal Cycle Score global": [1.7667652313499322, 0.24604299076842898, -1.0108250443663576, -0.8845610411395369, -0.11742213661246372], "Bias Score global": [0.6050584936801091, -1.5449127611281837, 1.2430332326757905, -0.7243278258885806, 0.4211488606608665], "RMSE Score global": [1.0563138461105157, -0.30737386856795784, -1.7664221652248353, 0.23320516468323263, 0.7842770229990474], "Overall Score global": [1.19704238971759, -1.6931651298787636, 0.08742052865454307, -0.34751856296675254, 0.7562207744733784]}, "MODIS": {"children": {}, "Spatial Distribution Score global": [0.30017382101126944, -1.9816816763265455, 0.5423541920881904, 0.4284212313108323, 0.7107324319162478], "Seasonal Cycle Score global": [-0.3909753329034691, 0.30208028001193216, -1.7503516131206203, 0.9003765837150376, 0.9388700822971267], "Bias Score global": [0.44570284278882083, -1.9308698527782642, 0.47934438488477704, 0.09213158346676621, 0.9136910416378988], "RMSE Score global": [0.5235105752055003, -0.3557155949826871, -1.7911603396046833, 0.6199925835189636, 1.0033727758629067], "Overall Score global": [0.48247182552018614, -1.5106730140473648, -0.7983576402332805, 0.613650908536739, 1.2129079202237292]}}, "Spatial Distribution Score global": [0.46324661665837613, -1.9825349753462653, 0.5870543137765681, 0.2714445807570287, 0.6607894641542897], "Seasonal Cycle Score global": [0.24140506360288586, 1.010415642772954, -1.882740001340384, 0.017932898197297067, 0.61298639676722], "Bias Score global": [0.6541664789688628, -1.7922934883328274, 0.8553228664174253, -0.40090041424058076, 0.6837045571871198], "RMSE Score global": [0.6866515381515489, -0.06033660359421524, -1.8937694470418627, 0.3736446056647129, 0.8938099068198149], "Overall Score global": [0.8553760440124148, -1.7465421536426209, -0.23717415171692083, 0.05177629876886655, 1.0765639625782684]}, "Global Net Ecosystem Carbon Balance": {"children": {"GCP": {"children": {}}, "Hoffman": {"children": {}}}}, "Net Ecosystem Exchange": {"children": {"FLUXNET2015": {"children": {}}}}, "Ecosystem Respiration": {"children": {"FLUXNET2015": {"children": {}}, "FLUXCOM": {"children": {}}}}, "Soil Carbon": {"children": {"HWSD": {"children": {}}, "NCSCDV22": {"children": {}}, "Koven": {"children": {}}}}, "Nitrogen Fixation": {"children": {"Davies-Barnard": {"children": {}}}}, "Methane": {"children": {"FluxnetANN": {"children": {}}}}}}, "Hydrology Cycle": {"children": {"Evapotranspiration": {"children": {"GLEAMv3.3a": {"children": {}, "Spatial Distribution Score global": [-1.7286112938805116, 0.47475060242477013, 0.6416195148181479, -999.0, 0.6122411766375936], "Seasonal Cycle Score global": [0.6340967931392514, -1.0207234327980903, -0.9205324620049548, -999.0, 1.3071591016637938], "Bias Score global": [-1.4662840653789655, -0.35852664414165225, 0.7443240912808752, -999.0, 1.0804866182397437], "RMSE Score global": [0.813498224294774, -1.1258225961599484, -0.8493155274988042, -999.0, 1.1616398993639774], "Overall Score global": [0.15521211969704954, -1.1208171136688678, -0.5786780005773918, -999.0, 1.5442829945492145]}, "MODIS": {"children": {}, "Spatial Distribution Score global": [-1.7190985851114784, 0.38653063020079975, 0.7272161091957688, -999.0, 0.6053518457149145], "Seasonal Cycle Score global": [1.0593845605589793, -0.9658571224375755, -1.031763891914768, -999.0, 0.9382364537933684], "Bias Score global": [-1.1029651412851285, -0.8912027912770322, 1.0179718850416977, -999.0, 0.9761960475204536], "RMSE Score global": [1.0662516969551628, -1.0716934414245507, -0.9231748238500224, -999.0, 0.9286165683194105], "Overall Score global": [0.7588561934249061, -1.2089869471661794, -0.7396052901320019, -999.0, 1.1897360438732703]}, "MOD16A2": {"children": {}, "Spatial Distribution Score global": [-1.7193834803311807, 0.38746142450611043, 0.7233453057562856, -999.0, 0.6085767500687799], "Seasonal Cycle Score global": [1.1105872483262904, -0.9433813869705174, -1.0486543859217876, -999.0, 0.881448524566023], "Bias Score global": [-1.1227817869084054, -0.8686653661271038, 1.0261428057272834, -999.0, 0.965304347308232], "RMSE Score global": [1.0682204478412523, -1.07015996970731, -0.9246815862753434, -999.0, 0.9266211081414012],