Variables,CARDAMOM,CliMA,ENSEMBLE-CMIP5,ENSEMBLE-CMIP6
Gross Primary Productivity,0.7005293190406526,0.4065014474646483,0.6116350185683171,0.6606949236772581
